<root>
  <abyss_teleport id="1" roomId="1" gotoRoomId="2" openByKillArmyId="102" boxId="" openByKillAllRoomIds="" nextRoomTeleport="" imgid="801" play="1"/>
  <abyss_teleport id="2" roomId="2" gotoRoomId="1" openByKillArmyId="" boxId="" openByKillAllRoomIds="" nextRoomTeleport="" imgid="801" play=""/>
  <abyss_teleport id="3" roomId="2" gotoRoomId="3" openByKillArmyId="" boxId="" openByKillAllRoomIds="" nextRoomTeleport="" imgid="802" play="1"/>
  <abyss_teleport id="4" roomId="3" gotoRoomId="2" openByKillArmyId="" boxId="" openByKillAllRoomIds="" nextRoomTeleport="" imgid="801" play=""/>
  <abyss_teleport id="11" roomId="11" gotoRoomId="12" openByKillArmyId="202" boxId="" openByKillAllRoomIds="" nextRoomTeleport="" imgid="801" play="1"/>
  <abyss_teleport id="12" roomId="12" gotoRoomId="11" openByKillArmyId="" boxId="" openByKillAllRoomIds="" nextRoomTeleport="" imgid="801" play=""/>
  <abyss_teleport id="13" roomId="12" gotoRoomId="13" openByKillArmyId="204" boxId="" openByKillAllRoomIds="" nextRoomTeleport="" imgid="801" play="1"/>
  <abyss_teleport id="14" roomId="13" gotoRoomId="12" openByKillArmyId="" boxId="" openByKillAllRoomIds="" nextRoomTeleport="" imgid="801" play=""/>
  <abyss_teleport id="15" roomId="13" gotoRoomId="14" openByKillArmyId="" boxId="" openByKillAllRoomIds="" nextRoomTeleport="" imgid="802" play="1"/>
  <abyss_teleport id="16" roomId="14" gotoRoomId="13" openByKillArmyId="" boxId="" openByKillAllRoomIds="" nextRoomTeleport="" imgid="801" play=""/>
  <abyss_teleport id="21" roomId="21" gotoRoomId="22" openByKillArmyId="302" boxId="" openByKillAllRoomIds="" nextRoomTeleport="" imgid="801" play="1"/>
  <abyss_teleport id="22" roomId="22" gotoRoomId="21" openByKillArmyId="" boxId="" openByKillAllRoomIds="" nextRoomTeleport="" imgid="801" play=""/>
  <abyss_teleport id="23" roomId="22" gotoRoomId="23" openByKillArmyId="304" boxId="" openByKillAllRoomIds="" nextRoomTeleport="" imgid="801" play="1"/>
  <abyss_teleport id="24" roomId="23" gotoRoomId="22" openByKillArmyId="" boxId="" openByKillAllRoomIds="" nextRoomTeleport="" imgid="801" play=""/>
  <abyss_teleport id="25" roomId="23" gotoRoomId="24" openByKillArmyId="" boxId="" openByKillAllRoomIds="" nextRoomTeleport="" imgid="802" play="1"/>
  <abyss_teleport id="26" roomId="24" gotoRoomId="23" openByKillArmyId="" boxId="" openByKillAllRoomIds="" nextRoomTeleport="" imgid="801" play=""/>
  <abyss_teleport id="31" roomId="31" gotoRoomId="32" openByKillArmyId="403" boxId="" openByKillAllRoomIds="" nextRoomTeleport="" imgid="801" play="1"/>
  <abyss_teleport id="32" roomId="32" gotoRoomId="31" openByKillArmyId="" boxId="" openByKillAllRoomIds="" nextRoomTeleport="" imgid="801" play=""/>
  <abyss_teleport id="33" roomId="32" gotoRoomId="33" openByKillArmyId="405" boxId="" openByKillAllRoomIds="" nextRoomTeleport="" imgid="801" play="1"/>
  <abyss_teleport id="34" roomId="33" gotoRoomId="32" openByKillArmyId="" boxId="" openByKillAllRoomIds="" nextRoomTeleport="" imgid="801" play=""/>
  <abyss_teleport id="35" roomId="33" gotoRoomId="34" openByKillArmyId="" boxId="" openByKillAllRoomIds="" nextRoomTeleport="" imgid="802" play="1"/>
  <abyss_teleport id="36" roomId="34" gotoRoomId="33" openByKillArmyId="" boxId="" openByKillAllRoomIds="" nextRoomTeleport="" imgid="801" play=""/>
  <abyss_teleport id="41" roomId="41" gotoRoomId="42" openByKillArmyId="503" boxId="" openByKillAllRoomIds="" nextRoomTeleport="" imgid="801" play="1"/>
  <abyss_teleport id="42" roomId="42" gotoRoomId="41" openByKillArmyId="" boxId="" openByKillAllRoomIds="" nextRoomTeleport="" imgid="801" play=""/>
  <abyss_teleport id="43" roomId="42" gotoRoomId="43" openByKillArmyId="506" boxId="" openByKillAllRoomIds="" nextRoomTeleport="" imgid="801" play="1"/>
  <abyss_teleport id="44" roomId="43" gotoRoomId="42" openByKillArmyId="" boxId="" openByKillAllRoomIds="" nextRoomTeleport="" imgid="801" play=""/>
  <abyss_teleport id="45" roomId="43" gotoRoomId="44" openByKillArmyId="" boxId="" openByKillAllRoomIds="" nextRoomTeleport="" imgid="802" play="1"/>
  <abyss_teleport id="46" roomId="44" gotoRoomId="43" openByKillArmyId="" boxId="" openByKillAllRoomIds="" nextRoomTeleport="" imgid="801" play=""/>
  <abyss_teleport id="51" roomId="51" gotoRoomId="52" openByKillArmyId="602" boxId="" openByKillAllRoomIds="" nextRoomTeleport="" imgid="801" play="1"/>
  <abyss_teleport id="52" roomId="52" gotoRoomId="51" openByKillArmyId="" boxId="" openByKillAllRoomIds="" nextRoomTeleport="" imgid="801" play=""/>
  <abyss_teleport id="53" roomId="52" gotoRoomId="53" openByKillArmyId="604" boxId="" openByKillAllRoomIds="" nextRoomTeleport="" imgid="801" play="1"/>
  <abyss_teleport id="54" roomId="53" gotoRoomId="52" openByKillArmyId="" boxId="" openByKillAllRoomIds="" nextRoomTeleport="" imgid="801" play=""/>
  <abyss_teleport id="55" roomId="53" gotoRoomId="54" openByKillArmyId="605" boxId="" openByKillAllRoomIds="" nextRoomTeleport="" imgid="801" play="1"/>
  <abyss_teleport id="56" roomId="54" gotoRoomId="53" openByKillArmyId="" boxId="" openByKillAllRoomIds="" nextRoomTeleport="" imgid="801" play=""/>
  <abyss_teleport id="57" roomId="54" gotoRoomId="55" openByKillArmyId="" boxId="" openByKillAllRoomIds="" nextRoomTeleport="" imgid="802" play="1"/>
  <abyss_teleport id="58" roomId="55" gotoRoomId="54" openByKillArmyId="" boxId="" openByKillAllRoomIds="" nextRoomTeleport="" imgid="801" play=""/>
  <abyss_teleport id="61" roomId="61" gotoRoomId="62" openByKillArmyId="702" boxId="" openByKillAllRoomIds="" nextRoomTeleport="" imgid="801" play="1"/>
  <abyss_teleport id="62" roomId="62" gotoRoomId="61" openByKillArmyId="" boxId="" openByKillAllRoomIds="" nextRoomTeleport="" imgid="801" play=""/>
  <abyss_teleport id="63" roomId="62" gotoRoomId="63" openByKillArmyId="704" boxId="" openByKillAllRoomIds="" nextRoomTeleport="" imgid="801" play="1"/>
  <abyss_teleport id="64" roomId="63" gotoRoomId="62" openByKillArmyId="" boxId="" openByKillAllRoomIds="" nextRoomTeleport="" imgid="801" play=""/>
  <abyss_teleport id="65" roomId="63" gotoRoomId="64" openByKillArmyId="706" boxId="" openByKillAllRoomIds="" nextRoomTeleport="" imgid="801" play="1"/>
  <abyss_teleport id="66" roomId="64" gotoRoomId="63" openByKillArmyId="" boxId="" openByKillAllRoomIds="" nextRoomTeleport="" imgid="801" play=""/>
  <abyss_teleport id="67" roomId="64" gotoRoomId="65" openByKillArmyId="" boxId="" openByKillAllRoomIds="" nextRoomTeleport="" imgid="802" play="1"/>
  <abyss_teleport id="68" roomId="65" gotoRoomId="64" openByKillArmyId="" boxId="" openByKillAllRoomIds="" nextRoomTeleport="" imgid="801" play=""/>
  <abyss_teleport id="71" roomId="71" gotoRoomId="72" openByKillArmyId="802" boxId="" openByKillAllRoomIds="" nextRoomTeleport="" imgid="801" play="1"/>
  <abyss_teleport id="72" roomId="72" gotoRoomId="71" openByKillArmyId="" boxId="" openByKillAllRoomIds="" nextRoomTeleport="" imgid="801" play=""/>
  <abyss_teleport id="73" roomId="72" gotoRoomId="73" openByKillArmyId="" boxId="" openByKillAllRoomIds="" nextRoomTeleport="" imgid="802" play="1"/>
  <abyss_teleport id="74" roomId="73" gotoRoomId="72" openByKillArmyId="" boxId="" openByKillAllRoomIds="" nextRoomTeleport="" imgid="801" play=""/>
  <abyss_teleport id="81" roomId="81" gotoRoomId="82" openByKillArmyId="902" boxId="" openByKillAllRoomIds="" nextRoomTeleport="" imgid="801" play="1"/>
  <abyss_teleport id="82" roomId="82" gotoRoomId="81" openByKillArmyId="" boxId="" openByKillAllRoomIds="" nextRoomTeleport="" imgid="801" play=""/>
  <abyss_teleport id="83" roomId="82" gotoRoomId="83" openByKillArmyId="" boxId="" openByKillAllRoomIds="" nextRoomTeleport="" imgid="802" play="1"/>
  <abyss_teleport id="84" roomId="83" gotoRoomId="82" openByKillArmyId="" boxId="" openByKillAllRoomIds="" nextRoomTeleport="" imgid="801" play=""/>
  <abyss_teleport id="85" roomId="91" gotoRoomId="92" openByKillArmyId="1002" boxId="" openByKillAllRoomIds="" nextRoomTeleport="" imgid="801" play="1"/>
  <abyss_teleport id="86" roomId="92" gotoRoomId="91" openByKillArmyId="" boxId="" openByKillAllRoomIds="" nextRoomTeleport="" imgid="801" play=""/>
  <abyss_teleport id="87" roomId="92" gotoRoomId="93" openByKillArmyId="1004" boxId="" openByKillAllRoomIds="" nextRoomTeleport="" imgid="801" play="1"/>
  <abyss_teleport id="88" roomId="93" gotoRoomId="92" openByKillArmyId="" boxId="" openByKillAllRoomIds="" nextRoomTeleport="" imgid="801" play=""/>
  <abyss_teleport id="89" roomId="93" gotoRoomId="94" openByKillArmyId="" boxId="" openByKillAllRoomIds="" nextRoomTeleport="" imgid="802" play="1"/>
  <abyss_teleport id="90" roomId="94" gotoRoomId="93" openByKillArmyId="" boxId="" openByKillAllRoomIds="" nextRoomTeleport="" imgid="801" play=""/>
  <abyss_teleport id="91" roomId="101" gotoRoomId="102" openByKillArmyId="1102" boxId="" openByKillAllRoomIds="" nextRoomTeleport="" imgid="801" play="1"/>
  <abyss_teleport id="92" roomId="102" gotoRoomId="101" openByKillArmyId="" boxId="" openByKillAllRoomIds="" nextRoomTeleport="" imgid="801" play=""/>
  <abyss_teleport id="93" roomId="102" gotoRoomId="103" openByKillArmyId="1104" boxId="" openByKillAllRoomIds="" nextRoomTeleport="" imgid="801" play="1"/>
  <abyss_teleport id="94" roomId="103" gotoRoomId="102" openByKillArmyId="" boxId="" openByKillAllRoomIds="" nextRoomTeleport="" imgid="801" play=""/>
  <abyss_teleport id="95" roomId="103" gotoRoomId="104" openByKillArmyId="" boxId="" openByKillAllRoomIds="" nextRoomTeleport="" imgid="802" play="1"/>
  <abyss_teleport id="96" roomId="104" gotoRoomId="103" openByKillArmyId="" boxId="" openByKillAllRoomIds="" nextRoomTeleport="" imgid="801" play=""/>
  <abyss_teleport id="97" roomId="111" gotoRoomId="112" openByKillArmyId="1202" boxId="" openByKillAllRoomIds="" nextRoomTeleport="" imgid="801" play="1"/>
  <abyss_teleport id="98" roomId="112" gotoRoomId="111" openByKillArmyId="" boxId="" openByKillAllRoomIds="" nextRoomTeleport="" imgid="801" play=""/>
  <abyss_teleport id="99" roomId="112" gotoRoomId="113" openByKillArmyId="1204" boxId="" openByKillAllRoomIds="" nextRoomTeleport="" imgid="801" play="1"/>
  <abyss_teleport id="100" roomId="113" gotoRoomId="112" openByKillArmyId="" boxId="" openByKillAllRoomIds="" nextRoomTeleport="" imgid="801" play=""/>
  <abyss_teleport id="101" roomId="113" gotoRoomId="114" openByKillArmyId="" boxId="" openByKillAllRoomIds="" nextRoomTeleport="" imgid="802" play="1"/>
  <abyss_teleport id="102" roomId="114" gotoRoomId="113" openByKillArmyId="" boxId="" openByKillAllRoomIds="" nextRoomTeleport="" imgid="801" play=""/>
  <abyss_teleport id="103" roomId="121" gotoRoomId="122" openByKillArmyId="1302" boxId="" openByKillAllRoomIds="" nextRoomTeleport="" imgid="801" play="1"/>
  <abyss_teleport id="104" roomId="122" gotoRoomId="121" openByKillArmyId="" boxId="" openByKillAllRoomIds="" nextRoomTeleport="" imgid="801" play=""/>
  <abyss_teleport id="105" roomId="122" gotoRoomId="123" openByKillArmyId="1304" boxId="" openByKillAllRoomIds="" nextRoomTeleport="" imgid="801" play="1"/>
  <abyss_teleport id="106" roomId="123" gotoRoomId="122" openByKillArmyId="" boxId="" openByKillAllRoomIds="" nextRoomTeleport="" imgid="801" play=""/>
  <abyss_teleport id="107" roomId="123" gotoRoomId="124" openByKillArmyId="" boxId="" openByKillAllRoomIds="" nextRoomTeleport="" imgid="802" play="1"/>
  <abyss_teleport id="108" roomId="124" gotoRoomId="123" openByKillArmyId="" boxId="" openByKillAllRoomIds="" nextRoomTeleport="" imgid="801" play=""/>
  <abyss_teleport id="109" roomId="131" gotoRoomId="132" openByKillArmyId="1402" boxId="" openByKillAllRoomIds="" nextRoomTeleport="" imgid="801" play="1"/>
  <abyss_teleport id="110" roomId="132" gotoRoomId="131" openByKillArmyId="" boxId="" openByKillAllRoomIds="" nextRoomTeleport="" imgid="801" play=""/>
  <abyss_teleport id="111" roomId="132" gotoRoomId="133" openByKillArmyId="1404" boxId="" openByKillAllRoomIds="" nextRoomTeleport="" imgid="801" play="1"/>
  <abyss_teleport id="112" roomId="133" gotoRoomId="132" openByKillArmyId="" boxId="" openByKillAllRoomIds="" nextRoomTeleport="" imgid="801" play=""/>
  <abyss_teleport id="113" roomId="133" gotoRoomId="134" openByKillArmyId="" boxId="" openByKillAllRoomIds="" nextRoomTeleport="" imgid="802" play="1"/>
  <abyss_teleport id="114" roomId="134" gotoRoomId="133" openByKillArmyId="" boxId="" openByKillAllRoomIds="" nextRoomTeleport="" imgid="801" play=""/>
  <abyss_teleport id="115" roomId="141" gotoRoomId="142" openByKillArmyId="1502" boxId="" openByKillAllRoomIds="" nextRoomTeleport="" imgid="801" play="1"/>
  <abyss_teleport id="116" roomId="142" gotoRoomId="141" openByKillArmyId="" boxId="" openByKillAllRoomIds="" nextRoomTeleport="" imgid="801" play=""/>
  <abyss_teleport id="117" roomId="142" gotoRoomId="143" openByKillArmyId="1504" boxId="" openByKillAllRoomIds="" nextRoomTeleport="" imgid="801" play="1"/>
  <abyss_teleport id="118" roomId="143" gotoRoomId="142" openByKillArmyId="" boxId="" openByKillAllRoomIds="" nextRoomTeleport="" imgid="801" play=""/>
  <abyss_teleport id="119" roomId="143" gotoRoomId="144" openByKillArmyId="" boxId="" openByKillAllRoomIds="" nextRoomTeleport="" imgid="802" play="1"/>
  <abyss_teleport id="120" roomId="144" gotoRoomId="143" openByKillArmyId="" boxId="" openByKillAllRoomIds="" nextRoomTeleport="" imgid="801" play=""/>
  <abyss_teleport id="121" roomId="151" gotoRoomId="152" openByKillArmyId="1602" boxId="" openByKillAllRoomIds="" nextRoomTeleport="" imgid="801" play="1"/>
  <abyss_teleport id="122" roomId="152" gotoRoomId="151" openByKillArmyId="" boxId="" openByKillAllRoomIds="" nextRoomTeleport="" imgid="801" play=""/>
  <abyss_teleport id="123" roomId="152" gotoRoomId="153" openByKillArmyId="1604" boxId="" openByKillAllRoomIds="" nextRoomTeleport="" imgid="801" play="1"/>
  <abyss_teleport id="124" roomId="153" gotoRoomId="152" openByKillArmyId="" boxId="" openByKillAllRoomIds="" nextRoomTeleport="" imgid="801" play=""/>
  <abyss_teleport id="125" roomId="153" gotoRoomId="154" openByKillArmyId="" boxId="" openByKillAllRoomIds="" nextRoomTeleport="" imgid="802" play="1"/>
  <abyss_teleport id="126" roomId="154" gotoRoomId="153" openByKillArmyId="" boxId="" openByKillAllRoomIds="" nextRoomTeleport="" imgid="801" play=""/>
  <abyss_teleport id="127" roomId="161" gotoRoomId="162" openByKillArmyId="1702" boxId="" openByKillAllRoomIds="" nextRoomTeleport="" imgid="801" play="1"/>
  <abyss_teleport id="128" roomId="162" gotoRoomId="161" openByKillArmyId="" boxId="" openByKillAllRoomIds="" nextRoomTeleport="" imgid="801" play=""/>
  <abyss_teleport id="129" roomId="162" gotoRoomId="163" openByKillArmyId="1704" boxId="" openByKillAllRoomIds="" nextRoomTeleport="" imgid="801" play="1"/>
  <abyss_teleport id="130" roomId="163" gotoRoomId="162" openByKillArmyId="" boxId="" openByKillAllRoomIds="" nextRoomTeleport="" imgid="801" play=""/>
  <abyss_teleport id="131" roomId="163" gotoRoomId="164" openByKillArmyId="" boxId="" openByKillAllRoomIds="" nextRoomTeleport="" imgid="802" play="1"/>
  <abyss_teleport id="132" roomId="164" gotoRoomId="163" openByKillArmyId="" boxId="" openByKillAllRoomIds="" nextRoomTeleport="" imgid="801" play=""/>
  <abyss_teleport id="133" roomId="171" gotoRoomId="172" openByKillArmyId="1802" boxId="" openByKillAllRoomIds="" nextRoomTeleport="" imgid="801" play="1"/>
  <abyss_teleport id="134" roomId="172" gotoRoomId="171" openByKillArmyId="" boxId="" openByKillAllRoomIds="" nextRoomTeleport="" imgid="801" play=""/>
  <abyss_teleport id="135" roomId="172" gotoRoomId="173" openByKillArmyId="1804" boxId="" openByKillAllRoomIds="" nextRoomTeleport="" imgid="801" play="1"/>
  <abyss_teleport id="136" roomId="173" gotoRoomId="172" openByKillArmyId="" boxId="" openByKillAllRoomIds="" nextRoomTeleport="" imgid="801" play=""/>
  <abyss_teleport id="137" roomId="173" gotoRoomId="174" openByKillArmyId="" boxId="" openByKillAllRoomIds="" nextRoomTeleport="" imgid="802" play="1"/>
  <abyss_teleport id="138" roomId="174" gotoRoomId="173" openByKillArmyId="" boxId="" openByKillAllRoomIds="" nextRoomTeleport="" imgid="801" play=""/>
  <abyss_teleport id="139" roomId="181" gotoRoomId="182" openByKillArmyId="1902" boxId="" openByKillAllRoomIds="" nextRoomTeleport="" imgid="801" play="1"/>
  <abyss_teleport id="140" roomId="182" gotoRoomId="181" openByKillArmyId="" boxId="" openByKillAllRoomIds="" nextRoomTeleport="" imgid="801" play=""/>
  <abyss_teleport id="141" roomId="182" gotoRoomId="183" openByKillArmyId="1904" boxId="" openByKillAllRoomIds="" nextRoomTeleport="" imgid="801" play="1"/>
  <abyss_teleport id="142" roomId="183" gotoRoomId="182" openByKillArmyId="" boxId="" openByKillAllRoomIds="" nextRoomTeleport="" imgid="801" play=""/>
  <abyss_teleport id="143" roomId="183" gotoRoomId="184" openByKillArmyId="" boxId="" openByKillAllRoomIds="" nextRoomTeleport="" imgid="802" play="1"/>
  <abyss_teleport id="144" roomId="184" gotoRoomId="183" openByKillArmyId="" boxId="" openByKillAllRoomIds="" nextRoomTeleport="" imgid="801" play=""/>
  <abyss_teleport id="145" roomId="191" gotoRoomId="192" openByKillArmyId="2002" boxId="" openByKillAllRoomIds="" nextRoomTeleport="" imgid="801" play="1"/>
  <abyss_teleport id="146" roomId="192" gotoRoomId="191" openByKillArmyId="" boxId="" openByKillAllRoomIds="" nextRoomTeleport="" imgid="801" play=""/>
  <abyss_teleport id="147" roomId="192" gotoRoomId="193" openByKillArmyId="2004" boxId="" openByKillAllRoomIds="" nextRoomTeleport="" imgid="801" play="1"/>
  <abyss_teleport id="148" roomId="193" gotoRoomId="192" openByKillArmyId="" boxId="" openByKillAllRoomIds="" nextRoomTeleport="" imgid="801" play=""/>
  <abyss_teleport id="149" roomId="193" gotoRoomId="194" openByKillArmyId="" boxId="" openByKillAllRoomIds="" nextRoomTeleport="" imgid="802" play="1"/>
  <abyss_teleport id="150" roomId="194" gotoRoomId="193" openByKillArmyId="" boxId="" openByKillAllRoomIds="" nextRoomTeleport="" imgid="801" play=""/>
  <abyss_teleport id="151" roomId="201" gotoRoomId="202" openByKillArmyId="2102" boxId="" openByKillAllRoomIds="" nextRoomTeleport="" imgid="801" play="1"/>
  <abyss_teleport id="152" roomId="202" gotoRoomId="201" openByKillArmyId="" boxId="" openByKillAllRoomIds="" nextRoomTeleport="" imgid="801" play=""/>
  <abyss_teleport id="153" roomId="202" gotoRoomId="203" openByKillArmyId="2104" boxId="" openByKillAllRoomIds="" nextRoomTeleport="" imgid="801" play="1"/>
  <abyss_teleport id="154" roomId="203" gotoRoomId="202" openByKillArmyId="" boxId="" openByKillAllRoomIds="" nextRoomTeleport="" imgid="801" play=""/>
  <abyss_teleport id="155" roomId="203" gotoRoomId="204" openByKillArmyId="" boxId="" openByKillAllRoomIds="" nextRoomTeleport="" imgid="802" play="1"/>
  <abyss_teleport id="156" roomId="204" gotoRoomId="203" openByKillArmyId="" boxId="" openByKillAllRoomIds="" nextRoomTeleport="" imgid="801" play=""/>
</root>