<root>
  <abyss_enemyanchorPoint id="210" point="11,-125"/>
  <abyss_enemyanchorPoint id="211" point="21,-139"/>
  <abyss_enemyanchorPoint id="212" point="0,-155"/>
  <abyss_enemyanchorPoint id="213" point="0,-135"/>
  <abyss_enemyanchorPoint id="214" point="-8,-152"/>
  <abyss_enemyanchorPoint id="215" point="0,-154"/>
  <abyss_enemyanchorPoint id="216" point="-4,-127"/>
  <abyss_enemyanchorPoint id="217" point="4,-139"/>
  <abyss_enemyanchorPoint id="218" point="-1,-147"/>
  <abyss_enemyanchorPoint id="219" point="3,-128"/>
  <abyss_enemyanchorPoint id="220" point="0,-147"/>
  <abyss_enemyanchorPoint id="221" point="4,-148"/>
  <abyss_enemyanchorPoint id="222" point="-6,-124"/>
  <abyss_enemyanchorPoint id="223" point="12,-150"/>
  <abyss_enemyanchorPoint id="224" point="-6,-152"/>
  <abyss_enemyanchorPoint id="225" point="-2,-126"/>
  <abyss_enemyanchorPoint id="226" point="1,-143"/>
  <abyss_enemyanchorPoint id="227" point="2,-139"/>
  <abyss_enemyanchorPoint id="228" point="-4,-162"/>
  <abyss_enemyanchorPoint id="229" point="18,-152"/>
  <abyss_enemyanchorPoint id="230" point="0,-140"/>
  <abyss_enemyanchorPoint id="231" point="28,-154"/>
  <abyss_enemyanchorPoint id="232" point="4,-144"/>
  <abyss_enemyanchorPoint id="233" point="3,-131"/>
  <abyss_enemyanchorPoint id="234" point="2,-139"/>
  <abyss_enemyanchorPoint id="235" point="-3,-144"/>
  <abyss_enemyanchorPoint id="236" point="67,-125"/>
  <abyss_enemyanchorPoint id="237" point="5,-132"/>
  <abyss_enemyanchorPoint id="238" point="9,-141"/>
  <abyss_enemyanchorPoint id="239" point="2,-144"/>
  <abyss_enemyanchorPoint id="240" point="5,-156"/>
  <abyss_enemyanchorPoint id="241" point="0,-122"/>
  <abyss_enemyanchorPoint id="242" point="7,-137"/>
  <abyss_enemyanchorPoint id="243" point="6,-134"/>
  <abyss_enemyanchorPoint id="244" point="-1,-158"/>
  <abyss_enemyanchorPoint id="245" point="7,-127"/>
  <abyss_enemyanchorPoint id="246" point="2,-135"/>
  <abyss_enemyanchorPoint id="247" point="5,-137"/>
  <abyss_enemyanchorPoint id="248" point="4,-144"/>
  <abyss_enemyanchorPoint id="249" point="2,-149"/>
  <abyss_enemyanchorPoint id="250" point="-5,-136"/>
  <abyss_enemyanchorPoint id="251" point="12,-138"/>
  <abyss_enemyanchorPoint id="252" point="18,-138"/>
  <abyss_enemyanchorPoint id="253" point="4,-102"/>
  <abyss_enemyanchorPoint id="254" point="9,-160"/>
  <abyss_enemyanchorPoint id="255" point="12,-145"/>
  <abyss_enemyanchorPoint id="256" point="75,-410"/>
  <abyss_enemyanchorPoint id="257" point="0,-429"/>
  <abyss_enemyanchorPoint id="258" point="6,-182"/>
  <abyss_enemyanchorPoint id="259" point="-5,-169"/>
  <abyss_enemyanchorPoint id="260" point="-3,-137"/>
  <abyss_enemyanchorPoint id="261" point="-3,-137"/>
  <abyss_enemyanchorPoint id="262" point="-2,-153"/>
  <abyss_enemyanchorPoint id="263" point="9,-133"/>
  <abyss_enemyanchorPoint id="264" point="14,-134"/>
  <abyss_enemyanchorPoint id="265" point="6,-148"/>
  <abyss_enemyanchorPoint id="266" point="1,-138"/>
  <abyss_enemyanchorPoint id="267" point="36,-377"/>
  <abyss_enemyanchorPoint id="268" point="58,-373"/>
  <abyss_enemyanchorPoint id="269" point="-2,-180"/>
  <abyss_enemyanchorPoint id="270" point="-1,-166"/>
  <abyss_enemyanchorPoint id="271" point="-2,-151"/>
  <abyss_enemyanchorPoint id="272" point="9,-171"/>
  <abyss_enemyanchorPoint id="273" point="-1,-149"/>
  <abyss_enemyanchorPoint id="274" point="-1,-146"/>
  <abyss_enemyanchorPoint id="275" point="5,-132"/>
  <abyss_enemyanchorPoint id="276" point="7,-157"/>
  <abyss_enemyanchorPoint id="277" point="9,-125"/>
  <abyss_enemyanchorPoint id="278" point="1,-145"/>
  <abyss_enemyanchorPoint id="279" point="7,-161"/>
  <abyss_enemyanchorPoint id="280" point="-9,-226"/>
  <abyss_enemyanchorPoint id="281" point="3,-129"/>
  <abyss_enemyanchorPoint id="282" point="-5,-147"/>
  <abyss_enemyanchorPoint id="283" point="8,-161"/>
  <abyss_enemyanchorPoint id="284" point="-2,-165"/>
  <abyss_enemyanchorPoint id="285" point="0,-117"/>
  <abyss_enemyanchorPoint id="286" point="6,-150"/>
  <abyss_enemyanchorPoint id="287" point="75,-366"/>
  <abyss_enemyanchorPoint id="288" point="6,-146"/>
  <abyss_enemyanchorPoint id="289" point="4,-104"/>
  <abyss_enemyanchorPoint id="290" point="7,-142"/>
  <abyss_enemyanchorPoint id="291" point="74,-138"/>
  <abyss_enemyanchorPoint id="292" point="7,-156"/>
  <abyss_enemyanchorPoint id="293" point="46,-386"/>
  <abyss_enemyanchorPoint id="294" point="47,-447"/>
  <abyss_enemyanchorPoint id="314" point="-3,-152"/>
  <abyss_enemyanchorPoint id="315" point="1,-149"/>
  <abyss_enemyanchorPoint id="316" point="-4,-151"/>
  <abyss_enemyanchorPoint id="317" point="5,-152"/>
  <abyss_enemyanchorPoint id="318" point="0,-153"/>
  <abyss_enemyanchorPoint id="319" point="9,-175"/> 
  <abyss_enemyanchorPoint id="320" point="12,-157"/> 
  <abyss_enemyanchorPoint id="321" point="14,-150"/> 
  <abyss_enemyanchorPoint id="322" point="4,-151"/> 
  <abyss_enemyanchorPoint id="323" point="3,-156"/> 
  <abyss_enemyanchorPoint id="324" point="-9,-151"/> 
  <abyss_enemyanchorPoint id="325" point="0,-145"/> 
  <abyss_enemyanchorPoint id="326" point="1,-157"/> 
  <abyss_enemyanchorPoint id="327" point="6,-158"/> 
  <abyss_enemyanchorPoint id="328" point="-2,-156"/> 
  <abyss_enemyanchorPoint id="329" point="8,-154"/> 
  <abyss_enemyanchorPoint id="330" point="7,-138"/> 
  <abyss_enemyanchorPoint id="331" point="43,-85"/> 
  <abyss_enemyanchorPoint id="332" point="133,-401"/> 
  <abyss_enemyanchorPoint id="333" point="10,-155"/> 
  <abyss_enemyanchorPoint id="334" point="72,-385"/> 
  <abyss_enemyanchorPoint id="335" point="10,-122"/> 
  <abyss_enemyanchorPoint id="336" point="-6,-203"/> 
  <abyss_enemyanchorPoint id="337" point="1,-187"/> 
  <abyss_enemyanchorPoint id="338" point="12,-288"/> 
  <abyss_enemyanchorPoint id="339" point="-2,-168"/> 
  <abyss_enemyanchorPoint id="340" point="8,-209"/> 
  <abyss_enemyanchorPoint id="341" point="70,-407"/>   
</root>