<root>
  <abyss_question id="1" type="2" name="Mũ rơm của Luffy" content="Mũ rơm của Luffy có được bằng cách nào?" question1Content="Tự bịa ra" question1ArmyId="777" question1Reward="" question2Content="Ai đó tặng" question2ArmyId="" question2Reward="1|1" question3Content="Lấy được từ trong bụng con cá nướng mình ăn" question3ArmyId="777" question3Reward=""/>
  <abyss_question id="2" type="2" name="Kiếm khách Zoro" content="Zoro là kiếm khách phái mấy đao?" question1Content="Nhất kiếm" question1ArmyId="777" question1Reward="" question2Content="Phái nhị đao" question2ArmyId="777" question2Reward="" question3Content="Phái tam kiếm" question3ArmyId="" question3Reward="2|20"/>
  <abyss_question id="3" type="2" name="Hoa tiêu Nami" content="Nami thích nhất loại quả gì?" question1Content="Cam" question1ArmyId="" question1Reward="2|20" question2Content="Chuối" question2ArmyId="777" question2Reward="" question3Content="Quả ổi" question3ArmyId="777" question3Reward=""/>
  <abyss_question id="4" type="2" name="Mũi của Usopp" content="Mũi của Usopp sao lại dài thế?" question1Content="Bởi vì hay nói dối nên mũi dài" question1ArmyId="777" question1Reward="" question2Content="Di truyền" question2ArmyId="" question2Reward="1|1" question3Content="Ăn nhiều quá, không cao thêm mà mũi lại dài ra" question3ArmyId="777" question3Reward=""/>
  <abyss_question id="5" type="2" name="Sanji 1 lông mày" content="Sanji tại sao chỉ để hở 1 bên lông mày?" question1Content="Che đi 1 mắt và lông mày sẽ đẹp trai hơn" question1ArmyId="777" question1Reward="" question2Content="Vì tác giả đặt như vậy" question2ArmyId="" question2Reward="1|1" question3Content="Cách mọc tóc quyết định" question3ArmyId="777" question3Reward=""/>
  <abyss_question id="6" type="2" name="super Franky" content="Hình trên tay của Franky là gì?" question1Content="Chữ “super”" question1ArmyId="777" question1Reward="" question2Content="1 ngôi sao" question2ArmyId="777" question2Reward="" question3Content="Nửa ngôi sao" question3ArmyId="" question3Reward="2|20"/>
  <abyss_question id="7" type="2" name="Đầu lâu của Brook" content="Trong đầu lâu của Brook từng đựng gì?" question1Content="Nước trà" question1ArmyId="777" question1Reward="" question2Content="Lá trà" question2ArmyId="777" question2Reward="" question3Content="Cốc trà" question3ArmyId="" question3Reward="2|20"/>
  <abyss_question id="8" type="2" name="Tuần lộc Chopper" content="Chopper biết ngoại ngữ nào?" question1Content="Tiếng người" question1ArmyId="" question1Reward="1|1" question2Content="Tiếng tuần lộc" question2ArmyId="777" question2Reward="" question3Content="Ngôn ngữ hành tinh Na'vi" question3ArmyId="777" question3Reward=""/>
  <abyss_question id="9" type="2" name="Trí giả Robin" content="Robin mấy tuổi thì đạt tiến sỹ?" question1Content="8 tuổi" question1ArmyId="" question1Reward="1|1" question2Content="9 tuổi" question2ArmyId="777" question2Reward="" question3Content="10 tuổi" question3ArmyId="777" question3Reward=""/>
  <abyss_question id="10" type="2" name="Nàng tiên cá Shirahoshi" content="Shirahoshi là loại cá gì?" question1Content="Cá mập" question1ArmyId="777" question1Reward="" question2Content="Cá kình" question2ArmyId="777" question2Reward="" question3Content="Người cá" question3ArmyId="" question3Reward="2|20"/>
  <abyss_question id="11" type="2" name="Nơi sinh của Roger" content="Roger sinh ra ở đâu?" question1Content="Đảo người cá" question1ArmyId="777" question1Reward="" question2Content="Thị trấn Logue" question2ArmyId="" question2Reward="2|20" question3Content="Làng Cối Xay Gió" question3ArmyId="777" question3Reward=""/>
  <abyss_question id="12" type="2" name="Rayleigh da diện thủ" content="Rayleigh có kỹ năng nổi bật gì?" question1Content="Uống rượu" question1ArmyId="777" question1Reward="" question2Content="Bọc thuyền" question2ArmyId="" question2Reward="1|1" question3Content="Thi triển Haki" question3ArmyId="777" question3Reward=""/>
  <abyss_question id="13" type="2" name="Trái ác quỷ của Buggy" content="Buggy đã ăn trái ác quỷ nào?" question1Content="Trái Awa Awa" question1ArmyId="777" question1Reward="" question2Content="Trái Bara Bara" question2ArmyId="" question2Reward="2|20" question3Content="Trái Ushi Ushi" question3ArmyId="777" question3Reward=""/>
  <abyss_question id="14" type="2" name="Sở thích của Râu đen" content="Đồ ăn mà Râu đen thích nhất là gì?" question1Content="Cocktail" question1ArmyId="777" question1Reward="" question2Content="Trái ác quỷ" question2ArmyId="777" question2Reward="" question3Content="Cherry Pie" question3ArmyId="" question3Reward="2|20"/>
  <abyss_question id="15" type="2" name="Nguồn gốc của Shank" content="Shank xuất thân từ biển nào?" question1Content="Skypiea" question1ArmyId="777" question1Reward="" question2Content="Bắc Hải" question2ArmyId="" question2Reward="1|1" question3Content="Tây Hải" question3ArmyId="777" question3Reward=""/>
  <abyss_question id="16" type="2" name="Hoa ngực của Akainu" content="Hoa ngực của Akainu là hoa gì?" question1Content="Tường vi" question1ArmyId="" question1Reward="2|20" question2Content="Bách hợp" question2ArmyId="777" question2Reward="" question3Content="Daisy" question3ArmyId="777" question3Reward=""/>
  <abyss_question id="17" type="2" name="Sâu truyền tin của Kizaru" content="Kizaru hay nói với sâu điện thoại nào?" question1Content="Sâu truyền tin màu đen" question1ArmyId="" question1Reward="1|1" question2Content="Sâu truyền tin vàng" question2ArmyId="777" question2Reward="" question3Content="Sâu truyền tin màu hoa" question3ArmyId="777" question3Reward=""/>
  <abyss_question id="18" type="2" name="Xì gà của Smoker" content="Smoker 1 lúc có thể hút bao nhiêu điếu xì gà?" question1Content="2 con" question1ArmyId="" question1Reward="1|1" question2Content="5 con" question2ArmyId="777" question2Reward="" question3Content="Nhét khi nào đầy miệng thì thôi" question3ArmyId="777" question3Reward=""/>
  <abyss_question id="19" type="2" name="Chiều cao của nữ vương" content="Chiều cao của Boa Hancock là bao nhiêu?" question1Content="3m" question1ArmyId="777" question1Reward="" question2Content="1.69m" question2ArmyId="777" question2Reward="" question3Content="1.91m" question3ArmyId="" question3Reward="2|20"/>
  <abyss_question id="20" type="2" name="Vật tùy thân của Kuma" content="Kuma tay cầm thứ gì?" question1Content="Chỉ nam du lịch" question1ArmyId="777" question1Reward="" question2Content="Kinh thánh" question2ArmyId="" question2Reward="2|20" question3Content="Bản đồ thế giới" question3ArmyId="777" question3Reward=""/>
  <abyss_question id="21" type="2" name="Một Tashigi khác" content="Tashigi giống với ai?" question1Content="Tiểu đệ của Sanji" question1ArmyId="777" question1Reward="" question2Content="Thanh mai trúc mã của Zoro hồi nhỏ" question2ArmyId="" question2Reward="2|20" question3Content="Mẹ nuôi của Nami" question3ArmyId="777" question3Reward=""/>
  <abyss_question id="22" type="2" name="Pet của Vivi" content="Pet của Vivi là gì?" question1Content="Karoo" question1ArmyId="" question1Reward="1|1" question2Content="Cá sấu chuối" question2ArmyId="777" question2Reward="" question3Content="Bọ cạp độc sa mạc" question3ArmyId="777" question3Reward=""/>
  <abyss_question id="23" type="2" name="Áo của Ace" content="Áo của Ace có màu gì?" question1Content="Màu đỏ" question1ArmyId="777" question1Reward="" question2Content="Xanh lục" question2ArmyId="777" question2Reward="" question3Content="Nói bậy, Ace có mặc áo bao giờ đâu" question3ArmyId="" question3Reward="1|1"/>
  <abyss_question id="24" type="2" name="Phương tiện đi lại của Aokiji" content="Aokiji Kuzan đi lại bằng gì?" question1Content="Xe đạp" question1ArmyId="" question1Reward="2|20" question2Content="Tàu hỏa trên biển" question2ArmyId="777" question2Reward="" question3Content="Thuyền cát" question3ArmyId="777" question3Reward=""/>
  <abyss_question id="25" type="2" name="Bon Kurei giỏi nhảy múa" content="Bon Kurei giỏi loại vũ đạo nào?" question1Content="Hiphop" question1ArmyId="777" question1Reward="" question2Content="Múa ba lê" question2ArmyId="" question2Reward="2|20" question3Content="Múa dân tộc" question3ArmyId="777" question3Reward=""/>
  <abyss_question id="26" type="2" name="Nhà thiết kế Going Merry " content="Nhà thiết kế hiệu Merry hoàng kim là ai?" question1Content="Usopp" question1ArmyId="777" question1Reward="" question2Content="Merry" question2ArmyId="" question2Reward="1|1" question3Content="Tinh linh Tàu" question3ArmyId="777" question3Reward=""/>
  <abyss_question id="27" type="2" name="Thói quen của Kuro" content="Thuyền trưởng Kuro tại sao hay lấy bàn tay đẩy kính?" question1Content="&quot;Bởi vì ngón tay của ông ta không thể cong lại, không đẩy được kính.&quot;" question1ArmyId="777" question1Reward="" question2Content="Vì kính của hắn cấu tạo độc đáo, nếu không dùng bàn tay đẩy thì sẽ bị trượt mãi" question2ArmyId="777" question2Reward="" question3Content="Chỉ là vấn đề thói quen, làm gì có vì sao" question3ArmyId="" question3Reward="2|20"/>
  <abyss_question id="28" type="2" name="Sanji và Gin" content="Sanji dùng cách nào cảm động Gin?" question1Content="Tặng sô côla cho Gin vào Valentine" question1ArmyId="777" question1Reward="" question2Content="Làm cho Gin một bữa ăn ngon" question2ArmyId="" question2Reward="1|1" question3Content="Khi Gin cô đơn thì lặng lẽ bên hắn" question3ArmyId="777" question3Reward=""/>
  <abyss_question id="29" type="2" name="Tập hợp cá bốn biển" content="Nơi các loài cá 4 biển tụ họp trong truyền thuyết tên là gì?" question1Content="ALLBLUE" question1ArmyId="" question1Reward="1|1" question2Content="ALLFISH" question2ArmyId="777" question2Reward="" question3Content="ALLSEA" question3ArmyId="777" question3Reward=""/>
  <abyss_question id="30" type="2" name="Hải tặc độc ác" content="Làng Cocoyahi bị ai thu phí bảo kê?" question1Content="Băng hải tặc Arlong" question1ArmyId="" question1Reward="2|20" question2Content="Quân hải quân" question2ArmyId="777" question2Reward="" question3Content="Tộc ăn thịt người" question3ArmyId="777" question3Reward=""/>
  <abyss_question id="31" type="2" name="Hình xăm của Hachi" content="Trên người Hachi chỗ nào có hình xăm?" question1Content="Cánh tay" question1ArmyId="777" question1Reward="" question2Content="Trán" question2ArmyId="" question2Reward="2|20" question3Content="Lưng" question3ArmyId="777" question3Reward=""/>
  <abyss_question id="32" type="2" name="Giá 2 thanh đao" content="Zoro trả bao nhiêu tiền mua 2 thanh kiếm ở thị trấn Logue?" question1Content="5 vạn Beri" question1ArmyId="" question1Reward="1|1" question2Content="Không tốn 1 xu" question2ArmyId="777" question2Reward="" question3Content="Cái này khó nói" question3ArmyId="777" question3Reward=""/>
  <abyss_question id="33" type="2" name="Phong cảnh ở Logue" content="Điểm du lịch nổi tiếng ở thị trấn Logue là gì?" question1Content="Bộ đội hải quân" question1ArmyId="777" question1Reward="" question2Content="Mê cung khói do Smoker nhả ra" question2ArmyId="777" question2Reward="" question3Content="Pháp trường tử hình Roger" question3ArmyId="" question3Reward="2|20"/>
  <abyss_question id="34" type="2" name="Đặc điểm Núi Reverse" content="Điểm độc đáo của núi Reverse là gì?" question1Content="Có 1 con cá kình cứ đâm vào núi Reverse" question1ArmyId="" question1Reward="2|20" question2Content="Là ngọn núi rất cao" question2ArmyId="777" question2Reward="" question3Content="Tất cả các sông đều chảy lên núi" question3ArmyId="777" question3Reward=""/>
  <abyss_question id="35" type="2" name="Chào mừng băng H.tặc" content="Ở đỉnh núi Whiskey tại sao mọi người đều thích băng hải tặc Mũ rơm?" question1Content="Người ở đó thích hải tặc" question1ArmyId="777" question1Reward="" question2Content="Mục đích làm tê liệt băng H.tặc Mũ rơm, rồi giết bọn họ" question2ArmyId="" question2Reward="1|1" question3Content="Người ở đó không biết hải tặc là gì" question3ArmyId="777" question3Reward=""/>
  <abyss_question id="36" type="2" name="Nguồn gốc của Litter Garden" content="Tại sao lại gọi là vườn hoa nhỏ?" question1Content="&quot;Bởi khi tới đó, người thường sẽ biến nhỏ đi&quot;" question1ArmyId="777" question1Reward="" question2Content="Người tới đây đầu tiên nhớ tới vườn hoa nhỏ ở nhà họ, nên đặt tên vậy" question2ArmyId="777" question2Reward="" question3Content="Động thực vật ở đây đều rất khổng lồ, giống như vừa hoa của người khổng lồ vậy." question3ArmyId="" question3Reward="2|20"/>
  <abyss_question id="37" type="2" name="Tan chảy vào nến ma thuật" content="Bị nến ma thuật của MR.3 trói chặt thì sẽ ra sao?" question1Content="Bị chết đói" question1ArmyId="777" question1Reward="" question2Content="Biến thành người nến" question2ArmyId="" question2Reward="1|1" question3Content="Giống như tới thiên đường" question3ArmyId="777" question3Reward=""/>
  <abyss_question id="38" type="2" name="Màu sắc của bảng màu" content="Trên bảng màu của Miss tuần lễ vàng có mấy màu?" question1Content="4 màu" question1ArmyId="" question1Reward="2|20" question2Content="6 màu" question2ArmyId="777" question2Reward="" question3Content="8 màu" question3ArmyId="777" question3Reward=""/>
  <abyss_question id="39" type="2" name="Cuộc chiến Người khổng lồ" content="Hai người khổng lồ trong vườn hoa sao lại quyết đấu?" question1Content="&quot;Tuổi thọ người khổng lồ quá dài, đánh nhau để giết thời gian&quot;" question1ArmyId="777" question1Reward="" question2Content="Nguyên nhân là 2 người đều cho rằng con mồi của mình lớn hơn, rồi đánh lộn" question2ArmyId="" question2Reward="2|20" question3Content="Để rèn luyện kĩ năng quyết đấu của chiến sỹ" question3ArmyId="777" question3Reward=""/>
  <abyss_question id="40" type="2" name="Nhược điểm của Dalton" content="Điểm yếu chí mạng của Dalton là gì?" question1Content="&quot;Thích mặc áo màu xanh, đảo Drum vào mùa đông dễ trở thành mục tiêu tấn công&quot;" question1ArmyId="777" question1Reward="" question2Content="Thích ăn cơm hạt dẻ, 1 lần ăn quá nhiều nên dạ dày không tốt" question2ArmyId="777" question2Reward="" question3Content="Quá lương thiện, dễ bị làm cảm động, làm cho mắt lúc nào cũng sưng" question3ArmyId="" question3Reward="1|1"/>
  <abyss_question id="41" type="2" name="Không nuôi pet thỏ" content="Người trên đảo Drum tại sao không nuôi thỏ?" question1Content="&quot;Thỏ ăn nhiều, to lớn, không nuôi nổi&quot;" question1ArmyId="777" question1Reward="" question2Content="Ngày nào cũng nhìn, mệt mỏi không muốn nuôi" question2ArmyId="777" question2Reward="" question3Content="Thỏ quá hung ác, còn ăn thịt, không thể nuôi được" question3ArmyId="" question3Reward="2|20"/>
  <abyss_question id="42" type="2" name="Sự bền bỉ của cha nuôi Chopper" content="Cha nuôi của Chopper đã làm cho hoa gì trên đảo Drum nở hoa?" question1Content="Hoa loa kèn" question1ArmyId="777" question1Reward="" question2Content="Cúc dại" question2ArmyId="777" question2Reward="" question3Content="Hoa đào" question3ArmyId="" question3Reward="1|1"/>
  <abyss_question id="43" type="2" name="Alabasta nhịn ăn" content="Alabasta không ăn được cái gì?" question1Content="Thịt thằn lằn sa mạc" question1ArmyId="777" question1Reward="" question2Content="Thịt cá sấu chuối" question2ArmyId="777" question2Reward="" question3Content="Thịt cây xương rồng" question3ArmyId="" question3Reward="1|1"/>
  <abyss_question id="44" type="2" name="Chìa khóa lồng nhốt" content="Ở Rainbase, Luffy bị Crocodile nhốt trong lồng hải thạch lâu, Crocodile để chìa khóa ở đâu?" question1Content="Trong bụng cá sấu chuối" question1ArmyId="" question1Reward="2|20" question2Content="Trong tay Crocodile" question2ArmyId="777" question2Reward="" question3Content="Trong sòng bạc" question3ArmyId="777" question3Reward=""/>
  <abyss_question id="45" type="2" name="Vũ khí sát thương quy mô lớn" content="Quả pháo Baroque Works dùng để làm nổ quảng trường Alubarna đặt ở đâu?" question1Content="Trong hoàng cung" question1ArmyId="777" question1Reward="" question2Content="Dưới lòng đất" question2ArmyId="777" question2Reward="" question3Content="Trong tháp chuông" question3ArmyId="" question3Reward="2|20"/>
  <abyss_question id="46" type="2" name="Yêu cầu của Alabasta" content="Quốc vương Alabasta thiếu gì nhất?" question1Content="Mưa" question1ArmyId="" question1Reward="1|1" question2Content="Cát" question2ArmyId="777" question2Reward="" question3Content="Người" question3ArmyId="777" question3Reward=""/>
  <abyss_question id="47" type="2" name="Chức vụ của Muret" content="Chức vụ của Muret trong băng hải tặc Bellamy là gì?" question1Content="Thuyền trưởng" question1ArmyId="777" question1Reward="" question2Content="Hoa tiêu" question2ArmyId="777" question2Reward="" question3Content="Bác sỹ trên thuyền" question3ArmyId="" question3Reward="2|20"/>
  <abyss_question id="48" type="2" name="Thói quan của Bellamy" content="Bellamy hay lè lưỡi?" question1Content="Bẩm sinh" question1ArmyId="777" question1Reward="" question2Content="Để hợp với biệt hiệu của hắn" question2ArmyId="777" question2Reward="" question3Content="Làm bộ ngây thơ" question3ArmyId="" question3Reward="1|1"/>
  <abyss_question id="49" type="2" name="Tổ tiên của Morbran Cricket" content="Morbran Cricket là người kế thừa của ai?" question1Content="Montblanc Noland" question1ArmyId="" question1Reward="2|20" question2Content="Vua hải tặc Roger" question2ArmyId="777" question2Reward="" question3Content="Đại tướng hải quân Fleet Admiral Sengoku" question3ArmyId="777" question3Reward=""/>
  <abyss_question id="50" type="2" name="Heso" content="Người đảo Skypiea gặp nhau nói hey nghĩa là gì?" question1Content="Chào hỏi" question1ArmyId="" question1Reward="2|20" question2Content="Hỏi xem đối phương là ai" question2ArmyId="777" question2Reward="" question3Content="Cách tuyên bố “Đây là địa bàn của ta”" question3ArmyId="777" question3Reward=""/>
  <abyss_question id="51" type="2" name="Kashigami và Kashigami" content="Thần Kashigami ở đảo Skypiea hiện tại và thần Kashigami 400 năm trước có quan hệ gì?" question1Content="Chỉ bề ngoài giống nhau" question1ArmyId="777" question1Reward="" question2Content="Là cháu của Kashigami 400 năm về trước" question2ArmyId="" question2Reward="1|1" question3Content="Là ông của Kashigami 400 năm trước" question3ArmyId="777" question3Reward=""/>
  <abyss_question id="52" type="2" name="Tháp chuông vàng" content="Tháp Chuông vàng ở đâu?" question1Content="Thanh Hải" question1ArmyId="777" question1Reward="" question2Content="Trên biển trắng" question2ArmyId="777" question2Reward="" question3Content="Trên cây đậu leo" question3ArmyId="" question3Reward="2|20"/>
  <abyss_question id="53" type="2" name="Sở thích của Jonathan" content="Sở thích của Jonathan ở pháo đài G8 là gì?" question1Content="Ăn bữa ăn đầy dinh dưỡng Jessica làm" question1ArmyId="777" question1Reward="" question2Content="Câu cá" question2ArmyId="" question2Reward="1|1" question3Content="Huấn luyện binh sĩ" question3ArmyId="777" question3Reward=""/>
  <abyss_question id="54" type="2" name="Cà kheo của Tonjit" content="Tonjit phải đi cà kheo bao lâu ở đảo  Long Ring Long Land?" question1Content="10 năm" question1ArmyId="" question1Reward="2|20" question2Content="50 năm" question2ArmyId="777" question2Reward="" question3Content="100 năm" question3ArmyId="777" question3Reward=""/>
  <abyss_question id="55" type="2" name="Hậu quả của DBF thất bại" content="DavyBackFight với băng hải tặc Foxy thất bại sẽ có hậu quả gì?" question1Content="Thực phẩm trên thuyền sẽ bị cướp" question1ArmyId="777" question1Reward="" question2Content="Của cải trên tàu sẽ bị cướp" question2ArmyId="777" question2Reward="" question3Content="Thuyền viên trên thuyền sẽ bị cướp đi" question3ArmyId="" question3Reward="2|20"/>
  <abyss_question id="56" type="2" name="Kaku và Usopp" content="Sự khác biệt giữa Kaku và Usopp là gì?" question1Content="&quot;Mũi của Kaku vuông, mũi của Usopp nhọn&quot;" question1ArmyId="" question1Reward="2|20" question2Content="Kaku đội mũ, Usopp thì không" question2ArmyId="777" question2Reward="" question3Content="Kaku không dễ bị tiêu cực, Usopp dễ tiêu cực" question3ArmyId="777" question3Reward=""/>
  <abyss_question id="57" type="2" name="Hung thủ ở Water 7" content="Ở Water 7, Ice Burg bị ai tập kích?" question1Content="Mũ rơm" question1ArmyId="777" question1Reward="" question2Content="CP9" question2ArmyId="" question2Reward="2|20" question3Content="Fans của Iceburg" question3ArmyId="777" question3Reward=""/>
  <abyss_question id="58" type="2" name="Yokozuna và tàu hỏa trên biển" content="Tại sao Yokozuna lại quan chặn phía trước tàu hỏa trên biển?" question1Content="Rèn luyện thân thể" question1ArmyId="777" question1Reward="" question2Content="Không quen nhìn tàu hỏa chạy qua trước mặt" question2ArmyId="777" question2Reward="" question3Content="Nó nghĩ Tom bị tàu hỏa đưa đi nên phải chặn nó lại" question3ArmyId="" question3Reward="1|1"/>
  <abyss_question id="59" type="2" name="Cách cứu Robin" content="Usopp lên được tàu chở Robin đi, dùng cách gì để cứu Robin ra?" question1Content="&quot;Ngụy trang Robin thành người hải quân không biết, quang mình chính đại ra khỏi tàu hỏa&quot;" question1ArmyId="777" question1Reward="" question2Content="Để Robin đeo xúc tu của bạch tuộc, rồi lặng lẽ rời khỏi tàu hỏa" question2ArmyId="" question2Reward="2|20" question3Content="Cướp lấy tàu hỏa, quay đầu lái trở về" question3ArmyId="777" question3Reward=""/>
  <abyss_question id="60" type="2" name="Tên Tàu hỏa trên biển" content="Tàu hỏa trên biển Mũ rơm dùng để cứu Robin tên là gì?" question1Content="Người tên lửa" question1ArmyId="" question1Reward="1|1" question2Content="Tay súng kíp" question2ArmyId="777" question2Reward="" question3Content="Người Sao Hỏa" question3ArmyId="777" question3Reward=""/>
  <abyss_question id="61" type="2" name="Lồng nhốt Kumadori" content="Ở Enies Lobby khi Chopper đấu với Kumadori, nhốt Kumadori ở đâu?" question1Content="Lồng hải lâu thạch" question1ArmyId="777" question1Reward="" question2Content="Tủ lạnh" question2ArmyId="" question2Reward="2|20" question3Content="Phòng tắm" question3ArmyId="777" question3Reward=""/>
  <abyss_question id="62" type="2" name="Người dẫn đường Thriller Bark" content="Ai đã đưa bọn Nami tới trang viên của Hogbach?" question1Content="Linh thể tiêu cực" question1ArmyId="777" question1Reward="" question2Content="Chó địa ngục 3 đầu" question2ArmyId="777" question2Reward="" question3Content="Hildon" question3ArmyId="" question3Reward="2|20"/>
  <abyss_question id="63" type="2" name="Thuyền viên Thriller Bark" content="Thuyền viên trên Thriller Bark là những ai?" question1Content="Các loại hải tặc" question1ArmyId="777" question1Reward="" question2Content="Các loại động vật" question2ArmyId="777" question2Reward="" question3Content="Các loại xác ướp" question3ArmyId="" question3Reward="2|20"/>
  <abyss_question id="64" type="2" name="Nhược điểm của Perona" content="Ở vườn Perona, Usopp dùng gì dọa làm Perona sợ ngất đi?" question1Content="Đồ chơi cao su" question1ArmyId="777" question1Reward="" question2Content="Chùy 5 tấn" question2ArmyId="" question2Reward="1|1" question3Content="Hoa tươi" question3ArmyId="777" question3Reward=""/>
  <abyss_question id="65" type="2" name="Người bị cắt mất hồn" content="Người bị Moria ánh trăng cắt mất hồn sẽ có hậu quả ra sao?" question1Content="Lượng thức ăn đột nhiên to lên" question1ArmyId="777" question1Reward="" question2Content="Không thể tiếp xúc với mặt trời" question2ArmyId="" question2Reward="2|20" question3Content="Trở nên rất thích ngủ" question3ArmyId="777" question3Reward=""/>
  <abyss_question id="66" type="2" name="Cách đánh ngã Oars" content="Luffy dùng cách gì để đánh ngã Oars?" question1Content="So với Oars xem ai ăn nhiều hơn" question1ArmyId="777" question1Reward="" question2Content="Sức mạnh của Gomu Gomu" question2ArmyId="777" question2Reward="" question3Content="Ăn mất hồn biến thành Luffy mộng yểm" question3ArmyId="" question3Reward="1|1"/>
  <abyss_question id="67" type="2" name="Đặc sản Sabaody" content="Đặc sản của quần đảo Sabaody là gì?" question1Content="Loạt sản phẩm bong bóng như Túi bong bóng" question1ArmyId="" question1Reward="2|20" question2Content="Tenryuubito " question2ArmyId="777" question2Reward="" question3Content="Tội phạm hải tặc treo thưởng" question3ArmyId="777" question3Reward=""/>
  <abyss_question id="68" type="2" name="Hồng thụ bị đá gãy" content="Hồng thụ bị Kizura đá gãy ở Sabaody là số bao nhiêu?" question1Content="Số 12" question1ArmyId="777" question1Reward="" question2Content="Số 27" question2ArmyId="" question2Reward="2|20" question3Content="Số 41" question3ArmyId="777" question3Reward=""/>
  <abyss_question id="69" type="2" name="Kỉ luật đảo Kuja" content="Kỉ luật tuyệt đối của đảo Kuja là gì?" question1Content="“Cấm ăn quá nhiều nấm”" question1ArmyId="777" question1Reward="" question2Content="“Cấm trêu rắn của người khác”" question2ArmyId="777" question2Reward="" question3Content="“Cấm đàn ông vào”" question3ArmyId="" question3Reward="1|1"/>
</root>