<root>
  <abyss_room id="1" roomName="Cửa 1" winInfo="Đánh bại B.vệ t.anh đảo Skypiea thứ 2" preRoomId="" copyId="400001" townId="21" army1="101" armyCoor1="32,17" army2="102" armyCoor2="46,17" army3="" armyCoor3="" army4="" armyCoor4="" army5="" armyCoor5="" army6="" armyCoor6="" army7="" armyCoor7="" army8="" armyCoor8="" army9="" armyCoor9="" army10="" armyCoor10="" element1="" elementCoor1="" element2="" elementCoor2="" element3="" elementCoor3="" element4="" elementCoor4="" element5="" elementCoor5="" teleport1="1" teleportCoor1="60,18" teleport2="" teleportCoor2="" teleport3="" teleportCoor3="" teleport4="" teleportCoor4="" teleport5="" teleportCoor5=""/>
  <abyss_room id="2" roomName="Cửa 2" winInfo="Vô điều kiện" preRoomId="1" copyId="400001" townId="21" army1="" armyCoor1="" army2="" armyCoor2="" army3="" armyCoor3="" army4="" armyCoor4="" army5="" armyCoor5="" army6="" armyCoor6="" army7="" armyCoor7="" army8="" armyCoor8="" army9="" armyCoor9="" army10="" armyCoor10="" element1="1" elementCoor1="28,16" element2="" elementCoor2="" element3="" elementCoor3="" element4="" elementCoor4="" element5="" elementCoor5="" teleport1="2" teleportCoor1="4,18" teleport2="3" teleportCoor2="60,18" teleport3="" teleportCoor3="" teleport4="" teleportCoor4="" teleport5="" teleportCoor5=""/>
  <abyss_room id="3" roomName="Cửa 3" winInfo="Đánh bại Thần Enel" preRoomId="2" copyId="400001" townId="21" army1="103" armyCoor1="29,17" army2="104" armyCoor2="46,17" army3="" armyCoor3="" army4="" armyCoor4="" army5="" armyCoor5="" army6="" armyCoor6="" army7="" armyCoor7="" army8="" armyCoor8="" army9="" armyCoor9="" army10="" armyCoor10="" element1="" elementCoor1="" element2="" elementCoor2="" element3="" elementCoor3="" element4="" elementCoor4="" element5="" elementCoor5="" teleport1="4" teleportCoor1="4,18" teleport2="" teleportCoor2="" teleport3="" teleportCoor3="" teleport4="" teleportCoor4="" teleport5="" teleportCoor5=""/>
  <abyss_room id="11" roomName="Cửa 1" winInfo="Đánh bại Paulie" preRoomId="" copyId="400002" townId="22" army1="201" armyCoor1="32,17" army2="202" armyCoor2="46,17" army3="" armyCoor3="" army4="" armyCoor4="" army5="" armyCoor5="" army6="" armyCoor6="" army7="" armyCoor7="" army8="" armyCoor8="" army9="" armyCoor9="" army10="" armyCoor10="" element1="" elementCoor1="" element2="" elementCoor2="" element3="" elementCoor3="" element4="" elementCoor4="" element5="" elementCoor5="" teleport1="11" teleportCoor1="60,18" teleport2="" teleportCoor2="" teleport3="" teleportCoor3="" teleport4="" teleportCoor4="" teleport5="" teleportCoor5=""/>
  <abyss_room id="12" roomName="Cửa 2" winInfo="Peeply Lulu" preRoomId="11" copyId="400002" townId="22" army1="203" armyCoor1="32,17" army2="204" armyCoor2="46,17" army3="" armyCoor3="" army4="" armyCoor4="" army5="" armyCoor5="" army6="" armyCoor6="" army7="" armyCoor7="" army8="" armyCoor8="" army9="" armyCoor9="" army10="" armyCoor10="" element1="" elementCoor1="" element2="" elementCoor2="" element3="" elementCoor3="" element4="" elementCoor4="" element5="" elementCoor5="" teleport1="12" teleportCoor1="4,18" teleport2="13" teleportCoor2="60,18" teleport3="" teleportCoor3="" teleport4="" teleportCoor4="" teleport5="" teleportCoor5=""/>
  <abyss_room id="13" roomName="Cửa 3" winInfo="Vô điều kiện" preRoomId="12" copyId="400002" townId="22" army1="" armyCoor1="" army2="" armyCoor2="" army3="" armyCoor3="" army4="" armyCoor4="" army5="" armyCoor5="" army6="" armyCoor6="" army7="" armyCoor7="" army8="" armyCoor8="" army9="" armyCoor9="" army10="" armyCoor10="" element1="2" elementCoor1="28,16" element2="" elementCoor2="" element3="" elementCoor3="" element4="" elementCoor4="" element5="" elementCoor5="" teleport1="14" teleportCoor1="4,18" teleport2="15" teleportCoor2="60,18" teleport3="" teleportCoor3="" teleport4="" teleportCoor4="" teleport5="" teleportCoor5=""/>
  <abyss_room id="14" roomName="Cửa 4" winInfo="Đánh bại Franky" preRoomId="13" copyId="400002" townId="22" army1="205" armyCoor1="29,17" army2="" armyCoor2="" army3="" armyCoor3="" army4="" armyCoor4="" army5="" armyCoor5="" army6="" armyCoor6="" army7="" armyCoor7="" army8="" armyCoor8="" army9="" armyCoor9="" army10="" armyCoor10="" element1="" elementCoor1="" element2="" elementCoor2="" element3="" elementCoor3="" element4="" elementCoor4="" element5="" elementCoor5="" teleport1="16" teleportCoor1="4,18" teleport2="" teleportCoor2="" teleport3="" teleportCoor3="" teleport4="" teleportCoor4="" teleport5="" teleportCoor5=""/>
  <abyss_room id="21" roomName="Cửa 1" winInfo="Đánh bại B.vệ t.anh Dưới Water 7 thứ 2" preRoomId="" copyId="400003" townId="23" army1="301" armyCoor1="32,17" army2="302" armyCoor2="46,17" army3="" armyCoor3="" army4="" armyCoor4="" army5="" armyCoor5="" army6="" armyCoor6="" army7="" armyCoor7="" army8="" armyCoor8="" army9="" armyCoor9="" army10="" armyCoor10="" element1="" elementCoor1="" element2="" elementCoor2="" element3="" elementCoor3="" element4="" elementCoor4="" element5="" elementCoor5="" teleport1="21" teleportCoor1="60,18" teleport2="" teleportCoor2="" teleport3="" teleportCoor3="" teleport4="" teleportCoor4="" teleport5="" teleportCoor5=""/>
  <abyss_room id="22" roomName="Cửa 2" winInfo="Đánh bại B.vệ t.anh Dưới Water 7 thứ 2" preRoomId="21" copyId="400003" townId="23" army1="303" armyCoor1="32,17" army2="304" armyCoor2="46,17" army3="" armyCoor3="" army4="" armyCoor4="" army5="" armyCoor5="" army6="" armyCoor6="" army7="" armyCoor7="" army8="" armyCoor8="" army9="" armyCoor9="" army10="" armyCoor10="" element1="" elementCoor1="" element2="" elementCoor2="" element3="" elementCoor3="" element4="" elementCoor4="" element5="" elementCoor5="" teleport1="22" teleportCoor1="4,18" teleport2="23" teleportCoor2="60,18" teleport3="" teleportCoor3="" teleport4="" teleportCoor4="" teleport5="" teleportCoor5=""/>
  <abyss_room id="23" roomName="Cửa 3" winInfo="Vô điều kiện" preRoomId="22" copyId="400003" townId="23" army1="" armyCoor1="" army2="" armyCoor2="" army3="" armyCoor3="" army4="" armyCoor4="" army5="" armyCoor5="" army6="" armyCoor6="" army7="" armyCoor7="" army8="" armyCoor8="" army9="" armyCoor9="" army10="" armyCoor10="" element1="3" elementCoor1="28,16" element2="" elementCoor2="" element3="" elementCoor3="" element4="" elementCoor4="" element5="" elementCoor5="" teleport1="24" teleportCoor1="4,18" teleport2="25" teleportCoor2="60,18" teleport3="" teleportCoor3="" teleport4="" teleportCoor4="" teleport5="" teleportCoor5=""/>
  <abyss_room id="24" roomName="Cửa 4" winInfo="Đánh bại Nico Robin" preRoomId="23" copyId="400003" townId="23" army1="305" armyCoor1="29,17" army2="" armyCoor2="" army3="" armyCoor3="" army4="" armyCoor4="" army5="" armyCoor5="" army6="" armyCoor6="" army7="" armyCoor7="" army8="" armyCoor8="" army9="" armyCoor9="" army10="" armyCoor10="" element1="" elementCoor1="" element2="" elementCoor2="" element3="" elementCoor3="" element4="" elementCoor4="" element5="" elementCoor5="" teleport1="26" teleportCoor1="4,18" teleport2="" teleportCoor2="" teleport3="" teleportCoor3="" teleport4="" teleportCoor4="" teleport5="" teleportCoor5=""/>
  <abyss_room id="31" roomName="Cửa 1" winInfo="Đánh bại Fukuro" preRoomId="" copyId="400004" townId="24" army1="401" armyCoor1="23,17" army2="402" armyCoor2="35,17" army3="403" armyCoor3="46,17" army4="" armyCoor4="" army5="" armyCoor5="" army6="" armyCoor6="" army7="" armyCoor7="" army8="" armyCoor8="" army9="" armyCoor9="" army10="" armyCoor10="" element1="" elementCoor1="" element2="" elementCoor2="" element3="" elementCoor3="" element4="" elementCoor4="" element5="" elementCoor5="" teleport1="31" teleportCoor1="60,18" teleport2="" teleportCoor2="" teleport3="" teleportCoor3="" teleport4="" teleportCoor4="" teleport5="" teleportCoor5=""/>
  <abyss_room id="32" roomName="Cửa 2" winInfo="Đánh bại Blueno" preRoomId="31" copyId="400004" townId="24" army1="404" armyCoor1="32,17" army2="405" armyCoor2="46,17" army3="" armyCoor3="" army4="" armyCoor4="" army5="" armyCoor5="" army6="" armyCoor6="" army7="" armyCoor7="" army8="" armyCoor8="" army9="" armyCoor9="" army10="" armyCoor10="" element1="" elementCoor1="" element2="" elementCoor2="" element3="" elementCoor3="" element4="" elementCoor4="" element5="" elementCoor5="" teleport1="32" teleportCoor1="4,18" teleport2="33" teleportCoor2="60,18" teleport3="" teleportCoor3="" teleport4="" teleportCoor4="" teleport5="" teleportCoor5=""/>
  <abyss_room id="33" roomName="Cửa 3" winInfo="Vô điều kiện" preRoomId="32" copyId="400004" townId="24" army1="" armyCoor1="" army2="" armyCoor2="" army3="" armyCoor3="" army4="" armyCoor4="" army5="" armyCoor5="" army6="" armyCoor6="" army7="" armyCoor7="" army8="" armyCoor8="" army9="" armyCoor9="" army10="" armyCoor10="" element1="4" elementCoor1="28,16" element2="" elementCoor2="" element3="" elementCoor3="" element4="" elementCoor4="" element5="" elementCoor5="" teleport1="34" teleportCoor1="4,18" teleport2="35" teleportCoor2="60,18" teleport3="" teleportCoor3="" teleport4="" teleportCoor4="" teleport5="" teleportCoor5=""/>
  <abyss_room id="34" roomName="Cửa 4" winInfo="Đánh bại Kaku" preRoomId="33" copyId="400004" townId="24" army1="406" armyCoor1="32,17" army2="407" armyCoor2="46,17" army3="" armyCoor3="" army4="" armyCoor4="" army5="" armyCoor5="" army6="" armyCoor6="" army7="" armyCoor7="" army8="" armyCoor8="" army9="" armyCoor9="" army10="" armyCoor10="" element1="" elementCoor1="" element2="" elementCoor2="" element3="" elementCoor3="" element4="" elementCoor4="" element5="" elementCoor5="" teleport1="36" teleportCoor1="4,18" teleport2="" teleportCoor2="" teleport3="" teleportCoor3="" teleport4="" teleportCoor4="" teleport5="" teleportCoor5=""/>
  <abyss_room id="41" roomName="Cửa 1" winInfo="Đánh bại Kumadori" preRoomId="" copyId="400005" townId="25" army1="501" armyCoor1="23,17" army2="502" armyCoor2="35,17" army3="503" armyCoor3="46,17" army4="" armyCoor4="" army5="" armyCoor5="" army6="" armyCoor6="" army7="" armyCoor7="" army8="" armyCoor8="" army9="" armyCoor9="" army10="" armyCoor10="" element1="" elementCoor1="" element2="" elementCoor2="" element3="" elementCoor3="" element4="" elementCoor4="" element5="" elementCoor5="" teleport1="41" teleportCoor1="60,18" teleport2="" teleportCoor2="" teleport3="" teleportCoor3="" teleport4="" teleportCoor4="" teleport5="" teleportCoor5=""/>
  <abyss_room id="42" roomName="Cửa 2" winInfo="Đánh bại Kaku" preRoomId="41" copyId="400005" townId="25" army1="504" armyCoor1="23,17" army2="505" armyCoor2="35,17" army3="506" armyCoor3="46,17" army4="" armyCoor4="" army5="" armyCoor5="" army6="" armyCoor6="" army7="" armyCoor7="" army8="" armyCoor8="" army9="" armyCoor9="" army10="" armyCoor10="" element1="" elementCoor1="" element2="" elementCoor2="" element3="" elementCoor3="" element4="" elementCoor4="" element5="" elementCoor5="" teleport1="42" teleportCoor1="4,18" teleport2="43" teleportCoor2="60,18" teleport3="" teleportCoor3="" teleport4="" teleportCoor4="" teleport5="" teleportCoor5=""/>
  <abyss_room id="43" roomName="Cửa 3" winInfo="Vô điều kiện" preRoomId="42" copyId="400005" townId="25" army1="" armyCoor1="" army2="" armyCoor2="" army3="" armyCoor3="" army4="" armyCoor4="" army5="" armyCoor5="" army6="" armyCoor6="" army7="" armyCoor7="" army8="" armyCoor8="" army9="" armyCoor9="" army10="" armyCoor10="" element1="5" elementCoor1="28,16" element2="" elementCoor2="" element3="" elementCoor3="" element4="" elementCoor4="" element5="" elementCoor5="" teleport1="44" teleportCoor1="4,18" teleport2="45" teleportCoor2="60,18" teleport3="" teleportCoor3="" teleport4="" teleportCoor4="" teleport5="" teleportCoor5=""/>
  <abyss_room id="44" roomName="Cửa 4" winInfo="Đánh bại đội ám sát CP9" preRoomId="43" copyId="400005" townId="25" army1="507" armyCoor1="27,17" army2="508" armyCoor2="27,17" army3="" armyCoor3="" army4="" armyCoor4="" army5="" armyCoor5="" army6="" armyCoor6="" army7="" armyCoor7="" army8="" armyCoor8="" army9="" armyCoor9="" army10="" armyCoor10="" element1="" elementCoor1="" element2="" elementCoor2="" element3="" elementCoor3="" element4="" elementCoor4="" element5="" elementCoor5="" teleport1="46" teleportCoor1="4,18" teleport2="" teleportCoor2="" teleport3="" teleportCoor3="" teleport4="" teleportCoor4="" teleport5="" teleportCoor5=""/>
  <abyss_room id="51" roomName="Cửa 1" winInfo="Đánh bại Hogback" preRoomId="" copyId="400006" townId="26" army1="601" armyCoor1="32,17" army2="602" armyCoor2="46,17" army3="" armyCoor3="" army4="" armyCoor4="" army5="" armyCoor5="" army6="" armyCoor6="" army7="" armyCoor7="" army8="" armyCoor8="" army9="" armyCoor9="" army10="" armyCoor10="" element1="" elementCoor1="" element2="" elementCoor2="" element3="" elementCoor3="" element4="" elementCoor4="" element5="" elementCoor5="" teleport1="51" teleportCoor1="60,18" teleport2="" teleportCoor2="" teleport3="" teleportCoor3="" teleport4="" teleportCoor4="" teleport5="" teleportCoor5=""/>
  <abyss_room id="52" roomName="Cửa 2" winInfo="Đánh bại Perona" preRoomId="51" copyId="400006" townId="26" army1="603" armyCoor1="32,17" army2="604" armyCoor2="46,17" army3="" armyCoor3="" army4="" armyCoor4="" army5="" armyCoor5="" army6="" armyCoor6="" army7="" armyCoor7="" army8="" armyCoor8="" army9="" armyCoor9="" army10="" armyCoor10="" element1="" elementCoor1="" element2="" elementCoor2="" element3="" elementCoor3="" element4="" elementCoor4="" element5="" elementCoor5="" teleport1="52" teleportCoor1="4,18" teleport2="53" teleportCoor2="60,18" teleport3="" teleportCoor3="" teleport4="" teleportCoor4="" teleport5="" teleportCoor5=""/>
  <abyss_room id="53" roomName="Cửa 3" winInfo="Đánh bại Oars" preRoomId="52" copyId="400006" townId="26" army1="605" armyCoor1="32,17" army2="" armyCoor2="" army3="" armyCoor3="" army4="" armyCoor4="" army5="" armyCoor5="" army6="" armyCoor6="" army7="" armyCoor7="" army8="" armyCoor8="" army9="" armyCoor9="" army10="" armyCoor10="" element1="" elementCoor1="" element2="" elementCoor2="" element3="" elementCoor3="" element4="" elementCoor4="" element5="" elementCoor5="" teleport1="54" teleportCoor1="4,18" teleport2="55" teleportCoor2="60,18" teleport3="" teleportCoor3="" teleport4="" teleportCoor4="" teleport5="" teleportCoor5=""/>
  <abyss_room id="54" roomName="Cửa 4" winInfo="Vô điều kiện" preRoomId="53" copyId="400006" townId="26" army1="" armyCoor1="" army2="" armyCoor2="" army3="" armyCoor3="" army4="" armyCoor4="" army5="" armyCoor5="" army6="" armyCoor6="" army7="" armyCoor7="" army8="" armyCoor8="" army9="" armyCoor9="" army10="" armyCoor10="" element1="6" elementCoor1="28,16" element2="" elementCoor2="" element3="" elementCoor3="" element4="" elementCoor4="" element5="" elementCoor5="" teleport1="56" teleportCoor1="4,18" teleport2="57" teleportCoor2="60,18" teleport3="" teleportCoor3="" teleport4="" teleportCoor4="" teleport5="" teleportCoor5=""/>
  <abyss_room id="55" roomName="Cửa 5" winInfo="Đánh bại Gekko Moria" preRoomId="54" copyId="400006" townId="26" army1="606" armyCoor1="27,17" army2="" armyCoor2="" army3="" armyCoor3="" army4="" armyCoor4="" army5="" armyCoor5="" army6="" armyCoor6="" army7="" armyCoor7="" army8="" armyCoor8="" army9="" armyCoor9="" army10="" armyCoor10="" element1="" elementCoor1="" element2="" elementCoor2="" element3="" elementCoor3="" element4="" elementCoor4="" element5="" elementCoor5="" teleport1="58" teleportCoor1="4,18" teleport2="" teleportCoor2="" teleport3="" teleportCoor3="" teleport4="" teleportCoor4="" teleport5="" teleportCoor5=""/>
  <abyss_room id="61" roomName="Cửa 1" winInfo="Đánh bại Cerberus" preRoomId="" copyId="400007" townId="27" army1="701" armyCoor1="27,17" army2="702" armyCoor2="46,17" army3="" armyCoor3="" army4="" armyCoor4="" army5="" armyCoor5="" army6="" armyCoor6="" army7="" armyCoor7="" army8="" armyCoor8="" army9="" armyCoor9="" army10="" armyCoor10="" element1="" elementCoor1="" element2="" elementCoor2="" element3="" elementCoor3="" element4="" elementCoor4="" element5="" elementCoor5="" teleport1="61" teleportCoor1="60,18" teleport2="" teleportCoor2="" teleport3="" teleportCoor3="" teleport4="" teleportCoor4="" teleport5="" teleportCoor5=""/>
  <abyss_room id="62" roomName="Cửa 2" winInfo="Đánh bại Ryuma" preRoomId="61" copyId="400007" townId="27" army1="703" armyCoor1="32,17" army2="704" armyCoor2="46,17" army3="" armyCoor3="" army4="" armyCoor4="" army5="" armyCoor5="" army6="" armyCoor6="" army7="" armyCoor7="" army8="" armyCoor8="" army9="" armyCoor9="" army10="" armyCoor10="" element1="" elementCoor1="" element2="" elementCoor2="" element3="" elementCoor3="" element4="" elementCoor4="" element5="" elementCoor5="" teleport1="62" teleportCoor1="4,18" teleport2="63" teleportCoor2="60,18" teleport3="" teleportCoor3="" teleport4="" teleportCoor4="" teleport5="" teleportCoor5=""/>
  <abyss_room id="63" roomName="Cửa 3" winInfo="Đánh bại Oars" preRoomId="62" copyId="400007" townId="27" army1="705" armyCoor1="27,17" army2="706" armyCoor2="46,17" army3="" armyCoor3="" army4="" armyCoor4="" army5="" armyCoor5="" army6="" armyCoor6="" army7="" armyCoor7="" army8="" armyCoor8="" army9="" armyCoor9="" army10="" armyCoor10="" element1="" elementCoor1="" element2="" elementCoor2="" element3="" elementCoor3="" element4="" elementCoor4="" element5="" elementCoor5="" teleport1="64" teleportCoor1="4,18" teleport2="65" teleportCoor2="60,18" teleport3="" teleportCoor3="" teleport4="" teleportCoor4="" teleport5="" teleportCoor5=""/>
  <abyss_room id="64" roomName="Cửa 4" winInfo="Vô điều kiện" preRoomId="63" copyId="400007" townId="27" army1="" armyCoor1="" army2="" armyCoor2="" army3="" armyCoor3="" army4="" armyCoor4="" army5="" armyCoor5="" army6="" armyCoor6="" army7="" armyCoor7="" army8="" armyCoor8="" army9="" armyCoor9="" army10="" armyCoor10="" element1="7" elementCoor1="28,16" element2="" elementCoor2="" element3="" elementCoor3="" element4="" elementCoor4="" element5="" elementCoor5="" teleport1="66" teleportCoor1="4,18" teleport2="67" teleportCoor2="60,18" teleport3="" teleportCoor3="" teleport4="" teleportCoor4="" teleport5="" teleportCoor5=""/>
  <abyss_room id="65" roomName="Cửa 5" winInfo="Đánh bại Moria cuồng bạo" preRoomId="64" copyId="400007" townId="27" army1="707" armyCoor1="27,17" army2="708" armyCoor2="27,17" army3="" armyCoor3="" army4="" armyCoor4="" army5="" armyCoor5="" army6="" armyCoor6="" army7="" armyCoor7="" army8="" armyCoor8="" army9="" armyCoor9="" army10="" armyCoor10="" element1="" elementCoor1="" element2="" elementCoor2="" element3="" elementCoor3="" element4="" elementCoor4="" element5="" elementCoor5="" teleport1="68" teleportCoor1="4,18" teleport2="" teleportCoor2="" teleport3="" teleportCoor3="" teleport4="" teleportCoor4="" teleport5="" teleportCoor5=""/>
  <abyss_room id="71" roomName="Cửa 1" winInfo="Đánh bại Lapin" preRoomId="" copyId="400008" townId="28" army1="801" armyCoor1="27,17" army2="802" armyCoor2="46,17" army3="" armyCoor3="" army4="" armyCoor4="" army5="" armyCoor5="" army6="" armyCoor6="" army7="" armyCoor7="" army8="" armyCoor8="" army9="" armyCoor9="" army10="" armyCoor10="" element1="" elementCoor1="" element2="" elementCoor2="" element3="" elementCoor3="" element4="" elementCoor4="" element5="" elementCoor5="" teleport1="71" teleportCoor1="60,18" teleport2="" teleportCoor2="" teleport3="" teleportCoor3="" teleport4="" teleportCoor4="" teleport5="" teleportCoor5=""/>
  <abyss_room id="72" roomName="Cửa 2" winInfo="Vô điều kiện" preRoomId="71" copyId="400008" townId="28" army1="" armyCoor1="" army2="" armyCoor2="" army3="" armyCoor3="" army4="" armyCoor4="" army5="" armyCoor5="" army6="" armyCoor6="" army7="" armyCoor7="" army8="" armyCoor8="" army9="" armyCoor9="" army10="" armyCoor10="" element1="8" elementCoor1="28,16" element2="" elementCoor2="" element3="" elementCoor3="" element4="" elementCoor4="" element5="" elementCoor5="" teleport1="72" teleportCoor1="4,18" teleport2="73" teleportCoor2="60,18" teleport3="" teleportCoor3="" teleport4="" teleportCoor4="" teleport5="" teleportCoor5=""/>
  <abyss_room id="73" roomName="Cửa 3" winInfo="Đánh bại Wapol" preRoomId="72" copyId="400008" townId="28" army1="803" armyCoor1="27,17" army2="804" armyCoor2="46,17" army3="" armyCoor3="" army4="" armyCoor4="" army5="" armyCoor5="" army6="" armyCoor6="" army7="" armyCoor7="" army8="" armyCoor8="" army9="" armyCoor9="" army10="" armyCoor10="" element1="" elementCoor1="" element2="" elementCoor2="" element3="" elementCoor3="" element4="" elementCoor4="" element5="" elementCoor5="" teleport1="74" teleportCoor1="4,18" teleport2="" teleportCoor2="" teleport3="" teleportCoor3="" teleport4="" teleportCoor4="" teleport5="" teleportCoor5=""/>
  <abyss_room id="81" roomName="Cửa 1" winInfo="Đánh bại Mr4" preRoomId="" copyId="400009" townId="29" army1="901" armyCoor1="27,17" army2="902" armyCoor2="46,17" army3="" armyCoor3="" army4="" armyCoor4="" army5="" armyCoor5="" army6="" armyCoor6="" army7="" armyCoor7="" army8="" armyCoor8="" army9="" armyCoor9="" army10="" armyCoor10="" element1="" elementCoor1="" element2="" elementCoor2="" element3="" elementCoor3="" element4="" elementCoor4="" element5="" elementCoor5="" teleport1="81" teleportCoor1="60,18" teleport2="" teleportCoor2="" teleport3="" teleportCoor3="" teleport4="" teleportCoor4="" teleport5="" teleportCoor5=""/>
  <abyss_room id="82" roomName="Cửa 2" winInfo="Vô điều kiện" preRoomId="81" copyId="400009" townId="29" army1="" armyCoor1="" army2="" armyCoor2="" army3="" armyCoor3="" army4="" armyCoor4="" army5="" armyCoor5="" army6="" armyCoor6="" army7="" armyCoor7="" army8="" armyCoor8="" army9="" armyCoor9="" army10="" armyCoor10="" element1="9" elementCoor1="28,16" element2="" elementCoor2="" element3="" elementCoor3="" element4="" elementCoor4="" element5="" elementCoor5="" teleport1="82" teleportCoor1="4,18" teleport2="83" teleportCoor2="60,18" teleport3="" teleportCoor3="" teleport4="" teleportCoor4="" teleport5="" teleportCoor5=""/>
  <abyss_room id="83" roomName="Cửa 3" winInfo="Đánh bại Crocodile" preRoomId="82" copyId="400009" townId="29" army1="903" armyCoor1="27,17" army2="904" armyCoor2="46,17" army3="" armyCoor3="" army4="" armyCoor4="" army5="" armyCoor5="" army6="" armyCoor6="" army7="" armyCoor7="" army8="" armyCoor8="" army9="" armyCoor9="" army10="" armyCoor10="" element1="" elementCoor1="" element2="" elementCoor2="" element3="" elementCoor3="" element4="" elementCoor4="" element5="" elementCoor5="" teleport1="84" teleportCoor1="4,18" teleport2="" teleportCoor2="" teleport3="" teleportCoor3="" teleport4="" teleportCoor4="" teleport5="" teleportCoor5=""/>
  <abyss_room id="91" roomName="Cửa 1" winInfo="Đánh bại Saint Shalulia" preRoomId="" copyId="400010" townId="30" army1="1001" armyCoor1="23,17" army2="1002" armyCoor2="46,17" army3="" armyCoor3="" army4="" armyCoor4="" army5="" armyCoor5="" army6="" armyCoor6="" army7="" armyCoor7="" army8="" armyCoor8="" army9="" armyCoor9="" army10="" armyCoor10="" element1="" elementCoor1="" element2="" elementCoor2="" element3="" elementCoor3="" element4="" elementCoor4="" element5="" elementCoor5="" teleport1="85" teleportCoor1="60,18" teleport2="" teleportCoor2="" teleport3="" teleportCoor3="" teleport4="" teleportCoor4="" teleport5="" teleportCoor5=""/>
  <abyss_room id="92" roomName="Cửa 2" winInfo="Urouge" preRoomId="91" copyId="400010" townId="30" army1="1003" armyCoor1="23,17" army2="1004" armyCoor2="46,17" army3="" armyCoor3="" army4="" armyCoor4="" army5="" armyCoor5="" army6="" armyCoor6="" army7="" armyCoor7="" army8="" armyCoor8="" army9="" armyCoor9="" army10="" armyCoor10="" element1="" elementCoor1="" element2="" elementCoor2="" element3="" elementCoor3="" element4="" elementCoor4="" element5="" elementCoor5="" teleport1="86" teleportCoor1="4,18" teleport2="87" teleportCoor2="60,18" teleport3="" teleportCoor3="" teleport4="" teleportCoor4="" teleport5="" teleportCoor5=""/>
  <abyss_room id="93" roomName="Cửa 3" winInfo="Vô điều kiện" preRoomId="92" copyId="400010" townId="30" army1="" armyCoor1="" army2="" armyCoor2="" army3="" armyCoor3="" army4="" armyCoor4="" army5="" armyCoor5="" army6="" armyCoor6="" army7="" armyCoor7="" army8="" armyCoor8="" army9="" armyCoor9="" army10="" armyCoor10="" element1="10" elementCoor1="28,16" element2="" elementCoor2="" element3="" elementCoor3="" element4="" elementCoor4="" element5="" elementCoor5="" teleport1="88" teleportCoor1="4,18" teleport2="89" teleportCoor2="60,18" teleport3="" teleportCoor3="" teleport4="" teleportCoor4="" teleport5="" teleportCoor5=""/>
  <abyss_room id="94" roomName="Cửa 4" winInfo="Đánh bại Sentomaru" preRoomId="93" copyId="400010" townId="30" army1="1005" armyCoor1="27,17" army2="1006" armyCoor2="46,17" army3="" armyCoor3="" army4="" armyCoor4="" army5="" armyCoor5="" army6="" armyCoor6="" army7="" armyCoor7="" army8="" armyCoor8="" army9="" armyCoor9="" army10="" armyCoor10="" element1="" elementCoor1="" element2="" elementCoor2="" element3="" elementCoor3="" element4="" elementCoor4="" element5="" elementCoor5="" teleport1="90" teleportCoor1="4,18" teleport2="" teleportCoor2="" teleport3="" teleportCoor3="" teleport4="" teleportCoor4="" teleport5="" teleportCoor5=""/>
  <abyss_room id="101" roomName="Cửa 1" winInfo="Đánh bại Pacifista" preRoomId="" copyId="400011" townId="31" army1="1101" armyCoor1="23,17" army2="1102" armyCoor2="46,17" army3="" armyCoor3="" army4="" armyCoor4="" army5="" armyCoor5="" army6="" armyCoor6="" army7="" armyCoor7="" army8="" armyCoor8="" army9="" armyCoor9="" army10="" armyCoor10="" element1="" elementCoor1="" element2="" elementCoor2="" element3="" elementCoor3="" element4="" elementCoor4="" element5="" elementCoor5="" teleport1="91" teleportCoor1="60,18" teleport2="" teleportCoor2="" teleport3="" teleportCoor3="" teleport4="" teleportCoor4="" teleport5="" teleportCoor5=""/>
  <abyss_room id="102" roomName="Cửa 2" winInfo="Sentomaru" preRoomId="101" copyId="400011" townId="31" army1="1103" armyCoor1="23,17" army2="1104" armyCoor2="46,17" army3="" armyCoor3="" army4="" armyCoor4="" army5="" armyCoor5="" army6="" armyCoor6="" army7="" armyCoor7="" army8="" armyCoor8="" army9="" armyCoor9="" army10="" armyCoor10="" element1="" elementCoor1="" element2="" elementCoor2="" element3="" elementCoor3="" element4="" elementCoor4="" element5="" elementCoor5="" teleport1="92" teleportCoor1="4,18" teleport2="93" teleportCoor2="60,18" teleport3="" teleportCoor3="" teleport4="" teleportCoor4="" teleport5="" teleportCoor5=""/>
  <abyss_room id="103" roomName="Cửa 3" winInfo="Vô điều kiện" preRoomId="102" copyId="400011" townId="31" army1="" armyCoor1="" army2="" armyCoor2="" army3="" armyCoor3="" army4="" armyCoor4="" army5="" armyCoor5="" army6="" armyCoor6="" army7="" armyCoor7="" army8="" armyCoor8="" army9="" armyCoor9="" army10="" armyCoor10="" element1="11" elementCoor1="28,16" element2="" elementCoor2="" element3="" elementCoor3="" element4="" elementCoor4="" element5="" elementCoor5="" teleport1="94" teleportCoor1="4,18" teleport2="95" teleportCoor2="60,18" teleport3="" teleportCoor3="" teleport4="" teleportCoor4="" teleport5="" teleportCoor5=""/>
  <abyss_room id="104" roomName="Cửa 4" winInfo="Đánh bại Khỉ vàng" preRoomId="103" copyId="400011" townId="31" army1="1105" armyCoor1="27,17" army2="1106" armyCoor2="46,17" army3="" armyCoor3="" army4="" armyCoor4="" army5="" armyCoor5="" army6="" armyCoor6="" army7="" armyCoor7="" army8="" armyCoor8="" army9="" armyCoor9="" army10="" armyCoor10="" element1="" elementCoor1="" element2="" elementCoor2="" element3="" elementCoor3="" element4="" elementCoor4="" element5="" elementCoor5="" teleport1="96" teleportCoor1="4,18" teleport2="" teleportCoor2="" teleport3="" teleportCoor3="" teleport4="" teleportCoor4="" teleport5="" teleportCoor5=""/>
  <abyss_room id="111" roomName="Cửa 1" winInfo="Đánh bại B.vệ t.anh Trên Đảo Kuja thứ 2" preRoomId="" copyId="400012" townId="32" army1="1201" armyCoor1="23,17" army2="1202" armyCoor2="46,17" army3="" armyCoor3="" army4="" armyCoor4="" army5="" armyCoor5="" army6="" armyCoor6="" army7="" armyCoor7="" army8="" armyCoor8="" army9="" armyCoor9="" army10="" armyCoor10="" element1="" elementCoor1="" element2="" elementCoor2="" element3="" elementCoor3="" element4="" elementCoor4="" element5="" elementCoor5="" teleport1="97" teleportCoor1="60,18" teleport2="" teleportCoor2="" teleport3="" teleportCoor3="" teleport4="" teleportCoor4="" teleport5="" teleportCoor5=""/>
  <abyss_room id="112" roomName="Cửa 2" winInfo="Đánh bại Sweet Pea" preRoomId="111" copyId="400012" townId="32" army1="1203" armyCoor1="23,17" army2="1204" armyCoor2="46,17" army3="" armyCoor3="" army4="" armyCoor4="" army5="" armyCoor5="" army6="" armyCoor6="" army7="" armyCoor7="" army8="" armyCoor8="" army9="" armyCoor9="" army10="" armyCoor10="" element1="" elementCoor1="" element2="" elementCoor2="" element3="" elementCoor3="" element4="" elementCoor4="" element5="" elementCoor5="" teleport1="98" teleportCoor1="4,18" teleport2="99" teleportCoor2="60,18" teleport3="" teleportCoor3="" teleport4="" teleportCoor4="" teleport5="" teleportCoor5=""/>
  <abyss_room id="113" roomName="Cửa 3" winInfo="Vô điều kiện" preRoomId="112" copyId="400012" townId="32" army1="" armyCoor1="" army2="" armyCoor2="" army3="" armyCoor3="" army4="" armyCoor4="" army5="" armyCoor5="" army6="" armyCoor6="" army7="" armyCoor7="" army8="" armyCoor8="" army9="" armyCoor9="" army10="" armyCoor10="" element1="12" elementCoor1="28,16" element2="" elementCoor2="" element3="" elementCoor3="" element4="" elementCoor4="" element5="" elementCoor5="" teleport1="100" teleportCoor1="4,18" teleport2="101" teleportCoor2="60,18" teleport3="" teleportCoor3="" teleport4="" teleportCoor4="" teleport5="" teleportCoor5=""/>
  <abyss_room id="114" roomName="Cửa 4" winInfo="Đánh bại Marguerite" preRoomId="113" copyId="400012" townId="32" army1="1205" armyCoor1="27,17" army2="1206" armyCoor2="46,17" army3="" armyCoor3="" army4="" armyCoor4="" army5="" armyCoor5="" army6="" armyCoor6="" army7="" armyCoor7="" army8="" armyCoor8="" army9="" armyCoor9="" army10="" armyCoor10="" element1="" elementCoor1="" element2="" elementCoor2="" element3="" elementCoor3="" element4="" elementCoor4="" element5="" elementCoor5="" teleport1="102" teleportCoor1="4,18" teleport2="" teleportCoor2="" teleport3="" teleportCoor3="" teleport4="" teleportCoor4="" teleport5="" teleportCoor5=""/>
  <abyss_room id="121" roomName="Cửa 1" winInfo="Đánh bại B.vệ t.anh Dưới Đảo Kuja thứ 2" preRoomId="" copyId="400013" townId="33" army1="1301" armyCoor1="23,17" army2="1302" armyCoor2="46,17" army3="" armyCoor3="" army4="" armyCoor4="" army5="" armyCoor5="" army6="" armyCoor6="" army7="" armyCoor7="" army8="" armyCoor8="" army9="" armyCoor9="" army10="" armyCoor10="" element1="" elementCoor1="" element2="" elementCoor2="" element3="" elementCoor3="" element4="" elementCoor4="" element5="" elementCoor5="" teleport1="103" teleportCoor1="60,18" teleport2="" teleportCoor2="" teleport3="" teleportCoor3="" teleport4="" teleportCoor4="" teleport5="" teleportCoor5=""/>
  <abyss_room id="122" roomName="Cửa 2" winInfo="Đánh bại Sandersonia" preRoomId="121" copyId="400013" townId="33" army1="1303" armyCoor1="23,17" army2="1304" armyCoor2="46,17" army3="" armyCoor3="" army4="" armyCoor4="" army5="" armyCoor5="" army6="" armyCoor6="" army7="" armyCoor7="" army8="" armyCoor8="" army9="" armyCoor9="" army10="" armyCoor10="" element1="" elementCoor1="" element2="" elementCoor2="" element3="" elementCoor3="" element4="" elementCoor4="" element5="" elementCoor5="" teleport1="104" teleportCoor1="4,18" teleport2="105" teleportCoor2="60,18" teleport3="" teleportCoor3="" teleport4="" teleportCoor4="" teleport5="" teleportCoor5=""/>
  <abyss_room id="123" roomName="Cửa 3" winInfo="Vô điều kiện" preRoomId="122" copyId="400013" townId="33" army1="" armyCoor1="" army2="" armyCoor2="" army3="" armyCoor3="" army4="" armyCoor4="" army5="" armyCoor5="" army6="" armyCoor6="" army7="" armyCoor7="" army8="" armyCoor8="" army9="" armyCoor9="" army10="" armyCoor10="" element1="13" elementCoor1="28,16" element2="" elementCoor2="" element3="" elementCoor3="" element4="" elementCoor4="" element5="" elementCoor5="" teleport1="106" teleportCoor1="4,18" teleport2="107" teleportCoor2="60,18" teleport3="" teleportCoor3="" teleport4="" teleportCoor4="" teleport5="" teleportCoor5=""/>
  <abyss_room id="124" roomName="Cửa 4" winInfo="Đánh bại Boa Hancock" preRoomId="123" copyId="400013" townId="33" army1="1305" armyCoor1="27,17" army2="1306" armyCoor2="46,17" army3="" armyCoor3="" army4="" armyCoor4="" army5="" armyCoor5="" army6="" armyCoor6="" army7="" armyCoor7="" army8="" armyCoor8="" army9="" armyCoor9="" army10="" armyCoor10="" element1="" elementCoor1="" element2="" elementCoor2="" element3="" elementCoor3="" element4="" elementCoor4="" element5="" elementCoor5="" teleport1="108" teleportCoor1="4,18" teleport2="" teleportCoor2="" teleport3="" teleportCoor3="" teleport4="" teleportCoor4="" teleport5="" teleportCoor5=""/>
  <abyss_room id="131" roomName="Cửa 1" winInfo="Đánh bại B.vệ t.anh Impel Down thượng thứ 2" preRoomId="" copyId="400014" townId="34" army1="1401" armyCoor1="23,17" army2="1402" armyCoor2="46,17" army3="" armyCoor3="" army4="" armyCoor4="" army5="" armyCoor5="" army6="" armyCoor6="" army7="" armyCoor7="" army8="" armyCoor8="" army9="" armyCoor9="" army10="" armyCoor10="" element1="" elementCoor1="" element2="" elementCoor2="" element3="" elementCoor3="" element4="" elementCoor4="" element5="" elementCoor5="" teleport1="109" teleportCoor1="58,18" teleport2="" teleportCoor2="" teleport3="" teleportCoor3="" teleport4="" teleportCoor4="" teleport5="" teleportCoor5=""/>
  <abyss_room id="132" roomName="Cửa 2" winInfo="Đánh bại Bọ ngựa kiếm" preRoomId="131" copyId="400014" townId="34" army1="1403" armyCoor1="23,17" army2="1404" armyCoor2="46,17" army3="" armyCoor3="" army4="" armyCoor4="" army5="" armyCoor5="" army6="" armyCoor6="" army7="" armyCoor7="" army8="" armyCoor8="" army9="" armyCoor9="" army10="" armyCoor10="" element1="" elementCoor1="" element2="" elementCoor2="" element3="" elementCoor3="" element4="" elementCoor4="" element5="" elementCoor5="" teleport1="110" teleportCoor1="4,18" teleport2="111" teleportCoor2="58,18" teleport3="" teleportCoor3="" teleport4="" teleportCoor4="" teleport5="" teleportCoor5=""/>
  <abyss_room id="133" roomName="Cửa 3" winInfo="Vô điều kiện" preRoomId="132" copyId="400014" townId="34" army1="" armyCoor1="" army2="" armyCoor2="" army3="" armyCoor3="" army4="" armyCoor4="" army5="" armyCoor5="" army6="" armyCoor6="" army7="" armyCoor7="" army8="" armyCoor8="" army9="" armyCoor9="" army10="" armyCoor10="" element1="14" elementCoor1="28,16" element2="" elementCoor2="" element3="" elementCoor3="" element4="" elementCoor4="" element5="" elementCoor5="" teleport1="112" teleportCoor1="4,18" teleport2="113" teleportCoor2="58,18" teleport3="" teleportCoor3="" teleport4="" teleportCoor4="" teleport5="" teleportCoor5=""/>
  <abyss_room id="134" roomName="Cửa 4" winInfo="Đánh bại Hannyabal" preRoomId="133" copyId="400014" townId="34" army1="1405" armyCoor1="27,17" army2="1406" armyCoor2="46,17" army3="" armyCoor3="" army4="" armyCoor4="" army5="" armyCoor5="" army6="" armyCoor6="" army7="" armyCoor7="" army8="" armyCoor8="" army9="" armyCoor9="" army10="" armyCoor10="" element1="" elementCoor1="" element2="" elementCoor2="" element3="" elementCoor3="" element4="" elementCoor4="" element5="" elementCoor5="" teleport1="114" teleportCoor1="4,18" teleport2="" teleportCoor2="" teleport3="" teleportCoor3="" teleport4="" teleportCoor4="" teleport5="" teleportCoor5=""/>
  <abyss_room id="141" roomName="Cửa 1" winInfo="Đánh bại B.vệ t.anh Impel Down trung thứ 2 " preRoomId="" copyId="400015" townId="35" army1="1501" armyCoor1="23,17" army2="1502" armyCoor2="46,17" army3="" armyCoor3="" army4="" armyCoor4="" army5="" armyCoor5="" army6="" armyCoor6="" army7="" armyCoor7="" army8="" armyCoor8="" army9="" armyCoor9="" army10="" armyCoor10="" element1="" elementCoor1="" element2="" elementCoor2="" element3="" elementCoor3="" element4="" elementCoor4="" element5="" elementCoor5="" teleport1="115" teleportCoor1="58,18" teleport2="" teleportCoor2="" teleport3="" teleportCoor3="" teleport4="" teleportCoor4="" teleport5="" teleportCoor5=""/>
  <abyss_room id="142" roomName="Cửa 2" winInfo="Đánh bại Saldeath" preRoomId="141" copyId="400015" townId="35" army1="1503" armyCoor1="23,17" army2="1504" armyCoor2="46,17" army3="" armyCoor3="" army4="" armyCoor4="" army5="" armyCoor5="" army6="" armyCoor6="" army7="" armyCoor7="" army8="" armyCoor8="" army9="" armyCoor9="" army10="" armyCoor10="" element1="" elementCoor1="" element2="" elementCoor2="" element3="" elementCoor3="" element4="" elementCoor4="" element5="" elementCoor5="" teleport1="116" teleportCoor1="4,18" teleport2="117" teleportCoor2="58,18" teleport3="" teleportCoor3="" teleport4="" teleportCoor4="" teleport5="" teleportCoor5=""/>
  <abyss_room id="143" roomName="Cửa 3" winInfo="Vô điều kiện" preRoomId="142" copyId="400015" townId="35" army1="" armyCoor1="" army2="" armyCoor2="" army3="" armyCoor3="" army4="" armyCoor4="" army5="" armyCoor5="" army6="" armyCoor6="" army7="" armyCoor7="" army8="" armyCoor8="" army9="" armyCoor9="" army10="" armyCoor10="" element1="15" elementCoor1="28,16" element2="" elementCoor2="" element3="" elementCoor3="" element4="" elementCoor4="" element5="" elementCoor5="" teleport1="118" teleportCoor1="4,18" teleport2="119" teleportCoor2="58,18" teleport3="" teleportCoor3="" teleport4="" teleportCoor4="" teleport5="" teleportCoor5=""/>
  <abyss_room id="144" roomName="Cửa 4" winInfo="Đánh bại Shiliew" preRoomId="143" copyId="400015" townId="35" army1="1505" armyCoor1="27,17" army2="1506" armyCoor2="46,17" army3="" armyCoor3="" army4="" armyCoor4="" army5="" armyCoor5="" army6="" armyCoor6="" army7="" armyCoor7="" army8="" armyCoor8="" army9="" armyCoor9="" army10="" armyCoor10="" element1="" elementCoor1="" element2="" elementCoor2="" element3="" elementCoor3="" element4="" elementCoor4="" element5="" elementCoor5="" teleport1="120" teleportCoor1="4,18" teleport2="" teleportCoor2="" teleport3="" teleportCoor3="" teleport4="" teleportCoor4="" teleport5="" teleportCoor5=""/>
  <abyss_room id="151" roomName="Cửa 1" winInfo="Đánh bại B.vệ t.anh Impel Down hạ thứ 2" preRoomId="" copyId="400016" townId="36" army1="1601" armyCoor1="23,17" army2="1602" armyCoor2="46,17" army3="" armyCoor3="" army4="" armyCoor4="" army5="" armyCoor5="" army6="" armyCoor6="" army7="" armyCoor7="" army8="" armyCoor8="" army9="" armyCoor9="" army10="" armyCoor10="" element1="" elementCoor1="" element2="" elementCoor2="" element3="" elementCoor3="" element4="" elementCoor4="" element5="" elementCoor5="" teleport1="121" teleportCoor1="58,18" teleport2="" teleportCoor2="" teleport3="" teleportCoor3="" teleport4="" teleportCoor4="" teleport5="" teleportCoor5=""/>
  <abyss_room id="152" roomName="Cửa 2" winInfo="Đánh bại Sadie-chan" preRoomId="151" copyId="400016" townId="36" army1="1603" armyCoor1="23,17" army2="1604" armyCoor2="46,17" army3="" armyCoor3="" army4="" armyCoor4="" army5="" armyCoor5="" army6="" armyCoor6="" army7="" armyCoor7="" army8="" armyCoor8="" army9="" armyCoor9="" army10="" armyCoor10="" element1="" elementCoor1="" element2="" elementCoor2="" element3="" elementCoor3="" element4="" elementCoor4="" element5="" elementCoor5="" teleport1="122" teleportCoor1="4,18" teleport2="123" teleportCoor2="58,18" teleport3="" teleportCoor3="" teleport4="" teleportCoor4="" teleport5="" teleportCoor5=""/>
  <abyss_room id="153" roomName="Cửa 3" winInfo="Vô điều kiện" preRoomId="152" copyId="400016" townId="36" army1="" armyCoor1="" army2="" armyCoor2="" army3="" armyCoor3="" army4="" armyCoor4="" army5="" armyCoor5="" army6="" armyCoor6="" army7="" armyCoor7="" army8="" armyCoor8="" army9="" armyCoor9="" army10="" armyCoor10="" element1="16" elementCoor1="28,16" element2="" elementCoor2="" element3="" elementCoor3="" element4="" elementCoor4="" element5="" elementCoor5="" teleport1="124" teleportCoor1="4,18" teleport2="125" teleportCoor2="58,18" teleport3="" teleportCoor3="" teleport4="" teleportCoor4="" teleport5="" teleportCoor5=""/>
  <abyss_room id="154" roomName="Cửa 4" winInfo="Đánh bại Magellan" preRoomId="153" copyId="400016" townId="36" army1="1605" armyCoor1="27,17" army2="1606" armyCoor2="46,17" army3="" armyCoor3="" army4="" armyCoor4="" army5="" armyCoor5="" army6="" armyCoor6="" army7="" armyCoor7="" army8="" armyCoor8="" army9="" armyCoor9="" army10="" armyCoor10="" element1="" elementCoor1="" element2="" elementCoor2="" element3="" elementCoor3="" element4="" elementCoor4="" element5="" elementCoor5="" teleport1="126" teleportCoor1="4,18" teleport2="" teleportCoor2="" teleport3="" teleportCoor3="" teleport4="" teleportCoor4="" teleport5="" teleportCoor5=""/>
  <abyss_room id="161" roomName="Cửa 1" winInfo="Đánh bại B.vệ t.anh Trận chiến Marineford thượng thứ 2" preRoomId="" copyId="400017" townId="37" army1="1701" armyCoor1="23,17" army2="1702" armyCoor2="46,17" army3="" armyCoor3="" army4="" armyCoor4="" army5="" armyCoor5="" army6="" armyCoor6="" army7="" armyCoor7="" army8="" armyCoor8="" army9="" armyCoor9="" army10="" armyCoor10="" element1="" elementCoor1="" element2="" elementCoor2="" element3="" elementCoor3="" element4="" elementCoor4="" element5="" elementCoor5="" teleport1="127" teleportCoor1="58,18" teleport2="" teleportCoor2="" teleport3="" teleportCoor3="" teleport4="" teleportCoor4="" teleport5="" teleportCoor5=""/>
  <abyss_room id="162" roomName="Cửa 2" winInfo="Đánh bại Ronse" preRoomId="161" copyId="400017" townId="37" army1="1703" armyCoor1="23,17" army2="1704" armyCoor2="46,17" army3="" armyCoor3="" army4="" armyCoor4="" army5="" armyCoor5="" army6="" armyCoor6="" army7="" armyCoor7="" army8="" armyCoor8="" army9="" armyCoor9="" army10="" armyCoor10="" element1="" elementCoor1="" element2="" elementCoor2="" element3="" elementCoor3="" element4="" elementCoor4="" element5="" elementCoor5="" teleport1="128" teleportCoor1="4,18" teleport2="129" teleportCoor2="58,18" teleport3="" teleportCoor3="" teleport4="" teleportCoor4="" teleport5="" teleportCoor5=""/>
  <abyss_room id="163" roomName="Cửa 3" winInfo="Vô điều kiện" preRoomId="162" copyId="400017" townId="37" army1="" armyCoor1="" army2="" armyCoor2="" army3="" armyCoor3="" army4="" armyCoor4="" army5="" armyCoor5="" army6="" armyCoor6="" army7="" armyCoor7="" army8="" armyCoor8="" army9="" armyCoor9="" army10="" armyCoor10="" element1="17" elementCoor1="28,16" element2="" elementCoor2="" element3="" elementCoor3="" element4="" elementCoor4="" element5="" elementCoor5="" teleport1="130" teleportCoor1="4,18" teleport2="131" teleportCoor2="58,18" teleport3="" teleportCoor3="" teleport4="" teleportCoor4="" teleport5="" teleportCoor5=""/>
  <abyss_room id="164" roomName="Cửa 4" winInfo="Đánh bại Lacroix" preRoomId="163" copyId="400017" townId="37" army1="1705" armyCoor1="27,17" army2="1706" armyCoor2="46,17" army3="" armyCoor3="" army4="" armyCoor4="" army5="" armyCoor5="" army6="" armyCoor6="" army7="" armyCoor7="" army8="" armyCoor8="" army9="" armyCoor9="" army10="" armyCoor10="" element1="" elementCoor1="" element2="" elementCoor2="" element3="" elementCoor3="" element4="" elementCoor4="" element5="" elementCoor5="" teleport1="132" teleportCoor1="4,18" teleport2="" teleportCoor2="" teleport3="" teleportCoor3="" teleport4="" teleportCoor4="" teleport5="" teleportCoor5=""/>
  <abyss_room id="171" roomName="Cửa 1" winInfo="Đánh bại B.vệ t.anh Trận chiến Marineford trung thứ 2" preRoomId="" copyId="400018" townId="38" army1="1801" armyCoor1="23,17" army2="1802" armyCoor2="46,17" army3="" armyCoor3="" army4="" armyCoor4="" army5="" armyCoor5="" army6="" armyCoor6="" army7="" armyCoor7="" army8="" armyCoor8="" army9="" armyCoor9="" army10="" armyCoor10="" element1="" elementCoor1="" element2="" elementCoor2="" element3="" elementCoor3="" element4="" elementCoor4="" element5="" elementCoor5="" teleport1="133" teleportCoor1="58,18" teleport2="" teleportCoor2="" teleport3="" teleportCoor3="" teleport4="" teleportCoor4="" teleport5="" teleportCoor5=""/>
  <abyss_room id="172" roomName="Cửa 2" winInfo="Đánh bại Giantas" preRoomId="171" copyId="400018" townId="38" army1="1803" armyCoor1="23,17" army2="1804" armyCoor2="46,17" army3="" armyCoor3="" army4="" armyCoor4="" army5="" armyCoor5="" army6="" armyCoor6="" army7="" armyCoor7="" army8="" armyCoor8="" army9="" armyCoor9="" army10="" armyCoor10="" element1="" elementCoor1="" element2="" elementCoor2="" element3="" elementCoor3="" element4="" elementCoor4="" element5="" elementCoor5="" teleport1="134" teleportCoor1="4,18" teleport2="135" teleportCoor2="58,18" teleport3="" teleportCoor3="" teleport4="" teleportCoor4="" teleport5="" teleportCoor5=""/>
  <abyss_room id="173" roomName="Cửa 3" winInfo="Vô điều kiện " preRoomId="172" copyId="400018" townId="38" army1="" armyCoor1="" army2="" armyCoor2="" army3="" armyCoor3="" army4="" armyCoor4="" army5="" armyCoor5="" army6="" armyCoor6="" army7="" armyCoor7="" army8="" armyCoor8="" army9="" armyCoor9="" army10="" armyCoor10="" element1="18" elementCoor1="28,16" element2="" elementCoor2="" element3="" elementCoor3="" element4="" elementCoor4="" element5="" elementCoor5="" teleport1="136" teleportCoor1="4,18" teleport2="137" teleportCoor2="58,18" teleport3="" teleportCoor3="" teleport4="" teleportCoor4="" teleport5="" teleportCoor5=""/>
  <abyss_room id="174" roomName="Cửa 4" winInfo="Đánh bại Aokiji" preRoomId="173" copyId="400018" townId="38" army1="1805" armyCoor1="27,17" army2="1806" armyCoor2="46,17" army3="" armyCoor3="" army4="" armyCoor4="" army5="" armyCoor5="" army6="" armyCoor6="" army7="" armyCoor7="" army8="" armyCoor8="" army9="" armyCoor9="" army10="" armyCoor10="" element1="" elementCoor1="" element2="" elementCoor2="" element3="" elementCoor3="" element4="" elementCoor4="" element5="" elementCoor5="" teleport1="138" teleportCoor1="4,18" teleport2="" teleportCoor2="" teleport3="" teleportCoor3="" teleport4="" teleportCoor4="" teleport5="" teleportCoor5=""/>
  <abyss_room id="181" roomName="Cửa 1" winInfo="Đánh bại B.vệ t.anh Trận chiến Marineford hạ thứ 2" preRoomId="" copyId="400019" townId="39" army1="1901" armyCoor1="23,17" army2="1902" armyCoor2="46,17" army3="" armyCoor3="" army4="" armyCoor4="" army5="" armyCoor5="" army6="" armyCoor6="" army7="" armyCoor7="" army8="" armyCoor8="" army9="" armyCoor9="" army10="" armyCoor10="" element1="" elementCoor1="" element2="" elementCoor2="" element3="" elementCoor3="" element4="" elementCoor4="" element5="" elementCoor5="" teleport1="139" teleportCoor1="58,18" teleport2="" teleportCoor2="" teleport3="" teleportCoor3="" teleport4="" teleportCoor4="" teleport5="" teleportCoor5=""/>
  <abyss_room id="182" roomName="Cửa 2" winInfo="Đánh bại Koby" preRoomId="181" copyId="400019" townId="39" army1="1903" armyCoor1="23,17" army2="1904" armyCoor2="46,17" army3="" armyCoor3="" army4="" armyCoor4="" army5="" armyCoor5="" army6="" armyCoor6="" army7="" armyCoor7="" army8="" armyCoor8="" army9="" armyCoor9="" army10="" armyCoor10="" element1="" elementCoor1="" element2="" elementCoor2="" element3="" elementCoor3="" element4="" elementCoor4="" element5="" elementCoor5="" teleport1="140" teleportCoor1="4,18" teleport2="141" teleportCoor2="58,18" teleport3="" teleportCoor3="" teleport4="" teleportCoor4="" teleport5="" teleportCoor5=""/>
  <abyss_room id="183" roomName="Cửa 3" winInfo="Vô điều kiện" preRoomId="182" copyId="400019" townId="39" army1="" armyCoor1="" army2="" armyCoor2="" army3="" armyCoor3="" army4="" armyCoor4="" army5="" armyCoor5="" army6="" armyCoor6="" army7="" armyCoor7="" army8="" armyCoor8="" army9="" armyCoor9="" army10="" armyCoor10="" element1="19" elementCoor1="28,16" element2="" elementCoor2="" element3="" elementCoor3="" element4="" elementCoor4="" element5="" elementCoor5="" teleport1="142" teleportCoor1="4,18" teleport2="143" teleportCoor2="58,18" teleport3="" teleportCoor3="" teleport4="" teleportCoor4="" teleport5="" teleportCoor5=""/>
  <abyss_room id="184" roomName="Cửa 4" winInfo="Đánh bại Akainu" preRoomId="183" copyId="400019" townId="39" army1="1905" armyCoor1="27,17" army2="1906" armyCoor2="46,17" army3="" armyCoor3="" army4="" armyCoor4="" army5="" armyCoor5="" army6="" armyCoor6="" army7="" armyCoor7="" army8="" armyCoor8="" army9="" armyCoor9="" army10="" armyCoor10="" element1="" elementCoor1="" element2="" elementCoor2="" element3="" elementCoor3="" element4="" elementCoor4="" element5="" elementCoor5="" teleport1="144" teleportCoor1="4,18" teleport2="" teleportCoor2="" teleport3="" teleportCoor3="" teleport4="" teleportCoor4="" teleport5="" teleportCoor5=""/>
  <abyss_room id="191" roomName="Cửa 1" winInfo="Đánh bại Bọ cánh cứng" preRoomId="" copyId="400020" townId="40" army1="2001" armyCoor1="23,17" army2="2002" armyCoor2="46,17" army3="" armyCoor3="" army4="" armyCoor4="" army5="" armyCoor5="" army6="" armyCoor6="" army7="" armyCoor7="" army8="" armyCoor8="" army9="" armyCoor9="" army10="" armyCoor10="" element1="" elementCoor1="" element2="" elementCoor2="" element3="" elementCoor3="" element4="" elementCoor4="" element5="" elementCoor5="" teleport1="145" teleportCoor1="58,17" teleport2="" teleportCoor2="" teleport3="" teleportCoor3="" teleport4="" teleportCoor4="" teleport5="" teleportCoor5=""/>
  <abyss_room id="192" roomName="Cửa 2" winInfo="Đánh bại Haredas" preRoomId="191" copyId="400020" townId="40" army1="2003" armyCoor1="23,17" army2="2004" armyCoor2="46,17" army3="" armyCoor3="" army4="" armyCoor4="" army5="" armyCoor5="" army6="" armyCoor6="" army7="" armyCoor7="" army8="" armyCoor8="" army9="" armyCoor9="" army10="" armyCoor10="" element1="" elementCoor1="" element2="" elementCoor2="" element3="" elementCoor3="" element4="" elementCoor4="" element5="" elementCoor5="" teleport1="146" teleportCoor1="4,17" teleport2="147" teleportCoor2="58,17" teleport3="" teleportCoor3="" teleport4="" teleportCoor4="" teleport5="" teleportCoor5=""/>
  <abyss_room id="193" roomName="Cửa 3" winInfo="Vô điều kiện " preRoomId="192" copyId="400020" townId="40" army1="" armyCoor1="" army2="" armyCoor2="" army3="" armyCoor3="" army4="" armyCoor4="" army5="" armyCoor5="" army6="" armyCoor6="" army7="" armyCoor7="" army8="" armyCoor8="" army9="" armyCoor9="" army10="" armyCoor10="" element1="20" elementCoor1="28,16" element2="" elementCoor2="" element3="" elementCoor3="" element4="" elementCoor4="" element5="" elementCoor5="" teleport1="148" teleportCoor1="4,17" teleport2="149" teleportCoor2="58,17" teleport3="" teleportCoor3="" teleport4="" teleportCoor4="" teleport5="" teleportCoor5=""/>
  <abyss_room id="194" roomName="Cửa 4" winInfo="Đánh bại Mihawk" preRoomId="193" copyId="400020" townId="40" army1="2005" armyCoor1="27,17" army2="2006" armyCoor2="46,17" army3="" armyCoor3="" army4="" armyCoor4="" army5="" armyCoor5="" army6="" armyCoor6="" army7="" armyCoor7="" army8="" armyCoor8="" army9="" armyCoor9="" army10="" armyCoor10="" element1="" elementCoor1="" element2="" elementCoor2="" element3="" elementCoor3="" element4="" elementCoor4="" element5="" elementCoor5="" teleport1="150" teleportCoor1="4,17" teleport2="" teleportCoor2="" teleport3="" teleportCoor3="" teleport4="" teleportCoor4="" teleport5="" teleportCoor5=""/>
  <abyss_room id="201" roomName="Cửa 1" winInfo="Đánh bại Tinh tinh máy" preRoomId="" copyId="400021" townId="41" army1="2101" armyCoor1="23,17" army2="2102" armyCoor2="46,17" army3="" armyCoor3="" army4="" armyCoor4="" army5="" armyCoor5="" army6="" armyCoor6="" army7="" armyCoor7="" army8="" armyCoor8="" army9="" armyCoor9="" army10="" armyCoor10="" element1="" elementCoor1="" element2="" elementCoor2="" element3="" elementCoor3="" element4="" elementCoor4="" element5="" elementCoor5="" teleport1="151" teleportCoor1="58,17" teleport2="" teleportCoor2="" teleport3="" teleportCoor3="" teleport4="" teleportCoor4="" teleport5="" teleportCoor5=""/>
  <abyss_room id="202" roomName="Cửa 2" winInfo="Đánh bại Zoro đồ chơi" preRoomId="201" copyId="400021" townId="41" army1="2103" armyCoor1="23,17" army2="2104" armyCoor2="46,17" army3="" armyCoor3="" army4="" armyCoor4="" army5="" armyCoor5="" army6="" armyCoor6="" army7="" armyCoor7="" army8="" armyCoor8="" army9="" armyCoor9="" army10="" armyCoor10="" element1="" elementCoor1="" element2="" elementCoor2="" element3="" elementCoor3="" element4="" elementCoor4="" element5="" elementCoor5="" teleport1="152" teleportCoor1="4,17" teleport2="153" teleportCoor2="58,17" teleport3="" teleportCoor3="" teleport4="" teleportCoor4="" teleport5="" teleportCoor5=""/>
  <abyss_room id="203" roomName="Cửa 3" winInfo="Vô điều kiện" preRoomId="202" copyId="400021" townId="41" army1="" armyCoor1="" army2="" armyCoor2="" army3="" armyCoor3="" army4="" armyCoor4="" army5="" armyCoor5="" army6="" armyCoor6="" army7="" armyCoor7="" army8="" armyCoor8="" army9="" armyCoor9="" army10="" armyCoor10="" element1="21" elementCoor1="28,16" element2="" elementCoor2="" element3="" elementCoor3="" element4="" elementCoor4="" element5="" elementCoor5="" teleport1="154" teleportCoor1="4,17" teleport2="155" teleportCoor2="58,17" teleport3="" teleportCoor3="" teleport4="" teleportCoor4="" teleport5="" teleportCoor5=""/>
  <abyss_room id="204" roomName="Cửa 4" winInfo="Đánh bại Rayleigh" preRoomId="203" copyId="400021" townId="41" army1="2105" armyCoor1="27,17" army2="2106" armyCoor2="46,17" army3="" armyCoor3="" army4="" armyCoor4="" army5="" armyCoor5="" army6="" armyCoor6="" army7="" armyCoor7="" army8="" armyCoor8="" army9="" armyCoor9="" army10="" armyCoor10="" element1="" elementCoor1="" element2="" elementCoor2="" element3="" elementCoor3="" element4="" elementCoor4="" element5="" elementCoor5="" teleport1="156" teleportCoor1="4,17" teleport2="" teleportCoor2="" teleport3="" teleportCoor3="" teleport4="" teleportCoor4="" teleport5="" teleportCoor5=""/>
</root>