<root>
  <abyss_enemyanchor id="101" tempName="空岛_空岛守关精英1" armyName="B.vệ Skypiea t.anh" armyLevel="70" armyIcon="headbig/big_1028.png" armyTalk1="Đây là di tích của Shandora!" armyTalk2="Ark… Ark sắp tới rồi!" armyTalk3="Nếu Enel vẫn là thần, chúng ta vẫn phải tuân lệnh." victoryInfo="Đánh bại các đội quân" roomId="1" copyId="400001" armiesBefore="" appearedAfterDefeat="" canAttackAfterDefeatMe="102" becomeAfterDefeatMe="" nextArmyId="102" appearedAfterAttack="" disappearedAfterDefeat="1" defeatTriggerIds="" teleportId="" battleRoundsTalkID="" battelEndTalkID="" clickTalkID="" loseTalkID="" armyFlashInfo="" armyId="101,102" imgid="211"/>
  <abyss_enemyanchor id="102" tempName="空岛_空管守关精英2" armyName="B.vệ Skypiea t.anh" armyLevel="70" armyIcon="headbig/big_1052.png" armyTalk1="Thần Kashigami… cũng rơi nước mắt ư." armyTalk2="Nơi đây các thần quan đã bố trí luyện tập!" armyTalk3="Trong quả cầu bất ngờ toàn là hoa cỏ." victoryInfo="Đánh bại các đội quân" roomId="1" copyId="400001" armiesBefore="101" appearedAfterDefeat="101" canAttackAfterDefeatMe="" becomeAfterDefeatMe="" nextArmyId="" appearedAfterAttack="" disappearedAfterDefeat="1" defeatTriggerIds="" teleportId="1" battleRoundsTalkID="" battelEndTalkID="" clickTalkID="" loseTalkID="" armyFlashInfo="" armyId="103,104,105" imgid="214"/>
  <abyss_enemyanchor id="103" tempName="空岛_卡西神" armyName="Thần Kashigami" armyLevel="70" armyIcon="headbig/big_10060.png" armyTalk1="Xì xì ~ (nhớ nơi này biết bao)" armyTalk2="Xì xì~ (Ta đói rồi)" armyTalk3="Xì xì~ (mau thử dịch độc của ta nào)" victoryInfo="Đánh bại các đội quân" roomId="3" copyId="400001" armiesBefore="" appearedAfterDefeat="" canAttackAfterDefeatMe="104" becomeAfterDefeatMe="" nextArmyId="104" appearedAfterAttack="" disappearedAfterDefeat="1" defeatTriggerIds="" teleportId="" battleRoundsTalkID="" battelEndTalkID="" clickTalkID="" loseTalkID="" armyFlashInfo="" armyId="106" imgid="256"/>
  <abyss_enemyanchor id="104" tempName="空岛_神艾尼路" armyName="Thần Enel" armyLevel="70" armyIcon="headbig/big_10045.png" armyTalk1="Người Thanh Hải, người Shandia, cả Thần quan của ta nữa, chào mừng tới với trò chơi sinh tồn của ta." armyTalk2="Muốn dùng hải lâu thạch để đối phó với ta." armyTalk3="Ngươi đang khóc gì vậy, chủ của Skypiea?" victoryInfo="Đánh bại các đội quân" roomId="3" copyId="400001" armiesBefore="103" appearedAfterDefeat="103" canAttackAfterDefeatMe="" becomeAfterDefeatMe="" nextArmyId="" appearedAfterAttack="" disappearedAfterDefeat="1" defeatTriggerIds="" teleportId="" battleRoundsTalkID="" battelEndTalkID="" clickTalkID="" loseTalkID="" armyFlashInfo="" armyId="107" imgid="258"/>
  <abyss_enemyanchor id="201" tempName="水之都上_守关精英1" armyName="B.vệ Trên Water 7 t.anh" armyLevel="80" armyIcon="headbig/big_1050.png" armyTalk1="Là ai? Dám xông vào xưởng tàu số 1!" armyTalk2="Là tên bị đuổi đi lúc trước sao? Không có tiền còn muốn đóng thuyền?" armyTalk3="Haiz, đã nói là thuyền “Merry” của các ngươi hết thuốc chữa rồi!" victoryInfo="Đánh bại các đội quân" roomId="11" copyId="400002" armiesBefore="" appearedAfterDefeat="" canAttackAfterDefeatMe="202" becomeAfterDefeatMe="" nextArmyId="202" appearedAfterAttack="" disappearedAfterDefeat="1" defeatTriggerIds="" teleportId="" battleRoundsTalkID="" battelEndTalkID="" clickTalkID="" loseTalkID="" armyFlashInfo="" armyId="201,204" imgid="217"/>
  <abyss_enemyanchor id="202" tempName="水之都上_巴里" armyName="Paulie" armyLevel="80" armyIcon="headbig/big_bali.png" armyTalk1="Mục đích của ngươi rút cuộc là gì!" armyTalk2="Cuối cùng cũng tìm thấy các ngươi, xem việc tốt mà các ngươi làm đi!" armyTalk3="Làm cho xưởng tàu của ta thành thế này thì ngăn ngươi lại không cần lý do." victoryInfo="Đánh bại các đội quân" roomId="11" copyId="400002" armiesBefore="201" appearedAfterDefeat="201" canAttackAfterDefeatMe="" becomeAfterDefeatMe="" nextArmyId="" appearedAfterAttack="" disappearedAfterDefeat="1" defeatTriggerIds="" teleportId="11" battleRoundsTalkID="" battelEndTalkID="" clickTalkID="" loseTalkID="" armyFlashInfo="" armyId="202" imgid="264"/>
  <abyss_enemyanchor id="203" tempName="水之都上_守关精英2" armyName="B.vệ Trên Water 7 t.anh" armyLevel="80" armyIcon="headbig/big_1028.png" armyTalk1="Đúng vào lúc này, xưởng tàu số 1 không cho phép ngươi làm bậy!" armyTalk2="Nghe nói Iceburg tỉnh rồi, lát nữa ta phải về xem sao!" armyTalk3="Nếu bọn ta không sửa được thuyền cho các ngươi, cũng đừng tới trả thù đó!" victoryInfo="Đánh bại các đội quân" roomId="12" copyId="400002" armiesBefore="" appearedAfterDefeat="" canAttackAfterDefeatMe="204" becomeAfterDefeatMe="" nextArmyId="204" appearedAfterAttack="" disappearedAfterDefeat="1" defeatTriggerIds="" teleportId="" battleRoundsTalkID="" battelEndTalkID="" clickTalkID="" loseTalkID="" armyFlashInfo="" armyId="205" imgid="211"/>
  <abyss_enemyanchor id="204" tempName="水之都上_毕普利露露" armyName="Peeply Lulu" armyLevel="80" armyIcon="headbig/big_lulu.png" armyTalk1="Các ngươi muốn có kết cục như những tên hải tặc không trả tiền kia sao?" armyTalk2="Hình như thuyền viên đều vây chặt nhà của Iceburg rồi." armyTalk3="Ta không sợ, ta đã chuẩn bị một thùng nước biển!" victoryInfo="Đánh bại các đội quân" roomId="12" copyId="400002" armiesBefore="203" appearedAfterDefeat="203" canAttackAfterDefeatMe="" becomeAfterDefeatMe="" nextArmyId="" appearedAfterAttack="" disappearedAfterDefeat="1" defeatTriggerIds="" teleportId="13" battleRoundsTalkID="" battelEndTalkID="" clickTalkID="" loseTalkID="" armyFlashInfo="" armyId="203" imgid="265"/>
  <abyss_enemyanchor id="205" tempName="水之都上_弗兰奇" armyName="Franky" armyLevel="80" armyIcon="headbig/big_fulanqi.png" armyTalk1="Giải quyết chúng ta còn không đủ, cả Galley-la cũng muốn gây sự?" armyTalk2="Lũ các ngươi, có phải là đang sung sức gặp phải gì cũng muốn đánh." armyTalk3="Ta không thèm dùng pháo phiếc! Bắn ra đạn không khí!" victoryInfo="Đánh bại các đội quân" roomId="14" copyId="400002" armiesBefore="" appearedAfterDefeat="" canAttackAfterDefeatMe="" becomeAfterDefeatMe="" nextArmyId="" appearedAfterAttack="" disappearedAfterDefeat="1" defeatTriggerIds="" teleportId="" battleRoundsTalkID="" battelEndTalkID="" clickTalkID="" loseTalkID="" armyFlashInfo="" armyId="206" imgid="263"/>
  <abyss_enemyanchor id="301" tempName="水之都下_守关精英1" armyName="B.vệ Dưới Water 7 t.anh" armyLevel="85" armyIcon="headbig/big_1022.png" armyTalk1="Hải tặc đã vào cửa chính rồi sao!" armyTalk2="Không ngờ, nhiều hộ vệ như thế mà các ngươi cũng dám tới?" armyTalk3="Không được để chúng vào, bảo vệ ngài Iceburg!" victoryInfo="Đánh bại các đội quân" roomId="21" copyId="400003" armiesBefore="" appearedAfterDefeat="" canAttackAfterDefeatMe="302" becomeAfterDefeatMe="" nextArmyId="302" appearedAfterAttack="" disappearedAfterDefeat="1" defeatTriggerIds="" teleportId="" battleRoundsTalkID="" battelEndTalkID="" clickTalkID="" loseTalkID="" armyFlashInfo="" armyId="301,303" imgid="226"/>
  <abyss_enemyanchor id="302" tempName="水之都下_守关精英2" armyName="B.vệ Dưới Water 7 t.anh" armyLevel="85" armyIcon="headbig/big_1003.png" armyTalk1="Dám tới, cho các ngươi vào mà không ra được!" armyTalk2="Tiếng nổ vừa rồi là gì! Là… là tiếng pháo sao?" armyTalk3="Dám phóng hỏa, các ngươi là kẻ đột nhập!" victoryInfo="Đánh bại các đội quân" roomId="21" copyId="400003" armiesBefore="301" appearedAfterDefeat="301" canAttackAfterDefeatMe="" becomeAfterDefeatMe="" nextArmyId="" appearedAfterAttack="" disappearedAfterDefeat="1" defeatTriggerIds="" teleportId="21" battleRoundsTalkID="" battelEndTalkID="" clickTalkID="" loseTalkID="" armyFlashInfo="" armyId="302,304" imgid="220"/>
  <abyss_enemyanchor id="303" tempName="水之都下_守关精英3" armyName="B.vệ Dưới Water 7 t.anh" armyLevel="85" armyIcon="headbig/big_1003.png" armyTalk1="Đừng hòng thoát khỏi tường sắt thành đồng của ta!" armyTalk2="Không thể tha cho bọn ám sát!" armyTalk3="Lẽ nào là đòn nhử?" victoryInfo="Đánh bại các đội quân" roomId="22" copyId="400003" armiesBefore="" appearedAfterDefeat="" canAttackAfterDefeatMe="304" becomeAfterDefeatMe="" nextArmyId="304" appearedAfterAttack="" disappearedAfterDefeat="1" defeatTriggerIds="" teleportId="" battleRoundsTalkID="" battelEndTalkID="" clickTalkID="" loseTalkID="" armyFlashInfo="" armyId="305" imgid="220"/>
  <abyss_enemyanchor id="304" tempName="水之都下_守关精英4" armyName="B.vệ Dưới Water 7 t.anh" armyLevel="85" armyIcon="headbig/big_1022.png" armyTalk1="Bọn hải tặc tới thật đúng lúc, kế hoạch của chúng ta có cơ hội tiến hành rồi." armyTalk2="Iceburg quá cố chấp, nếu không chúng ta cũng không rắc rối thế này." armyTalk3="Các đồng chí của ta đã giăng khắp Water 7!" victoryInfo="Đánh bại các đội quân" roomId="22" copyId="400003" armiesBefore="303" appearedAfterDefeat="303" canAttackAfterDefeatMe="" becomeAfterDefeatMe="" nextArmyId="" appearedAfterAttack="" disappearedAfterDefeat="1" defeatTriggerIds="" teleportId="23" battleRoundsTalkID="" battelEndTalkID="" clickTalkID="" loseTalkID="" armyFlashInfo="" armyId="306" imgid="226"/>
  <abyss_enemyanchor id="305" tempName="水之都下_妮可罗宾" armyName="Nico Robin" armyLevel="85" armyIcon="headbig/big_luobin2dai.png" armyTalk1="Từ nay không bao giờ gặp lại các ngươi nữa." armyTalk2="Cần ta kí tên cho không?" armyTalk3="Các ngươi không hiểu tiếng người sao! Chúng ta đã tạm biệt rồi!" victoryInfo="Đánh bại các đội quân" roomId="24" copyId="400003" armiesBefore="" appearedAfterDefeat="" canAttackAfterDefeatMe="" becomeAfterDefeatMe="" nextArmyId="" appearedAfterAttack="" disappearedAfterDefeat="1" defeatTriggerIds="" teleportId="" battleRoundsTalkID="" battelEndTalkID="" clickTalkID="" loseTalkID="" armyFlashInfo="" armyId="307" imgid="266"/>
  <abyss_enemyanchor id="401" tempName="司法岛上_守关" armyName="B.vệ Trên Enies Lobby t.anh" armyLevel="90" armyIcon="headbig/big_1003.png" armyTalk1="Một kẻ xâm nhập xông qua cổng chính tiến vào đảo!" armyTalk2="Dừng lại, ngươi không biết đây là đâu sao?" armyTalk3="Này, cứ tiến lên là ta sẽ nổ súng đấy!" victoryInfo="Đánh bại các đội quân" roomId="31" copyId="400004" armiesBefore="" appearedAfterDefeat="" canAttackAfterDefeatMe="402" becomeAfterDefeatMe="" nextArmyId="402" appearedAfterAttack="" disappearedAfterDefeat="1" defeatTriggerIds="" teleportId="" battleRoundsTalkID="" battelEndTalkID="" clickTalkID="" loseTalkID="" armyFlashInfo="" armyId="405" imgid="220"/>
  <abyss_enemyanchor id="402" tempName="司法岛上_卡西" armyName="Kashi" armyLevel="90" armyIcon="headbig/big_kaxi.png" armyTalk1="Cửa chính…bị phá rồi, Oimo." armyTalk2="Ngủ mà bị gọi dậy thật là khó chịu." armyTalk3="Đừng hòng thắng người khổng lồ!" victoryInfo="Đánh bại các đội quân" roomId="31" copyId="400004" armiesBefore="401" appearedAfterDefeat="401" canAttackAfterDefeatMe="403" becomeAfterDefeatMe="" nextArmyId="403" appearedAfterAttack="" disappearedAfterDefeat="1" defeatTriggerIds="" teleportId="" battleRoundsTalkID="" battelEndTalkID="" clickTalkID="" loseTalkID="" armyFlashInfo="" armyId="401" imgid="268"/>
  <abyss_enemyanchor id="403" tempName="司法岛上_音无猫头鹰" armyName="Fukuro" armyLevel="90" armyIcon="headbig/big_ywmaotouying.png" armyTalk1="Chapapa, bị xâm nhập rồi." armyTalk2="Dù cho là căn phòng trước đây, Nico Robin cũng đã không ở đó nữa." armyTalk3="Ta sẽ không cho ngươi biết, chìa khóa ở trong tay của CP9!" victoryInfo="Đánh bại các đội quân" roomId="31" copyId="400004" armiesBefore="402" appearedAfterDefeat="402" canAttackAfterDefeatMe="" becomeAfterDefeatMe="" nextArmyId="" appearedAfterAttack="" disappearedAfterDefeat="1" defeatTriggerIds="" teleportId="31" battleRoundsTalkID="" battelEndTalkID="" clickTalkID="" loseTalkID="" armyFlashInfo="" armyId="402" imgid="271"/>
  <abyss_enemyanchor id="404" tempName="司法岛上_雄狮偎取" armyName="Kumadori" armyLevel="90" armyIcon="headbig/big_xiongshi.png" armyTalk1="Nếu ngươi tới thiên đàng…" armyTalk2="Hãy nói với mẹ của ta, ta rất tốt!" armyTalk3="Này… chờ đã, chỗ này không đi qua được!" victoryInfo="Đánh bại các đội quân" roomId="32" copyId="400004" armiesBefore="" appearedAfterDefeat="" canAttackAfterDefeatMe="405" becomeAfterDefeatMe="" nextArmyId="405" appearedAfterAttack="" disappearedAfterDefeat="1" defeatTriggerIds="" teleportId="" battleRoundsTalkID="" battelEndTalkID="" clickTalkID="" loseTalkID="" armyFlashInfo="" armyId="403" imgid="272"/>
  <abyss_enemyanchor id="405" tempName="司法岛上_布鲁诺" armyName="Blueno" armyLevel="90" armyIcon="headbig/big_bulunuo.png" armyTalk1="Không được tiến vào trong, không thể được!" armyTalk2="Chỉ vài tên hải tặc, sao có thể làm đến mức này!" armyTalk3="Đừng đụng vào cần điều khiển!" victoryInfo="Đánh bại các đội quân" roomId="32" copyId="400004" armiesBefore="404" appearedAfterDefeat="404" canAttackAfterDefeatMe="" becomeAfterDefeatMe="" nextArmyId="" appearedAfterAttack="" disappearedAfterDefeat="1" defeatTriggerIds="" teleportId="33" battleRoundsTalkID="" battelEndTalkID="" clickTalkID="" loseTalkID="" armyFlashInfo="" armyId="404" imgid="270"/>
  <abyss_enemyanchor id="406" tempName="司法岛上_卡莉法" armyName="Kalifa" armyLevel="90" armyIcon="headbig/big_kalifa.png" armyTalk1="Nếu ta vui, không chừng ta sẽ cho các ngươi biết~" armyTalk2="Cứ tự nhiên, có cần uống trà không?" armyTalk3="Hứ, cứ tưởng là người dịu dàng cơ." victoryInfo="Đánh bại các đội quân" roomId="34" copyId="400004" armiesBefore="" appearedAfterDefeat="" canAttackAfterDefeatMe="407" becomeAfterDefeatMe="" nextArmyId="407" appearedAfterAttack="" disappearedAfterDefeat="1" defeatTriggerIds="" teleportId="" battleRoundsTalkID="" battelEndTalkID="" clickTalkID="" loseTalkID="" armyFlashInfo="" armyId="406" imgid="275"/>
  <abyss_enemyanchor id="407" tempName="司法岛上_卡库" armyName="Kaku" armyLevel="90" armyIcon="headbig/big_kaku.png" armyTalk1="Rút đao ra khỏi vỏ chưa?" armyTalk2="Ta thấy tiếc vì khi còn ở chỗ Iceburg không được biết thực lực của ngươi." armyTalk3="Thấy ngươi rất tự tin, thật là đáng sợ." victoryInfo="Đánh bại các đội quân" roomId="34" copyId="400004" armiesBefore="406" appearedAfterDefeat="406" canAttackAfterDefeatMe="" becomeAfterDefeatMe="" nextArmyId="" appearedAfterAttack="" disappearedAfterDefeat="1" defeatTriggerIds="" teleportId="" battleRoundsTalkID="" battelEndTalkID="" clickTalkID="" loseTalkID="" armyFlashInfo="" armyId="407" imgid="274"/>
  <abyss_enemyanchor id="501" tempName="司法岛下_守关" armyName="B.vệ Dưới Enies Lobby t.anh" armyLevel="95" armyIcon="headbig/big_hjyuansushi.png" armyTalk1="Mau mang hồng trà đi!" armyTalk2="Pha hồng trà, nước là quan trọng nhất." armyTalk3="Từ khi tiểu thư Kalifa ăn trái ác quỷ, Enies Lobby không mua xà phòng nữa." victoryInfo="Đánh bại các đội quân" roomId="41" copyId="400005" armiesBefore="" appearedAfterDefeat="" canAttackAfterDefeatMe="502" becomeAfterDefeatMe="" nextArmyId="502" appearedAfterAttack="" disappearedAfterDefeat="1" defeatTriggerIds="" teleportId="" battleRoundsTalkID="" battelEndTalkID="" clickTalkID="" loseTalkID="" armyFlashInfo="" armyId="504" imgid="227"/>
  <abyss_enemyanchor id="502" tempName="司法岛下_音无猫头鹰" armyName="Fukuro" armyLevel="95" armyIcon="headbig/big_ywmaotouying.png" armyTalk1="Chapapa, bị xâm nhập rồi." armyTalk2="Ta nắm được tình báo quan trọng!" armyTalk3="Đừng vọng tưởng có được tình báo gì từ ta!" victoryInfo="Đánh bại các đội quân" roomId="41" copyId="400005" armiesBefore="501" appearedAfterDefeat="501" canAttackAfterDefeatMe="503" becomeAfterDefeatMe="" nextArmyId="503" appearedAfterAttack="" disappearedAfterDefeat="1" defeatTriggerIds="" teleportId="" battleRoundsTalkID="" battelEndTalkID="" clickTalkID="" loseTalkID="" armyFlashInfo="" armyId="501" imgid="271"/>
  <abyss_enemyanchor id="503" tempName="司法岛下_雄狮偎取" armyName="Kumadori" armyLevel="95" armyIcon="headbig/big_xiongshi.png" armyTalk1="Bán rẻ tình yêu của ta, ép ta phải ra đi; ta khóc khi biết rõ chân tướng." armyTalk2="Gió lạnh đưa tiễn người, mầm non chưa nhú mà người đã đi." armyTalk3="Cần phải thay đổi để đạt được mục đích." victoryInfo="Đánh bại các đội quân" roomId="41" copyId="400005" armiesBefore="502" appearedAfterDefeat="502" canAttackAfterDefeatMe="" becomeAfterDefeatMe="" nextArmyId="" appearedAfterAttack="" disappearedAfterDefeat="1" defeatTriggerIds="" teleportId="41" battleRoundsTalkID="" battelEndTalkID="" clickTalkID="" loseTalkID="" armyFlashInfo="" armyId="502" imgid="272"/>
  <abyss_enemyanchor id="504" tempName="司法岛下_布鲁诺" armyName="Blueno" armyLevel="95" armyIcon="headbig/big_bulunuo.png" armyTalk1="Binh sĩ hộ tống đều bị giết rồi sao?" armyTalk2="Xem ra không cần hỏi mục đích của bọn xâm lược các ngươi." armyTalk3="Không ngờ vẫn có người nhớ ta, thật vinh hạnh." victoryInfo="Đánh bại các đội quân" roomId="42" copyId="400005" armiesBefore="" appearedAfterDefeat="" canAttackAfterDefeatMe="505" becomeAfterDefeatMe="" nextArmyId="505" appearedAfterAttack="" disappearedAfterDefeat="1" defeatTriggerIds="" teleportId="" battleRoundsTalkID="" battelEndTalkID="" clickTalkID="" loseTalkID="" armyFlashInfo="" armyId="503" imgid="270"/>
  <abyss_enemyanchor id="505" tempName="司法岛下_卡莉法" armyName="Kalifa" armyLevel="95" armyIcon="headbig/big_kalifa.png" armyTalk1="Hứ, ta cho là một kẻ đàn ông dịu dàng cơ." armyTalk2="Xem ra chúng ta rất hiểu ý nhau." armyTalk3="Ngươi không có cơ hội chiến thắng ta, đồ vô lễ." victoryInfo="Đánh bại các đội quân" roomId="42" copyId="400005" armiesBefore="504" appearedAfterDefeat="504" canAttackAfterDefeatMe="506" becomeAfterDefeatMe="" nextArmyId="506" appearedAfterAttack="" disappearedAfterDefeat="1" defeatTriggerIds="" teleportId="" battleRoundsTalkID="" battelEndTalkID="" clickTalkID="" loseTalkID="" armyFlashInfo="" armyId="505" imgid="275"/>
  <abyss_enemyanchor id="506" tempName="司法岛下_卡库" armyName="Kaku" armyLevel="95" armyIcon="headbig/big_kaku.png" armyTalk1="Nếu được ta cũng không muốn hại ngươi, thành phố này để lại cho ta hồi ức thật đẹp." armyTalk2="Chỉ cần có tốc độ của liêm phong thì có thể. Đó chính là Rankyaku." armyTalk3="Giao nhiệm vụ chúng ta tâm huyết 5 năm cho…" victoryInfo="Đánh bại các đội quân" roomId="42" copyId="400005" armiesBefore="505" appearedAfterDefeat="505" canAttackAfterDefeatMe="" becomeAfterDefeatMe="" nextArmyId="" appearedAfterAttack="" disappearedAfterDefeat="1" defeatTriggerIds="" teleportId="43" battleRoundsTalkID="" battelEndTalkID="" clickTalkID="" loseTalkID="" armyFlashInfo="" armyId="506" imgid="274"/>
  <abyss_enemyanchor id="507" tempName="司法岛下_路奇" armyName="Lucci" armyLevel="95" armyIcon="headbig/big_luqi.png" armyTalk1="Ít nhất cũng cho tôi nói rõ đây là đường cụt." armyTalk2="Ngươi thấy rồi chứ, dù ngươi có chiêu gì cũng đừng hòng đi qua." armyTalk3="Xem ra ý kiến chúng ta không hợp, có tranh cãi cũng khó tránh." victoryInfo="Đánh bại các đội quân" roomId="44" copyId="400005" armiesBefore="" appearedAfterDefeat="" canAttackAfterDefeatMe="508" becomeAfterDefeatMe="" nextArmyId="508" appearedAfterAttack="" disappearedAfterDefeat="1" defeatTriggerIds="" teleportId="" battleRoundsTalkID="" battelEndTalkID="" clickTalkID="" loseTalkID="" armyFlashInfo="" armyId="507" imgid="276"/>
  <abyss_enemyanchor id="508" tempName="司法岛下_CP9" armyName="CP9" armyLevel="95" armyIcon="headbig/big_luqi.png" armyTalk1="Nhiệm vụ mai phục là chuyện vặt đối với ta." armyTalk2="Nơi để bản vẽ binh khí cổ đại của vua bóng tối, tốt nhất ngươi mau nói ra." armyTalk3="Khuyên ngươi đừng chống đối vô ích." victoryInfo="Đánh bại các đội quân" roomId="44" copyId="400005" armiesBefore="507" appearedAfterDefeat="507" canAttackAfterDefeatMe="" becomeAfterDefeatMe="" nextArmyId="" appearedAfterAttack="" disappearedAfterDefeat="1" defeatTriggerIds="" teleportId="" battleRoundsTalkID="" battelEndTalkID="" clickTalkID="" loseTalkID="" armyFlashInfo="" armyId="508" imgid="276"/>
  <abyss_enemyanchor id="601" tempName="恐怖三帆船上_守关精英" armyName="B.vệ Trên Thrller Bark t.anh" armyLevel="100" armyIcon="headbig/big_renxiangjs.png" armyTalk1="Lại có con mồi mới rơi xuống rồi…" armyTalk2="Con mồi ~ Con mồi ~" armyTalk3="Đừng ấn ta quay lại đồ khốn!" victoryInfo="Đánh bại các đội quân" roomId="51" copyId="400006" armiesBefore="" appearedAfterDefeat="" canAttackAfterDefeatMe="602" becomeAfterDefeatMe="" nextArmyId="602" appearedAfterAttack="" disappearedAfterDefeat="1" defeatTriggerIds="" teleportId="" battleRoundsTalkID="" battelEndTalkID="" clickTalkID="" loseTalkID="" armyFlashInfo="" armyId="601,602" imgid="229"/>
  <abyss_enemyanchor id="602" tempName="恐怖三帆船上_霍古巴克" armyName="Hogback" armyLevel="100" armyIcon="headbig/big_huogubake.png" armyTalk1="Hoàn thành con rối cầu kì rồi! Đúng là nghệ thuật!" armyTalk2="Ta từng nói không cho phép thăm dò sở nghiên cứu của ta!" armyTalk3="Hả, khách sao?" victoryInfo="Đánh bại các đội quân" roomId="51" copyId="400006" armiesBefore="601" appearedAfterDefeat="601" canAttackAfterDefeatMe="" becomeAfterDefeatMe="" nextArmyId="" appearedAfterAttack="" disappearedAfterDefeat="1" defeatTriggerIds="" teleportId="51" battleRoundsTalkID="" battelEndTalkID="" clickTalkID="" loseTalkID="" armyFlashInfo="" armyId="603" imgid="283"/>
  <abyss_enemyanchor id="603" tempName="恐怖三帆船上_剑豪龙马" armyName="Kiếm hào Ryuma" armyLevel="100" armyIcon="headbig/big_longma.png" armyTalk1="Kiếm của ta có thể chém được phi long!" armyTalk2="Muốn thanh thu thủy dắt ở lưng của ta sao?" armyTalk3="Lần này phải đánh gãy vài cái xương mới được." victoryInfo="Đánh bại các đội quân" roomId="52" copyId="400006" armiesBefore="" appearedAfterDefeat="" canAttackAfterDefeatMe="604" becomeAfterDefeatMe="" nextArmyId="604" appearedAfterAttack="" disappearedAfterDefeat="1" defeatTriggerIds="" teleportId="" battleRoundsTalkID="" battelEndTalkID="" clickTalkID="" loseTalkID="" armyFlashInfo="" armyId="604" imgid="281"/>
  <abyss_enemyanchor id="604" tempName="恐怖三帆船上_佩罗娜" armyName="Perona" armyLevel="100" armyIcon="headbig/big_peiluona.png" armyTalk1="Đừng tới đây, Kumashi, mau ngăn hắn lại!" armyTalk2="Đừng coi thường thực lực của công chúa u linh, đồ ngốc!" armyTalk3="Ta đã chuẩn bị trước để đánh bại ngươi!" victoryInfo="Đánh bại các đội quân" roomId="52" copyId="400006" armiesBefore="603" appearedAfterDefeat="603" canAttackAfterDefeatMe="" becomeAfterDefeatMe="" nextArmyId="" appearedAfterAttack="" disappearedAfterDefeat="1" defeatTriggerIds="" teleportId="53" battleRoundsTalkID="" battelEndTalkID="" clickTalkID="" loseTalkID="" armyFlashInfo="" armyId="605" imgid="282"/>
  <abyss_enemyanchor id="605" tempName="恐怖三帆船上_奥兹" armyName="Oars" armyLevel="100" armyIcon="headbig/big_aozi.png" armyTalk1="Thật sảng khoái." armyTalk2="Ông đây mới là người trở thành vua hải tặc!" armyTalk3="Vậy thì vua hải tặc ta chết chắc rồi!" victoryInfo="Đánh bại các đội quân" roomId="53" copyId="400006" armiesBefore="" appearedAfterDefeat="" canAttackAfterDefeatMe="" becomeAfterDefeatMe="" nextArmyId="" appearedAfterAttack="" disappearedAfterDefeat="1" defeatTriggerIds="" teleportId="55" battleRoundsTalkID="" battelEndTalkID="" clickTalkID="" loseTalkID="" armyFlashInfo="" armyId="606,607,608,609" imgid="294"/>
  <abyss_enemyanchor id="606" tempName="恐怖三帆船上_月光莫利亚" armyName="Gekko Moria" armyLevel="100" armyIcon="headbig/big_moliya.png" armyTalk1="Mặt trời sắp mọc, các ngươi không được chần chừ." armyTalk2="Ya ya, các ngươi nên cảm ơn vì ta đồng ý đích thân ra tay!" armyTalk3="Ta sẽ cho các ngươi một giấc mơ khủng khiếp! Ya ya!" victoryInfo="Đánh bại các đội quân" roomId="55" copyId="400006" armiesBefore="" appearedAfterDefeat="" canAttackAfterDefeatMe="" becomeAfterDefeatMe="" nextArmyId="" appearedAfterAttack="" disappearedAfterDefeat="1" defeatTriggerIds="" teleportId="" battleRoundsTalkID="" battelEndTalkID="" clickTalkID="" loseTalkID="" armyFlashInfo="" armyId="610" imgid="280"/>
  <abyss_enemyanchor id="701" tempName="恐怖三帆船下_守关精英" armyName="B.vệ Dưới Thrller Bark t.anh" armyLevel="105" armyIcon="headbig/big_yuehanchuanz.png" armyTalk1="Chào mừng tới rừng U Linh… Thật ra ta là một cái cây…" armyTalk2="Đừng hỏi sao ta có nhiều xác ướp, xác ướp cũng biết cô đơn." armyTalk3="Lúc còn sống ta thích nhất ăn cá thanh hoa nướng muối!" victoryInfo="Đánh bại các đội quân" roomId="61" copyId="400007" armiesBefore="" appearedAfterDefeat="" canAttackAfterDefeatMe="702" becomeAfterDefeatMe="" nextArmyId="702" appearedAfterAttack="" disappearedAfterDefeat="1" defeatTriggerIds="" teleportId="" battleRoundsTalkID="" battelEndTalkID="" clickTalkID="" loseTalkID="" armyFlashInfo="" armyId="701,702" imgid="230"/>
  <abyss_enemyanchor id="702" tempName="恐怖三帆船下_赛柏拉斯" armyName="Cerberus" armyLevel="105" armyIcon="headbig/big_santouquan.png" armyTalk1="Gâu gâu! (ngươi đang nhìn cái đầu hồ li của ta …)" armyTalk2="Gâu gâu! (Các ngươi đang giễu cợt ta…)" armyTalk3="Gâu gâu! (Có kẻ xâm nhập)" victoryInfo="Đánh bại các đội quân" roomId="61" copyId="400007" armiesBefore="701" appearedAfterDefeat="701" canAttackAfterDefeatMe="" becomeAfterDefeatMe="" nextArmyId="" appearedAfterAttack="" disappearedAfterDefeat="1" defeatTriggerIds="" teleportId="61" battleRoundsTalkID="" battelEndTalkID="" clickTalkID="" loseTalkID="" armyFlashInfo="" armyId="703" imgid="287"/>
  <abyss_enemyanchor id="703" tempName="恐怖三帆船下_霍古巴克" armyName="Hogback" armyLevel="105" armyIcon="headbig/big_huogubake.png" armyTalk1="Ta là bác sỹ Hogback lừng danh! Một thiên tài!" armyTalk2="Các ngươi mặt mũi lấm lem, tới đây có việc gì?" armyTalk3="Việc hồi sinh người chết chẳng phải là ước mơ của loài người sao!" victoryInfo="Đánh bại các đội quân" roomId="62" copyId="400007" armiesBefore="" appearedAfterDefeat="" canAttackAfterDefeatMe="704" becomeAfterDefeatMe="" nextArmyId="704" appearedAfterAttack="" disappearedAfterDefeat="1" defeatTriggerIds="" teleportId="" battleRoundsTalkID="" battelEndTalkID="" clickTalkID="" loseTalkID="" armyFlashInfo="" armyId="704" imgid="283"/>
  <abyss_enemyanchor id="704" tempName="恐怖三帆船下_剑豪龙马" armyName="Kiếm hào Ryuma" armyLevel="105" armyIcon="headbig/big_longma.png" armyTalk1="Nếu chỉ đẩy ngươi xuống sẽ không làm ngươi từ bỏ sao?" armyTalk2="Cứ nhắc tới kiếm hào Ryuma, ai cũng sợ run lên!" armyTalk3="Tới lúc rồi." victoryInfo="Đánh bại các đội quân" roomId="62" copyId="400007" armiesBefore="703" appearedAfterDefeat="703" canAttackAfterDefeatMe="" becomeAfterDefeatMe="" nextArmyId="" appearedAfterAttack="" disappearedAfterDefeat="1" defeatTriggerIds="" teleportId="63" battleRoundsTalkID="" battelEndTalkID="" clickTalkID="" loseTalkID="" armyFlashInfo="" armyId="705" imgid="281"/>
  <abyss_enemyanchor id="705" tempName="恐怖三帆船下_佩罗娜" armyName="Perona" armyLevel="105" armyIcon="headbig/big_peiluona.png" armyTalk1="Horo horo horo, các ngươi biết sự đáng sợ của U Linh rồi chứ?" armyTalk2="Ta có thể tạo ra u linh, là người sở hữu trái Horo Horo!" armyTalk3="Những u linh này là phân thân của ta, chúng có thể làm cho người ta trống rỗng." victoryInfo="Đánh bại các đội quân" roomId="63" copyId="400007" armiesBefore="" appearedAfterDefeat="" canAttackAfterDefeatMe="706" becomeAfterDefeatMe="" nextArmyId="706" appearedAfterAttack="" disappearedAfterDefeat="1" defeatTriggerIds="" teleportId="" battleRoundsTalkID="" battelEndTalkID="" clickTalkID="" loseTalkID="" armyFlashInfo="" armyId="706" imgid="282"/>
  <abyss_enemyanchor id="706" tempName="恐怖三帆船下_奥兹" armyName="Oars" armyLevel="105" armyIcon="headbig/big_aozi.png" armyTalk1="Ra đây, tên Luffy đáng ghét!" armyTalk2="Các ngươi không hợp thể sao! Làm ta hưng phấn đến vậy! Mau hợp thể!" armyTalk3="Là tiếng của chủ nhân? Ở đâu?" victoryInfo="Đánh bại các đội quân" roomId="63" copyId="400007" armiesBefore="705" appearedAfterDefeat="705" canAttackAfterDefeatMe="" becomeAfterDefeatMe="" nextArmyId="" appearedAfterAttack="" disappearedAfterDefeat="1" defeatTriggerIds="" teleportId="65" battleRoundsTalkID="" battelEndTalkID="" clickTalkID="" loseTalkID="" armyFlashInfo="" armyId="707,708,709,710" imgid="294"/>
  <abyss_enemyanchor id="707" tempName="恐怖三帆船下_月光莫利亚" armyName="Gekko Moria" armyLevel="105" armyIcon="headbig/big_moliya.png" armyTalk1="Ta không tới mức phải cần các ngươi đánh thức." armyTalk2="Ya ya, có phải trẻ con đánh nhau đâu!" armyTalk3="Với hải tặc, chết không phải là sự uy hiếp!" victoryInfo="Đánh bại các đội quân" roomId="65" copyId="400007" armiesBefore="" appearedAfterDefeat="" canAttackAfterDefeatMe="708" becomeAfterDefeatMe="" nextArmyId="708" appearedAfterAttack="" disappearedAfterDefeat="1" defeatTriggerIds="" teleportId="" battleRoundsTalkID="" battelEndTalkID="" clickTalkID="" loseTalkID="" armyFlashInfo="" armyId="711" imgid="280"/>
  <abyss_enemyanchor id="708" tempName="恐怖三帆船下_狂暴莫利亚" armyName="Moria cuồng bạo" armyLevel="105" armyIcon="headbig/big_kbmoliya.png" armyTalk1="Tất cả hồn trên Thriller Bark hãy trở thành sức mạnh của ta!" armyTalk2="100…400…500…800…900…" armyTalk3="Dám làm cho thuyền Thriller Bark của ta ra nông nỗi này…" victoryInfo="Đánh bại các đội quân" roomId="65" copyId="400007" armiesBefore="707" appearedAfterDefeat="707" canAttackAfterDefeatMe="" becomeAfterDefeatMe="" nextArmyId="" appearedAfterAttack="" disappearedAfterDefeat="1" defeatTriggerIds="" teleportId="" battleRoundsTalkID="" battelEndTalkID="" clickTalkID="" loseTalkID="" armyFlashInfo="" armyId="712" imgid="293"/>
  <abyss_enemyanchor id="801" tempName="磁鼓岛_守关精英" armyName="B.vệ Đảo Drum t.anh" armyLevel="50" armyIcon="headbig/big_1029.png" armyTalk1="Cấm hải tặc vào, đừng nghĩ mặc áo bông là ta không nhận ra." armyTalk2="Nếu hỏi chúng ta quốc vương trước đây có sở trường gì, chắc là ăn." armyTalk3="Nơi vừa lạnh vừa nghèo thế này, mà vẫn có hải tặc tới?" victoryInfo="Đánh bại các đội quân" roomId="71" copyId="400008" armiesBefore="" appearedAfterDefeat="" canAttackAfterDefeatMe="802" becomeAfterDefeatMe="" nextArmyId="802" appearedAfterAttack="" disappearedAfterDefeat="1" defeatTriggerIds="" teleportId="" battleRoundsTalkID="" battelEndTalkID="" clickTalkID="" loseTalkID="" armyFlashInfo="" armyId="801,802,803" imgid="210"/>
  <abyss_enemyanchor id="802" tempName="磁鼓岛_拉邦" armyName="Lapin" armyLevel="50" armyIcon="headbig/big_10065.png" armyTalk1="… (các ngươi tới cướp cà rốt thịt của ta sao?)" armyTalk2="...(Ta chưa bao giờ thấy động vật ăn thịt nào trắng hơn ta)" armyTalk3="… (kéo xe trượt tuyết thật thú vị)" victoryInfo="Đánh bại các đội quân" roomId="71" copyId="400008" armiesBefore="801" appearedAfterDefeat="801" canAttackAfterDefeatMe="" becomeAfterDefeatMe="" nextArmyId="" appearedAfterAttack="" disappearedAfterDefeat="1" defeatTriggerIds="" teleportId="71" battleRoundsTalkID="" battelEndTalkID="" clickTalkID="" loseTalkID="" armyFlashInfo="" armyId="804,805,806" imgid="237"/>
  <abyss_enemyanchor id="803" tempName="磁鼓岛_杰斯" armyName="Chess" armyLevel="50" armyIcon="headbig/big_10067.png" armyTalk1="Kuromariomo ở đâu, mau tới hợp thể!" armyTalk2="Các ngươi chờ đã, ta phải mài mũi tên!" armyTalk3="Ta yêu quốc vương tàn bạo!" victoryInfo="Đánh bại các đội quân" roomId="73" copyId="400008" armiesBefore="" appearedAfterDefeat="" canAttackAfterDefeatMe="804" becomeAfterDefeatMe="" nextArmyId="804" appearedAfterAttack="" disappearedAfterDefeat="1" defeatTriggerIds="" teleportId="" battleRoundsTalkID="" battelEndTalkID="" clickTalkID="" loseTalkID="" armyFlashInfo="" armyId="807,808,809" imgid="239"/>
  <abyss_enemyanchor id="804" tempName="磁鼓岛_瓦尔波" armyName="Wapol" armyLevel="50" armyIcon="headbig/big_10043.png" armyTalk1="Đừng vội đi thế, các ngươi có đồ ăn không?" armyTalk2="Mong là thuyền của các ngươi sẽ không khó ăn." armyTalk3="Ta là quốc vương đảo Drum, ai dám trái ý ta!" victoryInfo="Đánh bại các đội quân" roomId="73" copyId="400008" armiesBefore="803" appearedAfterDefeat="803" canAttackAfterDefeatMe="" becomeAfterDefeatMe="" nextArmyId="" appearedAfterAttack="" disappearedAfterDefeat="1" defeatTriggerIds="" teleportId="" battleRoundsTalkID="" battelEndTalkID="" clickTalkID="" loseTalkID="" armyFlashInfo="" armyId="810,811,812" imgid="240"/>
  <abyss_enemyanchor id="901" tempName="雨地_守关精英" armyName="B.vệ Rainbase t.anh" armyLevel="60" armyIcon="headbig/big_1050.png" armyTalk1="Nếu không đáng giá trăm triệu, ta không cho các ngươi vào được." armyTalk2="Các ngươi đến trả lãi suất cao sao?" armyTalk3="Quà lưu niệm ở Rainbase chỉ có cá sấu chuối, mua đi?" victoryInfo="Đánh bại các đội quân" roomId="81" copyId="400009" armiesBefore="" appearedAfterDefeat="" canAttackAfterDefeatMe="902" becomeAfterDefeatMe="" nextArmyId="902" appearedAfterAttack="" disappearedAfterDefeat="1" defeatTriggerIds="" teleportId="" battleRoundsTalkID="" battelEndTalkID="" clickTalkID="" loseTalkID="" armyFlashInfo="" armyId="901,902,903" imgid="217"/>
  <abyss_enemyanchor id="902" tempName="雨地_Mr4" armyName="Mr4" armyLevel="60" armyIcon="headbig/big_10073.png" armyTalk1="Xem đĩa bay Pizza của ta!" armyTalk2="Đánh xong hiệp này sẽ đi uống trà tao!" armyTalk3="Đừng giục ta, 5 phút là ta nói xong câu này." victoryInfo="Đánh bại các đội quân" roomId="81" copyId="400009" armiesBefore="901" appearedAfterDefeat="901" canAttackAfterDefeatMe="" becomeAfterDefeatMe="" nextArmyId="" appearedAfterAttack="" disappearedAfterDefeat="1" defeatTriggerIds="" teleportId="81" battleRoundsTalkID="" battelEndTalkID="" clickTalkID="" loseTalkID="" armyFlashInfo="" armyId="904,905,906" imgid="244"/>
  <abyss_enemyanchor id="903" tempName="雨地_Mr1" armyName="Mr1" armyLevel="60" armyIcon="headbig/big_10056.png" armyTalk1="Muốn bị ta chém thành tro bụi không?" armyTalk2="Nếu ta có tóc, cũng có thể biến thành lưỡi dao." armyTalk3="Muốn gặp Crocodile ư? Ta không cho phép." victoryInfo="Đánh bại các đội quân" roomId="83" copyId="400009" armiesBefore="" appearedAfterDefeat="" canAttackAfterDefeatMe="904" becomeAfterDefeatMe="" nextArmyId="904" appearedAfterAttack="" disappearedAfterDefeat="1" defeatTriggerIds="" teleportId="" battleRoundsTalkID="" battelEndTalkID="" clickTalkID="" loseTalkID="" armyFlashInfo="" armyId="907,908,909" imgid="248"/>
  <abyss_enemyanchor id="904" tempName="雨地_克洛克达尔" armyName="Crocodile" armyLevel="60" armyIcon="headbig/big_10044.png" armyTalk1="Sự yếu mềm cũng là một tội." armyTalk2="Cho ngươi 3 phút, thời gian nhiều hơn ta không có." armyTalk3="Lý tưởng là hiện thực mà người có thực lực có thể nói." victoryInfo="Đánh bại các đội quân" roomId="83" copyId="400009" armiesBefore="903" appearedAfterDefeat="903" canAttackAfterDefeatMe="" becomeAfterDefeatMe="" nextArmyId="" appearedAfterAttack="" disappearedAfterDefeat="1" defeatTriggerIds="" teleportId="" battleRoundsTalkID="" battelEndTalkID="" clickTalkID="" loseTalkID="" armyFlashInfo="" armyId="910,911,912" imgid="249"/>
  <abyss_enemyanchor id="1001" tempName="香波地群岛上_罗兹瓦圣德" armyName="Saint Roswald" armyLevel="110" armyIcon="headbig/big_wadesheng.png" armyTalk1="Ta sẽ làm các ngươi thành tiêu bản." armyTalk2="Các ngươi khá đấy, làm nô lệ của ta đi." armyTalk3="Nô lệ không đủ, nên mua thêm 1 người cá." victoryInfo="Đánh bại các đội quân" roomId="91" copyId="400010" armiesBefore="" appearedAfterDefeat="" canAttackAfterDefeatMe="1002" becomeAfterDefeatMe="" nextArmyId="1002" appearedAfterAttack="" disappearedAfterDefeat="1" defeatTriggerIds="" teleportId="" battleRoundsTalkID="" battelEndTalkID="" clickTalkID="" loseTalkID="" armyFlashInfo="" armyId="1001,1002,1003" imgid="297"/>
  <abyss_enemyanchor id="1002" tempName="香波地群岛上_夏尔莉亚宫" armyName="Saint Shalulia" armyLevel="110" armyIcon="headbig/big_tlryagong.png" armyTalk1="Bọn tiện dân, các ngươi làm ô nhiễm cả bầu không khí." armyTalk2="Các ngươi dám đứng trước mặt ta!" armyTalk3="Cút đi! Lũ tiện dân." victoryInfo="Đánh bại các đội quân" roomId="91" copyId="400010" armiesBefore="1001" appearedAfterDefeat="1001" canAttackAfterDefeatMe="" becomeAfterDefeatMe="" nextArmyId="" appearedAfterAttack="" disappearedAfterDefeat="1" defeatTriggerIds="" teleportId="85" battleRoundsTalkID="" battelEndTalkID="" clickTalkID="" loseTalkID="" armyFlashInfo="" armyId="1004,1005,1006" imgid="298"/>
  <abyss_enemyanchor id="1003" tempName="香波地群岛上_迪斯科" armyName="Disco" armyLevel="110" armyIcon="headbig/big_disike.png" armyTalk1="Tiếp theo tôi sẽ giới thiệu sản phẩm đấu giá, đợi đã, sản phẩm tiếp theo đâu?" armyTalk2="Các ngươi chuẩn bị Beri chưa?" armyTalk3="Nhìn bộ dạng quỷ đói các ngươi, vốn dĩ không có tiền để tham gia đấu giá." victoryInfo="Đánh bại các đội quân" roomId="92" copyId="400010" armiesBefore="" appearedAfterDefeat="" canAttackAfterDefeatMe="1004" becomeAfterDefeatMe="" nextArmyId="1004" appearedAfterAttack="" disappearedAfterDefeat="1" defeatTriggerIds="" teleportId="" battleRoundsTalkID="" battelEndTalkID="" clickTalkID="" loseTalkID="" armyFlashInfo="" armyId="1007,1008,1009" imgid="299"/>
  <abyss_enemyanchor id="1004" tempName="香波地群岛上_乌尔基" armyName="Urouge" armyLevel="110" armyIcon="headbig/big_wuerji.png" armyTalk1="Đúng là một bọn gây rắc rối." armyTalk2="Lại dụ hải quân tới đây, thật là đen đủi." armyTalk3="Hải quân sắp tới rồi, các ngươi còn ở đây, thật không biết thời thế." victoryInfo="Đánh bại các đội quân" roomId="92" copyId="400010" armiesBefore="1003" appearedAfterDefeat="1003" canAttackAfterDefeatMe="" becomeAfterDefeatMe="" nextArmyId="" appearedAfterAttack="" disappearedAfterDefeat="1" defeatTriggerIds="" teleportId="87" battleRoundsTalkID="" battelEndTalkID="" clickTalkID="" loseTalkID="" armyFlashInfo="" armyId="1010,1011,1012" imgid="303"/>
  <abyss_enemyanchor id="1005" tempName="香波地群岛上_赤旗X德雷克" armyName="X. Drake" armyLevel="110" armyIcon="headbig/big_xlong.png" armyTalk1="Muốn phá thì tới Tân thế giới mà phá." armyTalk2="Sẽ có người nào đó xuất hiện ư?" armyTalk3="Ở đây không an toàn nữa, mau về thuyền." victoryInfo="Đánh bại các đội quân" roomId="94" copyId="400010" armiesBefore="" appearedAfterDefeat="" canAttackAfterDefeatMe="1006" becomeAfterDefeatMe="" nextArmyId="1006" appearedAfterAttack="" disappearedAfterDefeat="1" defeatTriggerIds="" teleportId="" battleRoundsTalkID="" battelEndTalkID="" clickTalkID="" loseTalkID="" armyFlashInfo="" armyId="1013,1014,1015" imgid="304"/>
  <abyss_enemyanchor id="1006" tempName="香波地群岛上_战桃丸" armyName="Sentomaru" armyLevel="110" armyIcon="headbig/big_zhantaowan.png" armyTalk1="Các ngươi muốn hỏi gì? Ta không nói đâu vì ta là người đàn ông kín miệng nhất." armyTalk2="Lúc nãy là ta tự muốn nói, chứ không phải trả lời câu hỏi của ngươi." armyTalk3="Các ngươi định huênh hoang ở đây bao lâu nữa?" victoryInfo="Đánh bại các đội quân" roomId="94" copyId="400010" armiesBefore="1005" appearedAfterDefeat="1005" canAttackAfterDefeatMe="" becomeAfterDefeatMe="" nextArmyId="" appearedAfterAttack="" disappearedAfterDefeat="1" defeatTriggerIds="" teleportId="" battleRoundsTalkID="" battelEndTalkID="" clickTalkID="" loseTalkID="" armyFlashInfo="" armyId="1016,1017,1018" imgid="302"/>
  <abyss_enemyanchor id="1101" tempName="香波地群岛下_海军精英部队" armyName="B.vệ quần đảo Sabaody t.anh" armyLevel="115" armyIcon="headbig/big_hzyuansushi.png" armyTalk1="Bầu không khí vui tươi bị các ngươi phá hỏng rồi, lũ hải tặc kia mau chịu trói!" armyTalk2="Cuộc sống êm ả làm ta dần quên mình là hải quân rồi." armyTalk3="Không huênh hoang được lâu đâu, đại tướng sắp tới rồi." victoryInfo="Đánh bại các đội quân" roomId="101" copyId="400011" armiesBefore="" appearedAfterDefeat="" canAttackAfterDefeatMe="1102" becomeAfterDefeatMe="" nextArmyId="1102" appearedAfterAttack="" disappearedAfterDefeat="1" defeatTriggerIds="" teleportId="" battleRoundsTalkID="" battelEndTalkID="" clickTalkID="" loseTalkID="" armyFlashInfo="" armyId="1101,1102,1103" imgid="227"/>
  <abyss_enemyanchor id="1102" tempName="香波地群岛下_和平主义者" armyName="Pacifista" armyLevel="115" armyIcon="headbig/big_pxxiong.png" armyTalk1="Mục tiêu là kẻ xâm nhập, bắt đầu tìm kiếm." armyTalk2="Xác nhận mục tiêu, thi hành chỉ lệnh giết." armyTalk3="Khóa chặt toàn bộ mục tiêu, bắt đầu giết." victoryInfo="Đánh bại các đội quân" roomId="101" copyId="400011" armiesBefore="1101" appearedAfterDefeat="1101" canAttackAfterDefeatMe="" becomeAfterDefeatMe="" nextArmyId="" appearedAfterAttack="" disappearedAfterDefeat="1" defeatTriggerIds="" teleportId="91" battleRoundsTalkID="" battelEndTalkID="" clickTalkID="" loseTalkID="" armyFlashInfo="" armyId="1104,1105,1106" imgid="300"/>
  <abyss_enemyanchor id="1103" tempName="香波地群岛下_巴兹尔·霍金斯" armyName="Basil Hawkins" armyLevel="115" armyIcon="headbig/big_huojinsi.png" armyTalk1="Để xem vận mệnh của các ngươi." armyTalk2="Đừng giận, hôm nay sát sinh thì vận may sẽ kém đấy." armyTalk3="(Lấy ra 1 lá bài tây) Xem ra hôm nay không phải ngày giỗ của các ngươi." victoryInfo="Đánh bại các đội quân" roomId="102" copyId="400011" armiesBefore="" appearedAfterDefeat="" canAttackAfterDefeatMe="1104" becomeAfterDefeatMe="" nextArmyId="1104" appearedAfterAttack="" disappearedAfterDefeat="1" defeatTriggerIds="" teleportId="" battleRoundsTalkID="" battelEndTalkID="" clickTalkID="" loseTalkID="" armyFlashInfo="" armyId="1107,1108,1109" imgid="305"/>
  <abyss_enemyanchor id="1104" tempName="香波地群岛下_战桃丸" armyName="Sentomaru" armyLevel="115" armyIcon="headbig/big_zhantaowan.png" armyTalk1="Lũ khốn các ngươi cũng không vừa." armyTalk2="Lực tấn công rất ghê gớm, nhưng sức phòng ngự của ta mạnh nhất thế giới!" armyTalk3="Đối phó với ngươi không cần đến rìu của ta." victoryInfo="Đánh bại các đội quân" roomId="102" copyId="400011" armiesBefore="1103" appearedAfterDefeat="1103" canAttackAfterDefeatMe="" becomeAfterDefeatMe="" nextArmyId="" appearedAfterAttack="" disappearedAfterDefeat="1" defeatTriggerIds="" teleportId="93" battleRoundsTalkID="" battelEndTalkID="" clickTalkID="" loseTalkID="" armyFlashInfo="" armyId="1110,1111,1112" imgid="302"/>
  <abyss_enemyanchor id="1105" tempName="香波地群岛下_暴走和平主义者" armyName="Pacifista bạo tẩu" armyLevel="115" armyIcon="headbig/big_pxxiong.png" armyTalk1="Không xác định được mục tiêu, trở về bước trước đó." armyTalk2="Khởi động hệ thống tấn công tương tự." armyTalk3="Khởi động ứng cứu, xác nhận lại mục tiêu." victoryInfo="Đánh bại các đội quân" roomId="104" copyId="400011" armiesBefore="" appearedAfterDefeat="" canAttackAfterDefeatMe="1106" becomeAfterDefeatMe="" nextArmyId="1106" appearedAfterAttack="" disappearedAfterDefeat="1" defeatTriggerIds="" teleportId="" battleRoundsTalkID="" battelEndTalkID="" clickTalkID="" loseTalkID="" armyFlashInfo="" armyId="1113,1114,1115" imgid="300"/>
  <abyss_enemyanchor id="1106" tempName="香波地群岛下_黄猿" armyName="Khỉ vàng" armyLevel="115" armyIcon="headbig/big_huangyuan.png" armyTalk1="Ồ, các ngươi ghê gớm như quái vật, thật đáng sợ." armyTalk2="Tốc độ chính là sức mạnh, ngươi bị ánh sáng đá bao giờ chưa?" armyTalk3="Trẻ như vậy, thật đáng sợ……" victoryInfo="Đánh bại các đội quân" roomId="104" copyId="400011" armiesBefore="1105" appearedAfterDefeat="1105" canAttackAfterDefeatMe="" becomeAfterDefeatMe="" nextArmyId="" appearedAfterAttack="" disappearedAfterDefeat="1" defeatTriggerIds="" teleportId="" battleRoundsTalkID="" battelEndTalkID="" clickTalkID="" loseTalkID="" armyFlashInfo="" armyId="1116,1117,1118" imgid="301"/>
  <abyss_enemyanchor id="1201" tempName="九蛇岛上_守关精英1" armyName="B.vệ Trên Đảo Kuja t.anh" armyLevel="120" armyIcon="headbig/big_jsgongjianshou.png" armyTalk1="Lần này ta không thể bắn trượt." armyTalk2="Không hay rồi, tàu của Xà Nữ Vương đã đến rồi." armyTalk3="Mau bắt đàn ông lại!" victoryInfo="Đánh bại các đội quân" roomId="111" copyId="400012" armiesBefore="" appearedAfterDefeat="" canAttackAfterDefeatMe="1202" becomeAfterDefeatMe="" nextArmyId="1202" appearedAfterAttack="" disappearedAfterDefeat="1" defeatTriggerIds="" teleportId="" battleRoundsTalkID="" battelEndTalkID="" clickTalkID="" loseTalkID="" armyFlashInfo="" armyId="1201,1202,1203" imgid="314"/>
  <abyss_enemyanchor id="1202" tempName="九蛇岛上_守关精英2" armyName="B.vệ Trên Đảo Kuja t.anh" armyLevel="120" armyIcon="headbig/big_jsquanshou.png" armyTalk1="Dâng cống phẩm cho Xà Nữ Vương chưa?" armyTalk2="Khuyên ngươi nên ngoan ngoãn đầu hàng thì sẽ an toàn hơn." armyTalk3="Lâu lắm rồi mới nhìn thấy đàn ông còn sống rồi." victoryInfo="Đánh bại các đội quân" roomId="111" copyId="400012" armiesBefore="1201" appearedAfterDefeat="1201" canAttackAfterDefeatMe="" becomeAfterDefeatMe="" nextArmyId="" appearedAfterAttack="" disappearedAfterDefeat="1" defeatTriggerIds="" teleportId="97" battleRoundsTalkID="" battelEndTalkID="" clickTalkID="" loseTalkID="" armyFlashInfo="" armyId="1204,1205,1206" imgid="315"/>
  <abyss_enemyanchor id="1203" tempName="九蛇岛上_桔梗" armyName="Kikyo" armyLevel="120" armyIcon="headbig/big_jigeng.png" armyTalk1="Hãy để chúng ta kết thúc cái màn kịch hoang đường này." armyTalk2="Đây là Vương quốc của nữ giới, đảo này không giữ những người đàn ông còn sống." armyTalk3="Đến đây thì các ngươi không còn đường thoát rồi." victoryInfo="Đánh bại các đội quân" roomId="112" copyId="400012" armiesBefore="" appearedAfterDefeat="" canAttackAfterDefeatMe="1204" becomeAfterDefeatMe="" nextArmyId="1204" appearedAfterAttack="" disappearedAfterDefeat="1" defeatTriggerIds="" teleportId="" battleRoundsTalkID="" battelEndTalkID="" clickTalkID="" loseTalkID="" armyFlashInfo="" armyId="1207,1208,1209" imgid="312"/>
  <abyss_enemyanchor id="1204" tempName="九蛇岛上_斯多比" armyName="Sweet Pea" armyLevel="120" armyIcon="headbig/big_siduobi.png" armyTalk1="Mặc dù bị giết rất tội nghiệp, nhưng không cho phép các ngươi ở lại đây." armyTalk2="Là giọng nói của đàn ông, sao ngươi vào bằng cách nào!" armyTalk3="Là trẻ con trong thôn à? Không, không đúng. Các ngươi là ai!" victoryInfo="Đánh bại các đội quân" roomId="112" copyId="400012" armiesBefore="1203" appearedAfterDefeat="1203" canAttackAfterDefeatMe="" becomeAfterDefeatMe="" nextArmyId="" appearedAfterAttack="" disappearedAfterDefeat="1" defeatTriggerIds="" teleportId="99" battleRoundsTalkID="" battelEndTalkID="" clickTalkID="" loseTalkID="" armyFlashInfo="" armyId="1210,1211,1212" imgid="311"/>
  <abyss_enemyanchor id="1205" tempName="九蛇岛上_雅菲兰朵拉" armyName="Aphelandra" armyLevel="120" armyIcon="headbig/big_yafeilanduola.png" armyTalk1="Đàn ông thật ngoan cường." armyTalk2="Kì lạ, mọi người đâu hết rồi." armyTalk3="Nấm mọc trên người đàn ông sao không thể nhổ ra được vậy?" victoryInfo="Đánh bại các đội quân" roomId="114" copyId="400012" armiesBefore="" appearedAfterDefeat="" canAttackAfterDefeatMe="1206" becomeAfterDefeatMe="" nextArmyId="1206" appearedAfterAttack="" disappearedAfterDefeat="1" defeatTriggerIds="" teleportId="" battleRoundsTalkID="" battelEndTalkID="" clickTalkID="" loseTalkID="" armyFlashInfo="" armyId="1213,1214,1215" imgid="310"/>
  <abyss_enemyanchor id="1206" tempName="九蛇岛上_玛格丽特" armyName="Marguerite" armyLevel="120" armyIcon="headbig/big_gemalite.png" armyTalk1="Có thể lấy trứng vàng cho ta xem không?" armyTalk2="Ta nghe nói đàn ông có vi rút. Tất cả đàn ông đều đột nhiên béo lên sao?" armyTalk3="Lại ghét đăng ten, đàn ông đúng là sinh vật kì lạ." victoryInfo="Đánh bại các đội quân" roomId="114" copyId="400012" armiesBefore="1205" appearedAfterDefeat="1205" canAttackAfterDefeatMe="" becomeAfterDefeatMe="" nextArmyId="" appearedAfterAttack="" disappearedAfterDefeat="1" defeatTriggerIds="" teleportId="" battleRoundsTalkID="" battelEndTalkID="" clickTalkID="" loseTalkID="" armyFlashInfo="" armyId="1216,1217,1218" imgid="309"/>
  <abyss_enemyanchor id="1301" tempName="九蛇岛下_守关精英1" armyName="B.vệ Dưới Đảo Kuja t.anh" armyLevel="125" armyIcon="headbig/big_jshanghaishi.png" armyTalk1="Áo mặc ra ngoài, quả nhiên có đăng ten mới đẹp." armyTalk2="Đàn ông à, là sinh vật không có phong độ." armyTalk3="Đúng là sinh vật cáu kỉnh khiến người khác không thể tưởng tượng được." victoryInfo="Đánh bại các đội quân" roomId="121" copyId="400013" armiesBefore="" appearedAfterDefeat="" canAttackAfterDefeatMe="1302" becomeAfterDefeatMe="" nextArmyId="1302" appearedAfterAttack="" disappearedAfterDefeat="1" defeatTriggerIds="" teleportId="" battleRoundsTalkID="" battelEndTalkID="" clickTalkID="" loseTalkID="" armyFlashInfo="" armyId="1301,1302,1303" imgid="316"/>
  <abyss_enemyanchor id="1302" tempName="九蛇岛下_守关精英2" armyName="B.vệ Dưới Đảo Kuja t.anh" armyLevel="125" armyIcon="headbig/big_jsjianshi.png" armyTalk1="Nhìn xem, nụ cười mệ hoặc của Xà Nữ Vương." armyTalk2="Vẻ đẹp của Nữ Vương không có gì sánh được!" armyTalk3="Các ngươi vào đảo này với mục đích gì?" victoryInfo="Đánh bại các đội quân" roomId="121" copyId="400013" armiesBefore="1301" appearedAfterDefeat="1301" canAttackAfterDefeatMe="" becomeAfterDefeatMe="" nextArmyId="" appearedAfterAttack="" disappearedAfterDefeat="1" defeatTriggerIds="" teleportId="103" battleRoundsTalkID="" battelEndTalkID="" clickTalkID="" loseTalkID="" armyFlashInfo="" armyId="1304,1305,1306" imgid="317"/>
  <abyss_enemyanchor id="1303" tempName="九蛇岛下_玛丽哥鲁德3" armyName="Boa Marigold" armyLevel="125" armyIcon="headbig/big_maligelude.png" armyTalk1="Sao đàn ông lại ở đất nước này. Rốt cục đã xảy ra chuyện gì?" armyTalk2="Bất kể già trẻ gái trai, ai cũng đều bị vẻ đẹp của Nữ vương mê hoặc." armyTalk3="Chỉ cần hít một chút khí độc của ta, thì các ngươi sẽ mất dần ý thức." victoryInfo="Đánh bại các đội quân" roomId="122" copyId="400013" armiesBefore="" appearedAfterDefeat="" canAttackAfterDefeatMe="1304" becomeAfterDefeatMe="" nextArmyId="1304" appearedAfterAttack="" disappearedAfterDefeat="1" defeatTriggerIds="" teleportId="" battleRoundsTalkID="" battelEndTalkID="" clickTalkID="" loseTalkID="" armyFlashInfo="" armyId="1307,1308,1309" imgid="308"/>
  <abyss_enemyanchor id="1304" tempName="九蛇岛下_桑达索尼亚4" armyName="Boa Sandersonia" armyLevel="125" armyIcon="headbig/big_sandasuoniya.png" armyTalk1="Tính cách của chị rất tệ, nhưng dù làm bất cứ việc gì vẫn được tha thứ." armyTalk2="Ta sẽ không cho ngươi cơ hội chạy thoát đâu." armyTalk3="Các kế hoạch tiếp theo của ngươi đều bị ta biết tỏng rồi." victoryInfo="Đánh bại các đội quân" roomId="122" copyId="400013" armiesBefore="1303" appearedAfterDefeat="1303" canAttackAfterDefeatMe="" becomeAfterDefeatMe="" nextArmyId="" appearedAfterAttack="" disappearedAfterDefeat="1" defeatTriggerIds="" teleportId="105" battleRoundsTalkID="" battelEndTalkID="" clickTalkID="" loseTalkID="" armyFlashInfo="" armyId="1310,1311,1312" imgid="307"/>
  <abyss_enemyanchor id="1305" tempName="九蛇岛下_巴秋拉5" armyName="Bacura" armyLevel="125" armyIcon="headbig/big_baqiula.png" armyTalk1="Hu——(Ta không phải là bia đỡ đạn!)" armyTalk2="Hu! ( Chất làm mượt tóc thật hiệu quả, bạn cần không!)" armyTalk3="Hu! (Ta ngửi thấy mùi thức ăn trưa rồi)" victoryInfo="Đánh bại các đội quân" roomId="124" copyId="400013" armiesBefore="" appearedAfterDefeat="" canAttackAfterDefeatMe="1306" becomeAfterDefeatMe="" nextArmyId="1306" appearedAfterAttack="" disappearedAfterDefeat="1" defeatTriggerIds="" teleportId="" battleRoundsTalkID="" battelEndTalkID="" clickTalkID="" loseTalkID="" armyFlashInfo="" armyId="1313,1314,1315" imgid="313"/>
  <abyss_enemyanchor id="1306" tempName="九蛇岛下_汉库克6" armyName="Boa Hancock" armyLevel="125" armyIcon="headbig/big_nvdi.png" armyTalk1="Vật trang sức này, chỉ làm giảm vẻ đẹp của em mà thôi." armyTalk2="Đừng mơ tưởng có thể sống mà thoát khỏi đây. Chết là điều không thể tránh!" armyTalk3="Trái tim đen tối bị ta mê hoặc, tất sẽ làm cứng cơ thể các ngươi." victoryInfo="Đánh bại các đội quân" roomId="124" copyId="400013" armiesBefore="1305" appearedAfterDefeat="1305" canAttackAfterDefeatMe="" becomeAfterDefeatMe="" nextArmyId="" appearedAfterAttack="" disappearedAfterDefeat="1" defeatTriggerIds="" teleportId="" battleRoundsTalkID="" battelEndTalkID="" clickTalkID="" loseTalkID="" armyFlashInfo="" armyId="1316,1317,1318" imgid="306"/>
  <abyss_enemyanchor id="1401" tempName="推进城上_守关精英1" armyName="B.vệ Impel Down thượng t.anh" armyLevel="130" armyIcon="headbig/big_tjcjianshi.png" armyTalk1="Lũ hải tặc ngang ngược các ngươi." armyTalk2="Tự chui đầu vào lưới sao?" armyTalk3="Không ai có có thể an toàn rời khỏi Impel Down, trừ người đó..." victoryInfo="Đánh bại các đội quân" roomId="131" copyId="400014" armiesBefore="" appearedAfterDefeat="" canAttackAfterDefeatMe="1402" becomeAfterDefeatMe="" nextArmyId="1402" appearedAfterAttack="" disappearedAfterDefeat="1" defeatTriggerIds="" teleportId="" battleRoundsTalkID="" battelEndTalkID="" clickTalkID="" loseTalkID="" armyFlashInfo="" armyId="1401,1402,1403" imgid="320"/>
  <abyss_enemyanchor id="1402" tempName="推进城上_守关精英2" armyName="B.vệ Impel Down thượng t.anh" armyLevel="130" armyIcon="headbig/big_tjcmofashi.png" armyTalk1="Phải quét sạch bọn chúng ở đây!" armyTalk2="Mở cửa nhà ngục cho các ngươi ngoan ngoãn vào trong được không?" armyTalk3="Những người nay vào đây bằng cách nào?" victoryInfo="Đánh bại các đội quân" roomId="131" copyId="400014" armiesBefore="1401" appearedAfterDefeat="1401" canAttackAfterDefeatMe="" becomeAfterDefeatMe="" nextArmyId="" appearedAfterAttack="" disappearedAfterDefeat="1" defeatTriggerIds="" teleportId="109" battleRoundsTalkID="" battelEndTalkID="" clickTalkID="" loseTalkID="" armyFlashInfo="" armyId="1404,1405,1406" imgid="324"/>
  <abyss_enemyanchor id="1403" tempName="推进城上_蓝猩猩3" armyName="Blue Gorillas" armyLevel="130" armyIcon="headbig/big_lanxingxing.png" armyTalk1="Có đồ ăn cho tối nay rồi." armyTalk2="Để lại cánh tay của các ngươi nào." armyTalk3="Thực phẩm tươi sống..." victoryInfo="Đánh bại các đội quân" roomId="132" copyId="400014" armiesBefore="" appearedAfterDefeat="" canAttackAfterDefeatMe="1404" becomeAfterDefeatMe="" nextArmyId="1404" appearedAfterAttack="" disappearedAfterDefeat="1" defeatTriggerIds="" teleportId="" battleRoundsTalkID="" battelEndTalkID="" clickTalkID="" loseTalkID="" armyFlashInfo="" armyId="1407,1408,1409" imgid="330"/>
  <abyss_enemyanchor id="1404" tempName="推进城上_快刀螳螂4" armyName="Bọ ngựa kiếm" armyLevel="130" armyIcon="headbig/big_tjctanglang.png" armyTalk1="Chiu chiu chiu chiu——" armyTalk2="Tốc độ kiếm hôm nay đủ nhanh rồi!" armyTalk3="Này, các ngươi, giẫm lên chân ta rồi!" victoryInfo="Đánh bại các đội quân" roomId="132" copyId="400014" armiesBefore="1403" appearedAfterDefeat="1403" canAttackAfterDefeatMe="" becomeAfterDefeatMe="" nextArmyId="" appearedAfterAttack="" disappearedAfterDefeat="1" defeatTriggerIds="" teleportId="111" battleRoundsTalkID="" battelEndTalkID="" clickTalkID="" loseTalkID="" armyFlashInfo="" armyId="1410,1411,1412" imgid="331"/>
  <abyss_enemyanchor id="1405" tempName="推进城上_鸡蛇5" armyName="Basilisk" armyLevel="130" armyIcon="headbig/big_tjcjishe.png" armyTalk1="Khà khà, mau nhìn vào mắt ta!" armyTalk2="Cách cái đuôi của ta xa 1 chút!" armyTalk3="Vù vù vù vù..." victoryInfo="Đánh bại các đội quân" roomId="134" copyId="400014" armiesBefore="" appearedAfterDefeat="" canAttackAfterDefeatMe="1406" becomeAfterDefeatMe="" nextArmyId="1406" appearedAfterAttack="" disappearedAfterDefeat="1" defeatTriggerIds="" teleportId="" battleRoundsTalkID="" battelEndTalkID="" clickTalkID="" loseTalkID="" armyFlashInfo="" armyId="1413,1414,1415" imgid="332"/>
  <abyss_enemyanchor id="1406" tempName="推进城上_汉尼拔6" armyName="Hannyabal" armyLevel="130" armyIcon="headbig/big_hanniba.png" armyTalk1="Phạm nhân đều chạy ra ngoài rồi" armyTalk2="Đây là đại căn cứ của địa ngục, bất cứ ai cũng đừng hòng thông qua." armyTalk3="Rốt cục ta...còn có thể lên làm Tổng tư lệnh không?" victoryInfo="Đánh bại các đội quân" roomId="134" copyId="400014" armiesBefore="1405" appearedAfterDefeat="1405" canAttackAfterDefeatMe="" becomeAfterDefeatMe="" nextArmyId="" appearedAfterAttack="" disappearedAfterDefeat="1" defeatTriggerIds="" teleportId="" battleRoundsTalkID="" battelEndTalkID="" clickTalkID="" loseTalkID="" armyFlashInfo="" armyId="1416,1417,1418" imgid="333"/>
  <abyss_enemyanchor id="1501" tempName="推进城中_守关精英1" armyName="B.vệ Impel Down trung t.anh" armyLevel="135" armyIcon="headbig/big_tjcnvtewu.png" armyTalk1="Căn, căn bản không thể đối kháng bọn chúng." armyTalk2="Nói từ các loại ý nghĩa thì ko gì có thể ngăn chặn được." armyTalk3="Phải kiên trì đến khi viện quân đến!" victoryInfo="Đánh bại các đội quân" roomId="141" copyId="400015" armiesBefore="" appearedAfterDefeat="" canAttackAfterDefeatMe="1502" becomeAfterDefeatMe="" nextArmyId="1502" appearedAfterAttack="" disappearedAfterDefeat="1" defeatTriggerIds="" teleportId="" battleRoundsTalkID="" battelEndTalkID="" clickTalkID="" loseTalkID="" armyFlashInfo="" armyId="1501,1502,1503" imgid="326"/>
  <abyss_enemyanchor id="1502" tempName="推进城中_守关精英2" armyName="B.vệ Impel Down trung t.anh" armyLevel="135" armyIcon="headbig/big_tjcjufu.png" armyTalk1="Sao lại có người muốn đến cái nơi quỷ quái này chứ." armyTalk2="Nếu như đi 1 vòng trong Impel Down, thì sẽ cảm nhận được bốn mùa rồi." armyTalk3="Nếu như không cẩn thận, thì sẽ bị biến thành dung nham luôn đấy." victoryInfo="Đánh bại các đội quân" roomId="141" copyId="400015" armiesBefore="1501" appearedAfterDefeat="1501" canAttackAfterDefeatMe="" becomeAfterDefeatMe="" nextArmyId="" appearedAfterAttack="" disappearedAfterDefeat="1" defeatTriggerIds="" teleportId="115" battleRoundsTalkID="" battelEndTalkID="" clickTalkID="" loseTalkID="" armyFlashInfo="" armyId="1504,1505,1506" imgid="328"/>
  <abyss_enemyanchor id="1503" tempName="推进城中_狮身人面兽3" armyName="Sư tử mặt người" armyLevel="135" armyIcon="headbig/big_tjcshishenrms.png" armyTalk1="Mì thịt, mì cay, mì đập chai." armyTalk2="Mì kéo miso, mì kéo mặn, mì kéo xì dầu." armyTalk3="Mì ống. Mì soba thưởng nguyệt. Mì soba cáo. Mì udon cà ri." victoryInfo="Đánh bại các đội quân" roomId="142" copyId="400015" armiesBefore="" appearedAfterDefeat="" canAttackAfterDefeatMe="1504" becomeAfterDefeatMe="" nextArmyId="1504" appearedAfterAttack="" disappearedAfterDefeat="1" defeatTriggerIds="" teleportId="" battleRoundsTalkID="" battelEndTalkID="" clickTalkID="" loseTalkID="" armyFlashInfo="" armyId="1507,1508,1509" imgid="334"/>
  <abyss_enemyanchor id="1504" tempName="推进城中_萨鲁戴斯" armyName="Saldeath" armyLevel="135" armyIcon="headbig/big_houzi.png" armyTalk1="Ta không phải là khỉ, mà là Saldeath là Saldeath!" armyTalk2=" A ha, chúng trúng kế rồi!" armyTalk3="Các ngươi sắp rơi vào bẫy của ta rồi." victoryInfo="Đánh bại các đội quân" roomId="142" copyId="400015" armiesBefore="1503" appearedAfterDefeat="1503" canAttackAfterDefeatMe="" becomeAfterDefeatMe="" nextArmyId="" appearedAfterAttack="" disappearedAfterDefeat="1" defeatTriggerIds="" teleportId="117" battleRoundsTalkID="" battelEndTalkID="" clickTalkID="" loseTalkID="" armyFlashInfo="" armyId="1510,1511,1512" imgid="335"/>
  <abyss_enemyanchor id="1505" tempName="推进城中_人妖王伊娃" armyName="Nữ hoàng Iva" armyLevel="135" armyIcon="headbig/big_renyaowang.png" armyTalk1="Đúng là chuyện ta ta làm. Kama! " armyTalk2="Tiếp nhận Death Wink của ta đi!" armyTalk3="Chuẩn bị sẵn sàng để biến thành con người mới chưa." victoryInfo="Đánh bại các đội quân" roomId="144" copyId="400015" armiesBefore="" appearedAfterDefeat="" canAttackAfterDefeatMe="1506" becomeAfterDefeatMe="" nextArmyId="1506" appearedAfterAttack="" disappearedAfterDefeat="1" defeatTriggerIds="" teleportId="" battleRoundsTalkID="" battelEndTalkID="" clickTalkID="" loseTalkID="" armyFlashInfo="" armyId="1513,1514,1515" imgid="336"/>
  <abyss_enemyanchor id="1506" tempName="推进城中_雨之希留" armyName="Shiliew" armyLevel="135" armyIcon="headbig/big_yzxiliu.png" armyTalk1="Địch có 5 người sao." armyTalk2="Đúng là đám vô dụng, lại có thể để cho chúng xông vào tận đây." armyTalk3="" victoryInfo="Đánh bại các đội quân" roomId="144" copyId="400015" armiesBefore="1505" appearedAfterDefeat="1505" canAttackAfterDefeatMe="" becomeAfterDefeatMe="" nextArmyId="" appearedAfterAttack="" disappearedAfterDefeat="1" defeatTriggerIds="" teleportId="" battleRoundsTalkID="" battelEndTalkID="" clickTalkID="" loseTalkID="" armyFlashInfo="" armyId="1516,1517,1518" imgid="337"/>
  <abyss_enemyanchor id="1601" tempName="推进城下_守关精英1" armyName="B.vệ Impel Down hạ t.anh" armyLevel="140" armyIcon="headbig/big_tjcnvtewu.png" armyTalk1="Muốn nếm thử mùi vị roi của ta sao?" armyTalk2="Ngươi có thể gọi ta là Nữ Hoàng." armyTalk3="Tiếng hét có thể khiến ta vui vẻ." victoryInfo="Đánh bại các đội quân" roomId="151" copyId="400016" armiesBefore="" appearedAfterDefeat="" canAttackAfterDefeatMe="1602" becomeAfterDefeatMe="" nextArmyId="1602" appearedAfterAttack="" disappearedAfterDefeat="1" defeatTriggerIds="" teleportId="" battleRoundsTalkID="" battelEndTalkID="" clickTalkID="" loseTalkID="" armyFlashInfo="" armyId="1601,1602,1603" imgid="326"/>
  <abyss_enemyanchor id="1602" tempName="推进城下_守关精英2" armyName="B.vệ Impel Down hạ t.anh" armyLevel="140" armyIcon="headbig/big_tjcjufu.png" armyTalk1="Rất muốn chẻ ngươi thành 2 phần." armyTalk2="Không khí ở đây khiến người ta say đắm." armyTalk3="Ở đây ta có thể đánh người tùy ý." victoryInfo="Đánh bại các đội quân" roomId="151" copyId="400016" armiesBefore="1601" appearedAfterDefeat="1601" canAttackAfterDefeatMe="" becomeAfterDefeatMe="" nextArmyId="" appearedAfterAttack="" disappearedAfterDefeat="1" defeatTriggerIds="" teleportId="121" battleRoundsTalkID="" battelEndTalkID="" clickTalkID="" loseTalkID="" armyFlashInfo="" armyId="1604,1605,1606" imgid="328"/>
  <abyss_enemyanchor id="1603" tempName="推进城下_弥诺考拉" armyName="Minokoala" armyLevel="140" armyIcon="headbig/big_wuweixiong.png" armyTalk1="Nước mũi của ta chảy ra rồi." armyTalk2="Giúp ta lau nước mũi nào." armyTalk3="Quần áo của ngươi không tồi, dưa cho ta lau nước mũi nào." victoryInfo="Đánh bại các đội quân" roomId="152" copyId="400016" armiesBefore="" appearedAfterDefeat="" canAttackAfterDefeatMe="1604" becomeAfterDefeatMe="" nextArmyId="1604" appearedAfterAttack="" disappearedAfterDefeat="1" defeatTriggerIds="" teleportId="" battleRoundsTalkID="" battelEndTalkID="" clickTalkID="" loseTalkID="" armyFlashInfo="" armyId="1607,1608,1609" imgid="338"/>
  <abyss_enemyanchor id="1604" tempName="推进城下_小萨蒂" armyName="Sadie-chan" armyLevel="140" armyIcon="headbig/big_xiaosadi.png" armyTalk1="Mau hét to cho ta nghe, mau lên!" armyTalk2="Không khí tĩnh mịch, thực sự thích quá đi." armyTalk3="Màu hồng lấp lánh thật đẹp!" victoryInfo="Đánh bại các đội quân" roomId="152" copyId="400016" armiesBefore="1603" appearedAfterDefeat="1603" canAttackAfterDefeatMe="" becomeAfterDefeatMe="" nextArmyId="" appearedAfterAttack="" disappearedAfterDefeat="1" defeatTriggerIds="" teleportId="123" battleRoundsTalkID="" battelEndTalkID="" clickTalkID="" loseTalkID="" armyFlashInfo="" armyId="1610,1611,1612" imgid="339"/>
  <abyss_enemyanchor id="1605" tempName="推进城下_麦哲伦" armyName="Magellan" armyLevel="140" armyIcon="headbig/big_maizhelun.png" armyTalk1="Ta lại đau bụng rồi." armyTalk2="Nhà vệ sinh ở đâu?" armyTalk3="Hít một hơi, các ngươi sẽ bị trúng độc chết." victoryInfo="Đánh bại các đội quân" roomId="154" copyId="400016" armiesBefore="" appearedAfterDefeat="" canAttackAfterDefeatMe="1606" becomeAfterDefeatMe="" nextArmyId="1606" appearedAfterAttack="" disappearedAfterDefeat="1" defeatTriggerIds="" teleportId="" battleRoundsTalkID="" battelEndTalkID="" clickTalkID="" loseTalkID="" armyFlashInfo="" armyId="1613,1614,1615" imgid="340"/>
  <abyss_enemyanchor id="1606" tempName="推进城下_巨兵麦哲伦" armyName="Magellan cự binh" armyLevel="140" armyIcon="headbig/big_jubingmaizhelun.png" armyTalk1="Nếm thử Hydra của ta đi." armyTalk2="Tới gần ta, ngươi sẽ trúng độc mà chết." armyTalk3="Khí mà ta thở ra là khí độc." victoryInfo="Đánh bại các đội quân" roomId="154" copyId="400016" armiesBefore="1605" appearedAfterDefeat="1605" canAttackAfterDefeatMe="" becomeAfterDefeatMe="" nextArmyId="" appearedAfterAttack="" disappearedAfterDefeat="1" defeatTriggerIds="" teleportId="" battleRoundsTalkID="" battelEndTalkID="" clickTalkID="" loseTalkID="" armyFlashInfo="" armyId="1616,1617,1618" imgid="341"/>
  <abyss_enemyanchor id="1701" tempName="顶上战场上_守关精英1" armyName="B.vệ Trận chiến Marineford thượng t.anh" armyLevel="145" armyIcon="headbig/big_hjyuansushi.png" armyTalk1="Ta nhận được lệnh, phải canh giữ chỗ này." armyTalk2="Đến đánh ta đi, đến đây nào!" armyTalk3="Chúng ta nhiều người, có thể dùng chiến thuật biển người." victoryInfo="Đánh bại các đội quân" roomId="161" copyId="400017" armiesBefore="" appearedAfterDefeat="" canAttackAfterDefeatMe="1702" becomeAfterDefeatMe="" nextArmyId="1702" appearedAfterAttack="" disappearedAfterDefeat="1" defeatTriggerIds="" teleportId="" battleRoundsTalkID="" battelEndTalkID="" clickTalkID="" loseTalkID="" armyFlashInfo="" armyId="1701,1702,1703" imgid="227"/>
  <abyss_enemyanchor id="1702" tempName="顶上战场上_守关精英2" armyName="B.vệ Trận chiến Marineford thượng t.anh" armyLevel="145" armyIcon="headbig/big_hjyuansushi.png" armyTalk1="Lại có thể dám đến nơi này, ngươi không sợ chết hay là muốn chết?" armyTalk2="Muốn đánh thì qua đây, ta bảo đảm không dánh chết ngươi." armyTalk3="Ở đây là Trụ sở Hải quân đấy!" victoryInfo="Đánh bại các đội quân" roomId="161" copyId="400017" armiesBefore="1701" appearedAfterDefeat="1701" canAttackAfterDefeatMe="" becomeAfterDefeatMe="" nextArmyId="" appearedAfterAttack="" disappearedAfterDefeat="1" defeatTriggerIds="" teleportId="127" battleRoundsTalkID="" battelEndTalkID="" clickTalkID="" loseTalkID="" armyFlashInfo="" armyId="1704,1705,1706" imgid="227"/>
  <abyss_enemyanchor id="1703" tempName="顶上战场上_斯摩格3" armyName="Smoker" armyLevel="145" armyIcon="headbig/big_10014.png" armyTalk1="Sương mù làm ta không châm lửa được." armyTalk2="Mệnh lệnh của ngươi, ta nhận rồi." armyTalk3="Cuối cùng đã để cho ta gặp lại ngươi rồi." victoryInfo="Đánh bại các đội quân" roomId="162" copyId="400017" armiesBefore="" appearedAfterDefeat="" canAttackAfterDefeatMe="1704" becomeAfterDefeatMe="" nextArmyId="1704" appearedAfterAttack="" disappearedAfterDefeat="1" defeatTriggerIds="" teleportId="" battleRoundsTalkID="" battelEndTalkID="" clickTalkID="" loseTalkID="" armyFlashInfo="" armyId="1707,1708,1709" imgid="242"/>
  <abyss_enemyanchor id="1704" tempName="顶上战场上_隆兹4" armyName="Ronse" armyLevel="145" armyIcon="headbig/big_longzi.png" armyTalk1="Ngươi gặp tộc khổng lồ bao giờ chưa?" armyTalk2="Ta là tộc người khổng lồ, và còn là trung tướng." armyTalk3="Tên tiểu quỷ, ngươi nghĩ rằng có thể thắng ta sao?" victoryInfo="Đánh bại các đội quân" roomId="162" copyId="400017" armiesBefore="1703" appearedAfterDefeat="1703" canAttackAfterDefeatMe="" becomeAfterDefeatMe="" nextArmyId="" appearedAfterAttack="" disappearedAfterDefeat="1" defeatTriggerIds="" teleportId="129" battleRoundsTalkID="" battelEndTalkID="" clickTalkID="" loseTalkID="" armyFlashInfo="" armyId="1710,1711,1712" imgid="345"/>
  <abyss_enemyanchor id="1705" tempName="顶上战场上_艾恩贝斯5" armyName="Eion Baise" armyLevel="145" armyIcon="headbig/big_aienbeisi.png" armyTalk1="Trung tướng khổng lồ Eion Baise đã đến!" armyTalk2="Chiến trường không tình nghĩa, ngươi còn không mau cút đi." armyTalk3="Người mới bây giờ sao có thể không cần mạng như vậy." victoryInfo="Đánh bại các đội quân" roomId="164" copyId="400017" armiesBefore="" appearedAfterDefeat="" canAttackAfterDefeatMe="1706" becomeAfterDefeatMe="" nextArmyId="1706" appearedAfterAttack="" disappearedAfterDefeat="1" defeatTriggerIds="" teleportId="" battleRoundsTalkID="" battelEndTalkID="" clickTalkID="" loseTalkID="" armyFlashInfo="" armyId="1713,1714,1715" imgid="346"/>
  <abyss_enemyanchor id="1706" tempName="顶上战场上_拉客瓦尔6" armyName="Lacroix" armyLevel="145" armyIcon="headbig/big_lakewaer.png" armyTalk1="Ta là tay kiếm khổng lồ, chỉ một nhát là sẽ chia ngươi thành nhiều mảnh." armyTalk2="Muốn dùng vũ khi ngăn sự tấn công của ta sao?" armyTalk3="Sự khổng lồ của ta không phải là ăn chay đâu." victoryInfo="Đánh bại các đội quân" roomId="164" copyId="400017" armiesBefore="1705" appearedAfterDefeat="1705" canAttackAfterDefeatMe="" becomeAfterDefeatMe="" nextArmyId="" appearedAfterAttack="" disappearedAfterDefeat="1" defeatTriggerIds="" teleportId="" battleRoundsTalkID="" battelEndTalkID="" clickTalkID="" loseTalkID="" armyFlashInfo="" armyId="1716,1717,1718" imgid="347"/>
  <abyss_enemyanchor id="1801" tempName="顶上战场中_守关精英1" armyName="B.vệ Trận chiến Marineford trung t.anh" armyLevel="150" armyIcon="headbig/big_hjyuansushi.png" armyTalk1="Để các ngươi qua được đây, thì ta không có thưởng tết rồi." armyTalk2="Vì thưởng cuối năm ta phải cố thủ ở đây." armyTalk3="Muốn đánh bại ta không dễ đâu đấy." victoryInfo="Đánh bại các đội quân" roomId="171" copyId="400018" armiesBefore="" appearedAfterDefeat="" canAttackAfterDefeatMe="1802" becomeAfterDefeatMe="" nextArmyId="1802" appearedAfterAttack="" disappearedAfterDefeat="1" defeatTriggerIds="" teleportId="" battleRoundsTalkID="" battelEndTalkID="" clickTalkID="" loseTalkID="" armyFlashInfo="" armyId="1801,1802,1803" imgid="227"/>
  <abyss_enemyanchor id="1802" tempName="顶上战场中_守关精英2" armyName="B.vệ Trận chiến Marineford trung t.anh" armyLevel="150" armyIcon="headbig/big_hjyuansushi.png" armyTalk1="Ngày mai ta nghỉ, các ngươi ngày mai hãy đến nhé." armyTalk2="Tối qua ta lén mặc váy rồi." armyTalk3="Ta muốn ăn cơm nắm!" victoryInfo="Đánh bại các đội quân" roomId="171" copyId="400018" armiesBefore="1801" appearedAfterDefeat="1801" canAttackAfterDefeatMe="" becomeAfterDefeatMe="" nextArmyId="" appearedAfterAttack="" disappearedAfterDefeat="1" defeatTriggerIds="" teleportId="133" battleRoundsTalkID="" battelEndTalkID="" clickTalkID="" loseTalkID="" armyFlashInfo="" armyId="1804,1805,1806" imgid="227"/>
  <abyss_enemyanchor id="1803" tempName="顶上战场中_达斯琪3" armyName="Tashigi" armyLevel="150" armyIcon="headbig/big_10013.png" armyTalk1="Nếu đã không cam tâm, thì phải trở nên mạnh hơn nữa cho ta!" armyTalk2="Đây căn bản không phải là chân lý chính nghĩa của ta!" armyTalk3="Ta luôn sống theo cách của mình!" victoryInfo="Đánh bại các đội quân" roomId="172" copyId="400018" armiesBefore="" appearedAfterDefeat="" canAttackAfterDefeatMe="1804" becomeAfterDefeatMe="" nextArmyId="1804" appearedAfterAttack="" disappearedAfterDefeat="1" defeatTriggerIds="" teleportId="" battleRoundsTalkID="" battelEndTalkID="" clickTalkID="" loseTalkID="" armyFlashInfo="" armyId="1807,1808,1809" imgid="241"/>
  <abyss_enemyanchor id="1804" tempName="顶上战场中_吉安塔斯4" armyName="Giantas" armyLevel="150" armyIcon="headbig/big_jiantasi.png" armyTalk1="Trong tộc Người khổng lồ ta là người đẹp dạng nhảy cao." armyTalk2="Ta chưa từng mặc váy, bởi vì sẽ lộ hàng." armyTalk3="Ta chưa từng trang điểm, vì một lần là phải dùng cả 1 hộp phấn nền." victoryInfo="Đánh bại các đội quân" roomId="172" copyId="400018" armiesBefore="1803" appearedAfterDefeat="1803" canAttackAfterDefeatMe="" becomeAfterDefeatMe="" nextArmyId="" appearedAfterAttack="" disappearedAfterDefeat="1" defeatTriggerIds="" teleportId="135" battleRoundsTalkID="" battelEndTalkID="" clickTalkID="" loseTalkID="" armyFlashInfo="" armyId="1810,1811,1812" imgid="383"/>
  <abyss_enemyanchor id="1805" tempName="顶上战场中_黑牢蒂娜5" armyName="Hina Ngục Tối" armyLevel="150" armyIcon="headbig/big_heilaodina.png" armyTalk1="Có muốn 1 điếu thuốc không?" armyTalk2="Ta không thích xì gà." armyTalk3="Thuốc ta hút là thuốc dành cho phụ nữ." victoryInfo="Đánh bại các đội quân" roomId="174" copyId="400018" armiesBefore="" appearedAfterDefeat="" canAttackAfterDefeatMe="1806" becomeAfterDefeatMe="" nextArmyId="1806" appearedAfterAttack="" disappearedAfterDefeat="1" defeatTriggerIds="" teleportId="" battleRoundsTalkID="" battelEndTalkID="" clickTalkID="" loseTalkID="" armyFlashInfo="" armyId="1813,1814,1815" imgid="384"/>
  <abyss_enemyanchor id="1806" tempName="顶上战场中_青雉6" armyName="Aokiji" armyLevel="150" armyIcon="headbig/big_10020.png" armyTalk1="Ta mời ngươi ăn đá bào nhé." armyTalk2="Ngươi thích tuyết hay là băng?" armyTalk3="Muốn uống nước có gas không?" victoryInfo="Đánh bại các đội quân" roomId="174" copyId="400018" armiesBefore="1805" appearedAfterDefeat="1805" canAttackAfterDefeatMe="" becomeAfterDefeatMe="" nextArmyId="" appearedAfterAttack="" disappearedAfterDefeat="1" defeatTriggerIds="" teleportId="" battleRoundsTalkID="" battelEndTalkID="" clickTalkID="" loseTalkID="" armyFlashInfo="" armyId="1816,1817,1818" imgid="385"/>
  <abyss_enemyanchor id="1901" tempName="顶上战场下_守关精英1" armyName="B.vệ Trận chiến Marineford hạ t.anh" armyLevel="155" armyIcon="headbig/big_hjyuansushi.png" armyTalk1="Lạnh quá, mùa đông đến rồi sao?" armyTalk2="Ngươi uống trà sữa bao giờ chưa?" armyTalk3="Ta muốn ăn cơm nắm ngọt." victoryInfo="Đánh bại các đội quân" roomId="181" copyId="400019" armiesBefore="" appearedAfterDefeat="" canAttackAfterDefeatMe="1902" becomeAfterDefeatMe="" nextArmyId="1902" appearedAfterAttack="" disappearedAfterDefeat="1" defeatTriggerIds="" teleportId="" battleRoundsTalkID="" battelEndTalkID="" clickTalkID="" loseTalkID="" armyFlashInfo="" armyId="1901,1902,1903" imgid="227"/>
  <abyss_enemyanchor id="1902" tempName="顶上战场下_守关精英2" armyName="B.vệ Trận chiến Marineford hạ t.anh" armyLevel="155" armyIcon="headbig/big_hjyuansushi.png" armyTalk1="Một ngày ta có thể ăn 7 quả trứng gà!" armyTalk2="Trứng sống ta cũng dám ăn, còn ngươi?" armyTalk3="Cơ bắp của ta không phải là giấc mơ." victoryInfo="Đánh bại các đội quân" roomId="181" copyId="400019" armiesBefore="1901" appearedAfterDefeat="1901" canAttackAfterDefeatMe="" becomeAfterDefeatMe="" nextArmyId="" appearedAfterAttack="" disappearedAfterDefeat="1" defeatTriggerIds="" teleportId="139" battleRoundsTalkID="" battelEndTalkID="" clickTalkID="" loseTalkID="" armyFlashInfo="" armyId="1904,1905,1906" imgid="227"/>
  <abyss_enemyanchor id="1903" tempName="顶上战场下_战桃丸3" armyName="Sentomaru" armyLevel="155" armyIcon="headbig/big_zhantaowan.png" armyTalk1="Ta là người đàn ông kín miệng nhất thế giới!" armyTalk2="Lực phòng ngự mạnh nhất thế giới chính là ta đây." armyTalk3="Ta không nói cho ngươi biết đâu……" victoryInfo="Đánh bại các đội quân" roomId="182" copyId="400019" armiesBefore="" appearedAfterDefeat="" canAttackAfterDefeatMe="1904" becomeAfterDefeatMe="" nextArmyId="1904" appearedAfterAttack="" disappearedAfterDefeat="1" defeatTriggerIds="" teleportId="" battleRoundsTalkID="" battelEndTalkID="" clickTalkID="" loseTalkID="" armyFlashInfo="" armyId="1907,1908,1909" imgid="302"/>
  <abyss_enemyanchor id="1904" tempName="顶上战场下_克比4" armyName="Koby" armyLevel="155" armyIcon="headbig/big_kebi.png" armyTalk1="Mỗi 1 binh sĩ đều có người nhà đang đợi hắn trở về." armyTalk2="Ta nhất định sẽ làm Đại tướng hải quân!" armyTalk3="Chúng ta đã đạt được mục đích rồi." victoryInfo="Đánh bại các đội quân" roomId="182" copyId="400019" armiesBefore="1903" appearedAfterDefeat="1903" canAttackAfterDefeatMe="" becomeAfterDefeatMe="" nextArmyId="" appearedAfterAttack="" disappearedAfterDefeat="1" defeatTriggerIds="" teleportId="141" battleRoundsTalkID="" battelEndTalkID="" clickTalkID="" loseTalkID="" armyFlashInfo="" armyId="1910,1911,1912" imgid="386"/>
  <abyss_enemyanchor id="1905" tempName="顶上战场下_黄猿5" armyName="Khỉ vàng" armyLevel="155" armyIcon="headbig/big_huangyuan.png" armyTalk1="Ngươi còn nhanh hơn ánh sáng sao?" armyTalk2="Trẻ như vậy, thật đáng sợ đấy……" armyTalk3="Ngươi biết không, ánh sáng không thể bị lạnh được." victoryInfo="Đánh bại các đội quân" roomId="184" copyId="400019" armiesBefore="" appearedAfterDefeat="" canAttackAfterDefeatMe="1906" becomeAfterDefeatMe="" nextArmyId="1906" appearedAfterAttack="" disappearedAfterDefeat="1" defeatTriggerIds="" teleportId="" battleRoundsTalkID="" battelEndTalkID="" clickTalkID="" loseTalkID="" armyFlashInfo="" armyId="1913,1914,1915" imgid="301"/>
  <abyss_enemyanchor id="1906" tempName="顶上战场下_赤犬6" armyName="Akainu" armyLevel="155" armyIcon="headbig/big_chiquan.png" armyTalk1="Thích tang lễ trang trọng sao?" armyTalk2="Là con người mà không đi theo chính đạo, thì không có giá trị gì cả." armyTalk3="Công lý là tuyệt đối!" victoryInfo="Đánh bại các đội quân" roomId="184" copyId="400019" armiesBefore="1905" appearedAfterDefeat="1905" canAttackAfterDefeatMe="" becomeAfterDefeatMe="" nextArmyId="" appearedAfterAttack="" disappearedAfterDefeat="1" defeatTriggerIds="" teleportId="" battleRoundsTalkID="" battelEndTalkID="" clickTalkID="" loseTalkID="" armyFlashInfo="" armyId="1916,1917,1918" imgid="387"/>
  <abyss_enemyanchor id="2001" tempName="试炼岛上_彩色巨鸟1" armyName="Chim khổng lồ" armyLevel="160" armyIcon="headbig/big_caisejuniao.png" armyTalk1="Wa wa…wa wa wa (Ta đang nới, nhưng ngươi không hiểu)" armyTalk2="Wa wa…wa wa wa ( Hôm nay sẽ mưa sao?)" armyTalk3="Wa wa…wa wa wa (Bụng ta đói rồi)" victoryInfo="Đánh bại các đội quân" roomId="191" copyId="400020" armiesBefore="" appearedAfterDefeat="" canAttackAfterDefeatMe="2002" becomeAfterDefeatMe="" nextArmyId="2002" appearedAfterAttack="" disappearedAfterDefeat="1" defeatTriggerIds="" teleportId="" battleRoundsTalkID="" battelEndTalkID="" clickTalkID="" loseTalkID="" armyFlashInfo="" armyId="2001,2002,2003" imgid="389"/>
  <abyss_enemyanchor id="2002" tempName="试炼岛上_独角仙2" armyName="Bọ cánh cứng" armyLevel="160" armyIcon="headbig/big_dujiaoxian.png" armyTalk1="…………(Ta im lặng, bởi vì ta cao quý trang nhã)" armyTalk2="…………(Ta là ước mơ của những chàng trai)" armyTalk3="…………(Sừng của ta đẹp không)" victoryInfo="Đánh bại các đội quân" roomId="191" copyId="400020" armiesBefore="2001" appearedAfterDefeat="2001" canAttackAfterDefeatMe="" becomeAfterDefeatMe="" nextArmyId="" appearedAfterAttack="" disappearedAfterDefeat="1" defeatTriggerIds="" teleportId="145" battleRoundsTalkID="" battelEndTalkID="" clickTalkID="" loseTalkID="" armyFlashInfo="" armyId="2004,2005,2006" imgid="390"/>
  <abyss_enemyanchor id="2003" tempName="试炼岛上_赫拉克勒斯3" armyName="Heracles" armyLevel="160" armyIcon="headbig/big_helakelesi.png" armyTalk1="Ta là Dũng sĩ Rừng xanh!" armyTalk2="Rừng xanh do ta bảo vệ." armyTalk3="Đừng ăn nhiều quá, béo rồi sẽ bị ăn thịt đấy." victoryInfo="Đánh bại các đội quân" roomId="192" copyId="400020" armiesBefore="" appearedAfterDefeat="" canAttackAfterDefeatMe="2004" becomeAfterDefeatMe="" nextArmyId="2004" appearedAfterAttack="" disappearedAfterDefeat="1" defeatTriggerIds="" teleportId="" battleRoundsTalkID="" battelEndTalkID="" clickTalkID="" loseTalkID="" armyFlashInfo="" armyId="2007,2008,2009" imgid="374"/>
  <abyss_enemyanchor id="2004" tempName="试炼岛上_哈雷达4" armyName="Haredas" armyLevel="160" armyIcon="headbig/big_haleida.png" armyTalk1="Ông già như ta không có khái niệm đối với tiền bạc." armyTalk2="Cho ta 1 Beri và 1 trăm triệu Beri thì cũng như nhau thế thôi." armyTalk3="Muốn biết cái gì là Long Quyển Phong không?" victoryInfo="Đánh bại các đội quân" roomId="192" copyId="400020" armiesBefore="2003" appearedAfterDefeat="2003" canAttackAfterDefeatMe="" becomeAfterDefeatMe="" nextArmyId="" appearedAfterAttack="" disappearedAfterDefeat="1" defeatTriggerIds="" teleportId="147" battleRoundsTalkID="" battelEndTalkID="" clickTalkID="" loseTalkID="" armyFlashInfo="" armyId="2010,2011,2012" imgid="373"/>
  <abyss_enemyanchor id="2005" tempName="试炼岛上_妮可罗宾5" armyName="Nico Robin" armyLevel="160" armyIcon="headbig/big_luobinbq.png" armyTalk1="Tequila Wolf thật sự rất rộng lớn." armyTalk2="Ngươi đã nghe qua câu chuyện của Quân cách mạng chưa?" armyTalk3="Ta không thích đất nước này." victoryInfo="Đánh bại các đội quân" roomId="194" copyId="400020" armiesBefore="" appearedAfterDefeat="" canAttackAfterDefeatMe="2006" becomeAfterDefeatMe="" nextArmyId="2006" appearedAfterAttack="" disappearedAfterDefeat="1" defeatTriggerIds="" teleportId="" battleRoundsTalkID="" battelEndTalkID="" clickTalkID="" loseTalkID="" armyFlashInfo="" armyId="2013,2014,2015" imgid="377"/>
  <abyss_enemyanchor id="2006" tempName="试炼岛上_鹰眼6" armyName="Mihawk" armyLevel="160" armyIcon="headbig/big_10018.png" armyTalk1="ở đây có lâu đài của ta." armyTalk2="Muốn một ly rượu vang không?" armyTalk3="Những cái này đều là ngươi thử luyện." victoryInfo="Đánh bại các đội quân" roomId="194" copyId="400020" armiesBefore="2005" appearedAfterDefeat="2005" canAttackAfterDefeatMe="" becomeAfterDefeatMe="" nextArmyId="" appearedAfterAttack="" disappearedAfterDefeat="1" defeatTriggerIds="" teleportId="" battleRoundsTalkID="" battelEndTalkID="" clickTalkID="" loseTalkID="" armyFlashInfo="" armyId="2016,2017,2018" imgid="348"/>
  <abyss_enemyanchor id="2101" tempName="试炼岛下_基冬1" armyName="Kitton" armyLevel="165" armyIcon="headbig/big_weilaiguonantong.png" armyTalk1="Chúng ta cùng nhảy điệu biến thái nào." armyTalk2="Nhảy múa sẽ không lạnh nữa." armyTalk3="Ta không quen người tên là Franky." victoryInfo="Đánh bại các đội quân" roomId="201" copyId="400021" armiesBefore="" appearedAfterDefeat="" canAttackAfterDefeatMe="2102" becomeAfterDefeatMe="" nextArmyId="2102" appearedAfterAttack="" disappearedAfterDefeat="1" defeatTriggerIds="" teleportId="" battleRoundsTalkID="" battelEndTalkID="" clickTalkID="" loseTalkID="" armyFlashInfo="" armyId="2101,2102,2103" imgid="391"/>
  <abyss_enemyanchor id="2102" tempName="试炼岛下_机械猩猩2" armyName="Tinh tinh máy" armyLevel="165" armyIcon="headbig/big_jixiexingxing.png" armyTalk1="Đừng cho rằng ta là Tinh Tinh thì không biết nói." armyTalk2="Ta là hotboy trong đám Tinh Tinh." armyTalk3="Ta là Tinh Tinh đã được cải tạo qua." victoryInfo="Đánh bại các đội quân" roomId="201" copyId="400021" armiesBefore="2101" appearedAfterDefeat="2101" canAttackAfterDefeatMe="" becomeAfterDefeatMe="" nextArmyId="" appearedAfterAttack="" disappearedAfterDefeat="1" defeatTriggerIds="" teleportId="151" battleRoundsTalkID="" battelEndTalkID="" clickTalkID="" loseTalkID="" armyFlashInfo="" armyId="2104,2105,2106" imgid="375"/>
  <abyss_enemyanchor id="2103" tempName="试炼岛下_布鲁克3" armyName="Brook" armyLevel="165" armyIcon="headbig/big_bulukebq.png" armyTalk1="Hãy nghe nhạc của ta." armyTalk2="Hãy lắc lư theo nhạc của ta nhé." armyTalk3="1 2, 2 2, 3 2, cùng nhảy nào." victoryInfo="Đánh bại các đội quân" roomId="202" copyId="400021" armiesBefore="" appearedAfterDefeat="" canAttackAfterDefeatMe="2104" becomeAfterDefeatMe="" nextArmyId="2104" appearedAfterAttack="" disappearedAfterDefeat="1" defeatTriggerIds="" teleportId="" battleRoundsTalkID="" battelEndTalkID="" clickTalkID="" loseTalkID="" armyFlashInfo="" armyId="2107,2108,2109" imgid="392"/>
  <abyss_enemyanchor id="2104" tempName="试炼岛下_玩具版索隆4" armyName="Zoro đồ chơi" armyLevel="165" armyIcon="headbig/big_bengdaisuolong.png" armyTalk1="Đáng ghét, ta bị khống chế rồi." armyTalk2="Vải băng này thì cởi thế nào đây!" armyTalk3="Mau đi đi, nếu không ta sẽ chém ngươi." victoryInfo="Đánh bại các đội quân" roomId="202" copyId="400021" armiesBefore="2103" appearedAfterDefeat="2103" canAttackAfterDefeatMe="" becomeAfterDefeatMe="" nextArmyId="" appearedAfterAttack="" disappearedAfterDefeat="1" defeatTriggerIds="" teleportId="153" battleRoundsTalkID="" battelEndTalkID="" clickTalkID="" loseTalkID="" armyFlashInfo="" armyId="2110,2111,2112" imgid="393"/>
  <abyss_enemyanchor id="2105" tempName="试炼岛下_伊丽莎白5" armyName="Elizabeth" armyLevel="165" armyIcon="headbig/big_xinrenyaoyihao.png" armyTalk1="Yo, hãy trở thành một phần tử của bọn ta nhé." armyTalk2="Anh chàng màu hồng vô cùng đáng yêu!" armyTalk3="Ta mãi mãi có trái tim thiếu nữ." victoryInfo="Đánh bại các đội quân" roomId="204" copyId="400021" armiesBefore="" appearedAfterDefeat="" canAttackAfterDefeatMe="2106" becomeAfterDefeatMe="" nextArmyId="2106" appearedAfterAttack="" disappearedAfterDefeat="1" defeatTriggerIds="" teleportId="" battleRoundsTalkID="" battelEndTalkID="" clickTalkID="" loseTalkID="" armyFlashInfo="" armyId="2113,2114,2115" imgid="376"/>
  <abyss_enemyanchor id="2106" tempName="试炼岛下_雷利6" armyName="Rayleigh" armyLevel="165" armyIcon="headbig/big_leili.png" armyTalk1="Cho ta xem thành quả tu luyện của các ngươi nào." armyTalk2="Mồ hôi rơi sẽ trở thành sức mạnh của bạn." armyTalk3="Chờ đợi sự trưởng thành của ngươi." victoryInfo="Đánh bại các đội quân" roomId="204" copyId="400021" armiesBefore="2105" appearedAfterDefeat="2105" canAttackAfterDefeatMe="" becomeAfterDefeatMe="" nextArmyId="" appearedAfterAttack="" disappearedAfterDefeat="1" defeatTriggerIds="" teleportId="" battleRoundsTalkID="" battelEndTalkID="" clickTalkID="" loseTalkID="" armyFlashInfo="" armyId="2116,2117,2118" imgid="394"/>
</root>