<root>
  <abyss_trigger id="1" elementtype="0" imgid="203" name="Khí tiết" usetype="3" talk1="Bạn chọn tôi nào! Mau chọn tôi nào!" talk2="Đừng chạm vào tôi!" talk3="Ta giấu rất nhiều bảng mua từ năm ngoái…" openByArmyId="" openByKillAllRoomId="" openGetelementId="" openRewardEnergy="" openRewardFightCount="" openAttackAddition="" openDefendAddition="" openIfAllAddtiton="" openIfRoomEvent="1" openRoomEventProbability="10000" openArmyId="" openArmyProbability="" openToomTeleport="" hiddenOnOen="1" roomId="2" decipheringId=""/>
  <abyss_trigger id="2" elementtype="0" imgid="203" name="Khí tiết" usetype="3" talk1="Bạn chọn tôi nào! Mau chọn tôi nào!" talk2="Đừng chạm vào tôi!" talk3="Ta giấu rất nhiều bảng mua từ năm ngoái…" openByArmyId="" openByKillAllRoomId="" openGetelementId="" openRewardEnergy="" openRewardFightCount="" openAttackAddition="" openDefendAddition="" openIfAllAddtiton="" openIfRoomEvent="1" openRoomEventProbability="10000" openArmyId="" openArmyProbability="" openToomTeleport="" hiddenOnOen="1" roomId="13" decipheringId=""/>
  <abyss_trigger id="3" elementtype="0" imgid="203" name="Khí tiết" usetype="3" talk1="Bạn chọn tôi nào! Mau chọn tôi nào!" talk2="Đừng chạm vào tôi!" talk3="Ta giấu rất nhiều bảng mua từ năm ngoái…" openByArmyId="" openByKillAllRoomId="" openGetelementId="" openRewardEnergy="" openRewardFightCount="" openAttackAddition="" openDefendAddition="" openIfAllAddtiton="" openIfRoomEvent="1" openRoomEventProbability="10000" openArmyId="" openArmyProbability="" openToomTeleport="" hiddenOnOen="1" roomId="23" decipheringId=""/>
  <abyss_trigger id="4" elementtype="0" imgid="203" name="Khí tiết" usetype="3" talk1="Bạn chọn tôi nào! Mau chọn tôi nào!" talk2="Đừng chạm vào tôi!" talk3="Ta giấu rất nhiều bảng mua từ năm ngoái…" openByArmyId="" openByKillAllRoomId="" openGetelementId="" openRewardEnergy="" openRewardFightCount="" openAttackAddition="" openDefendAddition="" openIfAllAddtiton="" openIfRoomEvent="1" openRoomEventProbability="10000" openArmyId="" openArmyProbability="" openToomTeleport="" hiddenOnOen="1" roomId="33" decipheringId=""/>
  <abyss_trigger id="5" elementtype="0" imgid="203" name="Khí tiết" usetype="3" talk1="Bạn chọn tôi nào! Mau chọn tôi nào!" talk2="Đừng chạm vào tôi!" talk3="Ta giấu rất nhiều bảng mua từ năm ngoái…" openByArmyId="" openByKillAllRoomId="" openGetelementId="" openRewardEnergy="" openRewardFightCount="" openAttackAddition="" openDefendAddition="" openIfAllAddtiton="" openIfRoomEvent="1" openRoomEventProbability="10000" openArmyId="" openArmyProbability="" openToomTeleport="" hiddenOnOen="1" roomId="43" decipheringId=""/>
  <abyss_trigger id="6" elementtype="0" imgid="203" name="Khí tiết" usetype="3" talk1="Bạn chọn tôi nào! Mau chọn tôi nào!" talk2="Đừng chạm vào tôi!" talk3="Ta giấu rất nhiều bảng mua từ năm ngoái…" openByArmyId="" openByKillAllRoomId="" openGetelementId="" openRewardEnergy="" openRewardFightCount="" openAttackAddition="" openDefendAddition="" openIfAllAddtiton="" openIfRoomEvent="1" openRoomEventProbability="10000" openArmyId="" openArmyProbability="" openToomTeleport="" hiddenOnOen="1" roomId="54" decipheringId=""/>
  <abyss_trigger id="7" elementtype="0" imgid="203" name="Khí tiết" usetype="3" talk1="Bạn chọn tôi nào! Mau chọn tôi nào!" talk2="Đừng chạm vào tôi!" talk3="Ta giấu rất nhiều bảng mua từ năm ngoái…" openByArmyId="" openByKillAllRoomId="" openGetelementId="" openRewardEnergy="" openRewardFightCount="" openAttackAddition="" openDefendAddition="" openIfAllAddtiton="" openIfRoomEvent="1" openRoomEventProbability="10000" openArmyId="" openArmyProbability="" openToomTeleport="" hiddenOnOen="1" roomId="64" decipheringId=""/>
  <abyss_trigger id="8" elementtype="0" imgid="203" name="Khí tiết" usetype="3" talk1="Bạn chọn tôi nào! Mau chọn tôi nào!" talk2="Đừng chạm vào tôi!" talk3="Ta giấu rất nhiều bảng mua từ năm ngoái…" openByArmyId="" openByKillAllRoomId="" openGetelementId="" openRewardEnergy="" openRewardFightCount="" openAttackAddition="" openDefendAddition="" openIfAllAddtiton="" openIfRoomEvent="1" openRoomEventProbability="10000" openArmyId="" openArmyProbability="" openToomTeleport="" hiddenOnOen="1" roomId="72" decipheringId=""/>
  <abyss_trigger id="9" elementtype="0" imgid="203" name="Khí tiết" usetype="3" talk1="Bạn chọn tôi nào! Mau chọn tôi nào!" talk2="Đừng chạm vào tôi!" talk3="Ta giấu rất nhiều bảng mua từ năm ngoái…" openByArmyId="" openByKillAllRoomId="" openGetelementId="" openRewardEnergy="" openRewardFightCount="" openAttackAddition="" openDefendAddition="" openIfAllAddtiton="" openIfRoomEvent="1" openRoomEventProbability="10000" openArmyId="" openArmyProbability="" openToomTeleport="" hiddenOnOen="1" roomId="82" decipheringId=""/>
  <abyss_trigger id="10" elementtype="0" imgid="203" name="Khí tiết" usetype="3" talk1="Bạn chọn tôi nào! Mau chọn tôi nào!" talk2="Đừng chạm vào tôi!" talk3="Ta giấu rất nhiều bảng mua từ năm ngoái…" openByArmyId="" openByKillAllRoomId="" openGetelementId="" openRewardEnergy="" openRewardFightCount="" openAttackAddition="" openDefendAddition="" openIfAllAddtiton="" openIfRoomEvent="1" openRoomEventProbability="10000" openArmyId="" openArmyProbability="" openToomTeleport="" hiddenOnOen="1" roomId="93" decipheringId=""/>
  <abyss_trigger id="11" elementtype="0" imgid="203" name="Khí tiết" usetype="3" talk1="Bạn chọn tôi nào! Mau chọn tôi nào!" talk2="Đừng chạm vào tôi!" talk3="Ta giấu rất nhiều bảng mua từ năm ngoái…" openByArmyId="" openByKillAllRoomId="" openGetelementId="" openRewardEnergy="" openRewardFightCount="" openAttackAddition="" openDefendAddition="" openIfAllAddtiton="" openIfRoomEvent="1" openRoomEventProbability="10000" openArmyId="" openArmyProbability="" openToomTeleport="" hiddenOnOen="1" roomId="103" decipheringId=""/>
  <abyss_trigger id="12" elementtype="0" imgid="203" name="Khí tiết" usetype="3" talk1="Bạn chọn tôi nào! Mau chọn tôi nào!" talk2="Đừng chạm vào tôi!" talk3="Ta giấu rất nhiều bảng mua từ năm ngoái…" openByArmyId="" openByKillAllRoomId="" openGetelementId="" openRewardEnergy="" openRewardFightCount="" openAttackAddition="" openDefendAddition="" openIfAllAddtiton="" openIfRoomEvent="1" openRoomEventProbability="10000" openArmyId="" openArmyProbability="" openToomTeleport="" hiddenOnOen="1" roomId="113" decipheringId=""/>
  <abyss_trigger id="13" elementtype="0" imgid="203" name="Khí tiết" usetype="3" talk1="Bạn chọn tôi nào! Mau chọn tôi nào!" talk2="Đừng chạm vào tôi!" talk3="Ta giấu rất nhiều bảng mua từ năm ngoái…" openByArmyId="" openByKillAllRoomId="" openGetelementId="" openRewardEnergy="" openRewardFightCount="" openAttackAddition="" openDefendAddition="" openIfAllAddtiton="" openIfRoomEvent="1" openRoomEventProbability="10000" openArmyId="" openArmyProbability="" openToomTeleport="" hiddenOnOen="1" roomId="123" decipheringId=""/>
  <abyss_trigger id="14" elementtype="0" imgid="203" name="Khí tiết" usetype="3" talk1="Bạn chọn tôi nào! Mau chọn tôi nào!" talk2="Đừng chạm vào tôi!" talk3="Ta giấu rất nhiều bảng mua từ năm ngoái…" openByArmyId="" openByKillAllRoomId="" openGetelementId="" openRewardEnergy="" openRewardFightCount="" openAttackAddition="" openDefendAddition="" openIfAllAddtiton="" openIfRoomEvent="1" openRoomEventProbability="10000" openArmyId="" openArmyProbability="" openToomTeleport="" hiddenOnOen="1" roomId="133" decipheringId=""/>
  <abyss_trigger id="15" elementtype="0" imgid="203" name="Khí tiết" usetype="3" talk1="Bạn chọn tôi nào! Mau chọn tôi nào!" talk2="Đừng chạm vào tôi!" talk3="Ta giấu rất nhiều bảng mua từ năm ngoái…" openByArmyId="" openByKillAllRoomId="" openGetelementId="" openRewardEnergy="" openRewardFightCount="" openAttackAddition="" openDefendAddition="" openIfAllAddtiton="" openIfRoomEvent="1" openRoomEventProbability="10000" openArmyId="" openArmyProbability="" openToomTeleport="" hiddenOnOen="1" roomId="143" decipheringId=""/>
  <abyss_trigger id="16" elementtype="0" imgid="203" name="Khí tiết" usetype="3" talk1="Bạn chọn tôi nào! Mau chọn tôi nào!" talk2="Đừng chạm vào tôi!" talk3="Ta giấu rất nhiều bảng mua từ năm ngoái…" openByArmyId="" openByKillAllRoomId="" openGetelementId="" openRewardEnergy="" openRewardFightCount="" openAttackAddition="" openDefendAddition="" openIfAllAddtiton="" openIfRoomEvent="1" openRoomEventProbability="10000" openArmyId="" openArmyProbability="" openToomTeleport="" hiddenOnOen="1" roomId="153" decipheringId=""/>
  <abyss_trigger id="17" elementtype="0" imgid="203" name="Khí tiết" usetype="3" talk1="Bạn chọn tôi nào! Mau chọn tôi nào!" talk2="Đừng chạm vào tôi!" talk3="Ta giấu rất nhiều bảng mua từ năm ngoái…" openByArmyId="" openByKillAllRoomId="" openGetelementId="" openRewardEnergy="" openRewardFightCount="" openAttackAddition="" openDefendAddition="" openIfAllAddtiton="" openIfRoomEvent="1" openRoomEventProbability="10000" openArmyId="" openArmyProbability="" openToomTeleport="" hiddenOnOen="1" roomId="163" decipheringId=""/>
  <abyss_trigger id="18" elementtype="0" imgid="203" name="Khí tiết" usetype="3" talk1="Bạn chọn tôi nào! Mau chọn tôi nào!" talk2="Đừng chạm vào tôi!" talk3="Ta giấu rất nhiều bảng mua từ năm ngoái…" openByArmyId="" openByKillAllRoomId="" openGetelementId="" openRewardEnergy="" openRewardFightCount="" openAttackAddition="" openDefendAddition="" openIfAllAddtiton="" openIfRoomEvent="1" openRoomEventProbability="10000" openArmyId="" openArmyProbability="" openToomTeleport="" hiddenOnOen="1" roomId="173" decipheringId=""/>
  <abyss_trigger id="19" elementtype="0" imgid="203" name="Khí tiết" usetype="3" talk1="Bạn chọn tôi nào! Mau chọn tôi nào!" talk2="Đừng chạm vào tôi!" talk3="Ta giấu rất nhiều bảng mua từ năm ngoái…" openByArmyId="" openByKillAllRoomId="" openGetelementId="" openRewardEnergy="" openRewardFightCount="" openAttackAddition="" openDefendAddition="" openIfAllAddtiton="" openIfRoomEvent="1" openRoomEventProbability="10000" openArmyId="" openArmyProbability="" openToomTeleport="" hiddenOnOen="1" roomId="183" decipheringId=""/>
  <abyss_trigger id="20" elementtype="0" imgid="203" name="Khí tiết" usetype="3" talk1="Bạn chọn tôi nào! Mau chọn tôi nào!" talk2="Đừng chạm vào tôi!" talk3="Ta giấu rất nhiều bảng mua từ năm ngoái…" openByArmyId="" openByKillAllRoomId="" openGetelementId="" openRewardEnergy="" openRewardFightCount="" openAttackAddition="" openDefendAddition="" openIfAllAddtiton="" openIfRoomEvent="1" openRoomEventProbability="10000" openArmyId="" openArmyProbability="" openToomTeleport="" hiddenOnOen="1" roomId="193" decipheringId=""/>
  <abyss_trigger id="21" elementtype="0" imgid="203" name="Khí tiết" usetype="3" talk1="Bạn chọn tôi nào! Mau chọn tôi nào!" talk2="Đừng chạm vào tôi!" talk3="Ta giấu rất nhiều bảng mua từ năm ngoái…" openByArmyId="" openByKillAllRoomId="" openGetelementId="" openRewardEnergy="" openRewardFightCount="" openAttackAddition="" openDefendAddition="" openIfAllAddtiton="" openIfRoomEvent="1" openRoomEventProbability="10000" openArmyId="" openArmyProbability="" openToomTeleport="" hiddenOnOen="1" roomId="203" decipheringId=""/>
</root>