<activities>
  <activity>
    <config name="Boss%20TG-%3Cfont%20color%3D'%2300ff00'%3E%20R%E1%BB%93ng%20Punk%3C%2Ffont%3E" id="1" type="0" timeInfo="15:30-16:00 hàng ngày" description="%3Cfont%20color%3D'%23FFed89'%20size%3D'12'%20face%3D'Times%20New%20Roman'%3E%20%3Cfont%20color%3D'%23bb0000'%20%3ER%E1%BB%93ng%20Punk%20%3C%2Ffont%3E%20%C4%91ang%20t%E1%BB%89nh%20d%E1%BA%ADy%20sau%20gi%E1%BA%A5c%20ng%E1%BB%A7.%20C%C3%A1c%20%C4%91%E1%BA%A1i%20h%E1%BA%A3i%20t%E1%BA%B7c%2C%20mau%20c%E1%BA%A7m%20v%C5%A9%20kh%C3%AD%20l%C3%AAn%20khi%C3%AAu%20chi%E1%BA%BFn%20v%E1%BB%9Bi%20n%C3%B3%20n%C3%A0o!%20%5Cn1.%20M%E1%BB%97i%20l%E1%BA%A7n%20%C4%91%C3%A1nh%20b%E1%BA%A1i%20Boss%20TG%20s%E1%BA%BD%20nh%E1%BA%ADn%20%C4%91%C6%B0%E1%BB%A3c%20%3Cfont%20color%3D'%2300FF00'%20%3Ec.t%C3%ADch%20v%C3%A0%20danh%20v%E1%BB%8Dng%3C%2Ffont%3E.%20%5Cn2.%20Khi%20ho%E1%BA%A1t%20%C4%91%E1%BB%99ng%20k%E1%BA%BFt%20th%C3%BAc%20s%E1%BA%BD%20trao%20th%C6%B0%E1%BB%9Fng%20d%E1%BB%B1a%20tr%C3%AAn%20XH%20s.th%C6%B0%C6%A1ng%2C%20XH%20c%C3%A0ng%20cao%20%3Cfont%20color%3D'%2300FF00'%20%3Ep.th%C6%B0%E1%BB%9Fng%20%3C%2Ffont%3E%20c%C3%A0ng%20nhi%E1%BB%81u%2C%20XH%20s.th%C6%B0%C6%A1ng%20c%E1%BB%A7a%20tr%E1%BA%ADn%20doanh%20s%E1%BA%BD%20%C4%91%C6%B0%E1%BB%A3c%20th%C3%AAm%20ph%E1%BA%A7n%20th%C6%B0%E1%BB%9Fng.%20%5Cn3%E3%80%81N%E1%BA%BFu%20Boss%20b%E1%BB%8B%20%C4%91%C3%A1nh%20b%E1%BA%A1i%2C%20ng%C6%B0%E1%BB%9Di%20ch%C6%A1i%20%C4%91%C3%A1nh%20b%E1%BA%A1i%20Boss%20cu%E1%BB%91i%20c%C3%B9ng%20s%E1%BA%BD%20%C4%91%C6%B0%E1%BB%A3c%20%3Cfont%20color%3D'%2300FF00'%20%3Eph%E1%BA%A7n%20th%C6%B0%E1%BB%9Fng%20%C4%91%C3%A1nh%20b%E1%BA%A1i%3C%2Ffont%3E." icon="1" bg="1" action="1" actionID="15"/>
    <timeInterval years="0" months="0" weeks="0" date="0" day="0" time="153000,160000"/>
  </activity>
  <activity>
    <config name="PB nhiều người" id="2" type="0" timeInfo="Mở cả ngày" description="%3Cfont%20color%3D'%23FFed89'%20size%3D'12'%20face%3D'Times%20New%20Roman'%3EK%E1%BA%BB%20th%C3%B9%20%C4%91%C3%A3%20t%E1%BA%ADp%20k%E1%BA%BFt%20trong%20c%C3%A1c%20ph%E1%BB%A5%20b%E1%BA%A3n%2C%20h%C3%A3y%20nhanh%20ch%C3%B3ng%20g%E1%BB%8Di%20c%C3%A1c%20h%E1%BA%A3i%20t%E1%BA%B7c%20kh%C3%A1c%20c%C3%B9ng%20ch%E1%BB%91ng%20l%E1%BA%A1i%20ch%C3%BAng%20%C4%91i!%20%5Cn1.%20%C4%90%C3%A1nh%20b%E1%BA%A1i%20%C4%91%E1%BB%99i%20qu%C3%A2n%20trong%20P.B%E1%BA%A3n%20nhi%E1%BB%81u%20ng%C6%B0%E1%BB%9Di%20s%E1%BA%BD%20%C4%91%C6%B0%E1%BB%A3c%3Cfont%20color%3D'%2300FF00'%20%3EC.t%C3%ADch%20v%C3%A0%20trang%20b%E1%BB%8B%3C%2Ffont%3E.%20%5Cn2.%20Tham%20gia%20ph%E1%BB%A5%20b%E1%BA%A3n%20nhi%E1%BB%81u%20ng%C6%B0%E1%BB%9Di%20s%E1%BA%BD%20kh%C3%B4ng%20m%E1%BA%A5t%20l%E1%BB%B1c%20h%C3%A0nh%20%C4%91%E1%BB%99ng.%20%5Cn3.%20Ph%E1%BB%A5%20b%E1%BA%A3n%20nhi%E1%BB%81u%20ng%C6%B0%E1%BB%9Di%20t%E1%BB%AB%20l%C3%BAc%20m%E1%BB%9F%20%C4%91%E1%BA%BFn%20l%C3%BAc%20k%E1%BA%BFt%20th%C3%BAc%2C%20m%E1%BB%97i%20ng%C6%B0%E1%BB%9Di%20ch%C6%A1i%20%C4%91%E1%BB%81u%20c%C3%B3%204%20l%E1%BA%A7n%20t%E1%BA%A5n%20c%C3%B4ng%20%C4%91%E1%BB%99i%20qu%C3%A2n%20chi%E1%BA%BFn%20d%E1%BB%8Bch." icon="3" bg="3" action="2" actionID="0"/>
    <timeInterval years="0" months="0" weeks="0" date="0" day="0" time="000000,240000"/>
  </activity>
  <activity>
    <config name="Boss%20TG-%3Cfont%20color%3D'%2300ff00'%3E%20Kraken%3C%2Ffont%3E" id="3" type="0" timeInfo="21:00-21:30 hàng ngày " description="%3Cfont%20color%3D%22%23FFed89%22%20size%3D%2212%22%20face%3D%22Times%20New%20Roman%22%3E%3Cfont%20color%3D%22%2300A8FF%22%20%3EKraken%20%3C%2Ffont%3E%20%C4%91ang%20t%E1%BA%ADp%20k%C3%ADch%20t%C3%A0u%20%E1%BB%9F%20v%C3%B9ng%20bi%E1%BB%83n%20n%C3%A0y%2C%20c%C6%B0%E1%BB%9Bp%20%C4%91i%20b%C3%A1u%20v%E1%BA%ADt.%20%20C%C3%A1c%20%C4%91%E1%BA%A1i%20h%E1%BA%A3i%20t%E1%BA%B7c%2C%20h%C3%A3y%20%C4%91i%20th%E1%BA%A3o%20ph%E1%BA%A1t%20n%C3%B3%20n%C3%A0o!%20%5Cn1%2C%20M%E1%BB%97i%20l%E1%BA%A7n%20t%E1%BA%A5n%20c%C3%B4ng%20Boss%20TG%20s%E1%BA%BD%20%C4%91%C6%B0%E1%BB%A3c%20%20%3Cfont%20color%3D%22%2300FF00%22%20%3EC.t%C3%ADch%20v%C3%A0%20D.%20v%E1%BB%8Dng%20%3C%2Ffont%3E.%20%5Cn2%2C%20Khi%20H%C4%90%20k%E1%BA%BFt%20th%C3%BAc%20s%E1%BA%BD%20c%C4%83n%20c%E1%BB%A9%20v%C3%A0o%20XH%20s.th%C6%B0%C6%A1ng%20%C4%91%E1%BB%83%20ph%C3%A1t%20th%C6%B0%E1%BB%9Fng%2C%20XH%20c%C3%A0ng%20cao%20%3Cfont%20color%3D%22%2300FF00%22%20%3Ep.th%C6%B0%E1%BB%9Fng%20%3C%2Ffont%3Ec%C3%A0ng%20nhi%E1%BB%81u%2C%20XH%20s.th%C6%B0%C6%A1ng%20tr%E1%BA%ADn%20doanh%20s%E1%BA%BD%20%C4%91%C6%B0%E1%BB%A3c%20th%C3%AAm%20p.th%C6%B0%E1%BB%9Fng.%20%5Cn3%2C%20N%E1%BA%BFu%20nh%C6%B0%20Boss%20b%E1%BB%8B%20%C4%91%C3%A1nh%20b%E1%BA%A1i%2C%20th%C3%AC%20ng%C6%B0%E1%BB%9Di%20ch%C6%A1i%20gi%E1%BA%BFt%20ch%E1%BA%BFt%20Boss%20cu%E1%BB%91i%20c%C3%B9ng%20s%E1%BA%BD%20%C4%91%C6%B0%E1%BB%A3c%20%3Cfont%20color%3D%22%2300FF00%22%20%3Ep.th%C6%B0%E1%BB%9Fng%20gi%E1%BA%BFt%20Boss%20%3C%2Ffont%3E." icon="2" bg="2" action="1" actionID="16"/>
    <timeInterval years="0" months="0" weeks="0" date="0" day="0" time="210000,213000"/>
  </activity>
  <activity>
    <config name="Phúc lợi hàng ngày" id="4" type="1" timeInfo="12:00, 19:30 hàng ngày" description="%3Cfont%20color%3D%22%23FFed89%22%20size%3D%2212%22%20face%3D%22Times%20New%20Roman%22%3E12%3A00%2C%2019%3A30%20h%C3%A0ng%20ng%C3%A0y%20s%E1%BA%BD%20ph%C3%A1t%20ph%E1%BA%A7n%20th%C6%B0%E1%BB%9Fng%20ph%C3%BAc%20l%E1%BB%A3i%5Cn%3Cfont%20color%3D'%2361f2ff'%20%3EPh%E1%BA%A7n%20th%C6%B0%E1%BB%9Fng%20ph%C3%BAc%20l%E1%BB%A3i%20g%E1%BB%93m%3A%3C%2Ffont%3E%5Cn1.%20Mi%E1%BB%85n%20ph%C3%AD%201%20l%E1%BA%A7n%20h%E1%BB%93i%20%C4%91%E1%BA%A7y%20m%C3%A1u.%20%5Cn2.%20Mi%E1%BB%85n%20ph%C3%AD%20nh%E1%BA%ADn%201%20l%E1%BA%A7n%3C%2Ffont%3E%3Cfont%20color%3D'%2300FF00'%20%3E%20chinh%20ph%E1%BB%A5c%2C%20chi%E1%BA%BFn%20%C4%91%E1%BA%A5u%2C%20chi%E1%BA%BFm%20kho%C3%A1ng%2C%20t%E1%BA%A5n%20c%C3%B4ng%3C%2Ffont%3E.%20%5Cn3.%2012%3A30%20v%C3%A0%2020%3A00%20s%E1%BA%BD%20l%C3%A0m%20m%E1%BB%9Bi%3Cfont%20color%3D'%2300FF00'%20%3Es%E1%BB%91%20l%E1%BA%A7n%20th%C3%B4ng%20th%C6%B0%C6%A1ng%20h%C3%B4m%20nay.%20%3C%2Ffont%3E" icon="4" bg="4" action="0" actionID="0"/>
    <timeInterval years="0" months="0" weeks="0" date="0" day="0" time="0"/>
  </activity>
  <activity>
    <config name="Tập kích Băng h.tặc" id="5" type="2" timeInfo="Mở cả ngày" description="Nh%E1%BB%AFng%20t%C3%AAn%20b%E1%BA%A1i%20tr%E1%BA%ADn%20sau%20khi%20%20luy%E1%BB%87n%20t%E1%BA%ADp%20gian%20kh%E1%BB%95%20%C4%91%C3%A3%20ti%E1%BA%BFp%20t%E1%BB%A5c%20ph%C3%A1t%20%C4%91%E1%BB%99ng%20%3Cfont%20color%3D'%2300FF00'%20%3E%20cu%E1%BB%99c%20khi%C3%AAu%20chi%E1%BA%BFn%20m%E1%BB%9Bi%3C%2Ffont%3E!%20%C4%90%C3%A1nh%20b%E1%BA%A1i%20ch%C3%BAng%20s%E1%BA%BD%20%C4%91%C6%B0%E1%BB%A3c%20%3Cfont%20color%3D'%2300FF00'%20%3Ep.th%C6%B0%E1%BB%9Fng%20l%E1%BB%9Bn%20%3C%2Ffont%3E!%5Cn1%2C%20M%E1%BB%97i%20ng%C3%A0y%20c%C3%B3%20th%E1%BB%83%20%3Cfont%20color%3D'%2300FF00'%20%3E%20khi%C3%AAu%20chi%E1%BA%BFn%205%20l%E1%BA%A7n%3C%2Ffont%3Ev%E1%BB%9Bi%20B%C4%83ng%20h.t%E1%BA%B7c.%20%5Cn2%2C%20Khi%C3%AAu%20chi%E1%BA%BFn%20B%C4%83ng%20h.t%E1%BA%B7c%20%3Cfont%20color%3D'%2300FF00'%20%3Ekh%C3%B4ng%20m%E1%BA%A5t%20S.m%E1%BB%87nh%20v%C3%A0%20L%E1%BB%B1c%20H%C4%90%20%3C%2Ffont%3E.%20%5Cn3%2C%20Ch%E1%BB%89%20c%C3%B3%20%C4%91%C3%A1nh%20b%E1%BA%A1i%20t%E1%BA%A5t%20c%E1%BA%A3%20c%C3%A1c%20%C4%91%E1%BB%99i%20qu%C3%A2n%20trong%20B%C4%83ng%20h.t%E1%BA%B7c%20m%E1%BB%9Bi%20nh%E1%BA%ADn%20%C4%91%C6%B0%E1%BB%A3c%20p.th%C6%B0%E1%BB%9Fng.%20%3C%2Ffont%3E" icon="5" bg="5" action="3" actionID="0"/>
    <timeInterval years="0" months="0" weeks="0" date="0" day="0" time="0"/>
  </activity>
  <activity>
    <config name="Lôi đài tranh bá" id="6" type="4" timeInfo="Mở lúc 12:30 hàng ngày " description="C%C3%B3%20mu%E1%BB%91n%20%C4%91%E1%BA%A1t%20%C4%91%C6%B0%E1%BB%A3c%20kh%C3%B3%20b%C3%A1u%20c%E1%BB%A7a%20Vua%20h%E1%BA%A3i%20t%E1%BA%B7c%20kh%C3%B4ng!%20Mu%E1%BB%91n%20th%C3%AC%20h%C3%A3y%20%C4%91%E1%BA%BFn%20tham%20gia%20%3Cfont%20color%3D%22%23bb0000%22%20%3EL%C3%B4i%20%C4%91%C3%A0i%20tranh%20b%C3%A1%3C%2Ffont%3En%C3%A0o!%5Cn1%E3%80%81L%C3%B4i%20%C4%91%C3%A0i%20tranh%20b%C3%A1%20ph%C3%A2n%20th%C3%A0nh%3Cfont%20color%3D'%2300FF00'%20%3EB%C3%A1o%20danh%20khi%C3%AAu%20chi%E1%BA%BFn%3C%2Ffont%3Ev%C3%A0%3Cfont%20color%3D'%2300FF00'%20%3ETranh%20%C4%91o%E1%BA%A1t%20qu%C3%A1n%20qu%C3%A2n%3C%2Ffont%3Ehai%20giai%20%C4%91o%E1%BA%A1n.%5Cn2%E3%80%81Nh%E1%BB%AFng%20ng%C6%B0%E1%BB%9Di%20tham%20gia%3Cfont%20color%3D'%23bb0000'%20%3Ev%C3%B2ng%2032%3C%2Ffont%3Ed%E1%BB%B1a%20theo%20XH%20k%E1%BA%BFt%20th%C3%BAc%20L%C3%B4i%20%C4%91%C3%A0i%3Cfont%20color%3D'%2300FF00'%20%3Es%E1%BA%BD%20nh%E1%BA%ADn%20%C4%91%C6%B0%E1%BB%A3c%20p.th%C6%B0%E1%BB%9Fng%3C%2Ffont%3E." icon="7" bg="7" action="0"/>
    <timeInterval years="0" months="0" weeks="0" date="0" day="0" time="123000,124000" action="0" actionID="0"/>
  </activity>
  <activity>
    <config name="C.trường H.tặc" id="8" type="5" timeInfo="Thứ 4 hàng tuần trận 1 19:45--20:00, trận 2 20:05--20:20\nThứ 7 hàng tuần trận 1 19:45--20:00, trận 2 20:05--20:20" description="%3Cfont%20color%3D%22%2300A8FF%22%20%3E%20Th%E1%BB%9Di%20%C4%91%E1%BA%A1i%20%C4%90%E1%BA%A1i%20h%E1%BA%A3i%20t%E1%BA%B7c%20%20%3C%2Ffont%3E%20%C4%91%C3%A3%20%C4%91%E1%BA%BFn%2C%20k%E1%BA%BB%20m%E1%BA%A1nh%20s%E1%BA%BD%20b%C6%B0%E1%BB%9Bc%20l%C3%AAn%20v%C5%A9%20%C4%91%E1%BA%A1i%20l%E1%BB%8Bch%20s%E1%BB%AD!%20%5Cn1.%20Trong%20C.tr%C6%B0%E1%BB%9Dng%20gi%E1%BA%BFt%20%C4%91%E1%BB%8Bch%20%C4%91%C6%B0%E1%BB%A3c%20t%C3%ADch%20%C4%91i%E1%BB%83m%2C%20%3Cfont%20color%3D%22%2300FF00%22%20%3Eth%E1%BA%AFng%20l.ti%E1%BA%BFp%20c%C3%A0ng%20nhi%E1%BB%81u%20%3C%2Ffont%3E%2C%20t%C3%ADch%20%C4%91i%E1%BB%83m%20c%C3%A0ng%20cao.%20%5Cn2.%20H%C4%90%20k%E1%BA%BFt%20th%C3%BAc%2C%20s%E1%BA%BD%20c%C4%83n%20c%E1%BB%A9%20v%C3%A0o%20XH%20t%C3%ADch%20%C4%91i%E1%BB%83m%2C%20XH%20cao%20p.th%C6%B0%E1%BB%9Fng%20nhi%E1%BB%81u%2C%20g%E1%BB%93m%20%3Cfont%20color%3D%22%23F77105%22%20%3EVinh%20d%E1%BB%B1%20%3C%2Ffont%3E%2C%20%3Cfont%20color%3D%22%2300FF00%22%20%3ED.v%E1%BB%8Dng%20v%C3%A0%20Beri.%20%3C%2Ffont%3E%5Cn3.%20V.d%E1%BB%B1%20nh%E1%BA%ADn%20trong%20C.tr%C6%B0%E1%BB%9Dng%20c%C3%B3%20th%E1%BB%83%20%C4%91%E1%BB%95i%20l%E1%BA%A5y%20%C4%90%E1%BA%A1o%20c%E1%BB%A5%20qu%C3%BD%20hi%E1%BA%BFm%20%3Cfont%20color%3D%22%23FF05FC%22%20%3E%20trong%20Th%C6%B0%C6%A1ng%20th%C3%A0nh%20Vinh%20d%E1%BB%B1%20%3C%2Ffont%3E.%20%5Cn4.%20Phe%20th%E1%BA%AFng%20%3Cfont%20color%3D%22%2300FF00%22%20%3Etrong%20C.tr%C6%B0%E1%BB%9Dng%20%3C%2Ffont%3Engo%C3%A0i%20p.th%C6%B0%E1%BB%9Fng%20XH%2C%20c%C3%B2n%20%C4%91%C6%B0%E1%BB%A3c%20%3Cfont%20color%3D%22%2300FF00%22%20%3E50%20Vinh%20d%E1%BB%B1%20v%C3%A0%203000*lv%20Beri%3C%2Ffont%3E.%5Cn5.%20Server%20m%E1%BB%9Bi%206%20ng%C3%A0y%20sau%20khi%20m%E1%BB%9F%2C%20v%C3%A0%20N.v%E1%BA%ADt%20%C4%91%E1%BA%A1t%20lv%2040%20m%E1%BB%9Bi%20c%C3%B3%20th%E1%BB%83%20tham%20gia%20H%C4%90%20n%C3%A0y." icon="9" bg="9" action="0" actionID="0"/>
    <timeInterval years="0" months="0" weeks="0" date="0" day="36" time="194500,200000,200500,202000"/>
  </activity>
  <activity>
    <config name="Cuộc chiến Vương Giả" id="9" type="6" timeInfo="Không cần điền" description="%3Cfont%20color%3D%22%2300FF00%22%20%3E%20Th%E1%BB%9Di%20kh%E1%BA%AFc%20Cu%E1%BB%99c%20chi%E1%BA%BFn%20V%C6%B0%C6%A1ng%20Gi%E1%BA%A3%20%20%3C%2Ffont%3E%20%C4%91%C3%A3%20%C4%91%E1%BA%BFn%2C%20c%C3%A1c%20%C4%90%E1%BA%A1i%20h%E1%BA%A3i%20t%E1%BA%B7c%2C%20h%C3%A3y%20chu%E1%BA%A9n%20b%E1%BB%8B%20%C4%91%C3%B3n%20nh%E1%BB%AFng%20th%E1%BB%AD%20th%C3%A1ch%20n%C3%A0o!%2Fn%20%C4%90%E1%BB%83%20%C4%91%E1%BA%A3m%20b%E1%BA%A3o%20an%20to%C3%A0n%20cho%20d%E1%BB%AF%20li%E1%BB%87u%20c%E1%BB%A7a%20b%E1%BA%A1n%20trong%20Cu%E1%BB%99c%20chi%E1%BA%BFn%20V%C6%B0%C6%A1ng%20Gi%E1%BA%A3%2C%20sau%20m%E1%BB%97i%20l%E1%BA%A7n%20thay%20%C4%91%E1%BB%95i%20th%C3%B4ng%20tin%20li%C3%AAn%20quan%20h%C3%A3y%20%E1%BA%A5n%20v%C3%A0o%3Cfont%20color%3D%22%2300FF00%22%20%3En%C3%BAt%20%3C%2Ffont%3E%20Update%20th%C3%B4ng%20tin%20C.%C4%91%E1%BA%A5u.%E2%97%8F%3Cfont%20color%3D%22%2300FF00%22%20%3E%20Ng%C6%B0%E1%BB%9Di%20ch%C6%A1i%20t%E1%BB%AB%20lv%20%7B0%7D%20%3C%2Ffont%3E%20tr%E1%BB%9F%20l%C3%AAn%20c%C3%B3%20th%E1%BB%83%20%C4%91.k%C3%BD.%2Fn%3Cfont%20color%3D%22%2300FF00%22%20%3E%7B0%7D%3C%2Ffont%3E%20Ti%E1%BA%BFn%20h%C3%A0nh%20v%C3%B2ng%20lo%E1%BA%A1i%3Cfont%20color%3D%22%2300FF00%22%20%3ECu%E1%BB%99c%20chi%E1%BA%BFn%20V%C6%B0%C6%A1ng%20Gi%E1%BA%A3%20%3C%2Ffont%3E.%2FnV%C3%B2ng%20lo%E1%BA%A1i%20T%C3%A2n%20Th%E1%BA%BF%20Gi%E1%BB%9Bi%20%3Cfont%20color%3D%22%2300FF00%22%20%3ECu%E1%BB%99c%20Chi%E1%BA%BFn%20V%C6%B0%C6%A1ng%20Gi%E1%BA%A3%20%3C%2Ffont%3E%20k%E1%BA%BFt%20th%C3%BAc%20s%E1%BA%BD%20ti%E1%BA%BFn%20h%C3%A0nh%3Cfont%20color%3D%22%2300FF00%22%20%3E%20V%C3%B2ng%20lo%E1%BA%A1i%20%C4%90%E1%BA%A1i%20H%E1%BA%A3i%20Tr%C3%ACnh%20%3C%2Ffont%3E.%2Fn%3Cfont%20color%3D%22%2300FF00%22%20%3E%7B0%7D%3C%2Ffont%3ETi%E1%BA%BFn%20h%C3%A0nh%20v%C3%B2ng%201%2F16%20%3Cfont%20color%3D%22%2300FF00%22%20%3E%20v%C3%B2ng%20trong%20T%C3%A2n%20Th%E1%BA%BF%20Gi%E1%BB%9Bi%20v%C3%A0%20%C4%90%E1%BA%A1i%20H%E1%BA%A3i%20Tr%C3%ACnh%3C%2Ffont%3E.%2Fn%3Cfont%20color%3D%22%2300FF00%22%20%3E%7B0%7D%3C%2Ffont%3E%20Ti%E1%BA%BFn%20h%C3%A0nh%20v%C3%B2ng%201%2F8%20%3Cfont%20color%3D%22%2300FF00%22%20%3E%20v%C3%B2ng%20trong%20T%C3%A2n%20Th%E1%BA%BF%20Gi%E1%BB%9Bi%20v%C3%A0%20%C4%90%E1%BA%A1i%20H%E1%BA%A3i%20Tr%C3%ACnh%3C%2Ffont%3E.%2Fn%3Cfont%20color%3D%22%2300FF00%22%20%3E%7B0%7D%3C%2Ffont%3E%20Ti%E1%BA%BFn%20h%C3%A0nh%20v%C3%B2ng%201%2F4%20%3Cfont%20color%3D%22%2300FF00%22%20%3E%20v%C3%B2ng%20trong%20T%C3%A2n%20Th%E1%BA%BF%20Gi%E1%BB%9Bi%20v%C3%A0%20%C4%90%E1%BA%A1i%20H%E1%BA%A3i%20Tr%C3%ACnh%3C%2Ffont%3E.%2Fn%3Cfont%20color%3D%22%2300FF00%22%20%3E%7B0%7D%3C%2Ffont%3ETi%E1%BA%BFn%20h%C3%A0nh%20v%C3%B2ng%20b%C3%A1n%20k%E1%BA%BFt%3Cfont%20color%3D%22%2300FF00%22%20%3E%20v%C3%B2ng%20trong%20T%C3%A2n%20Th%E1%BA%BF%20Gi%E1%BB%9Bi%20v%C3%A0%20%C4%90%E1%BA%A1i%20H%E1%BA%A3i%20Tr%C3%ACnh%20%3C%2Ffont%3E.%2Fn%3Cfont%20color%3D%22%23FF05FC%22%20%3E%7B0%7D%3C%2Ffont%3ETi%E1%BA%BFn%20h%C3%A0nh%20v%C3%B2ng%20chung%20k%E1%BA%BFt%20%3Cfont%20color%3D%22%23FF05FC%22%20%3E%20v%C3%B2ng%20trong%20T%C3%A2n%20Th%E1%BA%BF%20Gi%E1%BB%9Bi%20v%C3%A0%20%C4%90%E1%BA%A1i%20H%E1%BA%A3i%20Tr%C3%ACnh%20%3C%2Ffont%3E.%2Fn%3Cfont%20color%3D%22%2300FF00%22%20%3E%7B0%7D%3C%2Ffont%3ETi%E1%BA%BFn%20h%C3%A0nh%3Cfont%20color%3D%22%2300FF00%22%20%3E%20v%C3%B2ng%20lo%E1%BA%A1i%20li%C3%AAn%20server%20%3C%2Ffont%3E.%2Fn%20V%C3%B2ng%20lo%E1%BA%A1i%20T%C3%A2n%20Th%E1%BA%BF%20Gi%E1%BB%9Bi%20%3Cfont%20color%3D%22%2300FF00%22%20%3Eli%C3%AAn%20server%20%3C%2Ffont%3E%20k%E1%BA%BFt%20th%C3%BAc%20s%E1%BA%BD%20ti%E1%BA%BFn%20h%C3%A0nh%20%3Cfont%20color%3D%22%2300FF00%22%20%3E%20v%C3%B2ng%20lo%E1%BA%A1i%20%C4%90%E1%BA%A1i%20H%E1%BA%A3i%20Tr%C3%ACnh%20%3C%2Ffont%3E.%2Fn%3Cfont%20color%3D%22%2300FF00%22%20%3E%7B0%7D%3C%2Ffont%3E%20Ti%E1%BA%BFn%20h%C3%A0nh%20v%C3%B2ng%201%2F16%20%3Cfont%20color%3D%22%2300FF00%22%20%3E%20v%C3%B2ng%20trong%20T%C3%A2n%20Th%E1%BA%BF%20Gi%E1%BB%9Bi%20v%C3%A0%20%C4%90%E1%BA%A1i%20H%E1%BA%A3i%20Tr%C3%ACnh%20li%C3%AAn%20server%20%3C%2Ffont%3E.%2Fn%3Cfont%20color%3D%22%2300FF00%22%20%3E%7B0%7D%3C%2Ffont%3E%20Ti%E1%BA%BFn%20h%C3%A0nh%20v%C3%B2ng%201%2F8%20%3Cfont%20color%3D%22%2300FF00%22%20%3E%20v%C3%B2ng%20trong%20T%C3%A2n%20Th%E1%BA%BF%20Gi%E1%BB%9Bi%20v%C3%A0%20%C4%90%E1%BA%A1i%20H%E1%BA%A3i%20Tr%C3%ACnh%20li%C3%AAn%20server%20%3C%2Ffont%3E.%2Fn%3Cfont%20color%3D%22%2300FF00%22%20%3E%7B0%7D%3C%2Ffont%3E%20Ti%E1%BA%BFn%20h%C3%A0nh%20v%C3%B2ng%201%2F4%3Cfont%20color%3D%22%2300FF00%22%20%3E%20v%C3%B2ng%20trong%20T%C3%A2n%20Th%E1%BA%BF%20Gi%E1%BB%9Bi%20v%C3%A0%20%C4%90%E1%BA%A1i%20H%E1%BA%A3i%20Tr%C3%ACnh%20li%C3%AAn%20server%20%3C%2Ffont%3E.%2Fn%3Cfont%20color%3D%22%2300FF00%22%20%3E%7B0%7D%3C%2Ffont%3E%20Ti%E1%BA%BFn%20h%C3%A0nh%20v%C3%B2ng%20b%C3%A1n%20k%E1%BA%BFt%20%3Cfont%20color%3D%22%2300FF00%22%20%3E%20v%C3%B2ng%20trong%20T%C3%A2n%20Th%E1%BA%BF%20Gi%E1%BB%9Bi%20v%C3%A0%20%C4%90%E1%BA%A1i%20H%E1%BA%A3i%20Tr%C3%ACnh%20li%C3%AAn%20server%20%3C%2Ffont%3E.%2Fn%3Cfont%20color%3D%22%23FF05FC%22%20%3E%7B0%7D%3C%2Ffont%3ETi%E1%BA%BFn%20h%C3%A0nh%20v%C3%B2ng%20chung%20k%E1%BA%BFt%20%3Cfont%20color%3D%22%23FF05FC%22%20%3E%20v%C3%B2ng%20trong%20T%C3%A2n%20Th%E1%BA%BF%20Gi%E1%BB%9Bi%20v%C3%A0%20%C4%90%E1%BA%A1i%20H%E1%BA%A3i%20Tr%C3%ACnh%20li%C3%AAn%20server%20%3C%2Ffont%3E" icon="10" bg="10"/>
    <timeInterval years="0" months="0" weeks="0" date="0" day="0" time="0" action="0" actionID="0"/>
  </activity>
  <activity>
    <config name="Khu Vui chơi" id="10" type="7" timeInfo="18:00--22:00 Thứ 2-CN " description="Mu%E1%BB%91n%20d%C3%B9ng%20th%E1%BA%BB%20b%C3%A0i%20%C4%91%E1%BB%93ng%20%C4%91%E1%BB%99i%20tuy%E1%BB%87t%20%C4%91%E1%BA%B9p%20n%C3%A0y%20ph%C3%A2n%20cao%20th%E1%BA%A5p%20v%E1%BB%9Bi%20c%C3%A1c%20h%E1%BA%A3i%20t%E1%BA%B7c%20tr%C3%AAn%20th%E1%BA%BF%20gian%20n%C3%A0y%20kh%C3%B4ng%3F%20Mau%20%C4%91%E1%BA%BFn%3Cfont%20color%3D%22%2300A8FF%22%20%3E%20Khu%20vui%20ch%C6%A1i%20H%E1%BA%A3i%20t%E1%BA%B7c%20%3C%2Ffont%3E%20c%E1%BB%A7a%20ch%C3%BAng%20ta%20n%C3%A0o!%20%5Cn1.%20N.v%E1%BA%ADt%20%C4%91%E1%BA%A1t%20lv%20%20t%E1%BB%AB%2080%20tr%E1%BB%9F%20l%C3%AAn%20m%E1%BB%9Bi%20c%C3%B3%20th%E1%BB%83%20tham%20gia.%20%5Cn2.%20%3Cfont%20color%3D%22%2300FF00%22%20%3Elv%2080%20tr%E1%BB%9F%20l%C3%AAn%20%C4%91%E1%BA%BFn%20Khu%20vui%20ch%C6%A1i%20nh%E1%BA%ADn%20ph%C3%BAc%20l%E1%BB%A3i%20h%C3%A0ng%20ng%C3%A0y%2C%20lv%20VIP%20c%C3%A0ng%20cao%20ph%C3%BAc%20l%E1%BB%A3i%20c%C3%A0ng%20nhi%E1%BB%81u%2C%20Dial%20v%C3%A0%20Dial%20Skypiea%20kh%C3%B3a%20nh%E1%BA%ADn%20%C4%91%C6%B0%E1%BB%A3c%20c%C3%B3%20th%E1%BB%83%20%C4%91%E1%BB%95i%20v%E1%BA%ADt%20ph%E1%BA%A9m%20%E1%BB%9F%20Shop%20l%E1%BB%85%20ph%E1%BA%A9m%2C%20%C6%B0u%20ti%C3%AAn%20d%C3%B9ng%20Dial%20kh%C3%B3a%2C%20Dial%20kh%C3%B3a%20ch%E1%BB%89%20s%E1%BB%AD%20d%E1%BB%A5ng%20%C4%91%C6%B0%E1%BB%A3c%20%E1%BB%9F%20Shop%20l%E1%BB%85%20ph%E1%BA%A9m.%20%5Cn3.%20%C4%90%E1%BB%91i%20chi%E1%BA%BFn%20th%E1%BA%BB%20b%C3%A0i%20v%E1%BB%9Bi%20ng%C6%B0%E1%BB%9Di%20ch%C6%A1i%20kh%C3%A1c%20trong%20Khu%20vui%20ch%C6%A1i%2C%20phe%20%C4%91%E1%BB%91i%20chi%E1%BA%BFn%20%3Cfont%20color%3D%22%2300FF00%22%20%3Eth%E1%BA%AFng%20%3C%2Ffont%3E%20nh%E1%BA%ADn%20d%C6%B0%E1%BB%A3c%20Dial%20c%E1%BB%A7a%20%C4%91%E1%BB%91i%20ph%C6%B0%C6%A1ng%2C%20ch%E1%BA%A1y%20tr%E1%BB%91n%20s%E1%BA%BD%20b%E1%BB%8B%20tr%E1%BB%ABng%20ph%E1%BA%A1t." icon="11" bg="11"/>
    <timeInterval years="0" months="0" weeks="0" date="0" day="0" time="000000,235959,000000,235959" action="0" actionID="0"/>
  </activity>
  <activity>
    <config name="Cây ác ma" id="11" type="8" timeInfo="0" description="%3Cfont%20color%3D%22%2300FF00%22%20%3E%20Mu%E1%BB%91n%20qu%E1%BA%A3%20c%E1%BB%A7a%20ta%20sao%2C%20th%E1%BA%BF%20th%C3%AC%20mau%20d%C3%A2ng%20t%E1%BA%BF%20ph%E1%BA%A9m%20n%C3%A0o!%3C%2Ffont%3E%5Cn%20n%C4%90%E1%BB%83%20%C4%91%E1%BA%A3m%20b%E1%BA%A3o%20an%20to%C3%A0n%20d%E1%BB%AF%20li%E1%BB%87u%20c%E1%BB%A7a%20b%E1%BA%A1n%2C%20sau%20m%E1%BB%97i%20l%E1%BA%A7n%20c%E1%BB%91ng%20hi%E1%BA%BFn%20n%E1%BA%BFu%20nh%C6%B0%20mu%E1%BB%91n%20xem%20th%C3%B4ng%20tin%20XH%20m%E1%BB%9Bi%20nh%E1%BA%A5t%2C%20c%E1%BA%A7n%20nh%E1%BA%A5n%20v%C3%A0o%20n%C3%BAt%20%3Cfont%20color%3D%22%2300FF00%22%20%3E%20L%C3%A0m%20m%E1%BB%9Bi%20XH%20%3C%2Ffont%3E%20%C4%91%E1%BB%83%20xem%20XH%20m%E1%BB%9Bi%20nh%E1%BA%A5t.%5Cn1.%3Cfont%20color%3D%22%2300FF00%22%20%3E%20Ng%C6%B0%E1%BB%9Di%20ch%C6%A1i%20lv60%3C%2Ffont%3E%20tr%E1%BB%9F%20l%C3%AAn%20c%C3%B3%20th%E1%BB%83%20tham%20gia%20H%C4%90%20C%C3%A2y%20%C3%81c%20Ma.%5Cn2.%20C%C3%A2y%20%C3%A1c%20qu%E1%BB%B7%20l%C3%A0%20H%C4%90%20li%C3%AAn%20server%20%C4%91%C6%B0%E1%BB%A3c%20t%E1%BB%95%20ch%E1%BB%A9c%20%C4%91%E1%BB%8Bnh%20k%C3%AC%2C%20trong%20th%E1%BB%9Di%20gian%20H%C4%90%20ng%C6%B0%E1%BB%9Di%20ch%C6%A1i%20c%C3%B3%20th%E1%BB%83%20th%C3%B4ng%20qua%20c%C3%A1c%20h%C3%ACnh%20th%E1%BB%A9c%20quy%C3%AAn%20g%C3%B3p%20kh%C3%A1c%20nhau%20%C4%91%E1%BB%83%20nh%E1%BA%ADn%20%C4%91i%E1%BB%83m%20C.hi%E1%BA%BFm%2C%20v%C3%A0o%20ng%C3%A0y%20cu%E1%BB%91i%20c%C3%B9ng%20c%E1%BB%A7a%20H%C4%90%20sau%20khi%20quy%C3%AAn%20g%C3%B3p%20k%E1%BA%BFt%20th%C3%BAc%20%C4%91%C6%B0%E1%BB%A3c%20n%E1%BB%ADa%20ti%E1%BA%BFng%20s%E1%BA%BD%20ph%C3%A1t%20th%C6%B0%E1%BB%9Fng%20l%E1%BA%A7n%20l%C6%B0%E1%BB%A3t%20c%C4%83n%20c%E1%BB%A9%20v%C3%A0o%20XH%20c%C3%A1%20nh%C3%A2n%20v%C3%A0%20XH%20C.h%E1%BB%99i%2C%20p.th%C6%B0%E1%BB%9Fng%20%C4%91%C6%B0%E1%BB%A3c%20g%E1%BB%ADi%20qua%20mail.%20%5Cn3.%20T%C3%ADch%20%C4%91i%E1%BB%83m%20C.hi%E1%BA%BFn%20c%C3%B3%20th%E1%BB%83%20%C4%91%E1%BB%95i%20l%E1%BA%A5y%20V.ph%E1%BA%A9m%20trong%20Shop%20%C3%81c%20ma.%20%5Cn4.%20Sau%2022%3A00%20h%C3%A0ng%20ng%C3%A0y%20kh%C3%B4ng%20th%E1%BB%83%20quy%C3%AAn%20g%C3%B3p%2C%20%C4%90%E1%BB%99%20C.hi%E1%BA%BFn%20c%E1%BB%A7a%20ng%C6%B0%E1%BB%9Di%20ch%C6%A1i%20c%C3%B3%20t.g%20tham%20gia%20C.h%E1%BB%99i%20%C3%ADt%20h%C6%A1n%207%20ng%C3%A0y%20s%E1%BA%BD%20ko%20%C4%91%C6%B0%E1%BB%A3c%20t%C3%ADnh%20v%C3%A0o%20XH%20%C4%90%E1%BB%99%20C.hi%E1%BA%BFn.%5Cn5.%20Ng%C6%B0%E1%BB%9Di%20ch%C6%A1i%20kh%C3%B4ng%20%C4%91%E1%BB%A9ng%20trong%20TOP%2030%20c%E1%BB%91ng%20hi%E1%BA%BFn%20C.h%E1%BB%99i%20khi%20quy%C3%AAn%20g%C3%B3p%20s%E1%BA%BD%20kh%C3%B4ng%20t%C3%ADnh%20v%C3%A0o%20d%E1%BB%AF%20li%E1%BB%87u%20XH%20C%C3%B4ng%20h%E1%BB%99i%20trong%20C%C3%A2y%20%C3%81c%20Ma." icon="12" bg="12"/>
    <timeInterval years="0" months="0" weeks="0" date="0" day="0" time="0" action="0" actionID="0"/>
  </activity>
  <activity>
    <config name="Đua Top Tranh bá" id="12" type="9" timeInfo="Ko cần điền" description="%3Cfont%20color%3D%22%2300FF00%22%20%3ETh%E1%BB%9Di%20kh%E1%BA%AFc%20%C4%90ua%20top%20Tranh%20b%C3%A1%20%20%3C%2Ffont%3E%C4%91%C3%A3%20%C4%91%E1%BA%BFn%2C%20c%C3%A1c%20h%E1%BA%A3i%20t%E1%BA%B7c%20h%C3%A3y%20chu%E1%BA%A9n%20b%E1%BB%8B%20ngh%C3%AAnh%20%C4%91%C3%B3n%20c%C3%A1c%20cu%E1%BB%99c%20khi%C3%AAu%20chi%E1%BA%BFn%20t%E1%BB%AB%20kh%E1%BA%AFp%20n%C6%A1i%20nh%C3%A9!%20%2Fn%C4%90%E1%BB%83%20%C4%91%E1%BA%A3m%20b%E1%BA%A3o%20an%20to%C3%A0n%20cho%20d%E1%BB%AF%20li%E1%BB%87u%20c%E1%BB%A7a%20b%E1%BA%A1n%20trong%20%C4%90ua%20top%20Tranh%20b%C3%A1%2C%20sau%20m%E1%BB%97i%20l%E1%BA%A7n%20%C4%91i%E1%BB%81u%20ch%E1%BB%89nh%20c%C3%A1c%20th%C3%B4ng%20tin%20chi%E1%BA%BFn%20%C4%91%E1%BA%A5u%20li%C3%AAn%20quan%20h%C3%A3y%20nh%E1%BA%A5n%20v%C3%A0o%20n%C3%BAt%20%3Cfont%20color%3D%22%2300FF00%22%20%3EC%E1%BA%ADp%20nh%E1%BA%ADt%20th%C3%B4ng%20tin%20chi%E1%BA%BFn%20%C4%91%E1%BA%A5u%20trong%20Th%C3%B4ng%20tin%20chi%E1%BA%BFn%20%C4%91%E1%BA%A5u%3C%2Ffont%3E.%20%E2%97%8FC%C3%B4ng%20h%E1%BB%99i%20t%E1%BB%AB%20%3Cfont%20color%3D%22%2300FF00%22%20%3Elv%20%7B0%7D%3C%2Ffont%3E%20tr%E1%BB%9F%20l%C3%AAn%2C%20tr%E1%BA%ADn%20doanh%20c%C3%B4ng%20h%E1%BB%99i%20trong%20Top%3Cfont%20color%3D%22%2300FF00%22%20%3E%7B1%7D%3C%2Ffont%3E%2C%20s%E1%BB%91%20th%C3%A0nh%20vi%C3%AAn%20%C4%91%E1%BA%A1t%20%3Cfont%20color%3D%22%2300FF00%22%20%3E%7B2%7D%20ng%C6%B0%E1%BB%9Di%3C%2Ffont%3E%20c%C3%B3%20th%E1%BB%83%20b%C3%A1o%20danh.%2Fn%3Cfont%20color%3D%22%2300FF00%22%20%3E%7B0%7D%3C%2Ffont%3Eti%E1%BA%BFn%20h%C3%A0nh%20v%C3%B2ng%20lo%E1%BA%A1i%3Cfont%20color%3D%22%2300FF00%22%20%3E%20c%E1%BB%A7a%20%C4%90ua%20top%20Tranh%20b%C3%A1%3C%2Ffont%3E.%2Fn%20Sau%20khi%20v%C3%B2ng%20lo%E1%BA%A1i%3Cfont%20color%3D%22%2300FF00%22%20%3E%20%C4%90ua%20top%20Tranh%20b%C3%A1%3C%2Ffont%3E%20k%E1%BA%BFt%20th%C3%BAc%20s%E1%BA%BD%20ti%E1%BA%BFn%20h%C3%A0nh%20%3Cfont%20color%3D%22%2300FF00%22%20%3Ev%C3%B2ng%20trong%3C%2Ffont%3E.%2Fn%3Cfont%20color%3D%22%2300FF00%22%20%3E%7B0%7D%3C%2Ffont%3E%20ti%E1%BA%BFn%20h%C3%A0nh%3Cfont%20color%3D%22%2300FF00%22%20%3Ev%C3%B2ng%201%2F8%3C%2Ffont%3E.%2Fn%3Cfont%20color%3D%22%2300FF00%22%20%3E%7B0%7D%3C%2Ffont%3E%20ti%E1%BA%BFn%20h%C3%A0nh%3Cfont%20color%3D%22%2300FF00%22%20%3Ev%C3%B2ng%201%2F4%3C%2Ffont%3E.%2Fn%3Cfont%20color%3D%22%2300FF00%22%20%3E%7B0%7D%3C%2Ffont%3E%20ti%E1%BA%BFn%20h%C3%A0nh%20%3Cfont%20color%3D%22%2300FF00%22%20%3Ev%C3%B2ng%20b%C3%A1n%20k%E1%BA%BFt%3C%2Ffont%3E.%2Fn%3Cfont%20color%3D%22%23FF05FC%22%20%3E%7B0%7D%3C%2Ffont%3E%20ti%E1%BA%BFn%20h%C3%A0nh%3Cfont%20color%3D%22%23FF05FC%22%20%3E%20v%C3%B2ng%20chung%20k%E1%BA%BFt%3C%2Ffont%3E" icon="13" bg="13"/>
    <timeInterval years="0" months="0" weeks="0" date="0" day="0" time="0" action="0" actionID="0"/>
  </activity>
  <activity>
    <config name="Trận chiến bảo vệ H.tặc" id="13" type="10" timeInfo="Giới thiệu t.g HĐ" description="Mu%E1%BB%91n%20l%C3%A0m%20H%2Ct%E1%BA%B7c%20m%E1%BA%A1nh%20nh%E1%BA%A5t%20th%C3%AC%20c%C6%A1%20kh%C3%B4ng%20%C4%91%C6%B0%E1%BB%A3c%20b%E1%BB%8F%20l%E1%BB%A1%20b%E1%BA%A5t%20k%C3%AC%20c%C6%A1%20h%E1%BB%99i%20n%C3%A0o.%5Cn1.Ng%C6%B0%E1%BB%9Di%20ch%C6%A1i%20%C4%91%E1%BA%A1t%20%3Cfont%20color%3D%22%2300FF00%22%20%3Elv%20%7B0%7D%3C%2Ffont%3E%20m%E1%BB%9Bi%20c%C3%B3%20th%E1%BB%83%20tham%20gia%20H%C4%90%20Tr%E1%BA%ADn%20chi%E1%BA%BFn%20B%E1%BA%A3o%20v%E1%BB%87%20H%E1%BA%A3i%20t%E1%BA%B7c%20%5Cn2.Trong%20t.g%20H%C4%90%20h%C3%A0ng%20ng%C3%A0y%20%3Cfont%20color%3D'%2300FF00'%20%3E%7B1%7D%3C%2Ffont%3E%20s%E1%BA%BD%20c%C3%B3%20H.t%E1%BA%B7c%20%C4%91em%20theo%20kho%20b%C3%A1u%20%C4%91i%20qua%2C%20ng%C6%B0%E1%BB%9Di%20ch%C6%A1i%20c%C3%B3%20th%E1%BB%83%20gi%E1%BA%BFt%20h%E1%BB%8D%20nh%E1%BA%ADn%20th%C6%B0%E1%BB%9Fng.%5Cn3.M%E1%BB%97i%20ng%C3%A0y%20h%E1%BA%A3i%20t%E1%BA%B7c%20qua%20%C4%91%C6%B0%E1%BB%9Dng%20s%E1%BA%BD%20ch%E1%BB%8Dn%20m%E1%BB%99t%20n%C6%A1i%20trong%20%3Cfont%20color%3D'%2300FF00'%20%3E%7B2%7D%3C%2Ffont%3E%20%C4%91%E1%BB%83%20d%E1%BB%ABng%20t%C3%A0u%20ngh%E1%BB%89%20ng%C6%A1i.%5Cn4.Ng%C6%B0%E1%BB%9Di%20ch%C6%A1i%20c%C3%B3%20th%E1%BB%83%20tr%E1%BB%8F%20chu%E1%BB%99t%20l%C3%AAn%20ng%C6%B0%E1%BB%9Di%20%C4%91%E1%BB%99i%20qu%C3%A2n%20h%E1%BA%A3i%20t%E1%BA%B7c%20%C4%91%E1%BB%83%20xem%20p.th%C6%B0%E1%BB%9Fng%2C%20sau%20khi%20gi%E1%BA%BFt%20ch%E1%BA%BFt%20%C4%91%E1%BB%99i%20qu%C3%A2n%20s%E1%BA%BD%20c%C3%B3%20p.th%C6%B0%E1%BB%9Fng%20r%C6%A1i%20r%E1%BB%9Bt.%5Cn5.Lv%20%C4%91%E1%BB%99i%20qu%C3%A2n%20H.t%E1%BA%B7c%20c%C3%A0ng%20cao%2C%20p.th%C6%B0%E1%BB%9Fng%20ng%C6%B0%E1%BB%9Di%20ch%C6%A1i%20nh%E1%BA%ADn%20%C4%91%C6%B0%E1%BB%A3c%20c%C3%A0ng%20l%E1%BB%9Bn." icon="14" bg="14"/>
    <timeInterval years="0" months="0" weeks="0" date="0" day="0" time="0" action="0" actionID="0"/>
  </activity>
  <activity>
    <config name="Hải tặc chiến đấu" id="14" type="11" timeInfo="Ko cần giới thiệu" description="%3Cfont%20color%3D%22%2300FF00%22%20%3ETh%E1%BB%9Di%20kh%E1%BA%AFc%20c%E1%BB%A7a%20H%E1%BA%A3i%20t%E1%BA%B7c%20chi%E1%BA%BFn%20%C4%91%E1%BA%A5u%3C%2Ffont%3E%20%C4%91%C3%A3%20%C4%91%E1%BA%BFn%2C%20h%E1%BB%A1i%20c%C3%A1c%20h%E1%BA%A3i%20t%E1%BA%B7c%2C%20chu%E1%BA%A9n%20b%E1%BB%8B%20ngh%C3%AAnh%20chi%E1%BA%BFn%20n%C3%A0o!%20%2Fn%C4%90%E1%BB%83%20%C4%91%E1%BA%A3m%20b%E1%BA%A3o%20an%20toan%20d%E1%BB%AF%20li%E1%BB%87u%20c%E1%BB%A7a%20b%E1%BA%A1n%20trong%20H%E1%BA%A3i%20t%E1%BA%B7c%20chi%E1%BA%BFn%20%C4%91%E1%BA%A5u%2C%20m%E1%BB%97i%20l%E1%BA%A7n%20%C4%91i%E1%BB%81u%20ch%E1%BB%89nh%20c%C3%A1c%20th%C3%B4ng%20tin%20li%C3%AAn%20quan%20h%C3%A3y%20nh%C3%A2n%20v%C3%A0o%20n%C3%BAt%20%3Cfont%20color%3D%22%2300FF00%22%20%3EC%E1%BA%ADp%20nh%E1%BA%ADt%20th%C3%B4ng%20tin%20C.%C4%91%E1%BA%A5u%20trong%20H.t%E1%BA%B7c%20chi%E1%BA%BFn%20%C4%91%E1%BA%A5u%20%3C%2Ffont%3E.%E2%97%8F%C4%90%E1%BA%A1t%20%C4%91%E1%BA%BFn%3Cfont%20color%3D%22%2300FF00%22%20%3E%20c%E1%BA%A5p%20%7B0%7D%3C%2Ffont%3E%20c%C3%B3%20th%E1%BB%83%20tham%20gia%20H%E1%BA%A3i%20t%E1%BA%B7c%20chi%E1%BA%BFn%20%C4%91%E1%BA%A5u!%2Fn%3Cfont%20color%3D%22%2300FF00%22%20%3E%7B0%7D%3C%2Ffont%3ETi%E1%BA%BFn%20h%C3%A0nh%20V%C3%B2ng%20t%C3%ADch%20%C4%91i%E1%BB%83m%20%3Cfont%20color%3D%22%2300FF00%22%20%3E%20H%E1%BA%A3i%20t%E1%BA%B7c%20chi%E1%BA%BFn%20%C4%91%E1%BA%A5u%20%3C%2Ffont%3E.%2Fn%20V%C3%B2ng%20t%C3%ADch%20%C4%91i%E1%BB%83m%3Cfont%20color%3D%22%2300FF00%22%20%3E%20H%E1%BA%A3i%20t%E1%BA%B7c%20chi%E1%BA%BFn%20%C4%91%E1%BA%A5u%20%3C%2Ffont%3E%20k%E1%BA%BFt%20th%C3%BAc%20s%E1%BA%BD%20ti%E1%BA%BFn%20h%C3%A0nh%3Cfont%20color%3D%22%2300FF00%22%20%3EV%C3%B2ng%20trong%20%3C%2Ffont%3E.%2Fn%3Cfont%20color%3D%22%2300FF00%22%20%3E%7B0%7D%3C%2Ffont%3ETi%E1%BA%BFn%20h%C3%A0nh%20v%C3%B2ng%20trong%20%20H%E1%BA%A3i%20t%E1%BA%B7c%20chi%E1%BA%BFn%20%C4%91%E1%BA%A5u%20%3Cfont%20color%3D%22%2300FF00%22%20%3Ev%C3%B2ng%201%2F8%3C%2Ffont%3E.%2Fn%3Cfont%20color%3D%22%2300FF00%22%20%3E%7B0%7D%3C%2Ffont%3ETi%E1%BA%BFn%20h%C3%A0nh%20v%C3%B2ng%20trong%20H%E1%BA%A3i%20t%E1%BA%B7c%20chi%E1%BA%BFn%20%C4%91%E1%BA%A5u%20%3Cfont%20color%3D%22%2300FF00%22%20%3E%20v%C3%B2ng%201%2F4%3C%2Ffont%3E.%2Fn%3Cfont%20color%3D%22%2300FF00%22%20%3E%7B0%7D%3C%2Ffont%3ETi%E1%BA%BFn%20h%C3%A0nh%20v%C3%B2ng%20trong%20H%E1%BA%A3i%20t%E1%BA%B7c%20chi%E1%BA%BFn%20%C4%91%E1%BA%A5u%20%3Cfont%20color%3D%22%2300FF00%22%20%3Ev%C3%B2ng%20b%C3%A1n%20k%E1%BA%BFt%3C%2Ffont%3E.%2Fn%3Cfont%20color%3D%22%23FF05FC%22%20%3E%7B0%7D%3C%2Ffont%3ETi%E1%BA%BFn%20h%C3%A0nh%20v%C3%B2ng%20trong%20H%E1%BA%A3i%20t%E1%BA%B7c%20chi%E1%BA%BFn%20%C4%91%E1%BA%A5u%20%3Cfont%20color%3D%22%23FF05FC%22%20%3Ev%C3%B2ng%20chung%20k%E1%BA%BFt%3C%2Ffont%3E" icon="15" bg="15"/>
    <timeInterval years="0" months="0" weeks="0" date="0" day="0" time="0" action="0" actionID="0"/>
  </activity>
  <activity>
    <config name="Tranh bá trên biển" id="15" type="12" timeInfo="20:15-20:30 thứ 5 hàng tuần" description="%3Cfont%20color%3D%22%2300A8FF%22%20%3ETh%E1%BB%9Di%20%C4%91%E1%BA%A1i%20tranh%20b%C3%A1%20tr%C3%AAn%20bi%E1%BB%83n%20%3C%2Ffont%3E%C4%91%C3%A3%20%C4%91%E1%BA%BFn%2C%20k%E1%BA%BB%20m%E1%BA%A1nh%20nh%E1%BA%A5t%20TG%20s%E1%BA%BD%20xu%E1%BA%A5t%20hi%E1%BB%87n%20%E1%BB%9F%20%C4%91%C3%A2y!%5Cn1.Ti%C3%AAu%20di%E1%BB%87t%20ng%C6%B0%E1%BB%9Di%20ch%C6%A1i%20%C4%91%E1%BB%91i%20%C4%91%E1%BB%8Bch%20s%E1%BA%BD%20%C4%91%C6%B0%E1%BB%A3c%20t%C3%ADch%20%C4%91i%E1%BB%83m%2C%20%3Cfont%20color%3D%22%2300FF00%22%20%3El%E1%BA%A7n%20th%E1%BA%AFng%20li%C3%AAn%20ti%E1%BA%BFp%20c%C3%A0ng%20nhi%E1%BB%81u%20%3C%2Ffont%3E%2C%20t%C3%ADch%20%C4%91i%E1%BB%83m%20c%C3%A0ng%20cao.%5Cn2.H%C4%90%20k%E1%BA%BFt%20th%C3%BAc%20c%C4%83n%20c%E1%BB%A9%20v%C3%A0o%20XH%20t%C3%ADch%20%C4%91i%E1%BB%83m%20ph%C3%A1t%20th%C6%B0%E1%BB%9Fng%2C%20XH%20c%C3%A0ng%20cao%20th%C6%B0%E1%BB%9Fng%20c%C3%A0ng%20nhi%E1%BB%81u%2C%20bao%20g%E1%BB%93m%20%3Cfont%20color%3D%22%23F77105%22%20%3EC%C3%B4ng%20hu%C3%A2n%3C%2Ffont%3E%2C%20%3Cfont%20color%3D%22%2300FF00%22%20%3EDanh%20v%E1%BB%8Dng%20v%C3%A0%20Beri.%20%3C%2Ffont%3E%5Cn3.C%C3%B4ng%20hu%C3%A2n%20trong%20Tranh%20b%C3%A1%20tr%C3%AAn%20bi%E1%BB%83n%20c%C3%B3%20th%E1%BB%83%20v%C3%A0o%20Trung%20t%C3%A2m%20%C4%91%E1%BB%95i%20%C4%91%E1%BB%95i%20l%E1%BA%A5y%20%3Cfont%20color%3D%22%23FF05FC%22%20%3E%20%C4%90%E1%BA%A1o%20c%E1%BB%A5%20qu%C3%BD%20hi%E1%BA%BFm%20%3C%2Ffont%3E.%5Cn4.C%E1%BA%A7n%20NV%20%C4%91%E1%BA%A1t%20lv%2060%20m%E1%BB%9Bi%20c%C3%B3%20th%E1%BB%83%20tham%20gia%20H%C4%90.%5Cn5.20%3A02-20%3A12%20%20l%C3%A0%20th%E1%BB%9Di%20gian%20%C4%91%C4%83ng%20k%C3%BD%2C%20ng%C6%B0%E1%BB%9Di%20ch%C6%A1i%20%C4%91%C4%83ng%20k%C3%BD%20th%C3%A0nh%20c%C3%B4ng%20%C4%91%C6%B0%E1%BB%A3c%20C%C3%B4ng%20hu%C3%A2n%20v%C3%A0%20l%E1%BA%A7n%20c%E1%BB%95%20v%C5%A9%20mi%E1%BB%85n%20ph%C3%AD%2C%20ng%C6%B0%E1%BB%9Di%20ch%C6%A1i%20ch%C6%B0a%20%C4%91%C4%83ng%20k%C3%BD%20c%C5%A9ng%20c%C3%B3%20th%E1%BB%83%20tham%20gia%20H%C4%90." icon="16" bg="16"/>
    <timeInterval years="0" months="0" weeks="0" date="0" day="4" time="201500,203000" action="0" actionID="0"/>
  </activity>
  <activity>
    <config name="Corrida Colosseum" id="16" type="13" timeInfo="19:45-20:00 thứ 5 hàng tuần" description="Kèn lệnh của Đấu trường Corrida đã vang lên, các vị dũng sĩ hãy khoác lên mình áo giáp để cùng quyết đấu, chỉ có người kiên trì đến cùng mới là kẻ mạnh thật sự.\n1.Người chơi đạt lv 60 mới có thể tham gia.\n2.Người chơi vào đấu trường tấn công lẫn nhau để nhận tích điểm. \n3.Tích điểm càng cao, Phần thưởng XH cuối cùng nhận được càng lớn.\n4.Tất cả hiệu quả hồi máu đều vô hiệu trong Đấu trường Corrida." icon="17" bg="17"/>
    <timeInterval years="0" months="0" weeks="0" date="0" day="4" time="194500,200000" action="0" actionID="0"/>
  </activity>
  <activity>
    <config name="Công hội bảo hộ chiến" id="17" type="14" timeInfo="0" description="Những kẻ xâm phạm bạo ngược xông vào Câu lạc bộ C.hội, hoành hành trong Yến tiệc, là lúc cho chúng bài học rồi!\n1.Mỗi tuần có thể tham gia Bảo vệ C.hội chiến 2 lần, sau khi gây s.thương cho quái bất kì sẽ mất số lần.\n2.Gia nhập C.hội không đủ 3 ngày không thể khiên chiến quái.\n3.PT cấp boss sẽ phát thưởng sau 11:00 tối CN hàng tuần." icon="18" bg="18"/>
    <timeInterval years="0" months="0" weeks="0" date="0" day="0" time="0" action="0" actionID="0"/>
  </activity>
  <activity>
    <config name="Truy hồi tích điểm" id="18" type="15" timeInfo="Mở cả ngày" description="1.Người chơi không tham gia HĐ lần trước có thể dùng vàng hoặc Beri truy hồi lại PT nhất định. \n2.Người chơi đã truy hồi PT hoạt động không thể truy hồi nữa. \n3.Tham gia HĐ hoặc truy hồi PT sẽ làm mới ghi chép tích điểm nhận được. \n4.Trong thời gian bắt đầu đến khi phát thưởng HĐ tương ứng sẽ không thể truy hồi PT." icon="19" bg="19"/>
    <timeInterval years="0" months="0" weeks="0" date="0" day="0" time="0" action="0" actionID="0"/>
  </activity>
  <activity>
    <config name="Strong World" id="19" type="16" timeInfo="10:00 Thứ 2-22:00 Thứ 4, 10:00 Thứ 6-22:00 CN" description="Th%E1%BB%9Di%20%C4%91%E1%BA%A1i%20c%E1%BB%A7a%20c%C3%A1c%20h%C3%A0o%20ki%E1%BB%87t%20%C4%91%C3%A3%20t%E1%BB%9Bi%2C%20chinh%20ph%E1%BB%A5c%20Th%E1%BA%BF%20gi%E1%BB%9Bi%20tr%C3%AAn%20bi%E1%BB%83n%2C%20b%E1%BA%A1n%20ch%C3%ADnh%20l%C3%A0%20k%E1%BA%BB%20m%E1%BA%A1nh!%20%5Cn1.Y%C3%AAu%20c%E1%BA%A7u%20nh%C3%A2n%20v%E1%BA%ADt%20%C4%91%E1%BA%A1t%20LV.%20110%20m%E1%BB%9Bi%20c%C3%B3%20th%E1%BB%83%20tham%20gia.%5Cn2.Trong%20Strong%20World%20th%C3%A1ch%20%C4%91%E1%BA%A5u%20%C4%91%E1%BB%91i%20th%E1%BB%A7%20nh%E1%BA%ADn%20%C4%91%C6%B0%E1%BB%A3c%20t%C3%ADch%20%C4%91i%E1%BB%83m%2C%20%C4%91%E1%BB%99%20kh%C3%B3%20%C4%91%E1%BB%91i%20th%E1%BB%A7%20v%C3%A0%20c%E1%BA%A5p%20%C4%91%C3%A1nh%20gi%C3%A1%20c%C3%A0ng%20cao%2C%20th%C3%AC%20t%C3%ADch%20%C4%91i%E1%BB%83m%20c%C3%A0ng%20cao.%20%5Cn3.H%C4%90%20k%E1%BA%BFt%20th%C3%BAc%20c%C4%83n%20c%E1%BB%A9%20v%C3%A0o%20XH%20t%C3%ADch%20%C4%91i%E1%BB%83m%20ph%C3%A1t%20th%C6%B0%E1%BB%9Fng%2C%20XH%20c%C3%A0ng%20cao%20PT%20c%C3%A0ng%20nhi%E1%BB%81u%2C%20PT%20g%E1%BB%93m%20%3Cfont%20color%3D%22%23F77105%22%20%3E%C4%90i%E1%BB%83m%20danh%20v%E1%BB%8Dng%20h%E1%BA%A3i%20t%E1%BA%B7c%20%3C%2Ffont%3E%2C%20%3Cfont%20color%3D%22%2300FF00%22%20%3EDanh%20v%E1%BB%8Dng%20v%C3%A0%20Beri.%3C%2Ffont%3E%5Cn4.%C4%90i%E1%BB%83m%20danh%20v%E1%BB%8Dng%20h%E1%BA%A3i%20t%E1%BA%B7c%20c%C3%B3%20th%E1%BB%83%20d%C3%B9ng%20%C4%91%E1%BB%95i%20l%E1%BA%A5y%20%3Cfont%20color%3D%22%23FF05FC%22%20%3E%C4%90%E1%BA%A1o%20c%E1%BB%A5%20qu%C3%BD%20hi%E1%BA%BFm%20%3C%2Ffont%3E%20trong%20Trung%20t%C3%A2m%20%C4%91%E1%BB%95i." icon="20" bg="20"/>
    <timeInterval years="0" months="0" weeks="0" date="0" day="123,560" time="100000,220000" action="0" actionID="0"/>
  </activity>
  <activity>
    <config name="巅峰王者" id="21" type="18" timeInfo="活动时间由配置而定" description="%3Cfont%20color%3D%22%2300FF00%22%20%3E%E5%B7%85%E5%B3%B0%E7%8E%8B%E8%80%85%E8%B7%A8%E6%9C%8D%E6%88%98%3C%2Ffont%3E%E6%9D%A5%E4%B8%B4%E4%BA%86%EF%BC%8C%E7%8E%8B%E8%80%85%E4%BB%AC%EF%BC%81%E8%BF%9B%E8%A1%8C%E5%86%B3%E6%96%97%E5%90%A7%EF%BC%8C%E7%9C%8B%E7%9C%8B%E8%B0%81%E6%89%8D%E6%98%AF%E7%9C%9F%E6%AD%A3%E7%9A%84%3Cfont%20color%3D%22%23FF05FC%22%3E%E6%B5%B7%E8%B4%BC%E7%8E%8B%3C%2Ffont%3E%EF%BC%81%2Fn%E4%B8%BA%E7%A1%AE%E4%BF%9D%E6%82%A8%E5%9C%A8%E5%B7%85%E5%B3%B0%E7%8E%8B%E8%80%85%E8%B7%A8%E6%9C%8D%E6%88%98%E7%9A%84%E6%95%B0%E6%8D%AE%E5%AE%89%E5%85%A8%EF%BC%8C%E8%AF%B7%E6%AF%8F%E6%AC%A1%E8%B0%83%E6%95%B4%E6%88%98%E6%96%97%E7%9B%B8%E5%85%B3%E4%BF%A1%E6%81%AF%E5%90%8E%E7%82%B9%E5%87%BB%3Cfont%20color%3D%22%2300FF00%22%3E%E6%9B%B4%E6%96%B0%E6%88%98%E6%96%97%E4%BF%A1%E6%81%AF%3C%2Ffont%3E%E6%8C%89%E9%92%AE%E3%80%82%E2%97%8F%3Cfont%20color%3D%22%2300FF00%22%20%3E%7B0%7D%E7%BA%A7%3C%2Ffont%3E%E4%BB%A5%E4%B8%8A%E6%8B%A5%E6%9C%89%3Cfont%20color%3D%22%23FF05FC%22%20%3E%E5%B7%85%E5%B3%B0%E7%8E%8B%E8%80%85%E9%82%80%E8%AF%B7%E5%87%BD%3C%2Ffont%3E%E7%9A%84%E7%8E%A9%E5%AE%B6%E5%8F%AF%E4%BB%A5%E6%8A%A5%E5%90%8D%2Fn%3Cfont%20color%3D%22%2300FF00%22%20%3E%7B0%7D%3C%2Ffont%3E%E8%BF%9B%E8%A1%8C%3Cfont%20color%3D%22%2300FF00%22%20%3E%E5%B7%85%E5%B3%B0%E7%8E%8B%E8%80%85%E8%B7%A8%E6%9C%8D%E6%88%98%E6%B5%B7%E9%80%89%E8%B5%9B%3C%2Ffont%3E%2Fn%3Cfont%20color%3D%22%2300FF00%22%20%3E%7B0%7D%3C%2Ffont%3E%E8%BF%9B%E8%A1%8C%E5%B7%85%E5%B3%B0%E7%8E%8B%E8%80%85%E8%B7%A8%E6%9C%8D%E6%88%98%3Cfont%20color%3D%22%2300FF00%22%20%3E%E5%88%86%E8%B5%9B%E5%8C%BA%3C%2Ffont%3E%E6%99%8B%E7%BA%A7%E8%B5%9B%3Cfont%20color%3D%22%2300FF00%22%20%3E1%2F16%E5%86%B3%E8%B5%9B%3C%2Ffont%3E%2Fn%3Cfont%20color%3D%22%2300FF00%22%20%3E%7B0%7D%3C%2Ffont%3E%E8%BF%9B%E8%A1%8C%E5%B7%85%E5%B3%B0%E7%8E%8B%E8%80%85%E8%B7%A8%E6%9C%8D%E6%88%98%3Cfont%20color%3D%22%2300FF00%22%20%3E%E5%88%86%E8%B5%9B%E5%8C%BA%3C%2Ffont%3E%E6%99%8B%E7%BA%A7%E8%B5%9B%3Cfont%20color%3D%22%2300FF00%22%20%3E1%2F8%E5%86%B3%E8%B5%9B%3C%2Ffont%3E%2Fn%3Cfont%20color%3D%22%2300FF00%22%20%3E%7B0%7D%3C%2Ffont%3E%E8%BF%9B%E8%A1%8C%E5%B7%85%E5%B3%B0%E7%8E%8B%E8%80%85%E8%B7%A8%E6%9C%8D%E6%88%98%3Cfont%20color%3D%22%2300FF00%22%20%3E%E5%88%86%E8%B5%9B%E5%8C%BA%3C%2Ffont%3E%E6%99%8B%E7%BA%A7%E8%B5%9B%3Cfont%20color%3D%22%2300FF00%22%20%3E1%2F4%E5%86%B3%E8%B5%9B%3C%2Ffont%3E%2Fn%3Cfont%20color%3D%22%2300FF00%22%20%3E%7B0%7D%3C%2Ffont%3E%E8%BF%9B%E8%A1%8C%E5%B7%85%E5%B3%B0%E7%8E%8B%E8%80%85%E8%B7%A8%E6%9C%8D%E6%88%98%3Cfont%20color%3D%22%2300FF00%22%20%3E%E5%88%86%E8%B5%9B%E5%8C%BA%3C%2Ffont%3E%E6%99%8B%E7%BA%A7%E8%B5%9B%3Cfont%20color%3D%22%2300FF00%22%20%3E%E5%8D%8A%E5%86%B3%E8%B5%9B%3C%2Ffont%3E%2Fn%3Cfont%20color%3D%22%23FF05FC%22%20%3E%7B0%7D%3C%2Ffont%3E%E8%BF%9B%E8%A1%8C%E5%B7%85%E5%B3%B0%E7%8E%8B%E8%80%85%E8%B7%A8%E6%9C%8D%E6%88%98%3Cfont%20color%3D%22%2300FF00%22%20%3E%E5%88%86%E8%B5%9B%E5%8C%BA%3C%2Ffont%3E%E6%99%8B%E7%BA%A7%E8%B5%9B%3Cfont%20color%3D%22%23FF05FC%22%20%3E%E5%86%B3%E8%B5%9B%3C%2Ffont%3E%2Fn%3Cfont%20color%3D%22%2300FF00%22%20%3E%7B0%7D%3C%2Ffont%3E%E8%BF%9B%E8%A1%8C%E5%B7%85%E5%B3%B0%E7%8E%8B%E8%80%85%E8%B7%A8%E6%9C%8D%E6%88%98%3Cfont%20color%3D%22%23FF05FC%22%20%3E%E6%80%BB%E8%B5%9B%E5%8C%BA%3C%2Ffont%3E%E6%99%8B%E7%BA%A7%E8%B5%9B%3Cfont%20color%3D%22%2300FF00%22%20%3E%E5%8D%8A%E5%86%B3%E8%B5%9B%3C%2Ffont%3E%2Fn%3Cfont%20color%3D%22%23FF05FC%22%20%3E%7B0%7D%3C%2Ffont%3E%E8%BF%9B%E8%A1%8C%E5%B7%85%E5%B3%B0%E7%8E%8B%E8%80%85%E8%B7%A8%E6%9C%8D%E6%88%98%3Cfont%20color%3D%22%23FF05FC%22%20%3E%E6%80%BB%E8%B5%9B%E5%8C%BA%3C%2Ffont%3E%E6%99%8B%E7%BA%A7%E8%B5%9B%3Cfont%20color%3D%22%23FF05FC%22%20%3E%E5%86%B3%E8%B5%9B%3C%2Ffont%3E" icon="22" bg="22"/>
    <timeInterval years="0" months="0" weeks="0" date="0" day="0" time="0" action="0" actionID="0"/>
  </activity>
</activities>