<root>
  <allblue_collect id="1" baseGoldGrade1="20" growGoldGrade1="0" baseGoldGrade2="50" growGoldGrade2="0" normalCollectShow="3|7" goldCollectShow1="9" goldCollectShow2="12" darkNormalCollectShow="" darkGoldCollectShow1="" darkGoldCollectShow2=""/>
  <allblue_collect id="2" baseGoldGrade1="20" growGoldGrade1="0" baseGoldGrade2="50" growGoldGrade2="0" normalCollectShow="4|8" goldCollectShow1="10" goldCollectShow2="13" darkNormalCollectShow="1|5" darkGoldCollectShow1="1|2,2|6" darkGoldCollectShow2="1|2,3|7"/>
  <allblue_collect id="3" baseGoldGrade1="20" growGoldGrade1="0" baseGoldGrade2="50" growGoldGrade2="0" normalCollectShow="4|9" goldCollectShow1="10|11" goldCollectShow2="13|14" darkNormalCollectShow="1|5" darkGoldCollectShow1="1|2,2|6" darkGoldCollectShow2="1|2,3|7"/>
  <allblue_collect id="4" baseGoldGrade1="20" growGoldGrade1="0" baseGoldGrade2="50" growGoldGrade2="0" normalCollectShow="5|9" goldCollectShow1="11" goldCollectShow2="14" darkNormalCollectShow="1|5" darkGoldCollectShow1="1|2,2|6" darkGoldCollectShow2="1|2,3|7"/>
  <allblue_collect id="5" baseGoldGrade1="20" growGoldGrade1="0" baseGoldGrade2="50" growGoldGrade2="0" normalCollectShow="5|10" goldCollectShow1="11|12" goldCollectShow2="14|15" darkNormalCollectShow="1|5" darkGoldCollectShow1="1|2,2|6" darkGoldCollectShow2="1|2,3|7"/>
  <allblue_collect id="6" baseGoldGrade1="20" growGoldGrade1="0" baseGoldGrade2="50" growGoldGrade2="0" normalCollectShow="6|10" goldCollectShow1="12" goldCollectShow2="15" darkNormalCollectShow="1|5" darkGoldCollectShow1="1|2,2|6" darkGoldCollectShow2="1|2,3|7"/>
  <allblue_collect id="7" baseGoldGrade1="20" growGoldGrade1="0" baseGoldGrade2="50" growGoldGrade2="0" normalCollectShow="6|11" goldCollectShow1="12|13" goldCollectShow2="15|16" darkNormalCollectShow="1|5" darkGoldCollectShow1="1|2,2|6" darkGoldCollectShow2="1|2,3|7"/>
  <allblue_collect id="8" baseGoldGrade1="20" growGoldGrade1="0" baseGoldGrade2="50" growGoldGrade2="0" normalCollectShow="7|11" goldCollectShow1="13" goldCollectShow2="16" darkNormalCollectShow="1|5" darkGoldCollectShow1="1|2,2|6" darkGoldCollectShow2="1|2,3|7"/>
  <allblue_collect id="9" baseGoldGrade1="20" growGoldGrade1="0" baseGoldGrade2="50" growGoldGrade2="0" normalCollectShow="7|12" goldCollectShow1="13|14" goldCollectShow2="16|17" darkNormalCollectShow="1|5" darkGoldCollectShow1="1|2,2|6" darkGoldCollectShow2="1|2,3|7"/>
  <allblue_collect id="10" baseGoldGrade1="20" growGoldGrade1="0" baseGoldGrade2="50" growGoldGrade2="0" normalCollectShow="8|12" goldCollectShow1="14" goldCollectShow2="17" darkNormalCollectShow="1|5" darkGoldCollectShow1="1|2,2|6" darkGoldCollectShow2="1|2,3|7"/>
  <allblue_collect id="11" baseGoldGrade1="20" growGoldGrade1="0" baseGoldGrade2="50" growGoldGrade2="0" normalCollectShow="8|13" goldCollectShow1="14|15" goldCollectShow2="17|18" darkNormalCollectShow="1|5" darkGoldCollectShow1="1|2,2|6" darkGoldCollectShow2="1|2,3|7"/>
  <allblue_collect id="12" baseGoldGrade1="20" growGoldGrade1="0" baseGoldGrade2="50" growGoldGrade2="0" normalCollectShow="9|13" goldCollectShow1="15" goldCollectShow2="18" darkNormalCollectShow="1|5" darkGoldCollectShow1="1|2,2|6" darkGoldCollectShow2="1|2,3|7"/>
  <allblue_collect id="13" baseGoldGrade1="20" growGoldGrade1="0" baseGoldGrade2="50" growGoldGrade2="0" normalCollectShow="9|14" goldCollectShow1="15|16" goldCollectShow2="18|19" darkNormalCollectShow="1|5" darkGoldCollectShow1="1|2,2|6" darkGoldCollectShow2="1|2,3|7"/>
  <allblue_collect id="14" baseGoldGrade1="20" growGoldGrade1="0" baseGoldGrade2="50" growGoldGrade2="0" normalCollectShow="10|14" goldCollectShow1="16" goldCollectShow2="19" darkNormalCollectShow="1|5" darkGoldCollectShow1="1|2,2|6" darkGoldCollectShow2="1|2,3|7"/>
  <allblue_collect id="15" baseGoldGrade1="20" growGoldGrade1="0" baseGoldGrade2="50" growGoldGrade2="0" normalCollectShow="10|15" goldCollectShow1="16|17" goldCollectShow2="19|20" darkNormalCollectShow="1|5" darkGoldCollectShow1="1|2,2|6" darkGoldCollectShow2="1|2,3|7"/>
  <allblue_collect id="16" baseGoldGrade1="20" growGoldGrade1="0" baseGoldGrade2="50" growGoldGrade2="0" normalCollectShow="11|15" goldCollectShow1="17" goldCollectShow2="20" darkNormalCollectShow="1|5" darkGoldCollectShow1="1|2,2|6" darkGoldCollectShow2="2,3|7"/>
  <allblue_collect id="17" baseGoldGrade1="20" growGoldGrade1="0" baseGoldGrade2="50" growGoldGrade2="0" normalCollectShow="11|16" goldCollectShow1="17|18" goldCollectShow2="20|21" darkNormalCollectShow="1|5" darkGoldCollectShow1="1|2,2|6" darkGoldCollectShow2="2,3|7"/>
  <allblue_collect id="18" baseGoldGrade1="20" growGoldGrade1="0" baseGoldGrade2="50" growGoldGrade2="0" normalCollectShow="12|16" goldCollectShow1="18" goldCollectShow2="21" darkNormalCollectShow="1|5" darkGoldCollectShow1="1|2,2|6" darkGoldCollectShow2="2,3|7"/>
  <allblue_collect id="19" baseGoldGrade1="20" growGoldGrade1="0" baseGoldGrade2="50" growGoldGrade2="0" normalCollectShow="12|17" goldCollectShow1="18|19" goldCollectShow2="21|22" darkNormalCollectShow="1|5" darkGoldCollectShow1="1|2,2|6" darkGoldCollectShow2="2,3|7"/>
  <allblue_collect id="20" baseGoldGrade1="20" growGoldGrade1="0" baseGoldGrade2="50" growGoldGrade2="0" normalCollectShow="13|17" goldCollectShow1="19" goldCollectShow2="22" darkNormalCollectShow="1|5" darkGoldCollectShow1="1|2,2|6" darkGoldCollectShow2="2,3|7"/>
  <allblue_collect id="21" baseGoldGrade1="20" growGoldGrade1="0" baseGoldGrade2="50" growGoldGrade2="0" normalCollectShow="13|18" goldCollectShow1="19|20" goldCollectShow2="22|23" darkNormalCollectShow="1|5" darkGoldCollectShow1="1|2,2|6" darkGoldCollectShow2="2,3|7"/>
  <allblue_collect id="22" baseGoldGrade1="20" growGoldGrade1="0" baseGoldGrade2="50" growGoldGrade2="0" normalCollectShow="14|18" goldCollectShow1="20" goldCollectShow2="23" darkNormalCollectShow="1|5" darkGoldCollectShow1="1|2,2|6" darkGoldCollectShow2="2|3,3|7"/>
  <allblue_collect id="23" baseGoldGrade1="20" growGoldGrade1="0" baseGoldGrade2="50" growGoldGrade2="0" normalCollectShow="14|19" goldCollectShow1="20|21" goldCollectShow2="23|24" darkNormalCollectShow="1|5" darkGoldCollectShow1="1|2,2|6" darkGoldCollectShow2="2|3,3|7"/>
  <allblue_collect id="24" baseGoldGrade1="20" growGoldGrade1="0" baseGoldGrade2="50" growGoldGrade2="0" normalCollectShow="15|19" goldCollectShow1="21" goldCollectShow2="24" darkNormalCollectShow="1|5" darkGoldCollectShow1="1|2,2|6" darkGoldCollectShow2="2|3,3|7"/>
  <allblue_collect id="25" baseGoldGrade1="20" growGoldGrade1="0" baseGoldGrade2="50" growGoldGrade2="0" normalCollectShow="15|20" goldCollectShow1="21|22" goldCollectShow2="24|25" darkNormalCollectShow="1|5" darkGoldCollectShow1="1|2,2|6" darkGoldCollectShow2="2|3,3|7"/>
  <allblue_collect id="26" baseGoldGrade1="20" growGoldGrade1="0" baseGoldGrade2="50" growGoldGrade2="0" normalCollectShow="16|20" goldCollectShow1="22" goldCollectShow2="25" darkNormalCollectShow="1|5" darkGoldCollectShow1="1|2,2|6" darkGoldCollectShow2="2|3,3|7"/>
  <allblue_collect id="27" baseGoldGrade1="20" growGoldGrade1="0" baseGoldGrade2="50" growGoldGrade2="0" normalCollectShow="16|21" goldCollectShow1="22|23" goldCollectShow2="25|26" darkNormalCollectShow="1|5" darkGoldCollectShow1="1|2,2|6" darkGoldCollectShow2="2|3,3|7"/>
  <allblue_collect id="28" baseGoldGrade1="20" growGoldGrade1="0" baseGoldGrade2="50" growGoldGrade2="0" normalCollectShow="17|21" goldCollectShow1="23" goldCollectShow2="26" darkNormalCollectShow="1|5" darkGoldCollectShow1="1|2,2|6" darkGoldCollectShow2="2|3,3|7"/>
  <allblue_collect id="29" baseGoldGrade1="20" growGoldGrade1="0" baseGoldGrade2="50" growGoldGrade2="0" normalCollectShow="17|22" goldCollectShow1="23|24" goldCollectShow2="26|27" darkNormalCollectShow="1|5" darkGoldCollectShow1="1|2,2|6" darkGoldCollectShow2="2|3,3|7"/>
  <allblue_collect id="30" baseGoldGrade1="20" growGoldGrade1="0" baseGoldGrade2="50" growGoldGrade2="0" normalCollectShow="18|22" goldCollectShow1="24" goldCollectShow2="27" darkNormalCollectShow="1|5" darkGoldCollectShow1="1|2,2|6" darkGoldCollectShow2="2|3,3|7"/>
</root>