<root>
  <arena_shop id="1" itemTempId="77037" getNum="1" consumeHonour="3000" needPrestige="0" neeLevel="60" limitTime="1" canBatch="0" type="0" preId="0" showId="1"/>
  <arena_shop id="2" itemTempId="77038" getNum="1" consumeHonour="2000" needPrestige="0" neeLevel="60" limitTime="1" canBatch="0" type="0" preId="0" showId="2"/>
  <arena_shop id="3" itemTempId="77039" getNum="1" consumeHonour="3000" needPrestige="0" neeLevel="60" limitTime="1" canBatch="0" type="0" preId="0" showId="2"/>
  <arena_shop id="4" itemTempId="77040" getNum="1" consumeHonour="2000" needPrestige="0" neeLevel="60" limitTime="1" canBatch="0" type="0" preId="0" showId="3"/>
  <arena_shop id="5" itemTempId="77041" getNum="1" consumeHonour="3000" needPrestige="0" neeLevel="60" limitTime="1" canBatch="0" type="0" preId="0" showId="3"/>
  <arena_shop id="6" itemTempId="77042" getNum="1" consumeHonour="2000" needPrestige="0" neeLevel="60" limitTime="1" canBatch="0" type="0" preId="0" showId="4"/>
  <arena_shop id="7" itemTempId="75008" getNum="1" consumeHonour="1000" needPrestige="0" neeLevel="60" limitTime="1" canBatch="0" type="0" preId="0" showId="4"/>
  <arena_shop id="8" itemTempId="120039" getNum="1" consumeHonour="150" needPrestige="0" neeLevel="60" limitTime="0" canBatch="1" type="0" preId="0" showId="5"/>
  <arena_shop id="9" itemTempId="76007" getNum="1" consumeHonour="90" needPrestige="0" neeLevel="60" limitTime="0" canBatch="1" type="0" preId="0" showId="5"/>
  <arena_shop id="10" itemTempId="70528" getNum="1" consumeHonour="300" needPrestige="0" neeLevel="60" limitTime="0" canBatch="1" type="0" preId="0" showId="6"/>
  <arena_shop id="11" itemTempId="70529" getNum="1" consumeHonour="600" needPrestige="0" neeLevel="60" limitTime="0" canBatch="1" type="0" preId="0" showId="7"/>
  <arena_shop id="12" itemTempId="70735" getNum="1" consumeHonour="300" needPrestige="0" neeLevel="60" limitTime="0" canBatch="1" type="0" preId="0" showId="8"/>
  <arena_shop id="13" itemTempId="70725" getNum="1" consumeHonour="300" needPrestige="0" neeLevel="60" limitTime="0" canBatch="1" type="0" preId="0" showId="9"/>
  <arena_shop id="14" itemTempId="73006" getNum="1" consumeHonour="540" needPrestige="0" neeLevel="60" limitTime="0" canBatch="1" type="0" preId="0" showId="10"/>
  <arena_shop id="15" itemTempId="50014" getNum="1" consumeHonour="180" needPrestige="0" neeLevel="60" limitTime="0" canBatch="1" type="0" preId="0" showId="11"/>
  <arena_shop id="16" itemTempId="75067" getNum="1" consumeHonour="500" needPrestige="0" neeLevel="60" limitTime="1" canBatch="1" type="0" preId="0" showId="12"/>
</root>