<root>
  <arena_prize id="1" resources="1200" item=""/>
  <arena_prize id="2" resources="1098" item=""/>
  <arena_prize id="3" resources="996" item=""/>
  <arena_prize id="4" resources="944" item=""/>
  <arena_prize id="5" resources="892" item=""/>
  <arena_prize id="6" resources="840" item=""/>
  <arena_prize id="7" resources="788" item=""/>
  <arena_prize id="8" resources="761" item=""/>
  <arena_prize id="9" resources="749" item=""/>
  <arena_prize id="10" resources="737" item=""/>
  <arena_prize id="11" resources="725" item=""/>
  <arena_prize id="12" resources="713" item=""/>
  <arena_prize id="13" resources="701" item=""/>
  <arena_prize id="14" resources="689" item=""/>
  <arena_prize id="15" resources="677" item=""/>
  <arena_prize id="16" resources="670" item=""/>
  <arena_prize id="17" resources="663" item=""/>
  <arena_prize id="18" resources="656" item=""/>
  <arena_prize id="19" resources="649" item=""/>
  <arena_prize id="20" resources="642" item=""/>
  <arena_prize id="21" resources="635" item=""/>
  <arena_prize id="22" resources="628" item=""/>
  <arena_prize id="23" resources="621" item=""/>
  <arena_prize id="24" resources="614" item=""/>
  <arena_prize id="25" resources="607" item=""/>
  <arena_prize id="26" resources="600" item=""/>
  <arena_prize id="27" resources="593" item=""/>
  <arena_prize id="28" resources="588" item=""/>
  <arena_prize id="29" resources="583" item=""/>
  <arena_prize id="30" resources="579" item=""/>
  <arena_prize id="31" resources="575" item=""/>
  <arena_prize id="32" resources="571" item=""/>
  <arena_prize id="33" resources="568" item=""/>
  <arena_prize id="34" resources="565" item=""/>
  <arena_prize id="35" resources="562" item=""/>
  <arena_prize id="36" resources="559" item=""/>
  <arena_prize id="37" resources="556" item=""/>
  <arena_prize id="38" resources="553" item=""/>
  <arena_prize id="39" resources="550" item=""/>
  <arena_prize id="40" resources="547" item=""/>
  <arena_prize id="41" resources="544" item=""/>
  <arena_prize id="42" resources="541" item=""/>
  <arena_prize id="43" resources="538" item=""/>
  <arena_prize id="44" resources="535" item=""/>
  <arena_prize id="45" resources="532" item=""/>
  <arena_prize id="46" resources="529" item=""/>
  <arena_prize id="47" resources="526" item=""/>
  <arena_prize id="48" resources="523" item=""/>
  <arena_prize id="49" resources="520" item=""/>
  <arena_prize id="50" resources="517" item=""/>
  <arena_prize id="51" resources="540" item=""/>
  <arena_prize id="52" resources="538" item=""/>
  <arena_prize id="53" resources="536" item=""/>
  <arena_prize id="54" resources="534" item=""/>
  <arena_prize id="55" resources="532" item=""/>
  <arena_prize id="56" resources="530" item=""/>
  <arena_prize id="57" resources="528" item=""/>
  <arena_prize id="58" resources="526" item=""/>
  <arena_prize id="59" resources="524" item=""/>
  <arena_prize id="60" resources="522" item=""/>
  <arena_prize id="61" resources="510" item=""/>
  <arena_prize id="62" resources="508" item=""/>
  <arena_prize id="63" resources="506" item=""/>
  <arena_prize id="64" resources="504" item=""/>
  <arena_prize id="65" resources="502" item=""/>
  <arena_prize id="66" resources="500" item=""/>
  <arena_prize id="67" resources="498" item=""/>
  <arena_prize id="68" resources="496" item=""/>
  <arena_prize id="69" resources="494" item=""/>
  <arena_prize id="70" resources="492" item=""/>
  <arena_prize id="71" resources="480" item=""/>
  <arena_prize id="72" resources="478" item=""/>
  <arena_prize id="73" resources="476" item=""/>
  <arena_prize id="74" resources="474" item=""/>
  <arena_prize id="75" resources="472" item=""/>
  <arena_prize id="76" resources="470" item=""/>
  <arena_prize id="77" resources="468" item=""/>
  <arena_prize id="78" resources="466" item=""/>
  <arena_prize id="79" resources="464" item=""/>
  <arena_prize id="80" resources="462" item=""/>
  <arena_prize id="81" resources="450" item=""/>
  <arena_prize id="82" resources="450" item=""/>
  <arena_prize id="83" resources="450" item=""/>
  <arena_prize id="84" resources="450" item=""/>
  <arena_prize id="85" resources="450" item=""/>
  <arena_prize id="86" resources="450" item=""/>
  <arena_prize id="87" resources="450" item=""/>
  <arena_prize id="88" resources="450" item=""/>
  <arena_prize id="89" resources="450" item=""/>
  <arena_prize id="90" resources="450" item=""/>
  <arena_prize id="91" resources="440" item=""/>
  <arena_prize id="92" resources="440" item=""/>
  <arena_prize id="93" resources="440" item=""/>
  <arena_prize id="94" resources="440" item=""/>
  <arena_prize id="95" resources="440" item=""/>
  <arena_prize id="96" resources="440" item=""/>
  <arena_prize id="97" resources="440" item=""/>
  <arena_prize id="98" resources="440" item=""/>
  <arena_prize id="99" resources="440" item=""/>
  <arena_prize id="100" resources="440" item=""/>
  <arena_prize id="101" resources="430" item=""/>
  <arena_prize id="102" resources="430" item=""/>
  <arena_prize id="103" resources="430" item=""/>
  <arena_prize id="104" resources="430" item=""/>
  <arena_prize id="105" resources="430" item=""/>
  <arena_prize id="106" resources="430" item=""/>
  <arena_prize id="107" resources="430" item=""/>
  <arena_prize id="108" resources="430" item=""/>
  <arena_prize id="109" resources="430" item=""/>
  <arena_prize id="110" resources="430" item=""/>
  <arena_prize id="111" resources="420" item=""/>
  <arena_prize id="112" resources="420" item=""/>
  <arena_prize id="113" resources="420" item=""/>
  <arena_prize id="114" resources="420" item=""/>
  <arena_prize id="115" resources="420" item=""/>
  <arena_prize id="116" resources="420" item=""/>
  <arena_prize id="117" resources="420" item=""/>
  <arena_prize id="118" resources="420" item=""/>
  <arena_prize id="119" resources="420" item=""/>
  <arena_prize id="120" resources="420" item=""/>
  <arena_prize id="121" resources="410" item=""/>
  <arena_prize id="122" resources="410" item=""/>
  <arena_prize id="123" resources="410" item=""/>
  <arena_prize id="124" resources="410" item=""/>
  <arena_prize id="125" resources="410" item=""/>
  <arena_prize id="126" resources="410" item=""/>
  <arena_prize id="127" resources="410" item=""/>
  <arena_prize id="128" resources="410" item=""/>
  <arena_prize id="129" resources="410" item=""/>
  <arena_prize id="130" resources="410" item=""/>
  <arena_prize id="131" resources="400" item=""/>
  <arena_prize id="132" resources="400" item=""/>
  <arena_prize id="133" resources="400" item=""/>
  <arena_prize id="134" resources="400" item=""/>
  <arena_prize id="135" resources="400" item=""/>
  <arena_prize id="136" resources="400" item=""/>
  <arena_prize id="137" resources="400" item=""/>
  <arena_prize id="138" resources="400" item=""/>
  <arena_prize id="139" resources="400" item=""/>
  <arena_prize id="140" resources="400" item=""/>
  <arena_prize id="141" resources="390" item=""/>
  <arena_prize id="142" resources="390" item=""/>
  <arena_prize id="143" resources="390" item=""/>
  <arena_prize id="144" resources="390" item=""/>
  <arena_prize id="145" resources="390" item=""/>
  <arena_prize id="146" resources="390" item=""/>
  <arena_prize id="147" resources="390" item=""/>
  <arena_prize id="148" resources="390" item=""/>
  <arena_prize id="149" resources="390" item=""/>
  <arena_prize id="150" resources="390" item=""/>
  <arena_prize id="151" resources="380" item=""/>
  <arena_prize id="152" resources="380" item=""/>
  <arena_prize id="153" resources="380" item=""/>
  <arena_prize id="154" resources="380" item=""/>
  <arena_prize id="155" resources="380" item=""/>
  <arena_prize id="156" resources="380" item=""/>
  <arena_prize id="157" resources="380" item=""/>
  <arena_prize id="158" resources="380" item=""/>
  <arena_prize id="159" resources="380" item=""/>
  <arena_prize id="160" resources="380" item=""/>
  <arena_prize id="161" resources="370" item=""/>
  <arena_prize id="162" resources="370" item=""/>
  <arena_prize id="163" resources="370" item=""/>
  <arena_prize id="164" resources="370" item=""/>
  <arena_prize id="165" resources="370" item=""/>
  <arena_prize id="166" resources="370" item=""/>
  <arena_prize id="167" resources="370" item=""/>
  <arena_prize id="168" resources="370" item=""/>
  <arena_prize id="169" resources="370" item=""/>
  <arena_prize id="170" resources="370" item=""/>
  <arena_prize id="171" resources="360" item=""/>
  <arena_prize id="172" resources="360" item=""/>
  <arena_prize id="173" resources="360" item=""/>
  <arena_prize id="174" resources="360" item=""/>
  <arena_prize id="175" resources="360" item=""/>
  <arena_prize id="176" resources="360" item=""/>
  <arena_prize id="177" resources="360" item=""/>
  <arena_prize id="178" resources="360" item=""/>
  <arena_prize id="179" resources="360" item=""/>
  <arena_prize id="180" resources="360" item=""/>
  <arena_prize id="181" resources="350" item=""/>
  <arena_prize id="182" resources="350" item=""/>
  <arena_prize id="183" resources="350" item=""/>
  <arena_prize id="184" resources="350" item=""/>
  <arena_prize id="185" resources="350" item=""/>
  <arena_prize id="186" resources="350" item=""/>
  <arena_prize id="187" resources="350" item=""/>
  <arena_prize id="188" resources="350" item=""/>
  <arena_prize id="189" resources="350" item=""/>
  <arena_prize id="190" resources="350" item=""/>
  <arena_prize id="191" resources="340" item=""/>
  <arena_prize id="192" resources="340" item=""/>
  <arena_prize id="193" resources="340" item=""/>
  <arena_prize id="194" resources="340" item=""/>
  <arena_prize id="195" resources="340" item=""/>
  <arena_prize id="196" resources="340" item=""/>
  <arena_prize id="197" resources="340" item=""/>
  <arena_prize id="198" resources="340" item=""/>
  <arena_prize id="199" resources="340" item=""/>
  <arena_prize id="200" resources="340" item=""/>
  <arena_prize id="201" resources="330" item=""/>
  <arena_prize id="202" resources="330" item=""/>
  <arena_prize id="203" resources="330" item=""/>
  <arena_prize id="204" resources="330" item=""/>
  <arena_prize id="205" resources="330" item=""/>
  <arena_prize id="206" resources="330" item=""/>
  <arena_prize id="207" resources="330" item=""/>
  <arena_prize id="208" resources="330" item=""/>
  <arena_prize id="209" resources="330" item=""/>
  <arena_prize id="210" resources="330" item=""/>
  <arena_prize id="211" resources="320" item=""/>
  <arena_prize id="212" resources="320" item=""/>
  <arena_prize id="213" resources="320" item=""/>
  <arena_prize id="214" resources="320" item=""/>
  <arena_prize id="215" resources="320" item=""/>
  <arena_prize id="216" resources="320" item=""/>
  <arena_prize id="217" resources="320" item=""/>
  <arena_prize id="218" resources="320" item=""/>
  <arena_prize id="219" resources="320" item=""/>
  <arena_prize id="220" resources="320" item=""/>
  <arena_prize id="221" resources="310" item=""/>
  <arena_prize id="222" resources="310" item=""/>
  <arena_prize id="223" resources="310" item=""/>
  <arena_prize id="224" resources="310" item=""/>
  <arena_prize id="225" resources="310" item=""/>
  <arena_prize id="226" resources="310" item=""/>
  <arena_prize id="227" resources="310" item=""/>
  <arena_prize id="228" resources="310" item=""/>
  <arena_prize id="229" resources="310" item=""/>
  <arena_prize id="230" resources="310" item=""/>
  <arena_prize id="231" resources="300" item=""/>
  <arena_prize id="232" resources="300" item=""/>
  <arena_prize id="233" resources="300" item=""/>
  <arena_prize id="234" resources="300" item=""/>
  <arena_prize id="235" resources="300" item=""/>
  <arena_prize id="236" resources="300" item=""/>
  <arena_prize id="237" resources="300" item=""/>
  <arena_prize id="238" resources="300" item=""/>
  <arena_prize id="239" resources="300" item=""/>
  <arena_prize id="240" resources="300" item=""/>
  <arena_prize id="241" resources="290" item=""/>
  <arena_prize id="242" resources="290" item=""/>
  <arena_prize id="243" resources="290" item=""/>
  <arena_prize id="244" resources="290" item=""/>
  <arena_prize id="245" resources="290" item=""/>
  <arena_prize id="246" resources="290" item=""/>
  <arena_prize id="247" resources="290" item=""/>
  <arena_prize id="248" resources="290" item=""/>
  <arena_prize id="249" resources="290" item=""/>
  <arena_prize id="250" resources="290" item=""/>
  <arena_prize id="251" resources="280" item=""/>
  <arena_prize id="252" resources="280" item=""/>
  <arena_prize id="253" resources="280" item=""/>
  <arena_prize id="254" resources="280" item=""/>
  <arena_prize id="255" resources="280" item=""/>
  <arena_prize id="256" resources="280" item=""/>
  <arena_prize id="257" resources="280" item=""/>
  <arena_prize id="258" resources="280" item=""/>
  <arena_prize id="259" resources="280" item=""/>
  <arena_prize id="260" resources="280" item=""/>
  <arena_prize id="261" resources="270" item=""/>
  <arena_prize id="262" resources="270" item=""/>
  <arena_prize id="263" resources="270" item=""/>
  <arena_prize id="264" resources="270" item=""/>
  <arena_prize id="265" resources="270" item=""/>
  <arena_prize id="266" resources="270" item=""/>
  <arena_prize id="267" resources="270" item=""/>
  <arena_prize id="268" resources="270" item=""/>
  <arena_prize id="269" resources="270" item=""/>
  <arena_prize id="270" resources="270" item=""/>
  <arena_prize id="271" resources="260" item=""/>
  <arena_prize id="272" resources="260" item=""/>
  <arena_prize id="273" resources="260" item=""/>
  <arena_prize id="274" resources="260" item=""/>
  <arena_prize id="275" resources="260" item=""/>
  <arena_prize id="276" resources="260" item=""/>
  <arena_prize id="277" resources="260" item=""/>
  <arena_prize id="278" resources="260" item=""/>
  <arena_prize id="279" resources="260" item=""/>
  <arena_prize id="280" resources="260" item=""/>
  <arena_prize id="281" resources="250" item=""/>
  <arena_prize id="282" resources="250" item=""/>
  <arena_prize id="283" resources="250" item=""/>
  <arena_prize id="284" resources="250" item=""/>
  <arena_prize id="285" resources="250" item=""/>
  <arena_prize id="286" resources="250" item=""/>
  <arena_prize id="287" resources="250" item=""/>
  <arena_prize id="288" resources="250" item=""/>
  <arena_prize id="289" resources="250" item=""/>
  <arena_prize id="290" resources="250" item=""/>
  <arena_prize id="291" resources="240" item=""/>
  <arena_prize id="292" resources="240" item=""/>
  <arena_prize id="293" resources="240" item=""/>
  <arena_prize id="294" resources="240" item=""/>
  <arena_prize id="295" resources="240" item=""/>
  <arena_prize id="296" resources="240" item=""/>
  <arena_prize id="297" resources="240" item=""/>
  <arena_prize id="298" resources="240" item=""/>
  <arena_prize id="299" resources="240" item=""/>
  <arena_prize id="300" resources="240" item=""/>
  <arena_prize id="301" resources="230" item=""/>
  <arena_prize id="302" resources="230" item=""/>
  <arena_prize id="303" resources="230" item=""/>
  <arena_prize id="304" resources="230" item=""/>
  <arena_prize id="305" resources="230" item=""/>
  <arena_prize id="306" resources="230" item=""/>
  <arena_prize id="307" resources="230" item=""/>
  <arena_prize id="308" resources="230" item=""/>
  <arena_prize id="309" resources="230" item=""/>
  <arena_prize id="310" resources="230" item=""/>
  <arena_prize id="311" resources="220" item=""/>
  <arena_prize id="312" resources="220" item=""/>
  <arena_prize id="313" resources="220" item=""/>
  <arena_prize id="314" resources="220" item=""/>
  <arena_prize id="315" resources="220" item=""/>
  <arena_prize id="316" resources="220" item=""/>
  <arena_prize id="317" resources="220" item=""/>
  <arena_prize id="318" resources="220" item=""/>
  <arena_prize id="319" resources="220" item=""/>
  <arena_prize id="320" resources="220" item=""/>
  <arena_prize id="321" resources="210" item=""/>
  <arena_prize id="322" resources="210" item=""/>
  <arena_prize id="323" resources="210" item=""/>
  <arena_prize id="324" resources="210" item=""/>
  <arena_prize id="325" resources="210" item=""/>
  <arena_prize id="326" resources="210" item=""/>
  <arena_prize id="327" resources="210" item=""/>
  <arena_prize id="328" resources="210" item=""/>
  <arena_prize id="329" resources="210" item=""/>
  <arena_prize id="330" resources="210" item=""/>
  <arena_prize id="331" resources="200" item=""/>
  <arena_prize id="332" resources="200" item=""/>
  <arena_prize id="333" resources="200" item=""/>
  <arena_prize id="334" resources="200" item=""/>
  <arena_prize id="335" resources="200" item=""/>
  <arena_prize id="336" resources="200" item=""/>
  <arena_prize id="337" resources="200" item=""/>
  <arena_prize id="338" resources="200" item=""/>
  <arena_prize id="339" resources="200" item=""/>
  <arena_prize id="340" resources="200" item=""/>
  <arena_prize id="341" resources="190" item=""/>
  <arena_prize id="342" resources="190" item=""/>
  <arena_prize id="343" resources="190" item=""/>
  <arena_prize id="344" resources="190" item=""/>
  <arena_prize id="345" resources="190" item=""/>
  <arena_prize id="346" resources="190" item=""/>
  <arena_prize id="347" resources="190" item=""/>
  <arena_prize id="348" resources="190" item=""/>
  <arena_prize id="349" resources="190" item=""/>
  <arena_prize id="350" resources="190" item=""/>
  <arena_prize id="351" resources="180" item=""/>
  <arena_prize id="352" resources="180" item=""/>
  <arena_prize id="353" resources="180" item=""/>
  <arena_prize id="354" resources="180" item=""/>
  <arena_prize id="355" resources="180" item=""/>
  <arena_prize id="356" resources="180" item=""/>
  <arena_prize id="357" resources="180" item=""/>
  <arena_prize id="358" resources="180" item=""/>
  <arena_prize id="359" resources="180" item=""/>
  <arena_prize id="360" resources="180" item=""/>
  <arena_prize id="361" resources="180" item=""/>
  <arena_prize id="362" resources="180" item=""/>
  <arena_prize id="363" resources="180" item=""/>
  <arena_prize id="364" resources="180" item=""/>
  <arena_prize id="365" resources="180" item=""/>
  <arena_prize id="366" resources="180" item=""/>
  <arena_prize id="367" resources="180" item=""/>
  <arena_prize id="368" resources="180" item=""/>
  <arena_prize id="369" resources="180" item=""/>
  <arena_prize id="370" resources="180" item=""/>
  <arena_prize id="371" resources="180" item=""/>
  <arena_prize id="372" resources="180" item=""/>
  <arena_prize id="373" resources="180" item=""/>
  <arena_prize id="374" resources="180" item=""/>
  <arena_prize id="375" resources="180" item=""/>
  <arena_prize id="376" resources="180" item=""/>
  <arena_prize id="377" resources="180" item=""/>
  <arena_prize id="378" resources="180" item=""/>
  <arena_prize id="379" resources="180" item=""/>
  <arena_prize id="380" resources="180" item=""/>
  <arena_prize id="381" resources="180" item=""/>
  <arena_prize id="382" resources="180" item=""/>
  <arena_prize id="383" resources="180" item=""/>
  <arena_prize id="384" resources="180" item=""/>
  <arena_prize id="385" resources="180" item=""/>
  <arena_prize id="386" resources="180" item=""/>
  <arena_prize id="387" resources="180" item=""/>
  <arena_prize id="388" resources="180" item=""/>
  <arena_prize id="389" resources="180" item=""/>
  <arena_prize id="390" resources="180" item=""/>
  <arena_prize id="391" resources="180" item=""/>
  <arena_prize id="392" resources="180" item=""/>
  <arena_prize id="393" resources="180" item=""/>
  <arena_prize id="394" resources="180" item=""/>
  <arena_prize id="395" resources="180" item=""/>
  <arena_prize id="396" resources="180" item=""/>
  <arena_prize id="397" resources="180" item=""/>
  <arena_prize id="398" resources="180" item=""/>
  <arena_prize id="399" resources="180" item=""/>
  <arena_prize id="400" resources="180" item=""/>
  <arena_prize id="401" resources="170" item=""/>
  <arena_prize id="402" resources="170" item=""/>
  <arena_prize id="403" resources="170" item=""/>
  <arena_prize id="404" resources="170" item=""/>
  <arena_prize id="405" resources="170" item=""/>
  <arena_prize id="406" resources="170" item=""/>
  <arena_prize id="407" resources="170" item=""/>
  <arena_prize id="408" resources="170" item=""/>
  <arena_prize id="409" resources="170" item=""/>
  <arena_prize id="410" resources="170" item=""/>
  <arena_prize id="411" resources="170" item=""/>
  <arena_prize id="412" resources="170" item=""/>
  <arena_prize id="413" resources="170" item=""/>
  <arena_prize id="414" resources="170" item=""/>
  <arena_prize id="415" resources="170" item=""/>
  <arena_prize id="416" resources="170" item=""/>
  <arena_prize id="417" resources="170" item=""/>
  <arena_prize id="418" resources="170" item=""/>
  <arena_prize id="419" resources="170" item=""/>
  <arena_prize id="420" resources="170" item=""/>
  <arena_prize id="421" resources="170" item=""/>
  <arena_prize id="422" resources="170" item=""/>
  <arena_prize id="423" resources="170" item=""/>
  <arena_prize id="424" resources="170" item=""/>
  <arena_prize id="425" resources="170" item=""/>
  <arena_prize id="426" resources="170" item=""/>
  <arena_prize id="427" resources="170" item=""/>
  <arena_prize id="428" resources="170" item=""/>
  <arena_prize id="429" resources="170" item=""/>
  <arena_prize id="430" resources="170" item=""/>
  <arena_prize id="431" resources="170" item=""/>
  <arena_prize id="432" resources="170" item=""/>
  <arena_prize id="433" resources="170" item=""/>
  <arena_prize id="434" resources="170" item=""/>
  <arena_prize id="435" resources="170" item=""/>
  <arena_prize id="436" resources="170" item=""/>
  <arena_prize id="437" resources="170" item=""/>
  <arena_prize id="438" resources="170" item=""/>
  <arena_prize id="439" resources="170" item=""/>
  <arena_prize id="440" resources="170" item=""/>
  <arena_prize id="441" resources="170" item=""/>
  <arena_prize id="442" resources="170" item=""/>
  <arena_prize id="443" resources="170" item=""/>
  <arena_prize id="444" resources="170" item=""/>
  <arena_prize id="445" resources="170" item=""/>
  <arena_prize id="446" resources="170" item=""/>
  <arena_prize id="447" resources="170" item=""/>
  <arena_prize id="448" resources="170" item=""/>
  <arena_prize id="449" resources="170" item=""/>
  <arena_prize id="450" resources="170" item=""/>
  <arena_prize id="451" resources="160" item=""/>
  <arena_prize id="452" resources="160" item=""/>
  <arena_prize id="453" resources="160" item=""/>
  <arena_prize id="454" resources="160" item=""/>
  <arena_prize id="455" resources="160" item=""/>
  <arena_prize id="456" resources="160" item=""/>
  <arena_prize id="457" resources="160" item=""/>
  <arena_prize id="458" resources="160" item=""/>
  <arena_prize id="459" resources="160" item=""/>
  <arena_prize id="460" resources="160" item=""/>
  <arena_prize id="461" resources="160" item=""/>
  <arena_prize id="462" resources="160" item=""/>
  <arena_prize id="463" resources="160" item=""/>
  <arena_prize id="464" resources="160" item=""/>
  <arena_prize id="465" resources="160" item=""/>
  <arena_prize id="466" resources="160" item=""/>
  <arena_prize id="467" resources="160" item=""/>
  <arena_prize id="468" resources="160" item=""/>
  <arena_prize id="469" resources="160" item=""/>
  <arena_prize id="470" resources="160" item=""/>
  <arena_prize id="471" resources="160" item=""/>
  <arena_prize id="472" resources="160" item=""/>
  <arena_prize id="473" resources="160" item=""/>
  <arena_prize id="474" resources="160" item=""/>
  <arena_prize id="475" resources="160" item=""/>
  <arena_prize id="476" resources="160" item=""/>
  <arena_prize id="477" resources="160" item=""/>
  <arena_prize id="478" resources="160" item=""/>
  <arena_prize id="479" resources="160" item=""/>
  <arena_prize id="480" resources="160" item=""/>
  <arena_prize id="481" resources="160" item=""/>
  <arena_prize id="482" resources="160" item=""/>
  <arena_prize id="483" resources="160" item=""/>
  <arena_prize id="484" resources="160" item=""/>
  <arena_prize id="485" resources="160" item=""/>
  <arena_prize id="486" resources="160" item=""/>
  <arena_prize id="487" resources="160" item=""/>
  <arena_prize id="488" resources="160" item=""/>
  <arena_prize id="489" resources="160" item=""/>
  <arena_prize id="490" resources="160" item=""/>
  <arena_prize id="491" resources="160" item=""/>
  <arena_prize id="492" resources="160" item=""/>
  <arena_prize id="493" resources="160" item=""/>
  <arena_prize id="494" resources="160" item=""/>
  <arena_prize id="495" resources="160" item=""/>
  <arena_prize id="496" resources="160" item=""/>
  <arena_prize id="497" resources="160" item=""/>
  <arena_prize id="498" resources="160" item=""/>
  <arena_prize id="499" resources="160" item=""/>
  <arena_prize id="500" resources="160" item=""/>
  <arena_prize id="501" resources="150" item=""/>
  <arena_prize id="502" resources="150" item=""/>
  <arena_prize id="503" resources="150" item=""/>
  <arena_prize id="504" resources="150" item=""/>
  <arena_prize id="505" resources="150" item=""/>
  <arena_prize id="506" resources="150" item=""/>
  <arena_prize id="507" resources="150" item=""/>
  <arena_prize id="508" resources="150" item=""/>
  <arena_prize id="509" resources="150" item=""/>
  <arena_prize id="510" resources="150" item=""/>
  <arena_prize id="511" resources="150" item=""/>
  <arena_prize id="512" resources="150" item=""/>
  <arena_prize id="513" resources="150" item=""/>
  <arena_prize id="514" resources="150" item=""/>
  <arena_prize id="515" resources="150" item=""/>
  <arena_prize id="516" resources="150" item=""/>
  <arena_prize id="517" resources="150" item=""/>
  <arena_prize id="518" resources="150" item=""/>
  <arena_prize id="519" resources="150" item=""/>
  <arena_prize id="520" resources="150" item=""/>
  <arena_prize id="521" resources="150" item=""/>
  <arena_prize id="522" resources="150" item=""/>
  <arena_prize id="523" resources="150" item=""/>
  <arena_prize id="524" resources="150" item=""/>
  <arena_prize id="525" resources="150" item=""/>
  <arena_prize id="526" resources="150" item=""/>
  <arena_prize id="527" resources="150" item=""/>
  <arena_prize id="528" resources="150" item=""/>
  <arena_prize id="529" resources="150" item=""/>
  <arena_prize id="530" resources="150" item=""/>
  <arena_prize id="531" resources="150" item=""/>
  <arena_prize id="532" resources="150" item=""/>
  <arena_prize id="533" resources="150" item=""/>
  <arena_prize id="534" resources="150" item=""/>
  <arena_prize id="535" resources="150" item=""/>
  <arena_prize id="536" resources="150" item=""/>
  <arena_prize id="537" resources="150" item=""/>
  <arena_prize id="538" resources="150" item=""/>
  <arena_prize id="539" resources="150" item=""/>
  <arena_prize id="540" resources="150" item=""/>
  <arena_prize id="541" resources="150" item=""/>
  <arena_prize id="542" resources="150" item=""/>
  <arena_prize id="543" resources="150" item=""/>
  <arena_prize id="544" resources="150" item=""/>
  <arena_prize id="545" resources="150" item=""/>
  <arena_prize id="546" resources="150" item=""/>
  <arena_prize id="547" resources="150" item=""/>
  <arena_prize id="548" resources="150" item=""/>
  <arena_prize id="549" resources="150" item=""/>
  <arena_prize id="550" resources="150" item=""/>
  <arena_prize id="551" resources="140" item=""/>
  <arena_prize id="552" resources="140" item=""/>
  <arena_prize id="553" resources="140" item=""/>
  <arena_prize id="554" resources="140" item=""/>
  <arena_prize id="555" resources="140" item=""/>
  <arena_prize id="556" resources="140" item=""/>
  <arena_prize id="557" resources="140" item=""/>
  <arena_prize id="558" resources="140" item=""/>
  <arena_prize id="559" resources="140" item=""/>
  <arena_prize id="560" resources="140" item=""/>
  <arena_prize id="561" resources="140" item=""/>
  <arena_prize id="562" resources="140" item=""/>
  <arena_prize id="563" resources="140" item=""/>
  <arena_prize id="564" resources="140" item=""/>
  <arena_prize id="565" resources="140" item=""/>
  <arena_prize id="566" resources="140" item=""/>
  <arena_prize id="567" resources="140" item=""/>
  <arena_prize id="568" resources="140" item=""/>
  <arena_prize id="569" resources="140" item=""/>
  <arena_prize id="570" resources="140" item=""/>
  <arena_prize id="571" resources="140" item=""/>
  <arena_prize id="572" resources="140" item=""/>
  <arena_prize id="573" resources="140" item=""/>
  <arena_prize id="574" resources="140" item=""/>
  <arena_prize id="575" resources="140" item=""/>
  <arena_prize id="576" resources="140" item=""/>
  <arena_prize id="577" resources="140" item=""/>
  <arena_prize id="578" resources="140" item=""/>
  <arena_prize id="579" resources="140" item=""/>
  <arena_prize id="580" resources="140" item=""/>
  <arena_prize id="581" resources="140" item=""/>
  <arena_prize id="582" resources="140" item=""/>
  <arena_prize id="583" resources="140" item=""/>
  <arena_prize id="584" resources="140" item=""/>
  <arena_prize id="585" resources="140" item=""/>
  <arena_prize id="586" resources="140" item=""/>
  <arena_prize id="587" resources="140" item=""/>
  <arena_prize id="588" resources="140" item=""/>
  <arena_prize id="589" resources="140" item=""/>
  <arena_prize id="590" resources="140" item=""/>
  <arena_prize id="591" resources="140" item=""/>
  <arena_prize id="592" resources="140" item=""/>
  <arena_prize id="593" resources="140" item=""/>
  <arena_prize id="594" resources="140" item=""/>
  <arena_prize id="595" resources="140" item=""/>
  <arena_prize id="596" resources="140" item=""/>
  <arena_prize id="597" resources="140" item=""/>
  <arena_prize id="598" resources="140" item=""/>
  <arena_prize id="599" resources="140" item=""/>
  <arena_prize id="600" resources="140" item=""/>
  <arena_prize id="601" resources="130" item=""/>
  <arena_prize id="602" resources="130" item=""/>
  <arena_prize id="603" resources="130" item=""/>
  <arena_prize id="604" resources="130" item=""/>
  <arena_prize id="605" resources="130" item=""/>
  <arena_prize id="606" resources="130" item=""/>
  <arena_prize id="607" resources="130" item=""/>
  <arena_prize id="608" resources="130" item=""/>
  <arena_prize id="609" resources="130" item=""/>
  <arena_prize id="610" resources="130" item=""/>
  <arena_prize id="611" resources="130" item=""/>
  <arena_prize id="612" resources="130" item=""/>
  <arena_prize id="613" resources="130" item=""/>
  <arena_prize id="614" resources="130" item=""/>
  <arena_prize id="615" resources="130" item=""/>
  <arena_prize id="616" resources="130" item=""/>
  <arena_prize id="617" resources="130" item=""/>
  <arena_prize id="618" resources="130" item=""/>
  <arena_prize id="619" resources="130" item=""/>
  <arena_prize id="620" resources="130" item=""/>
  <arena_prize id="621" resources="130" item=""/>
  <arena_prize id="622" resources="130" item=""/>
  <arena_prize id="623" resources="130" item=""/>
  <arena_prize id="624" resources="130" item=""/>
  <arena_prize id="625" resources="130" item=""/>
  <arena_prize id="626" resources="130" item=""/>
  <arena_prize id="627" resources="130" item=""/>
  <arena_prize id="628" resources="130" item=""/>
  <arena_prize id="629" resources="130" item=""/>
  <arena_prize id="630" resources="130" item=""/>
  <arena_prize id="631" resources="130" item=""/>
  <arena_prize id="632" resources="130" item=""/>
  <arena_prize id="633" resources="130" item=""/>
  <arena_prize id="634" resources="130" item=""/>
  <arena_prize id="635" resources="130" item=""/>
  <arena_prize id="636" resources="130" item=""/>
  <arena_prize id="637" resources="130" item=""/>
  <arena_prize id="638" resources="130" item=""/>
  <arena_prize id="639" resources="130" item=""/>
  <arena_prize id="640" resources="130" item=""/>
  <arena_prize id="641" resources="130" item=""/>
  <arena_prize id="642" resources="130" item=""/>
  <arena_prize id="643" resources="130" item=""/>
  <arena_prize id="644" resources="130" item=""/>
  <arena_prize id="645" resources="130" item=""/>
  <arena_prize id="646" resources="130" item=""/>
  <arena_prize id="647" resources="130" item=""/>
  <arena_prize id="648" resources="130" item=""/>
  <arena_prize id="649" resources="130" item=""/>
  <arena_prize id="650" resources="130" item=""/>
  <arena_prize id="651" resources="130" item=""/>
  <arena_prize id="652" resources="130" item=""/>
  <arena_prize id="653" resources="130" item=""/>
  <arena_prize id="654" resources="130" item=""/>
  <arena_prize id="655" resources="130" item=""/>
  <arena_prize id="656" resources="130" item=""/>
  <arena_prize id="657" resources="130" item=""/>
  <arena_prize id="658" resources="130" item=""/>
  <arena_prize id="659" resources="130" item=""/>
  <arena_prize id="660" resources="130" item=""/>
  <arena_prize id="661" resources="130" item=""/>
  <arena_prize id="662" resources="130" item=""/>
  <arena_prize id="663" resources="130" item=""/>
  <arena_prize id="664" resources="130" item=""/>
  <arena_prize id="665" resources="130" item=""/>
  <arena_prize id="666" resources="130" item=""/>
  <arena_prize id="667" resources="130" item=""/>
  <arena_prize id="668" resources="130" item=""/>
  <arena_prize id="669" resources="130" item=""/>
  <arena_prize id="670" resources="130" item=""/>
  <arena_prize id="671" resources="130" item=""/>
  <arena_prize id="672" resources="130" item=""/>
  <arena_prize id="673" resources="130" item=""/>
  <arena_prize id="674" resources="130" item=""/>
  <arena_prize id="675" resources="130" item=""/>
  <arena_prize id="676" resources="130" item=""/>
  <arena_prize id="677" resources="130" item=""/>
  <arena_prize id="678" resources="130" item=""/>
  <arena_prize id="679" resources="130" item=""/>
  <arena_prize id="680" resources="130" item=""/>
  <arena_prize id="681" resources="130" item=""/>
  <arena_prize id="682" resources="130" item=""/>
  <arena_prize id="683" resources="130" item=""/>
  <arena_prize id="684" resources="130" item=""/>
  <arena_prize id="685" resources="130" item=""/>
  <arena_prize id="686" resources="130" item=""/>
  <arena_prize id="687" resources="130" item=""/>
  <arena_prize id="688" resources="130" item=""/>
  <arena_prize id="689" resources="130" item=""/>
  <arena_prize id="690" resources="130" item=""/>
  <arena_prize id="691" resources="130" item=""/>
</root>