<root>
  <artificer artisonId="1" artisonName="Tilestone" artisonIcon="1.png" artifsonType="1" artisonLevel="1" openLevel="1"/>
  <artificer artisonId="2" artisonName="Peeply Lulu" artisonIcon="2.png" artifsonType="2" artisonLevel="1" openLevel="1"/>
  <artificer artisonId="3" artisonName="Paulie" artisonIcon="3.png" artifsonType="3" artisonLevel="1" openLevel="1"/>
  <artificer artisonId="4" artisonName="Kaku" artisonIcon="4.png" artifsonType="4" artisonLevel="1" openLevel="1"/>
  <artificer artisonId="5" artisonName="Kalifa" artisonIcon="5.png" artifsonType="5" artisonLevel="1" openLevel="1"/>
  <artificer artisonId="6" artisonName="Lucci" artisonIcon="6.png" artifsonType="6" artisonLevel="1" openLevel="1"/>
  <artificer artisonId="7" artisonName="Iceburg" artisonIcon="7.png" artifsonType="7" artisonLevel="1" openLevel="1"/>
  <artificer artisonId="8" artisonName="Tom" artisonIcon="8.png" artifsonType="8" artisonLevel="1" openLevel="1"/>
  <artificer artisonId="9" artisonName="Tilestone" artisonIcon="1.png" artifsonType="1" artisonLevel="2" openLevel="1"/>
  <artificer artisonId="10" artisonName="Peeply Lulu" artisonIcon="2.png" artifsonType="2" artisonLevel="2" openLevel="1"/>
  <artificer artisonId="11" artisonName="Paulie" artisonIcon="3.png" artifsonType="3" artisonLevel="2" openLevel="1"/>
  <artificer artisonId="12" artisonName="Kaku" artisonIcon="4.png" artifsonType="4" artisonLevel="2" openLevel="1"/>
  <artificer artisonId="13" artisonName="Kalifa" artisonIcon="5.png" artifsonType="5" artisonLevel="2" openLevel="1"/>
  <artificer artisonId="14" artisonName="Lucci" artisonIcon="6.png" artifsonType="6" artisonLevel="2" openLevel="1"/>
  <artificer artisonId="15" artisonName="Tilestone" artisonIcon="1.png" artifsonType="1" artisonLevel="3" openLevel="1"/>
  <artificer artisonId="16" artisonName="Peeply Lulu" artisonIcon="2.png" artifsonType="2" artisonLevel="3" openLevel="1"/>
  <artificer artisonId="17" artisonName="Paulie" artisonIcon="3.png" artifsonType="3" artisonLevel="3" openLevel="1"/>
  <artificer artisonId="18" artisonName="Kaku" artisonIcon="4.png" artifsonType="4" artisonLevel="3" openLevel="1"/>
  <artificer artisonId="19" artisonName="Kalifa" artisonIcon="5.png" artifsonType="5" artisonLevel="3" openLevel="1"/>
  <artificer artisonId="20" artisonName="Lucci" artisonIcon="6.png" artifsonType="6" artisonLevel="3" openLevel="1"/>
</root>