<root>
<bg id = "0" path="bg_Z001.i.txt" gridPoint=""></bg>
<bg id = "1" path="bg_Z002.i.txt" gridPoint=""></bg>
<bg id = "2" path="bg_Z003.i.txt" gridPoint=""></bg>
<bg id = "3" path="bg_Z004.i.txt" gridPoint=""></bg>
<bg id = "4" path="bg_Z005.i.txt" gridPoint=""></bg>
<bg id = "5" path="bg_Z006.i.txt" gridPoint=""></bg>
<bg id = "6" path="bg_Z007.i.txt" gridPoint=""></bg>
<bg id = "7" path="bg_Z008.i.txt" gridPoint=""></bg>
<bg id = "8" path="bg_Z009.i.txt" gridPoint=""></bg>
<bg id = "9" path="bg_Z010.i.txt" gridPoint=""></bg>
<bg id = "10" path="bg_Z011.i.txt" gridPoint=""></bg>
<bg id = "11" path="bg_Z012.i.txt" gridPoint=""></bg>
<bg id = "12" path="bg_Z013.i.txt" gridPoint=""></bg>
<bg id = "13" path="bg_Z014.i.txt" gridPoint=""></bg>
<bg id = "14" path="bg_Z015.i.txt" gridPoint=""></bg>
<bg id = "15" path="bg_Z016.i.txt" gridPoint=""></bg>
<bg id = "16" path="bg_Z017.i.txt" gridPoint=""></bg>
<bg id = "17" path="bg_Z018.i.txt" gridPoint=""></bg>
<bg id = "18" path="bg_Z019.i.txt" gridPoint=""></bg>
<bg id = "19" path="bg_Z020.i.txt" gridPoint=""></bg>
<bg id = "20" path="bg_Z021.i.txt" gridPoint=""></bg>
<bg id = "21" path="bg_Z022.i.txt" gridPoint=""></bg>
<bg id = "22" path="bg_Z023.i.txt" gridPoint=""></bg>
<bg id = "23" path="bg_ZT001.i.txt" gridPoint=""></bg>
<bg id = "24" path="bg_ZT002.i.txt" gridPoint=""></bg>
<bg id = "25" path="bg_ZT003.i.txt" gridPoint=""></bg>
<bg id = "26" path="bg_ZT004.i.txt" gridPoint=""></bg>
<bg id = "27" path="bg_ZT005.i.txt" gridPoint=""></bg>
<bg id = "28" path="bg_ZT006.i.txt" gridPoint=""></bg>
<bg id = "29" path="bg_ZT007.i.txt" gridPoint=""></bg>
<bg id = "30" path="bg_ZT008.i.txt" gridPoint=""></bg>
<bg id = "31" path="bg_ZT009.i.txt" gridPoint=""></bg>
<bg id = "32" path="bg_ZT010.i.txt" gridPoint=""></bg>
<bg id = "33" path="bg_ZT011.i.txt" gridPoint=""></bg>
<bg id = "34" path="bg_Z024.i.txt" gridPoint=""></bg>
<bg id = "35" path="bg_Z025.i.txt" gridPoint=""></bg>
<bg id = "36" path="bg_Z026.i.txt" gridPoint=""></bg>
<bg id = "37" path="bg_Z027.i.txt" gridPoint=""></bg>
<bg id = "38" path="bg_Z028.i.txt" gridPoint=""></bg>
<bg id = "39" path="bg_Z029.i.txt" gridPoint=""></bg>
<bg id = "40" path="bg_Z030.i.txt" gridPoint=""></bg>
<bg id = "41" path="bg_Z031.i.txt" gridPoint=""></bg>
<bg id = "42" path="bg_Z032.i.txt" gridPoint=""></bg>
<bg id = "43" path="bg_Z033.i.txt" gridPoint=""></bg>
<bg id = "44" path="bg_Z034.i.txt" gridPoint=""></bg>
<bg id = "45" path="bg_Z035.i.txt" gridPoint=""></bg>
<bg id = "46" path="bg_Z036.i.txt" gridPoint=""></bg>
<bg id = "47" path="bg_Z037.i.txt" gridPoint=""></bg>
<bg id = "48" path="bg_Z038.i.txt" gridPoint=""></bg>
<bg id = "49" path="bg_Z039.i.txt" gridPoint=""></bg>
<bg id = "50" path="bg_Z040.i.txt" gridPoint=""></bg>
<bg id = "51" path="bg_Z041.i.txt" gridPoint=""></bg>
<bg id = "52" path="bg_Z042.i.txt" gridPoint=""></bg>
<bg id = "53" path="bg_Z043.i.txt" gridPoint=""></bg>
<bg id = "54" path="bg_Z044.i.txt" gridPoint=""></bg>
<bg id = "55" path="bg_Z045.i.txt" gridPoint=""></bg>
<bg id = "56" path="bg_Z046.i.txt" gridPoint=""></bg>
<bg id = "57" path="bg_Z047.i.txt" gridPoint=""></bg>
<bg id = "58" path="bg_Z048.i.txt" gridPoint=""></bg>
<bg id = "59" path="bg_Z049.i.txt" gridPoint=""></bg>
<bg id = "60" path="bg_Z050.i.txt" gridPoint=""></bg>
<bg id = "61" path="bg_Z051.i.txt" gridPoint=""></bg>
<bg id = "62" path="bg_Z052.i.txt" gridPoint=""></bg>
<bg id = "63" path="bg_Z053.i.txt" gridPoint=""></bg>
<bg id = "64" path="bg_Z054.i.txt" gridPoint=""></bg>
<bg id = "65" path="bg_Z055.i.txt" gridPoint=""></bg>
<bg id = "66" path="bg_Z056.i.txt" gridPoint=""></bg>
<bg id = "67" path="bg_Z057.i.txt" gridPoint=""></bg>
<bg id = "68" path="bg_Z058.i.txt" gridPoint=""></bg>
<bg id = "69" path="bg_Z059.i.txt" gridPoint=""></bg>
<bg id = "70" path="bg_Z060.i.txt" gridPoint=""></bg>
<bg id = "71" path="bg_Z061.i.txt" gridPoint=""></bg>
<bg id = "72" path="bg_Z062.i.txt" gridPoint=""></bg>
<bg id = "73" path="bg_Z063.i.txt" gridPoint=""></bg>
<bg id = "74" path="bg_ZT012.i.txt" gridPoint=""></bg>
<bg id = "75" path="bg_Z064.i.txt" gridPoint=""></bg>
<bg id = "76" path="bg_Z065.i.txt" gridPoint=""></bg>
<bg id = "77" path="bg_ZT013.i.txt" gridPoint=""></bg>
<bg id = "78" path="bg_Z066.i.txt" gridPoint=""></bg>
<bg id = "79" path="bg_Z067.i.txt" gridPoint=""></bg>
<bg id = "80" path="bg_Z068.i.txt" gridPoint=""></bg>
<bg id = "81" path="bg_ZT014.i.txt" gridPoint=""></bg>
<bg id = "82" path="bg_Z069.i.txt" gridPoint=""></bg>
<bg id = "83" path="bg_Z070.i.txt" gridPoint=""></bg>
<bg id = "84" path="bg_Z071.i.txt" gridPoint=""></bg>
<bg id = "85" path="bg_Z072.i.txt" gridPoint=""></bg>
<bg id = "86" path="bg_Z073.i.txt" gridPoint=""></bg>
<bg id = "87" path="bg_Z074.i.txt" gridPoint=""></bg>
<bg id = "88" path="bg_Z075.i.txt" gridPoint=""></bg>
<bg id = "89" path="bg_Z076.i.txt" gridPoint=""></bg>
<bg id = "90" path="bg_Z077.i.txt" gridPoint=""></bg>
<bg id = "91" path="bg_Z078.i.txt" gridPoint=""></bg>
<bg id = "92" path="bg_Z079.i.txt" gridPoint=""></bg>
<bg id = "93" path="bg_Z080.i.txt" gridPoint=""></bg>
<bg id = "94" path="bg_Z081.i.txt" gridPoint=""></bg>
<bg id = "95" path="bg_Z082.i.txt" gridPoint=""></bg>
<bg id = "96" path="bg_Z083.i.txt" gridPoint=""></bg>
<bg id = "97" path="bg_Z084.i.txt" gridPoint=""></bg>
<bg id = "98" path="bg_Z085.i.txt" gridPoint=""></bg>
<bg id = "99" path="bg_Z086.i.txt" gridPoint=""></bg>
<bg id = "100" path="bg_Z087.i.txt" gridPoint=""></bg>
<bg id = "101" path="bg_Z088.i.txt" gridPoint=""></bg>
<bg id = "102" path="bg_Z089.i.txt" gridPoint=""></bg>
<bg id = "103" path="bg_Z090.i.txt" gridPoint=""></bg>
<bg id = "104" path="bg_Z091.i.txt" gridPoint=""></bg>
<bg id = "105" path="bg_Z092.i.txt" gridPoint=""></bg>
<bg id = "106" path="bg_Z093.i.txt" gridPoint=""></bg>
<bg id = "107" path="bg_Z094.i.txt" gridPoint=""></bg>
<bg id = "108" path="bg_Z095.i.txt" gridPoint=""></bg>
<bg id = "109" path="bg_Z096.i.txt" gridPoint=""></bg>
<bg id = "110" path="bg_Z097.i.txt" gridPoint=""></bg>
<bg id = "111" path="bg_Z098.i.txt" gridPoint=""></bg>
<bg id = "112" path="bg_Z099.i.txt" gridPoint=""></bg>
<bg id = "113" path="bg_Z100.i.txt" gridPoint=""></bg>
<bg id = "114" path="bg_Z101.i.txt" gridPoint=""></bg>
<bg id = "115" path="bg_Z102.i.txt" gridPoint=""></bg>
<bg id = "116" path="bg_Z103.i.txt" gridPoint=""></bg>
<bg id = "117" path="bg_Z104.i.txt" gridPoint=""></bg>
<bg id = "118" path="bg_Z105.i.txt" gridPoint=""></bg>
<bg id = "119" path="bg_Z106.i.txt" gridPoint=""></bg>
<bg id = "120" path="bg_Z107.i.txt" gridPoint=""></bg>
<bg id = "121" path="bg_Z108.i.txt" gridPoint=""></bg>
<bg id = "122" path="bg_Z109.i.txt" gridPoint=""></bg>
<bg id = "123" path="bg_Z110.i.txt" gridPoint=""></bg>
<bg id = "124" path="bg_Z111.i.txt" gridPoint=""></bg>
<bg id = "125" path="bg_Z112.i.txt" gridPoint=""></bg>
<bg id = "126" path="bg_Z113.i.txt" gridPoint=""></bg>
<bg id = "127" path="bg_Z114.i.txt" gridPoint=""></bg>
<bg id = "128" path="bg_Z115.i.txt" gridPoint=""></bg>
<bg id = "129" path="bg_Z116.i.txt" gridPoint=""></bg>
<bg id = "130" path="bg_Z117.i.txt" gridPoint=""></bg>
<bg id = "131" path="bg_Z118.i.txt" gridPoint=""></bg>
<bg id = "132" path="bg_Z119.i.txt" gridPoint=""></bg>
<bg id = "133" path="bg_Z120.i.txt" gridPoint=""></bg>
<bg id = "134" path="bg_Z121.i.txt" gridPoint=""></bg>
<bg id = "135" path="bg_Z122.i.txt" gridPoint=""></bg>
<bg id = "136" path="bg_Z123.i.txt" gridPoint=""></bg>
<bg id = "137" path="bg_Z124.i.txt" gridPoint=""></bg>
<bg id = "138" path="bg_Z125.i.txt" gridPoint=""></bg>
<bg id = "139" path="bg_Z126.i.txt" gridPoint=""></bg>

<bg id = "10109" path="bg_ZT015.i.txt" gridPoint=""></bg>

</root>