<root>
  <showWords des="Ra trận">
    <word>Mọi người lên đi! Hãy cho chúng biết sự lợi hại của chúng ta!</word>
    <word>Hãy để ta xem xem các người rốt cuộc có bản lĩnh gì nào!</word>
  </showWords>
  <winOneTimes des="Thắng 1 trận">
    <word>Đánh 1 trận sạch không kình ngạc!</word>
  </winOneTimes>
  <winTwoTimes des="Thắng 2 trận">
    <word>Đánh 2 trận tan tác chim muông!</word>
  </winTwoTimes>
  <winThreeTimes des="Thắng 3 trận">
    <word>Thắng lần 3, 3 lần thắng quân Nguyên Mông!</word>
  </winThreeTimes>
  <winFourTimes des="Thắng 4 trận">
    <word>Liên tiếp 4 trận, 1 khi đã máu đừng hỏi bố cháu là ai!</word>
  </winFourTimes>
  <winFiveTimes des="Thắng 5 trận">
    <word>Liên tiếp 5 trận, láo là ăn cháo ngay!</word>
  </winFiveTimes>
  <winSixTimes des="Thắng 6 trận">
    <word>Ko còn gì để nói, hổ báo cáo chồn ngay!</word>
  </winSixTimes>
  <win3End des="Thắng liền 3 trận nữa">
    <word>Tiếp tục thắng trận, đừng đùa với Ninja rùa!</word>
  </win3End>
  <win4End des="Thắng liên 4 trận nữa">
    <word>Tiếp tục thắng trận, đừng đùa với ninja rùa!</word>
  </win4End>
  <win5End des="Thắng liền 5 trận tiếp">
    <word>Tiếp tục thắng trận, đừng đùa với ninja rùa nào!</word>
  </win5End>
  <win6End des="Thắng liên tiếp 6 trận">
    <word>Tiếp tục thắng trận, đừng đùa với ninja rùa nào!</word>
  </win6End>
</root>