<root>
  <black_market_goods index_id="1" item="70802" max_num="10" cost_type="1" cost_num="10" appear_probability="10000"/>
  <black_market_goods index_id="2" item="70803" max_num="10" cost_type="2" cost_num="11" appear_probability="10000"/>
  <black_market_goods index_id="3" item="70804" max_num="10" cost_type="3" cost_num="12" appear_probability="10000"/>
  <black_market_goods index_id="4" item="70805" max_num="10" cost_type="4" cost_num="13" appear_probability="10000"/>
  <black_market_goods index_id="5" item="70806" max_num="10" cost_type="5" cost_num="14" appear_probability="10000"/>
  <black_market_goods index_id="6" item="70807" max_num="10" cost_type="6" cost_num="15" appear_probability="10000"/>
  <black_market_goods index_id="7" item="70808" max_num="10" cost_type="1" cost_num="16" appear_probability="10000"/>
  <black_market_goods index_id="8" item="70809" max_num="10" cost_type="2" cost_num="17" appear_probability="10000"/>
  <black_market_goods index_id="9" item="70901" max_num="10" cost_type="3" cost_num="18" appear_probability="10000"/>
  <black_market_goods index_id="10" item="70902" max_num="10" cost_type="4" cost_num="19" appear_probability="10000"/>
  <black_market_goods index_id="11" item="70903" max_num="10" cost_type="5" cost_num="20" appear_probability="10000"/>
  <black_market_goods index_id="12" item="71001" max_num="10" cost_type="6" cost_num="21" appear_probability="10000"/>
  <black_market_goods index_id="13" item="71002" max_num="10" cost_type="1" cost_num="22" appear_probability="10000"/>
  <black_market_goods index_id="14" item="71003" max_num="10" cost_type="2" cost_num="23" appear_probability="10000"/>
  <black_market_goods index_id="15" item="71004" max_num="10" cost_type="3" cost_num="24" appear_probability="10000"/>
  <black_market_goods index_id="16" item="71005" max_num="10" cost_type="4" cost_num="25" appear_probability="10000"/>
  <black_market_goods index_id="17" item="71006" max_num="10" cost_type="5" cost_num="26" appear_probability="10000"/>
  <black_market_goods index_id="18" item="71007" max_num="10" cost_type="6" cost_num="27" appear_probability="10000"/>
  <black_market_goods index_id="19" item="71008" max_num="10" cost_type="1" cost_num="28" appear_probability="10000"/>
  <black_market_goods index_id="20" item="71009" max_num="10" cost_type="2" cost_num="29" appear_probability="10000"/>
  <black_market_goods index_id="21" item="71010" max_num="10" cost_type="3" cost_num="30" appear_probability="10000"/>
  <black_market_goods index_id="22" item="72002" max_num="10" cost_type="4" cost_num="31" appear_probability="10000"/>
  <black_market_goods index_id="23" item="72003" max_num="10" cost_type="5" cost_num="32" appear_probability="10000"/>
  <black_market_goods index_id="24" item="72004" max_num="10" cost_type="6" cost_num="33" appear_probability="10000"/>
  <black_market_goods index_id="25" item="73001" max_num="10" cost_type="1" cost_num="34" appear_probability="10000"/>
  <black_market_goods index_id="26" item="73002" max_num="10" cost_type="2" cost_num="35" appear_probability="10000"/>
  <black_market_goods index_id="27" item="73003" max_num="10" cost_type="3" cost_num="36" appear_probability="10000"/>
  <black_market_goods index_id="28" item="73004" max_num="10" cost_type="4" cost_num="37" appear_probability="10000"/>
  <black_market_goods index_id="29" item="73005" max_num="10" cost_type="5" cost_num="38" appear_probability="10000"/>
  <black_market_goods index_id="30" item="73006" max_num="10" cost_type="6" cost_num="39" appear_probability="10000"/>
  <black_market_goods index_id="31" item="73007" max_num="10" cost_type="1" cost_num="40" appear_probability="10000"/>
  <black_market_goods index_id="32" item="73008" max_num="10" cost_type="2" cost_num="41" appear_probability="10000"/>
  <black_market_goods index_id="33" item="73009" max_num="10" cost_type="3" cost_num="42" appear_probability="10000"/>
  <black_market_goods index_id="34" item="73010" max_num="10" cost_type="4" cost_num="43" appear_probability="10000"/>
  <black_market_goods index_id="35" item="73011" max_num="10" cost_type="5" cost_num="44" appear_probability="10000"/>
  <black_market_goods index_id="36" item="73012" max_num="10" cost_type="6" cost_num="45" appear_probability="10000"/>
  <black_market_goods index_id="37" item="73013" max_num="10" cost_type="1" cost_num="46" appear_probability="10000"/>
  <black_market_goods index_id="38" item="73014" max_num="10" cost_type="2" cost_num="47" appear_probability="10000"/>
  <black_market_goods index_id="39" item="73019" max_num="10" cost_type="3" cost_num="48" appear_probability="10000"/>
  <black_market_goods index_id="40" item="73020" max_num="10" cost_type="4" cost_num="49" appear_probability="10000"/>
  <black_market_goods index_id="41" item="73021" max_num="10" cost_type="5" cost_num="50" appear_probability="10000"/>
  <black_market_goods index_id="42" item="74001" max_num="10" cost_type="6" cost_num="51" appear_probability="10000"/>
  <black_market_goods index_id="43" item="74002" max_num="10" cost_type="1" cost_num="52" appear_probability="10000"/>
  <black_market_goods index_id="44" item="75001" max_num="10" cost_type="2" cost_num="53" appear_probability="10000"/>
  <black_market_goods index_id="45" item="75002" max_num="10" cost_type="3" cost_num="54" appear_probability="10000"/>
  <black_market_goods index_id="46" item="75003" max_num="10" cost_type="4" cost_num="55" appear_probability="10000"/>
  <black_market_goods index_id="47" item="75004" max_num="10" cost_type="5" cost_num="56" appear_probability="10000"/>
  <black_market_goods index_id="48" item="75005" max_num="10" cost_type="6" cost_num="57" appear_probability="10000"/>
  <black_market_goods index_id="49" item="75006" max_num="10" cost_type="1" cost_num="58" appear_probability="10000"/>
  <black_market_goods index_id="50" item="75007" max_num="10" cost_type="2" cost_num="59" appear_probability="10000"/>
</root>