<root>
  <blood_ponits id="1" armyId_easy="100101|100102" armyId_normal="100102|100103" armyId_hard="100101|100103" preId="" nextId="2" properties="" addStars="" fastId="" belly="" experience="" prestige="" item="" prewords_monsterA="" prewords_monsterB="" prewords_monsterC="" failwords_monsterA="" failwords_monsterB="" failwords_monsterC="" successwords_monsterA="" successwords_monsterB="" successwords_monsterC="" prewords_captain="" failwords_captain="" successwords_captain="" levelBg="1"/>
  <blood_ponits id="2" armyId_easy="100201|100202" armyId_normal="100202|100203" armyId_hard="100201|100203" preId="1" nextId="3" properties="" addStars="" fastId="" belly="" experience="" prestige="" item="" prewords_monsterA="" prewords_monsterB="" prewords_monsterC="" failwords_monsterA="" failwords_monsterB="" failwords_monsterC="" successwords_monsterA="" successwords_monsterB="" successwords_monsterC="" prewords_captain="Thánh sắp xuất hiện, mọi người chuẩn bị tinh thần nào!" failwords_captain="" successwords_captain="" levelBg="1"/>
  <blood_ponits id="3" armyId_easy="100301|100302" armyId_normal="100302|100303" armyId_hard="100301|100303" preId="2" nextId="4" properties="1001|2001|3001|4001,1002|2002|3002|4002,1003|2003|3003|4003" addStars="3" fastId="" belly="" experience="" prestige="" item="" prewords_monsterA="Có thể đánh đến đây, rất hiếm đấy." prewords_monsterB="" prewords_monsterC="" failwords_monsterA="" failwords_monsterB="" failwords_monsterC="" successwords_monsterA="Ngôn ngữ thông quan hiển thị thế nào." successwords_monsterB="" successwords_monsterC="" prewords_captain="" failwords_captain="" successwords_captain="" levelBg="1"/>
  <blood_ponits id="4" armyId_easy="100401|100402" armyId_normal="100402|100403" armyId_hard="100401|100403" preId="3" nextId="5" properties="" addStars="" fastId="" belly="" experience="" prestige="" item="" prewords_monsterA="" prewords_monsterB="" prewords_monsterC="" failwords_monsterA="" failwords_monsterB="" failwords_monsterC="" successwords_monsterA="" successwords_monsterB="" successwords_monsterC="" prewords_captain="" failwords_captain="" successwords_captain="" levelBg="1"/>
  <blood_ponits id="5" armyId_easy="100501|100502" armyId_normal="100502|100503" armyId_hard="100501|100503" preId="4" nextId="6" properties="" addStars="" fastId="" belly="" experience="" prestige="" item="" prewords_monsterA="Giỏi quá" prewords_monsterB="Quá đỉnh." prewords_monsterC="Thật lợi hại" failwords_monsterA="" failwords_monsterB="" failwords_monsterC="" successwords_monsterA="" successwords_monsterB="" successwords_monsterC="" prewords_captain="" failwords_captain="" successwords_captain="" levelBg="1"/>
  <blood_ponits id="6" armyId_easy="100601|100602" armyId_normal="100602|100603" armyId_hard="100601|100603" preId="5" nextId="7" properties="1001|2001|3001|4001,1002|2002|3002|4002,1003|2003|3003|4003" addStars="3" fastId="" belly="" experience="" prestige="" item="" prewords_monsterA="" prewords_monsterB="" prewords_monsterC="" failwords_monsterA="果然还是不行。" failwords_monsterB="你还未够班啊。" failwords_monsterC="哈哈哈" successwords_monsterA="" successwords_monsterB="" successwords_monsterC="" prewords_captain="" failwords_captain="" successwords_captain="" levelBg="1"/>
  <blood_ponits id="7" armyId_easy="100701|100702" armyId_normal="100702|100703" armyId_hard="100701|100703" preId="6" nextId="8" properties="" addStars="" fastId="" belly="" experience="" prestige="" item="" prewords_monsterA="" prewords_monsterB="" prewords_monsterC="" failwords_monsterA="" failwords_monsterB="" failwords_monsterC="" successwords_monsterA="" successwords_monsterB="" successwords_monsterC="" prewords_captain="" failwords_captain="" successwords_captain="" levelBg="1"/>
  <blood_ponits id="8" armyId_easy="100801|100802" armyId_normal="100802|100803" armyId_hard="100801|100803" preId="7" nextId="9" properties="" addStars="" fastId="" belly="" experience="" prestige="" item="" prewords_monsterA="" prewords_monsterB="" prewords_monsterC="" failwords_monsterA="" failwords_monsterB="" failwords_monsterC="" successwords_monsterA="" successwords_monsterB="" successwords_monsterC="" prewords_captain="" failwords_captain="" successwords_captain="" levelBg="1"/>
  <blood_ponits id="9" armyId_easy="100901|100902" armyId_normal="100902|100903" armyId_hard="100901|100903" preId="8" nextId="10" properties="1001|2001|3001|4001,1002|2002|3002|4002,1003|2003|3003|4003" addStars="3" fastId="" belly="" experience="" prestige="" item="" prewords_monsterA="" prewords_monsterB="" prewords_monsterC="" failwords_monsterA="" failwords_monsterB="" failwords_monsterC="" successwords_monsterA="" successwords_monsterB="" successwords_monsterC="" prewords_captain="" failwords_captain="" successwords_captain="" levelBg="1"/>
  <blood_ponits id="10" armyId_easy="101001|101002" armyId_normal="101002|101003" armyId_hard="101001|101003" preId="9" nextId="11" properties="" addStars="" fastId="" belly="" experience="" prestige="" item="" prewords_monsterA="" prewords_monsterB="" prewords_monsterC="" failwords_monsterA="" failwords_monsterB="" failwords_monsterC="" successwords_monsterA="" successwords_monsterB="" successwords_monsterC="" prewords_captain="" failwords_captain="" successwords_captain="" levelBg="1"/>
  <blood_ponits id="11" armyId_easy="101101|101102" armyId_normal="101102|101103" armyId_hard="101101|101103" preId="10" nextId="12" properties="" addStars="" fastId="" belly="" experience="" prestige="" item="" prewords_monsterA="" prewords_monsterB="" prewords_monsterC="" failwords_monsterA="" failwords_monsterB="" failwords_monsterC="" successwords_monsterA="" successwords_monsterB="" successwords_monsterC="" prewords_captain="Thánh sắp xuất hiện, mọi người chuẩn bị tinh thần nào!" failwords_captain="" successwords_captain="" levelBg="1"/>
  <blood_ponits id="12" armyId_easy="101201|101202" armyId_normal="101202|101203" armyId_hard="101201|101203" preId="11" nextId="13" properties="1001|2001|3001|4001,1002|2002|3002|4002,1003|2003|3003|4003" addStars="3" fastId="" belly="" experience="" prestige="" item="" prewords_monsterA="Có thể đánh đến đây, rất hiếm đấy." prewords_monsterB="" prewords_monsterC="" failwords_monsterA="" failwords_monsterB="" failwords_monsterC="" successwords_monsterA="Ngôn ngữ thông quan hiển thị thế nào." successwords_monsterB="" successwords_monsterC="" prewords_captain="" failwords_captain="" successwords_captain="" levelBg="1"/>
  <blood_ponits id="13" armyId_easy="101301|101302" armyId_normal="101302|101303" armyId_hard="101301|101303" preId="12" nextId="14" properties="" addStars="" fastId="" belly="" experience="" prestige="" item="" prewords_monsterA="" prewords_monsterB="" prewords_monsterC="" failwords_monsterA="" failwords_monsterB="" failwords_monsterC="" successwords_monsterA="" successwords_monsterB="" successwords_monsterC="" prewords_captain="" failwords_captain="" successwords_captain="" levelBg="1"/>
  <blood_ponits id="14" armyId_easy="101401|101402" armyId_normal="101402|101403" armyId_hard="101401|101403" preId="13" nextId="15" properties="" addStars="" fastId="" belly="" experience="" prestige="" item="" prewords_monsterA="Giỏi quá" prewords_monsterB="Quá đỉnh." prewords_monsterC="Thật lợi hại" failwords_monsterA="" failwords_monsterB="" failwords_monsterC="" successwords_monsterA="" successwords_monsterB="" successwords_monsterC="" prewords_captain="" failwords_captain="" successwords_captain="" levelBg="1"/>
  <blood_ponits id="15" armyId_easy="101501|101502" armyId_normal="101502|101503" armyId_hard="101501|101503" preId="14" nextId="16" properties="1001|2001|3001|4001,1002|2002|3002|4002,1003|2003|3003|4003" addStars="3" fastId="" belly="" experience="" prestige="" item="" prewords_monsterA="" prewords_monsterB="" prewords_monsterC="" failwords_monsterA="果然还是不行。" failwords_monsterB="你还未够班啊。" failwords_monsterC="哈哈哈" successwords_monsterA="" successwords_monsterB="" successwords_monsterC="" prewords_captain="" failwords_captain="" successwords_captain="" levelBg="1"/>
  <blood_ponits id="16" armyId_easy="101601|101602" armyId_normal="101602|101603" armyId_hard="101601|101603" preId="15" nextId="17" properties="" addStars="" fastId="" belly="" experience="" prestige="" item="" prewords_monsterA="" prewords_monsterB="" prewords_monsterC="" failwords_monsterA="" failwords_monsterB="" failwords_monsterC="" successwords_monsterA="" successwords_monsterB="" successwords_monsterC="" prewords_captain="" failwords_captain="" successwords_captain="" levelBg="1"/>
  <blood_ponits id="17" armyId_easy="101701|101702" armyId_normal="101702|101703" armyId_hard="101701|101703" preId="16" nextId="18" properties="" addStars="" fastId="" belly="" experience="" prestige="" item="" prewords_monsterA="" prewords_monsterB="" prewords_monsterC="" failwords_monsterA="" failwords_monsterB="" failwords_monsterC="" successwords_monsterA="" successwords_monsterB="" successwords_monsterC="" prewords_captain="" failwords_captain="" successwords_captain="" levelBg="1"/>
  <blood_ponits id="18" armyId_easy="101801|101802" armyId_normal="101802|101803" armyId_hard="101801|101803" preId="17" nextId="19" properties="1001|2001|3001|4001,1002|2002|3002|4002,1003|2003|3003|4003" addStars="3" fastId="" belly="" experience="" prestige="" item="" prewords_monsterA="" prewords_monsterB="" prewords_monsterC="" failwords_monsterA="" failwords_monsterB="" failwords_monsterC="" successwords_monsterA="" successwords_monsterB="" successwords_monsterC="" prewords_captain="" failwords_captain="" successwords_captain="" levelBg="1"/>
  <blood_ponits id="19" armyId_easy="101901|101902" armyId_normal="101902|101903" armyId_hard="101901|101903" preId="18" nextId="20" properties="" addStars="" fastId="" belly="" experience="" prestige="" item="" prewords_monsterA="" prewords_monsterB="" prewords_monsterC="" failwords_monsterA="" failwords_monsterB="" failwords_monsterC="" successwords_monsterA="" successwords_monsterB="" successwords_monsterC="" prewords_captain="" failwords_captain="" successwords_captain="" levelBg="1"/>
  <blood_ponits id="20" armyId_easy="102001|102002" armyId_normal="102001|102002" armyId_hard="102003|102004|102005" preId="19" nextId="21" properties="" addStars="" fastId="" belly="" experience="" prestige="" item="" prewords_monsterA="" prewords_monsterB="" prewords_monsterC="" failwords_monsterA="" failwords_monsterB="" failwords_monsterC="" successwords_monsterA="" successwords_monsterB="" successwords_monsterC="" prewords_captain="Thánh sắp xuất hiện, mọi người chuẩn bị tinh thần nào!" failwords_captain="" successwords_captain="" levelBg="1"/>
  <blood_ponits id="21" armyId_easy="102101|102102" armyId_normal="102102|102103" armyId_hard="102101|102103" preId="20" nextId="22" properties="1001|2001|3001|4001,1002|2002|3002|4002,1003|2003|3003|4003" addStars="3" fastId="10" belly="" experience="" prestige="" item="" prewords_monsterA="Có thể đánh đến đây, rất hiếm đấy." prewords_monsterB="" prewords_monsterC="" failwords_monsterA="" failwords_monsterB="" failwords_monsterC="" successwords_monsterA="Ngôn ngữ thông quan hiển thị thế nào." successwords_monsterB="" successwords_monsterC="" prewords_captain="" failwords_captain="" successwords_captain="" levelBg="1"/>
  <blood_ponits id="22" armyId_easy="102201|102202" armyId_normal="102202|102203" armyId_hard="102201|102203" preId="21" nextId="23" properties="" addStars="" fastId="10" belly="" experience="" prestige="" item="" prewords_monsterA="" prewords_monsterB="" prewords_monsterC="" failwords_monsterA="" failwords_monsterB="" failwords_monsterC="" successwords_monsterA="" successwords_monsterB="" successwords_monsterC="" prewords_captain="" failwords_captain="" successwords_captain="" levelBg="1"/>
  <blood_ponits id="23" armyId_easy="102301|102302" armyId_normal="102302|102303" armyId_hard="102301|102303" preId="22" nextId="24" properties="" addStars="" fastId="10" belly="" experience="" prestige="" item="" prewords_monsterA="Giỏi quá" prewords_monsterB="Quá đỉnh." prewords_monsterC="Thật lợi hại" failwords_monsterA="" failwords_monsterB="" failwords_monsterC="" successwords_monsterA="" successwords_monsterB="" successwords_monsterC="" prewords_captain="" failwords_captain="" successwords_captain="" levelBg="1"/>
  <blood_ponits id="24" armyId_easy="102401|102402" armyId_normal="102402|102403" armyId_hard="102401|102403" preId="23" nextId="25" properties="1001|2001|3001|4001,1002|2002|3002|4002,1003|2003|3003|4003" addStars="3" fastId="10" belly="" experience="" prestige="" item="" prewords_monsterA="" prewords_monsterB="" prewords_monsterC="" failwords_monsterA="果然还是不行。" failwords_monsterB="你还未够班啊。" failwords_monsterC="哈哈哈" successwords_monsterA="" successwords_monsterB="" successwords_monsterC="" prewords_captain="" failwords_captain="" successwords_captain="" levelBg="1"/>
  <blood_ponits id="25" armyId_easy="102501|102502" armyId_normal="102502|102503" armyId_hard="102501|102503" preId="24" nextId="26" properties="" addStars="" fastId="10" belly="" experience="" prestige="" item="" prewords_monsterA="" prewords_monsterB="" prewords_monsterC="" failwords_monsterA="" failwords_monsterB="" failwords_monsterC="" successwords_monsterA="" successwords_monsterB="" successwords_monsterC="" prewords_captain="" failwords_captain="" successwords_captain="" levelBg="1"/>
  <blood_ponits id="26" armyId_easy="102601|102602" armyId_normal="102602|102603" armyId_hard="102601|102603" preId="25" nextId="27" properties="" addStars="" fastId="10" belly="" experience="" prestige="" item="" prewords_monsterA="" prewords_monsterB="" prewords_monsterC="" failwords_monsterA="" failwords_monsterB="" failwords_monsterC="" successwords_monsterA="" successwords_monsterB="" successwords_monsterC="" prewords_captain="" failwords_captain="" successwords_captain="" levelBg="1"/>
  <blood_ponits id="27" armyId_easy="102701|102702" armyId_normal="102702|102703" armyId_hard="102701|102703" preId="26" nextId="28" properties="1001|2001|3001|4001,1002|2002|3002|4002,1003|2003|3003|4003" addStars="3" fastId="10" belly="" experience="" prestige="" item="" prewords_monsterA="" prewords_monsterB="" prewords_monsterC="" failwords_monsterA="" failwords_monsterB="" failwords_monsterC="" successwords_monsterA="" successwords_monsterB="" successwords_monsterC="" prewords_captain="" failwords_captain="" successwords_captain="" levelBg="1"/>
  <blood_ponits id="28" armyId_easy="102801|102802" armyId_normal="102802|102803" armyId_hard="102801|102803" preId="27" nextId="29" properties="" addStars="" fastId="10" belly="" experience="" prestige="" item="" prewords_monsterA="" prewords_monsterB="" prewords_monsterC="" failwords_monsterA="" failwords_monsterB="" failwords_monsterC="" successwords_monsterA="" successwords_monsterB="" successwords_monsterC="" prewords_captain="" failwords_captain="" successwords_captain="" levelBg="1"/>
  <blood_ponits id="29" armyId_easy="102901|102902" armyId_normal="102902|102903" armyId_hard="102901|102903" preId="28" nextId="30" properties="" addStars="" fastId="10" belly="" experience="" prestige="" item="" prewords_monsterA="" prewords_monsterB="" prewords_monsterC="" failwords_monsterA="" failwords_monsterB="" failwords_monsterC="" successwords_monsterA="" successwords_monsterB="" successwords_monsterC="" prewords_captain="Thánh sắp xuất hiện, mọi người chuẩn bị tinh thần nào!" failwords_captain="" successwords_captain="" levelBg="1"/>
  <blood_ponits id="30" armyId_easy="103001|103002" armyId_normal="103001|103002" armyId_hard="103003|103004|103005" preId="29" nextId="31" properties="1001|2001|3001|4001,1002|2002|3002|4002,1003|2003|3003|4003" addStars="3" fastId="20" belly="" experience="" prestige="" item="" prewords_monsterA="Có thể đánh đến đây, rất hiếm đấy." prewords_monsterB="" prewords_monsterC="" failwords_monsterA="" failwords_monsterB="" failwords_monsterC="" successwords_monsterA="Ngôn ngữ thông quan hiển thị thế nào." successwords_monsterB="" successwords_monsterC="" prewords_captain="" failwords_captain="" successwords_captain="" levelBg="1"/>
  <blood_ponits id="31" armyId_easy="103101|103102" armyId_normal="103102|103103" armyId_hard="103101|103103" preId="30" nextId="32" properties="" addStars="" fastId="20" belly="" experience="" prestige="" item="" prewords_monsterA="" prewords_monsterB="" prewords_monsterC="" failwords_monsterA="" failwords_monsterB="" failwords_monsterC="" successwords_monsterA="" successwords_monsterB="" successwords_monsterC="" prewords_captain="" failwords_captain="" successwords_captain="" levelBg="1"/>
  <blood_ponits id="32" armyId_easy="103201|103202" armyId_normal="103202|103203" armyId_hard="103201|103203" preId="31" nextId="33" properties="" addStars="" fastId="20" belly="" experience="" prestige="" item="" prewords_monsterA="Giỏi quá" prewords_monsterB="Quá đỉnh." prewords_monsterC="Thật lợi hại" failwords_monsterA="" failwords_monsterB="" failwords_monsterC="" successwords_monsterA="" successwords_monsterB="" successwords_monsterC="" prewords_captain="" failwords_captain="" successwords_captain="" levelBg="1"/>
  <blood_ponits id="33" armyId_easy="103301|103302" armyId_normal="103302|103303" armyId_hard="103301|103303" preId="32" nextId="34" properties="1001|2001|3001|4001,1002|2002|3002|4002,1003|2003|3003|4003" addStars="3" fastId="20" belly="" experience="" prestige="" item="" prewords_monsterA="" prewords_monsterB="" prewords_monsterC="" failwords_monsterA="果然还是不行。" failwords_monsterB="你还未够班啊。" failwords_monsterC="哈哈哈" successwords_monsterA="" successwords_monsterB="" successwords_monsterC="" prewords_captain="" failwords_captain="" successwords_captain="" levelBg="1"/>
  <blood_ponits id="34" armyId_easy="103401|103402" armyId_normal="103402|103403" armyId_hard="103401|103403" preId="33" nextId="35" properties="" addStars="" fastId="20" belly="" experience="" prestige="" item="" prewords_monsterA="" prewords_monsterB="" prewords_monsterC="" failwords_monsterA="" failwords_monsterB="" failwords_monsterC="" successwords_monsterA="" successwords_monsterB="" successwords_monsterC="" prewords_captain="" failwords_captain="" successwords_captain="" levelBg="1"/>
  <blood_ponits id="35" armyId_easy="103501|103502" armyId_normal="103502|103503" armyId_hard="103501|103503" preId="34" nextId="36" properties="" addStars="" fastId="20" belly="" experience="" prestige="" item="" prewords_monsterA="" prewords_monsterB="" prewords_monsterC="" failwords_monsterA="" failwords_monsterB="" failwords_monsterC="" successwords_monsterA="" successwords_monsterB="" successwords_monsterC="" prewords_captain="" failwords_captain="" successwords_captain="" levelBg="1"/>
  <blood_ponits id="36" armyId_easy="103601|103602" armyId_normal="103602|103603" armyId_hard="103601|103603" preId="35" nextId="37" properties="1001|2001|3001|4001,1002|2002|3002|4002,1003|2003|3003|4003" addStars="3" fastId="20" belly="" experience="" prestige="" item="" prewords_monsterA="" prewords_monsterB="" prewords_monsterC="" failwords_monsterA="" failwords_monsterB="" failwords_monsterC="" successwords_monsterA="" successwords_monsterB="" successwords_monsterC="" prewords_captain="" failwords_captain="" successwords_captain="" levelBg="1"/>
  <blood_ponits id="37" armyId_easy="103701|103702" armyId_normal="103702|103703" armyId_hard="103701|103703" preId="36" nextId="38" properties="" addStars="" fastId="20" belly="" experience="" prestige="" item="" prewords_monsterA="" prewords_monsterB="" prewords_monsterC="" failwords_monsterA="" failwords_monsterB="" failwords_monsterC="" successwords_monsterA="" successwords_monsterB="" successwords_monsterC="" prewords_captain="" failwords_captain="" successwords_captain="" levelBg="1"/>
  <blood_ponits id="38" armyId_easy="103801|103802" armyId_normal="103802|103803" armyId_hard="103801|103803" preId="37" nextId="39" properties="" addStars="" fastId="20" belly="" experience="" prestige="" item="" prewords_monsterA="" prewords_monsterB="" prewords_monsterC="" failwords_monsterA="" failwords_monsterB="" failwords_monsterC="" successwords_monsterA="" successwords_monsterB="" successwords_monsterC="" prewords_captain="Thánh sắp xuất hiện, mọi người chuẩn bị tinh thần nào!" failwords_captain="" successwords_captain="" levelBg="1"/>
  <blood_ponits id="39" armyId_easy="103901|103902" armyId_normal="103902|103903" armyId_hard="103901|103903" preId="38" nextId="40" properties="1001|2001|3001|4001,1002|2002|3002|4002,1003|2003|3003|4003" addStars="3" fastId="29" belly="" experience="" prestige="" item="" prewords_monsterA="Có thể đánh đến đây, rất hiếm đấy." prewords_monsterB="" prewords_monsterC="" failwords_monsterA="" failwords_monsterB="" failwords_monsterC="" successwords_monsterA="Ngôn ngữ thông quan hiển thị thế nào." successwords_monsterB="" successwords_monsterC="" prewords_captain="" failwords_captain="" successwords_captain="" levelBg="1"/>
  <blood_ponits id="40" armyId_easy="104001|104002" armyId_normal="104001|104002" armyId_hard="104003|104004|104005" preId="39" nextId="41" properties="" addStars="" fastId="29" belly="" experience="" prestige="" item="" prewords_monsterA="" prewords_monsterB="" prewords_monsterC="" failwords_monsterA="" failwords_monsterB="" failwords_monsterC="" successwords_monsterA="" successwords_monsterB="" successwords_monsterC="" prewords_captain="" failwords_captain="" successwords_captain="" levelBg="1"/>
  <blood_ponits id="41" armyId_easy="104101|104102" armyId_normal="104102|104103" armyId_hard="104101|104103" preId="40" nextId="42" properties="" addStars="" fastId="29" belly="" experience="" prestige="" item="" prewords_monsterA="Giỏi quá" prewords_monsterB="Quá đỉnh." prewords_monsterC="Thật lợi hại" failwords_monsterA="" failwords_monsterB="" failwords_monsterC="" successwords_monsterA="" successwords_monsterB="" successwords_monsterC="" prewords_captain="" failwords_captain="" successwords_captain="" levelBg="1"/>
  <blood_ponits id="42" armyId_easy="104201|104202" armyId_normal="104202|104203" armyId_hard="104201|104203" preId="41" nextId="43" properties="1001|2001|3001|4001,1002|2002|3002|4002,1003|2003|3003|4003" addStars="3" fastId="29" belly="" experience="" prestige="" item="" prewords_monsterA="" prewords_monsterB="" prewords_monsterC="" failwords_monsterA="果然还是不行。" failwords_monsterB="你还未够班啊。" failwords_monsterC="哈哈哈" successwords_monsterA="" successwords_monsterB="" successwords_monsterC="" prewords_captain="" failwords_captain="" successwords_captain="" levelBg="1"/>
  <blood_ponits id="43" armyId_easy="104301|104302" armyId_normal="104302|104303" armyId_hard="104301|104303" preId="42" nextId="44" properties="" addStars="" fastId="29" belly="" experience="" prestige="" item="" prewords_monsterA="" prewords_monsterB="" prewords_monsterC="" failwords_monsterA="" failwords_monsterB="" failwords_monsterC="" successwords_monsterA="" successwords_monsterB="" successwords_monsterC="" prewords_captain="" failwords_captain="" successwords_captain="" levelBg="1"/>
  <blood_ponits id="44" armyId_easy="104401|104402" armyId_normal="104402|104403" armyId_hard="104401|104403" preId="43" nextId="45" properties="" addStars="" fastId="29" belly="" experience="" prestige="" item="" prewords_monsterA="" prewords_monsterB="" prewords_monsterC="" failwords_monsterA="" failwords_monsterB="" failwords_monsterC="" successwords_monsterA="" successwords_monsterB="" successwords_monsterC="" prewords_captain="" failwords_captain="" successwords_captain="" levelBg="1"/>
  <blood_ponits id="45" armyId_easy="104501|104502" armyId_normal="104502|104503" armyId_hard="104501|104503" preId="44" nextId="46" properties="1001|2001|3001|4001,1002|2002|3002|4002,1003|2003|3003|4003" addStars="3" fastId="29" belly="" experience="" prestige="" item="" prewords_monsterA="" prewords_monsterB="" prewords_monsterC="" failwords_monsterA="" failwords_monsterB="" failwords_monsterC="" successwords_monsterA="" successwords_monsterB="" successwords_monsterC="" prewords_captain="" failwords_captain="" successwords_captain="" levelBg="1"/>
  <blood_ponits id="46" armyId_easy="104601|104602" armyId_normal="104602|104603" armyId_hard="104601|104603" preId="45" nextId="47" properties="" addStars="" fastId="29" belly="" experience="" prestige="" item="" prewords_monsterA="" prewords_monsterB="" prewords_monsterC="" failwords_monsterA="" failwords_monsterB="" failwords_monsterC="" successwords_monsterA="" successwords_monsterB="" successwords_monsterC="" prewords_captain="" failwords_captain="" successwords_captain="" levelBg="1"/>
  <blood_ponits id="47" armyId_easy="104701|104702" armyId_normal="104702|104703" armyId_hard="104701|104703" preId="46" nextId="48" properties="" addStars="" fastId="29" belly="" experience="" prestige="" item="" prewords_monsterA="" prewords_monsterB="" prewords_monsterC="" failwords_monsterA="" failwords_monsterB="" failwords_monsterC="" successwords_monsterA="" successwords_monsterB="" successwords_monsterC="" prewords_captain="Thánh sắp xuất hiện, mọi người chuẩn bị tinh thần nào!" failwords_captain="" successwords_captain="" levelBg="1"/>
  <blood_ponits id="48" armyId_easy="104801|104802" armyId_normal="104802|104803" armyId_hard="104801|104803" preId="47" nextId="49" properties="1001|2001|3001|4001,1002|2002|3002|4002,1003|2003|3003|4003" addStars="3" fastId="38" belly="" experience="" prestige="" item="" prewords_monsterA="Có thể đánh đến đây, rất hiếm đấy." prewords_monsterB="" prewords_monsterC="" failwords_monsterA="" failwords_monsterB="" failwords_monsterC="" successwords_monsterA="Ngôn ngữ thông quan hiển thị thế nào." successwords_monsterB="" successwords_monsterC="" prewords_captain="" failwords_captain="" successwords_captain="" levelBg="1"/>
  <blood_ponits id="49" armyId_easy="104901|104902" armyId_normal="104902|104903" armyId_hard="104901|104903" preId="48" nextId="50" properties="" addStars="" fastId="38" belly="" experience="" prestige="" item="" prewords_monsterA="" prewords_monsterB="" prewords_monsterC="" failwords_monsterA="" failwords_monsterB="" failwords_monsterC="" successwords_monsterA="" successwords_monsterB="" successwords_monsterC="" prewords_captain="" failwords_captain="" successwords_captain="" levelBg="1"/>
  <blood_ponits id="50" armyId_easy="105001|105002" armyId_normal="105001|105002" armyId_hard="105003|105004|105005" preId="49" nextId="51" properties="" addStars="" fastId="38" belly="" experience="" prestige="" item="" prewords_monsterA="Giỏi quá" prewords_monsterB="Quá đỉnh." prewords_monsterC="Thật lợi hại" failwords_monsterA="" failwords_monsterB="" failwords_monsterC="" successwords_monsterA="" successwords_monsterB="" successwords_monsterC="" prewords_captain="" failwords_captain="" successwords_captain="" levelBg="1"/>
  <blood_ponits id="51" armyId_easy="105101|105102" armyId_normal="105102|105103" armyId_hard="105101|105103" preId="50" nextId="52" properties="1001|2001|3001|4001,1002|2002|3002|4002,1003|2003|3003|4003" addStars="3" fastId="38" belly="" experience="" prestige="" item="" prewords_monsterA="" prewords_monsterB="" prewords_monsterC="" failwords_monsterA="果然还是不行。" failwords_monsterB="你还未够班啊。" failwords_monsterC="哈哈哈" successwords_monsterA="" successwords_monsterB="" successwords_monsterC="" prewords_captain="" failwords_captain="" successwords_captain="" levelBg="1"/>
  <blood_ponits id="52" armyId_easy="105201|105202" armyId_normal="105202|105203" armyId_hard="105201|105203" preId="51" nextId="53" properties="" addStars="" fastId="38" belly="" experience="" prestige="" item="" prewords_monsterA="" prewords_monsterB="" prewords_monsterC="" failwords_monsterA="" failwords_monsterB="" failwords_monsterC="" successwords_monsterA="" successwords_monsterB="" successwords_monsterC="" prewords_captain="" failwords_captain="" successwords_captain="" levelBg="1"/>
  <blood_ponits id="53" armyId_easy="105301|105302" armyId_normal="105302|105303" armyId_hard="105301|105303" preId="52" nextId="54" properties="" addStars="" fastId="38" belly="" experience="" prestige="" item="" prewords_monsterA="" prewords_monsterB="" prewords_monsterC="" failwords_monsterA="" failwords_monsterB="" failwords_monsterC="" successwords_monsterA="" successwords_monsterB="" successwords_monsterC="" prewords_captain="" failwords_captain="" successwords_captain="" levelBg="1"/>
  <blood_ponits id="54" armyId_easy="105401|105402" armyId_normal="105402|105403" armyId_hard="105401|105403" preId="53" nextId="55" properties="1001|2001|3001|4001,1002|2002|3002|4002,1003|2003|3003|4003" addStars="3" fastId="38" belly="" experience="" prestige="" item="" prewords_monsterA="" prewords_monsterB="" prewords_monsterC="" failwords_monsterA="" failwords_monsterB="" failwords_monsterC="" successwords_monsterA="" successwords_monsterB="" successwords_monsterC="" prewords_captain="" failwords_captain="" successwords_captain="" levelBg="1"/>
  <blood_ponits id="55" armyId_easy="105501|105502" armyId_normal="105502|105503" armyId_hard="105501|105503" preId="54" nextId="56" properties="" addStars="" fastId="38" belly="" experience="" prestige="" item="" prewords_monsterA="" prewords_monsterB="" prewords_monsterC="" failwords_monsterA="" failwords_monsterB="" failwords_monsterC="" successwords_monsterA="" successwords_monsterB="" successwords_monsterC="" prewords_captain="" failwords_captain="" successwords_captain="" levelBg="1"/>
  <blood_ponits id="56" armyId_easy="105601|105602" armyId_normal="105602|105603" armyId_hard="105601|105603" preId="55" nextId="57" properties="" addStars="" fastId="38" belly="" experience="" prestige="" item="" prewords_monsterA="" prewords_monsterB="" prewords_monsterC="" failwords_monsterA="" failwords_monsterB="" failwords_monsterC="" successwords_monsterA="" successwords_monsterB="" successwords_monsterC="" prewords_captain="Thánh sắp xuất hiện, mọi người chuẩn bị tinh thần nào!" failwords_captain="" successwords_captain="" levelBg="1"/>
  <blood_ponits id="57" armyId_easy="105701|105702" armyId_normal="105702|105703" armyId_hard="105701|105703" preId="56" nextId="58" properties="1001|2001|3001|4001,1002|2002|3002|4002,1003|2003|3003|4003" addStars="3" fastId="47" belly="" experience="" prestige="" item="" prewords_monsterA="Có thể đánh đến đây, rất hiếm đấy." prewords_monsterB="" prewords_monsterC="" failwords_monsterA="" failwords_monsterB="" failwords_monsterC="" successwords_monsterA="Ngôn ngữ thông quan hiển thị thế nào." successwords_monsterB="" successwords_monsterC="" prewords_captain="" failwords_captain="" successwords_captain="" levelBg="1"/>
  <blood_ponits id="58" armyId_easy="105801|105802" armyId_normal="105802|105803" armyId_hard="105801|105803" preId="57" nextId="59" properties="" addStars="" fastId="47" belly="" experience="" prestige="" item="" prewords_monsterA="" prewords_monsterB="" prewords_monsterC="" failwords_monsterA="" failwords_monsterB="" failwords_monsterC="" successwords_monsterA="" successwords_monsterB="" successwords_monsterC="" prewords_captain="" failwords_captain="" successwords_captain="" levelBg="1"/>
  <blood_ponits id="59" armyId_easy="105901|105902" armyId_normal="105902|105903" armyId_hard="105901|105903" preId="58" nextId="60" properties="" addStars="" fastId="47" belly="" experience="" prestige="" item="" prewords_monsterA="Giỏi quá" prewords_monsterB="Quá đỉnh." prewords_monsterC="Thật lợi hại" failwords_monsterA="" failwords_monsterB="" failwords_monsterC="" successwords_monsterA="" successwords_monsterB="" successwords_monsterC="" prewords_captain="" failwords_captain="" successwords_captain="" levelBg="1"/>
  <blood_ponits id="60" armyId_easy="106001|106002" armyId_normal="106001|106002" armyId_hard="106003|106004|106005" preId="59" nextId="61" properties="1001|2001|3001|4001,1002|2002|3002|4002,1003|2003|3003|4003" addStars="3" fastId="47" belly="" experience="" prestige="" item="" prewords_monsterA="" prewords_monsterB="" prewords_monsterC="" failwords_monsterA="果然还是不行。" failwords_monsterB="你还未够班啊。" failwords_monsterC="哈哈哈" successwords_monsterA="" successwords_monsterB="" successwords_monsterC="" prewords_captain="" failwords_captain="" successwords_captain="" levelBg="1"/>
  <blood_ponits id="61" armyId_easy="106101|106102" armyId_normal="106102|106103" armyId_hard="106101|106103" preId="60" nextId="62" properties="" addStars="" fastId="47" belly="" experience="" prestige="" item="" prewords_monsterA="" prewords_monsterB="" prewords_monsterC="" failwords_monsterA="" failwords_monsterB="" failwords_monsterC="" successwords_monsterA="" successwords_monsterB="" successwords_monsterC="" prewords_captain="" failwords_captain="" successwords_captain="" levelBg="1"/>
  <blood_ponits id="62" armyId_easy="106201|106202" armyId_normal="106202|106203" armyId_hard="106201|106203" preId="61" nextId="63" properties="" addStars="" fastId="47" belly="" experience="" prestige="" item="" prewords_monsterA="" prewords_monsterB="" prewords_monsterC="" failwords_monsterA="" failwords_monsterB="" failwords_monsterC="" successwords_monsterA="" successwords_monsterB="" successwords_monsterC="" prewords_captain="" failwords_captain="" successwords_captain="" levelBg="1"/>
  <blood_ponits id="63" armyId_easy="106301|106302" armyId_normal="106302|106303" armyId_hard="106301|106303" preId="62" nextId="64" properties="1001|2001|3001|4001,1002|2002|3002|4002,1003|2003|3003|4003" addStars="3" fastId="47" belly="" experience="" prestige="" item="" prewords_monsterA="" prewords_monsterB="" prewords_monsterC="" failwords_monsterA="" failwords_monsterB="" failwords_monsterC="" successwords_monsterA="" successwords_monsterB="" successwords_monsterC="" prewords_captain="" failwords_captain="" successwords_captain="" levelBg="1"/>
  <blood_ponits id="64" armyId_easy="106401|106402" armyId_normal="106402|106403" armyId_hard="106401|106403" preId="63" nextId="65" properties="" addStars="" fastId="47" belly="" experience="" prestige="" item="" prewords_monsterA="" prewords_monsterB="" prewords_monsterC="" failwords_monsterA="" failwords_monsterB="" failwords_monsterC="" successwords_monsterA="" successwords_monsterB="" successwords_monsterC="" prewords_captain="" failwords_captain="" successwords_captain="" levelBg="1"/>
  <blood_ponits id="65" armyId_easy="106501|106502" armyId_normal="106502|106503" armyId_hard="106501|106503" preId="64" nextId="66" properties="" addStars="" fastId="47" belly="" experience="" prestige="" item="" prewords_monsterA="" prewords_monsterB="" prewords_monsterC="" failwords_monsterA="" failwords_monsterB="" failwords_monsterC="" successwords_monsterA="" successwords_monsterB="" successwords_monsterC="" prewords_captain="Thánh sắp xuất hiện, mọi người chuẩn bị tinh thần nào!" failwords_captain="" successwords_captain="" levelBg="1"/>
  <blood_ponits id="66" armyId_easy="106601|106602" armyId_normal="106602|106603" armyId_hard="106601|106603" preId="65" nextId="67" properties="1001|2001|3001|4001,1002|2002|3002|4002,1003|2003|3003|4003" addStars="3" fastId="56" belly="" experience="" prestige="" item="" prewords_monsterA="Có thể đánh đến đây, rất hiếm đấy." prewords_monsterB="" prewords_monsterC="" failwords_monsterA="" failwords_monsterB="" failwords_monsterC="" successwords_monsterA="Ngôn ngữ thông quan hiển thị thế nào." successwords_monsterB="" successwords_monsterC="" prewords_captain="" failwords_captain="" successwords_captain="" levelBg="1"/>
  <blood_ponits id="67" armyId_easy="106701|106702" armyId_normal="106702|106703" armyId_hard="106701|106703" preId="66" nextId="68" properties="" addStars="" fastId="56" belly="" experience="" prestige="" item="" prewords_monsterA="" prewords_monsterB="" prewords_monsterC="" failwords_monsterA="" failwords_monsterB="" failwords_monsterC="" successwords_monsterA="" successwords_monsterB="" successwords_monsterC="" prewords_captain="" failwords_captain="" successwords_captain="" levelBg="1"/>
  <blood_ponits id="68" armyId_easy="106801|106802" armyId_normal="106802|106803" armyId_hard="106801|106803" preId="67" nextId="69" properties="" addStars="" fastId="56" belly="" experience="" prestige="" item="" prewords_monsterA="Giỏi quá" prewords_monsterB="Quá đỉnh." prewords_monsterC="Thật lợi hại" failwords_monsterA="" failwords_monsterB="" failwords_monsterC="" successwords_monsterA="" successwords_monsterB="" successwords_monsterC="" prewords_captain="" failwords_captain="" successwords_captain="" levelBg="1"/>
  <blood_ponits id="69" armyId_easy="106901|106902" armyId_normal="106902|106903" armyId_hard="106901|106903" preId="68" nextId="70" properties="1001|2001|3001|4001,1002|2002|3002|4002,1003|2003|3003|4003" addStars="3" fastId="56" belly="" experience="" prestige="" item="" prewords_monsterA="" prewords_monsterB="" prewords_monsterC="" failwords_monsterA="果然还是不行。" failwords_monsterB="你还未够班啊。" failwords_monsterC="哈哈哈" successwords_monsterA="" successwords_monsterB="" successwords_monsterC="" prewords_captain="" failwords_captain="" successwords_captain="" levelBg="1"/>
  <blood_ponits id="70" armyId_easy="107001|107002" armyId_normal="107001|107002" armyId_hard="107003|107004|107005" preId="69" nextId="71" properties="" addStars="" fastId="56" belly="" experience="" prestige="" item="" prewords_monsterA="" prewords_monsterB="" prewords_monsterC="" failwords_monsterA="" failwords_monsterB="" failwords_monsterC="" successwords_monsterA="" successwords_monsterB="" successwords_monsterC="" prewords_captain="" failwords_captain="" successwords_captain="" levelBg="1"/>
  <blood_ponits id="71" armyId_easy="107101|107102" armyId_normal="107102|107103" armyId_hard="107101|107103" preId="70" nextId="72" properties="" addStars="" fastId="56" belly="" experience="" prestige="" item="" prewords_monsterA="" prewords_monsterB="" prewords_monsterC="" failwords_monsterA="" failwords_monsterB="" failwords_monsterC="" successwords_monsterA="" successwords_monsterB="" successwords_monsterC="" prewords_captain="" failwords_captain="" successwords_captain="" levelBg="1"/>
  <blood_ponits id="72" armyId_easy="107201|107202" armyId_normal="107202|107203" armyId_hard="107201|107203" preId="71" nextId="73" properties="1001|2001|3001|4001,1002|2002|3002|4002,1003|2003|3003|4003" addStars="3" fastId="56" belly="" experience="" prestige="" item="" prewords_monsterA="" prewords_monsterB="" prewords_monsterC="" failwords_monsterA="" failwords_monsterB="" failwords_monsterC="" successwords_monsterA="" successwords_monsterB="" successwords_monsterC="" prewords_captain="" failwords_captain="" successwords_captain="" levelBg="1"/>
  <blood_ponits id="73" armyId_easy="107301|107302" armyId_normal="107302|107303" armyId_hard="107301|107303" preId="72" nextId="74" properties="" addStars="" fastId="56" belly="" experience="" prestige="" item="" prewords_monsterA="" prewords_monsterB="" prewords_monsterC="" failwords_monsterA="" failwords_monsterB="" failwords_monsterC="" successwords_monsterA="" successwords_monsterB="" successwords_monsterC="" prewords_captain="" failwords_captain="" successwords_captain="" levelBg="1"/>
  <blood_ponits id="74" armyId_easy="107401|107402" armyId_normal="107402|107403" armyId_hard="107401|107403" preId="73" nextId="75" properties="" addStars="" fastId="56" belly="" experience="" prestige="" item="" prewords_monsterA="" prewords_monsterB="" prewords_monsterC="" failwords_monsterA="" failwords_monsterB="" failwords_monsterC="" successwords_monsterA="" successwords_monsterB="" successwords_monsterC="" prewords_captain="Thánh sắp xuất hiện, mọi người chuẩn bị tinh thần nào!" failwords_captain="" successwords_captain="" levelBg="1"/>
  <blood_ponits id="75" armyId_easy="107501|107502" armyId_normal="107502|107503" armyId_hard="107501|107503" preId="74" nextId="76" properties="1001|2001|3001|4001,1002|2002|3002|4002,1003|2003|3003|4003" addStars="3" fastId="65" belly="" experience="" prestige="" item="" prewords_monsterA="Có thể đánh đến đây, rất hiếm đấy." prewords_monsterB="" prewords_monsterC="" failwords_monsterA="" failwords_monsterB="" failwords_monsterC="" successwords_monsterA="Ngôn ngữ thông quan hiển thị thế nào." successwords_monsterB="" successwords_monsterC="" prewords_captain="" failwords_captain="" successwords_captain="" levelBg="1"/>
  <blood_ponits id="76" armyId_easy="107601|107602" armyId_normal="107602|107603" armyId_hard="107601|107603" preId="75" nextId="77" properties="" addStars="" fastId="65" belly="" experience="" prestige="" item="" prewords_monsterA="" prewords_monsterB="" prewords_monsterC="" failwords_monsterA="" failwords_monsterB="" failwords_monsterC="" successwords_monsterA="" successwords_monsterB="" successwords_monsterC="" prewords_captain="" failwords_captain="" successwords_captain="" levelBg="1"/>
  <blood_ponits id="77" armyId_easy="107701|107702" armyId_normal="107702|107703" armyId_hard="107701|107703" preId="76" nextId="78" properties="" addStars="" fastId="65" belly="" experience="" prestige="" item="" prewords_monsterA="Giỏi quá" prewords_monsterB="Quá đỉnh." prewords_monsterC="Thật lợi hại" failwords_monsterA="" failwords_monsterB="" failwords_monsterC="" successwords_monsterA="" successwords_monsterB="" successwords_monsterC="" prewords_captain="" failwords_captain="" successwords_captain="" levelBg="1"/>
  <blood_ponits id="78" armyId_easy="107801|107802" armyId_normal="107802|107803" armyId_hard="107801|107803" preId="77" nextId="79" properties="1001|2001|3001|4001,1002|2002|3002|4002,1003|2003|3003|4003" addStars="3" fastId="65" belly="" experience="" prestige="" item="" prewords_monsterA="" prewords_monsterB="" prewords_monsterC="" failwords_monsterA="果然还是不行。" failwords_monsterB="你还未够班啊。" failwords_monsterC="哈哈哈" successwords_monsterA="" successwords_monsterB="" successwords_monsterC="" prewords_captain="" failwords_captain="" successwords_captain="" levelBg="1"/>
  <blood_ponits id="79" armyId_easy="107901|107902" armyId_normal="107902|107903" armyId_hard="107901|107903" preId="78" nextId="80" properties="" addStars="" fastId="65" belly="" experience="" prestige="" item="" prewords_monsterA="" prewords_monsterB="" prewords_monsterC="" failwords_monsterA="" failwords_monsterB="" failwords_monsterC="" successwords_monsterA="" successwords_monsterB="" successwords_monsterC="" prewords_captain="" failwords_captain="" successwords_captain="" levelBg="1"/>
  <blood_ponits id="80" armyId_easy="108001|108002" armyId_normal="108001|108002" armyId_hard="108003|108004|108005" preId="79" nextId="81" properties="" addStars="" fastId="65" belly="" experience="" prestige="" item="" prewords_monsterA="" prewords_monsterB="" prewords_monsterC="" failwords_monsterA="" failwords_monsterB="" failwords_monsterC="" successwords_monsterA="" successwords_monsterB="" successwords_monsterC="" prewords_captain="" failwords_captain="" successwords_captain="" levelBg="1"/>
  <blood_ponits id="81" armyId_easy="108101|108102" armyId_normal="108102|108103" armyId_hard="108101|108103" preId="80" nextId="82" properties="1001|2001|3001|4001,1002|2002|3002|4002,1003|2003|3003|4003" addStars="3" fastId="65" belly="" experience="" prestige="" item="" prewords_monsterA="" prewords_monsterB="" prewords_monsterC="" failwords_monsterA="" failwords_monsterB="" failwords_monsterC="" successwords_monsterA="" successwords_monsterB="" successwords_monsterC="" prewords_captain="" failwords_captain="" successwords_captain="" levelBg="1"/>
  <blood_ponits id="82" armyId_easy="108201|108202" armyId_normal="108202|108203" armyId_hard="108201|108203" preId="81" nextId="83" properties="" addStars="" fastId="65" belly="" experience="" prestige="" item="" prewords_monsterA="" prewords_monsterB="" prewords_monsterC="" failwords_monsterA="" failwords_monsterB="" failwords_monsterC="" successwords_monsterA="" successwords_monsterB="" successwords_monsterC="" prewords_captain="" failwords_captain="" successwords_captain="" levelBg="1"/>
  <blood_ponits id="83" armyId_easy="108301|108302" armyId_normal="108302|108303" armyId_hard="108301|108303" preId="82" nextId="84" properties="" addStars="" fastId="65" belly="" experience="" prestige="" item="" prewords_monsterA="" prewords_monsterB="" prewords_monsterC="" failwords_monsterA="" failwords_monsterB="" failwords_monsterC="" successwords_monsterA="" successwords_monsterB="" successwords_monsterC="" prewords_captain="" failwords_captain="" successwords_captain="" levelBg="1"/>
  <blood_ponits id="84" armyId_easy="108401|108402" armyId_normal="108402|108403" armyId_hard="108401|108403" preId="83" nextId="85" properties="1001|2001|3001|4001,1002|2002|3002|4002,1003|2003|3003|4003" addStars="3" fastId="74" belly="" experience="" prestige="" item="" prewords_monsterA="" prewords_monsterB="" prewords_monsterC="" failwords_monsterA="" failwords_monsterB="" failwords_monsterC="" successwords_monsterA="" successwords_monsterB="" successwords_monsterC="" prewords_captain="Thánh sắp xuất hiện, mọi người chuẩn bị tinh thần nào!" failwords_captain="" successwords_captain="" levelBg="1"/>
  <blood_ponits id="85" armyId_easy="108501|108502" armyId_normal="108502|108503" armyId_hard="108501|108503" preId="84" nextId="86" properties="" addStars="" fastId="74" belly="" experience="" prestige="" item="" prewords_monsterA="Có thể đánh đến đây, rất hiếm đấy." prewords_monsterB="" prewords_monsterC="" failwords_monsterA="" failwords_monsterB="" failwords_monsterC="" successwords_monsterA="Ngôn ngữ thông quan hiển thị thế nào." successwords_monsterB="" successwords_monsterC="" prewords_captain="" failwords_captain="" successwords_captain="" levelBg="1"/>
  <blood_ponits id="86" armyId_easy="108601|108602" armyId_normal="108602|108603" armyId_hard="108601|108603" preId="85" nextId="87" properties="" addStars="" fastId="74" belly="" experience="" prestige="" item="" prewords_monsterA="" prewords_monsterB="" prewords_monsterC="" failwords_monsterA="" failwords_monsterB="" failwords_monsterC="" successwords_monsterA="" successwords_monsterB="" successwords_monsterC="" prewords_captain="" failwords_captain="" successwords_captain="" levelBg="1"/>
  <blood_ponits id="87" armyId_easy="108701|108702" armyId_normal="108702|108703" armyId_hard="108701|108703" preId="86" nextId="88" properties="1001|2001|3001|4001,1002|2002|3002|4002,1003|2003|3003|4003" addStars="3" fastId="74" belly="" experience="" prestige="" item="" prewords_monsterA="Giỏi quá" prewords_monsterB="Quá đỉnh." prewords_monsterC="Thật lợi hại" failwords_monsterA="" failwords_monsterB="" failwords_monsterC="" successwords_monsterA="" successwords_monsterB="" successwords_monsterC="" prewords_captain="" failwords_captain="" successwords_captain="" levelBg="1"/>
  <blood_ponits id="88" armyId_easy="108801|108802" armyId_normal="108802|108803" armyId_hard="108801|108803" preId="87" nextId="89" properties="" addStars="" fastId="74" belly="" experience="" prestige="" item="" prewords_monsterA="" prewords_monsterB="" prewords_monsterC="" failwords_monsterA="果然还是不行。" failwords_monsterB="你还未够班啊。" failwords_monsterC="哈哈哈" successwords_monsterA="" successwords_monsterB="" successwords_monsterC="" prewords_captain="" failwords_captain="" successwords_captain="" levelBg="1"/>
  <blood_ponits id="89" armyId_easy="108901|108902" armyId_normal="108902|108903" armyId_hard="108901|108903" preId="88" nextId="90" properties="" addStars="" fastId="74" belly="" experience="" prestige="" item="" prewords_monsterA="" prewords_monsterB="" prewords_monsterC="" failwords_monsterA="" failwords_monsterB="" failwords_monsterC="" successwords_monsterA="" successwords_monsterB="" successwords_monsterC="" prewords_captain="" failwords_captain="" successwords_captain="" levelBg="1"/>
  <blood_ponits id="90" armyId_easy="109001|109002" armyId_normal="109001|109002" armyId_hard="109003|109004|109005" preId="89" nextId="91" properties="1001|2001|3001|4001,1002|2002|3002|4002,1003|2003|3003|4003" addStars="3" fastId="74" belly="" experience="" prestige="" item="" prewords_monsterA="" prewords_monsterB="" prewords_monsterC="" failwords_monsterA="" failwords_monsterB="" failwords_monsterC="" successwords_monsterA="" successwords_monsterB="" successwords_monsterC="" prewords_captain="" failwords_captain="" successwords_captain="" levelBg="1"/>
  <blood_ponits id="91" armyId_easy="109101|109102" armyId_normal="109102|109103" armyId_hard="109101|109103" preId="90" nextId="92" properties="" addStars="" fastId="74" belly="" experience="" prestige="" item="" prewords_monsterA="" prewords_monsterB="" prewords_monsterC="" failwords_monsterA="" failwords_monsterB="" failwords_monsterC="" successwords_monsterA="" successwords_monsterB="" successwords_monsterC="" prewords_captain="" failwords_captain="" successwords_captain="" levelBg="1"/>
  <blood_ponits id="92" armyId_easy="109201|109202" armyId_normal="109202|109203" armyId_hard="109201|109203" preId="91" nextId="93" properties="" addStars="" fastId="74" belly="" experience="" prestige="" item="" prewords_monsterA="" prewords_monsterB="" prewords_monsterC="" failwords_monsterA="" failwords_monsterB="" failwords_monsterC="" successwords_monsterA="" successwords_monsterB="" successwords_monsterC="" prewords_captain="" failwords_captain="" successwords_captain="" levelBg="1"/>
  <blood_ponits id="93" armyId_easy="109301|109302" armyId_normal="109302|109303" armyId_hard="109301|109303" preId="92" nextId="94" properties="1001|2001|3001|4001,1002|2002|3002|4002,1003|2003|3003|4003" addStars="3" fastId="83" belly="" experience="" prestige="" item="" prewords_monsterA="" prewords_monsterB="" prewords_monsterC="" failwords_monsterA="" failwords_monsterB="" failwords_monsterC="" successwords_monsterA="" successwords_monsterB="" successwords_monsterC="" prewords_captain="" failwords_captain="" successwords_captain="" levelBg="1"/>
  <blood_ponits id="94" armyId_easy="109401|109402" armyId_normal="109402|109403" armyId_hard="109401|109403" preId="93" nextId="95" properties="" addStars="" fastId="83" belly="" experience="" prestige="" item="" prewords_monsterA="" prewords_monsterB="" prewords_monsterC="" failwords_monsterA="" failwords_monsterB="" failwords_monsterC="" successwords_monsterA="" successwords_monsterB="" successwords_monsterC="" prewords_captain="Thánh sắp xuất hiện, mọi người chuẩn bị tinh thần nào!" failwords_captain="" successwords_captain="" levelBg="1"/>
  <blood_ponits id="95" armyId_easy="109501|109502" armyId_normal="109502|109503" armyId_hard="109501|109503" preId="94" nextId="96" properties="" addStars="" fastId="83" belly="" experience="" prestige="" item="" prewords_monsterA="Có thể đánh đến đây, rất hiếm đấy." prewords_monsterB="" prewords_monsterC="" failwords_monsterA="" failwords_monsterB="" failwords_monsterC="" successwords_monsterA="Ngôn ngữ thông quan hiển thị thế nào." successwords_monsterB="" successwords_monsterC="" prewords_captain="" failwords_captain="" successwords_captain="" levelBg="1"/>
  <blood_ponits id="96" armyId_easy="109601|109602" armyId_normal="109602|109603" armyId_hard="109601|109603" preId="95" nextId="97" properties="1001|2001|3001|4001,1002|2002|3002|4002,1003|2003|3003|4003" addStars="3" fastId="83" belly="" experience="" prestige="" item="" prewords_monsterA="" prewords_monsterB="" prewords_monsterC="" failwords_monsterA="" failwords_monsterB="" failwords_monsterC="" successwords_monsterA="" successwords_monsterB="" successwords_monsterC="" prewords_captain="" failwords_captain="" successwords_captain="" levelBg="1"/>
  <blood_ponits id="97" armyId_easy="109701|109702" armyId_normal="109702|109703" armyId_hard="109701|109703" preId="96" nextId="98" properties="" addStars="" fastId="83" belly="" experience="" prestige="" item="" prewords_monsterA="Giỏi quá" prewords_monsterB="Quá đỉnh." prewords_monsterC="Thật lợi hại" failwords_monsterA="" failwords_monsterB="" failwords_monsterC="" successwords_monsterA="" successwords_monsterB="" successwords_monsterC="" prewords_captain="" failwords_captain="" successwords_captain="" levelBg="1"/>
  <blood_ponits id="98" armyId_easy="109801|109802" armyId_normal="109802|109803" armyId_hard="109801|109803" preId="97" nextId="99" properties="" addStars="" fastId="83" belly="" experience="" prestige="" item="" prewords_monsterA="" prewords_monsterB="" prewords_monsterC="" failwords_monsterA="果然还是不行。" failwords_monsterB="你还未够班啊。" failwords_monsterC="哈哈哈" successwords_monsterA="" successwords_monsterB="" successwords_monsterC="" prewords_captain="" failwords_captain="" successwords_captain="" levelBg="1"/>
  <blood_ponits id="99" armyId_easy="109901|109902" armyId_normal="109902|109903" armyId_hard="109901|109903" preId="98" nextId="100" properties="1001|2001|3001|4001,1002|2002|3002|4002,1003|2003|3003|4003" addStars="3" fastId="83" belly="" experience="" prestige="" item="" prewords_monsterA="" prewords_monsterB="" prewords_monsterC="" failwords_monsterA="" failwords_monsterB="" failwords_monsterC="" successwords_monsterA="" successwords_monsterB="" successwords_monsterC="" prewords_captain="" failwords_captain="" successwords_captain="" levelBg="1"/>
  <blood_ponits id="100" armyId_easy="110001|110002" armyId_normal="110001|110002" armyId_hard="110003|110004|110005" preId="99" nextId="101" properties="" addStars="" fastId="83" belly="" experience="" prestige="" item="" prewords_monsterA="" prewords_monsterB="" prewords_monsterC="" failwords_monsterA="" failwords_monsterB="" failwords_monsterC="" successwords_monsterA="" successwords_monsterB="" successwords_monsterC="" prewords_captain="" failwords_captain="" successwords_captain="" levelBg="1"/>
  <blood_ponits id="101" armyId_easy="110101|110102" armyId_normal="110102|110103" armyId_hard="110101|110103" preId="100" nextId="102" properties="" addStars="" fastId="83" belly="" experience="" prestige="" item="" prewords_monsterA="" prewords_monsterB="" prewords_monsterC="" failwords_monsterA="" failwords_monsterB="" failwords_monsterC="" successwords_monsterA="" successwords_monsterB="" successwords_monsterC="" prewords_captain="" failwords_captain="" successwords_captain="" levelBg="1"/>
  <blood_ponits id="102" armyId_easy="110201|110202" armyId_normal="110202|110203" armyId_hard="110201|110203" preId="101" nextId="103" properties="1001|2001|3001|4001,1002|2002|3002|4002,1003|2003|3003|4003" addStars="3" fastId="92" belly="" experience="" prestige="" item="" prewords_monsterA="" prewords_monsterB="" prewords_monsterC="" failwords_monsterA="" failwords_monsterB="" failwords_monsterC="" successwords_monsterA="" successwords_monsterB="" successwords_monsterC="" prewords_captain="" failwords_captain="" successwords_captain="" levelBg="1"/>
  <blood_ponits id="103" armyId_easy="110301|110302" armyId_normal="110302|110303" armyId_hard="110301|110303" preId="102" nextId="104" properties="" addStars="" fastId="92" belly="" experience="" prestige="" item="" prewords_monsterA="" prewords_monsterB="" prewords_monsterC="" failwords_monsterA="" failwords_monsterB="" failwords_monsterC="" successwords_monsterA="" successwords_monsterB="" successwords_monsterC="" prewords_captain="" failwords_captain="" successwords_captain="" levelBg="1"/>
  <blood_ponits id="104" armyId_easy="110401|110402" armyId_normal="110402|110403" armyId_hard="110401|110403" preId="103" nextId="105" properties="" addStars="" fastId="92" belly="" experience="" prestige="" item="" prewords_monsterA="" prewords_monsterB="" prewords_monsterC="" failwords_monsterA="" failwords_monsterB="" failwords_monsterC="" successwords_monsterA="" successwords_monsterB="" successwords_monsterC="" prewords_captain="Thánh sắp xuất hiện, mọi người chuẩn bị tinh thần nào!" failwords_captain="" successwords_captain="" levelBg="1"/>
  <blood_ponits id="105" armyId_easy="110501|110502" armyId_normal="110502|110503" armyId_hard="110501|110503" preId="104" nextId="106" properties="1001|2001|3001|4001,1002|2002|3002|4002,1003|2003|3003|4003" addStars="3" fastId="92" belly="" experience="" prestige="" item="" prewords_monsterA="Có thể đánh đến đây, rất hiếm đấy." prewords_monsterB="" prewords_monsterC="" failwords_monsterA="" failwords_monsterB="" failwords_monsterC="" successwords_monsterA="Ngôn ngữ thông quan hiển thị thế nào." successwords_monsterB="" successwords_monsterC="" prewords_captain="" failwords_captain="" successwords_captain="" levelBg="1"/>
  <blood_ponits id="106" armyId_easy="110601|110602" armyId_normal="110602|110603" armyId_hard="110601|110603" preId="105" nextId="107" properties="" addStars="" fastId="92" belly="" experience="" prestige="" item="" prewords_monsterA="" prewords_monsterB="" prewords_monsterC="" failwords_monsterA="" failwords_monsterB="" failwords_monsterC="" successwords_monsterA="" successwords_monsterB="" successwords_monsterC="" prewords_captain="" failwords_captain="" successwords_captain="" levelBg="1"/>
  <blood_ponits id="107" armyId_easy="110701|110702" armyId_normal="110702|110703" armyId_hard="110701|110703" preId="106" nextId="108" properties="" addStars="" fastId="92" belly="" experience="" prestige="" item="" prewords_monsterA="Giỏi quá" prewords_monsterB="Quá đỉnh." prewords_monsterC="Thật lợi hại" failwords_monsterA="" failwords_monsterB="" failwords_monsterC="" successwords_monsterA="" successwords_monsterB="" successwords_monsterC="" prewords_captain="" failwords_captain="" successwords_captain="" levelBg="1"/>
  <blood_ponits id="108" armyId_easy="110801|110802" armyId_normal="110802|110803" armyId_hard="110801|110803" preId="107" nextId="109" properties="1001|2001|3001|4001,1002|2002|3002|4002,1003|2003|3003|4003" addStars="3" fastId="92" belly="" experience="" prestige="" item="" prewords_monsterA="" prewords_monsterB="" prewords_monsterC="" failwords_monsterA="果然还是不行。" failwords_monsterB="你还未够班啊。" failwords_monsterC="哈哈哈" successwords_monsterA="" successwords_monsterB="" successwords_monsterC="" prewords_captain="" failwords_captain="" successwords_captain="" levelBg="1"/>
  <blood_ponits id="109" armyId_easy="110901|110902" armyId_normal="110902|110903" armyId_hard="110901|110903" preId="108" nextId="110" properties="" addStars="" fastId="92" belly="" experience="" prestige="" item="" prewords_monsterA="" prewords_monsterB="" prewords_monsterC="" failwords_monsterA="" failwords_monsterB="" failwords_monsterC="" successwords_monsterA="" successwords_monsterB="" successwords_monsterC="" prewords_captain="" failwords_captain="" successwords_captain="" levelBg="1"/>
  <blood_ponits id="110" armyId_easy="111001|111002" armyId_normal="111001|111002" armyId_hard="111003|111004|111005" preId="109" nextId="" properties="" addStars="" fastId="92" belly="" experience="" prestige="" item="" prewords_monsterA="" prewords_monsterB="" prewords_monsterC="" failwords_monsterA="" failwords_monsterB="" failwords_monsterC="" successwords_monsterA="" successwords_monsterB="" successwords_monsterC="" prewords_captain="" failwords_captain="" successwords_captain="" levelBg="1"/>
</root>