<root>
  <blood_role_img id="100101" imgid="222"/>
  <blood_role_img id="100102" imgid="223"/>
  <blood_role_img id="100103" imgid="221"/>
  <blood_role_img id="100201" imgid="221"/>
  <blood_role_img id="100202" imgid="224"/>
  <blood_role_img id="100203" imgid="226"/>
  <blood_role_img id="100301" imgid="225"/>
  <blood_role_img id="100302" imgid="222"/>
  <blood_role_img id="100303" imgid="227"/>
  <blood_role_img id="100401" imgid="219"/>
  <blood_role_img id="100402" imgid="220"/>
  <blood_role_img id="100403" imgid="221"/>
  <blood_role_img id="100501" imgid="222"/>
  <blood_role_img id="100502" imgid="224"/>
  <blood_role_img id="100503" imgid="227"/>
  <blood_role_img id="100601" imgid="219"/>
  <blood_role_img id="100602" imgid="220"/>
  <blood_role_img id="100603" imgid="221"/>
  <blood_role_img id="100701" imgid="222"/>
  <blood_role_img id="100702" imgid="223"/>
  <blood_role_img id="100703" imgid="224"/>
  <blood_role_img id="100801" imgid="225"/>
  <blood_role_img id="100802" imgid="226"/>
  <blood_role_img id="100803" imgid="227"/>
  <blood_role_img id="100901" imgid="223"/>
  <blood_role_img id="100902" imgid="225"/>
  <blood_role_img id="100903" imgid="219"/>
  <blood_role_img id="101001" imgid="221"/>
  <blood_role_img id="101002" imgid="224"/>
  <blood_role_img id="101003" imgid="227"/>
  <blood_role_img id="101101" imgid="220"/>
  <blood_role_img id="101102" imgid="221"/>
  <blood_role_img id="101103" imgid="222"/>
  <blood_role_img id="101201" imgid="223"/>
  <blood_role_img id="101202" imgid="221"/>
  <blood_role_img id="101203" imgid="224"/>
  <blood_role_img id="101301" imgid="227"/>
  <blood_role_img id="101302" imgid="219"/>
  <blood_role_img id="101303" imgid="220"/>
  <blood_role_img id="101401" imgid="221"/>
  <blood_role_img id="101402" imgid="222"/>
  <blood_role_img id="101403" imgid="222"/>
  <blood_role_img id="101501" imgid="224"/>
  <blood_role_img id="101502" imgid="227"/>
  <blood_role_img id="101503" imgid="219"/>
  <blood_role_img id="101601" imgid="220"/>
  <blood_role_img id="101602" imgid="221"/>
  <blood_role_img id="101603" imgid="220"/>
  <blood_role_img id="101701" imgid="221"/>
  <blood_role_img id="101702" imgid="222"/>
  <blood_role_img id="101703" imgid="224"/>
  <blood_role_img id="101801" imgid="224"/>
  <blood_role_img id="101802" imgid="227"/>
  <blood_role_img id="101803" imgid="220"/>
  <blood_role_img id="101901" imgid="221"/>
  <blood_role_img id="101902" imgid="222"/>
  <blood_role_img id="101903" imgid="223"/>
  <blood_role_img id="102001" imgid="224"/>
  <blood_role_img id="102002" imgid="225"/>
  <blood_role_img id="102003" imgid="278"/>
  <blood_role_img id="102004" imgid="278"/>
  <blood_role_img id="102005" imgid="278"/>
  <blood_role_img id="102101" imgid="222"/>
  <blood_role_img id="102102" imgid="222"/>
  <blood_role_img id="102103" imgid="224"/>
  <blood_role_img id="102201" imgid="227"/>
  <blood_role_img id="102202" imgid="219"/>
  <blood_role_img id="102203" imgid="220"/>
  <blood_role_img id="102301" imgid="221"/>
  <blood_role_img id="102302" imgid="220"/>
  <blood_role_img id="102303" imgid="221"/>
  <blood_role_img id="102401" imgid="220"/>
  <blood_role_img id="102402" imgid="221"/>
  <blood_role_img id="102403" imgid="222"/>
  <blood_role_img id="102501" imgid="224"/>
  <blood_role_img id="102502" imgid="224"/>
  <blood_role_img id="102503" imgid="227"/>
  <blood_role_img id="102601" imgid="220"/>
  <blood_role_img id="102602" imgid="221"/>
  <blood_role_img id="102603" imgid="222"/>
  <blood_role_img id="102701" imgid="223"/>
  <blood_role_img id="102702" imgid="224"/>
  <blood_role_img id="102703" imgid="227"/>
  <blood_role_img id="102801" imgid="219"/>
  <blood_role_img id="102802" imgid="220"/>
  <blood_role_img id="102803" imgid="221"/>
  <blood_role_img id="102901" imgid="222"/>
  <blood_role_img id="102902" imgid="224"/>
  <blood_role_img id="102903" imgid="225"/>
  <blood_role_img id="103001" imgid="224"/>
  <blood_role_img id="103002" imgid="225"/>
  <blood_role_img id="103003" imgid="279"/>
  <blood_role_img id="103004" imgid="279"/>
  <blood_role_img id="103005" imgid="279"/>
  <blood_role_img id="103101" imgid="227"/>
  <blood_role_img id="103102" imgid="219"/>
  <blood_role_img id="103103" imgid="220"/>
  <blood_role_img id="103201" imgid="221"/>
  <blood_role_img id="103202" imgid="220"/>
  <blood_role_img id="103203" imgid="221"/>
  <blood_role_img id="103301" imgid="220"/>
  <blood_role_img id="103302" imgid="221"/>
  <blood_role_img id="103303" imgid="222"/>
  <blood_role_img id="103401" imgid="224"/>
  <blood_role_img id="103402" imgid="224"/>
  <blood_role_img id="103403" imgid="227"/>
  <blood_role_img id="103501" imgid="224"/>
  <blood_role_img id="103502" imgid="227"/>
  <blood_role_img id="103503" imgid="219"/>
  <blood_role_img id="103601" imgid="222"/>
  <blood_role_img id="103602" imgid="222"/>
  <blood_role_img id="103603" imgid="224"/>
  <blood_role_img id="103701" imgid="219"/>
  <blood_role_img id="103702" imgid="222"/>
  <blood_role_img id="103703" imgid="222"/>
  <blood_role_img id="103801" imgid="224"/>
  <blood_role_img id="103802" imgid="227"/>
  <blood_role_img id="103803" imgid="222"/>
  <blood_role_img id="103901" imgid="224"/>
  <blood_role_img id="103902" imgid="227"/>
  <blood_role_img id="103903" imgid="224"/>
  <blood_role_img id="104001" imgid="222"/>
  <blood_role_img id="104002" imgid="223"/>
  <blood_role_img id="104003" imgid="241"/>
  <blood_role_img id="104004" imgid="241"/>
  <blood_role_img id="104005" imgid="241"/>
  <blood_role_img id="104101" imgid="219"/>
  <blood_role_img id="104102" imgid="222"/>
  <blood_role_img id="104103" imgid="227"/>
  <blood_role_img id="104201" imgid="224"/>
  <blood_role_img id="104202" imgid="227"/>
  <blood_role_img id="104203" imgid="219"/>
  <blood_role_img id="104301" imgid="222"/>
  <blood_role_img id="104302" imgid="222"/>
  <blood_role_img id="104303" imgid="224"/>
  <blood_role_img id="104401" imgid="219"/>
  <blood_role_img id="104402" imgid="222"/>
  <blood_role_img id="104403" imgid="227"/>
  <blood_role_img id="104501" imgid="219"/>
  <blood_role_img id="104502" imgid="222"/>
  <blood_role_img id="104503" imgid="222"/>
  <blood_role_img id="104601" imgid="224"/>
  <blood_role_img id="104602" imgid="227"/>
  <blood_role_img id="104603" imgid="219"/>
  <blood_role_img id="104701" imgid="220"/>
  <blood_role_img id="104702" imgid="221"/>
  <blood_role_img id="104703" imgid="220"/>
  <blood_role_img id="104801" imgid="221"/>
  <blood_role_img id="104802" imgid="220"/>
  <blood_role_img id="104803" imgid="221"/>
  <blood_role_img id="104901" imgid="222"/>
  <blood_role_img id="104902" imgid="224"/>
  <blood_role_img id="104903" imgid="227"/>
  <blood_role_img id="105001" imgid="225"/>
  <blood_role_img id="105002" imgid="226"/>
  <blood_role_img id="105003" imgid="242"/>
  <blood_role_img id="105004" imgid="242"/>
  <blood_role_img id="105005" imgid="242"/>
  <blood_role_img id="105101" imgid="219"/>
  <blood_role_img id="105102" imgid="222"/>
  <blood_role_img id="105103" imgid="227"/>
  <blood_role_img id="105201" imgid="224"/>
  <blood_role_img id="105202" imgid="227"/>
  <blood_role_img id="105203" imgid="219"/>
  <blood_role_img id="105301" imgid="222"/>
  <blood_role_img id="105302" imgid="222"/>
  <blood_role_img id="105303" imgid="224"/>
  <blood_role_img id="105401" imgid="219"/>
  <blood_role_img id="105402" imgid="222"/>
  <blood_role_img id="105403" imgid="227"/>
  <blood_role_img id="105501" imgid="219"/>
  <blood_role_img id="105502" imgid="222"/>
  <blood_role_img id="105503" imgid="222"/>
  <blood_role_img id="105601" imgid="224"/>
  <blood_role_img id="105602" imgid="227"/>
  <blood_role_img id="105603" imgid="219"/>
  <blood_role_img id="105701" imgid="220"/>
  <blood_role_img id="105702" imgid="221"/>
  <blood_role_img id="105703" imgid="220"/>
  <blood_role_img id="105801" imgid="221"/>
  <blood_role_img id="105802" imgid="220"/>
  <blood_role_img id="105803" imgid="221"/>
  <blood_role_img id="105901" imgid="222"/>
  <blood_role_img id="105902" imgid="224"/>
  <blood_role_img id="105903" imgid="227"/>
  <blood_role_img id="106001" imgid="225"/>
  <blood_role_img id="106002" imgid="226"/>
  <blood_role_img id="106003" imgid="242"/>
  <blood_role_img id="106004" imgid="242"/>
  <blood_role_img id="106005" imgid="242"/>
  <blood_role_img id="106101" imgid="219"/>
  <blood_role_img id="106102" imgid="222"/>
  <blood_role_img id="106103" imgid="227"/>
  <blood_role_img id="106201" imgid="224"/>
  <blood_role_img id="106202" imgid="227"/>
  <blood_role_img id="106203" imgid="219"/>
  <blood_role_img id="106301" imgid="222"/>
  <blood_role_img id="106302" imgid="222"/>
  <blood_role_img id="106303" imgid="224"/>
  <blood_role_img id="106401" imgid="219"/>
  <blood_role_img id="106402" imgid="222"/>
  <blood_role_img id="106403" imgid="227"/>
  <blood_role_img id="106501" imgid="219"/>
  <blood_role_img id="106502" imgid="222"/>
  <blood_role_img id="106503" imgid="222"/>
  <blood_role_img id="106601" imgid="224"/>
  <blood_role_img id="106602" imgid="227"/>
  <blood_role_img id="106603" imgid="219"/>
  <blood_role_img id="106701" imgid="220"/>
  <blood_role_img id="106702" imgid="221"/>
  <blood_role_img id="106703" imgid="220"/>
  <blood_role_img id="106801" imgid="221"/>
  <blood_role_img id="106802" imgid="220"/>
  <blood_role_img id="106803" imgid="221"/>
  <blood_role_img id="106901" imgid="222"/>
  <blood_role_img id="106902" imgid="224"/>
  <blood_role_img id="106903" imgid="227"/>
  <blood_role_img id="107001" imgid="225"/>
  <blood_role_img id="107002" imgid="226"/>
  <blood_role_img id="107003" imgid="342"/>
  <blood_role_img id="107004" imgid="342"/>
  <blood_role_img id="107005" imgid="342"/>
  <blood_role_img id="107101" imgid="226"/>
  <blood_role_img id="107102" imgid="226"/>
  <blood_role_img id="107103" imgid="227"/>
  <blood_role_img id="107201" imgid="220"/>
  <blood_role_img id="107202" imgid="221"/>
  <blood_role_img id="107203" imgid="220"/>
  <blood_role_img id="107301" imgid="222"/>
  <blood_role_img id="107302" imgid="223"/>
  <blood_role_img id="107303" imgid="224"/>
  <blood_role_img id="107401" imgid="220"/>
  <blood_role_img id="107402" imgid="221"/>
  <blood_role_img id="107403" imgid="220"/>
  <blood_role_img id="107501" imgid="223"/>
  <blood_role_img id="107502" imgid="226"/>
  <blood_role_img id="107503" imgid="227"/>
  <blood_role_img id="107601" imgid="222"/>
  <blood_role_img id="107602" imgid="223"/>
  <blood_role_img id="107603" imgid="224"/>
  <blood_role_img id="107701" imgid="227"/>
  <blood_role_img id="107702" imgid="225"/>
  <blood_role_img id="107703" imgid="227"/>
  <blood_role_img id="107801" imgid="219"/>
  <blood_role_img id="107802" imgid="221"/>
  <blood_role_img id="107803" imgid="224"/>
  <blood_role_img id="107901" imgid="221"/>
  <blood_role_img id="107902" imgid="227"/>
  <blood_role_img id="107903" imgid="225"/>
  <blood_role_img id="108001" imgid="222"/>
  <blood_role_img id="108002" imgid="223"/>
  <blood_role_img id="108003" imgid="343"/>
  <blood_role_img id="108004" imgid="343"/>
  <blood_role_img id="108005" imgid="343"/>
  <blood_role_img id="108101" imgid="226"/>
  <blood_role_img id="108102" imgid="226"/>
  <blood_role_img id="108103" imgid="227"/>
  <blood_role_img id="108201" imgid="220"/>
  <blood_role_img id="108202" imgid="221"/>
  <blood_role_img id="108203" imgid="220"/>
  <blood_role_img id="108301" imgid="222"/>
  <blood_role_img id="108302" imgid="223"/>
  <blood_role_img id="108303" imgid="224"/>
  <blood_role_img id="108401" imgid="220"/>
  <blood_role_img id="108402" imgid="221"/>
  <blood_role_img id="108403" imgid="220"/>
  <blood_role_img id="108501" imgid="223"/>
  <blood_role_img id="108502" imgid="226"/>
  <blood_role_img id="108503" imgid="227"/>
  <blood_role_img id="108601" imgid="222"/>
  <blood_role_img id="108602" imgid="223"/>
  <blood_role_img id="108603" imgid="224"/>
  <blood_role_img id="108701" imgid="227"/>
  <blood_role_img id="108702" imgid="225"/>
  <blood_role_img id="108703" imgid="227"/>
  <blood_role_img id="108801" imgid="219"/>
  <blood_role_img id="108802" imgid="221"/>
  <blood_role_img id="108803" imgid="224"/>
  <blood_role_img id="108901" imgid="221"/>
  <blood_role_img id="108902" imgid="227"/>
  <blood_role_img id="108903" imgid="225"/>
  <blood_role_img id="109001" imgid="222"/>
  <blood_role_img id="109002" imgid="223"/>
  <blood_role_img id="109003" imgid="358"/>
  <blood_role_img id="109004" imgid="358"/>
  <blood_role_img id="109005" imgid="358"/>
  <blood_role_img id="109101" imgid="226"/>
  <blood_role_img id="109102" imgid="226"/>
  <blood_role_img id="109103" imgid="227"/>
  <blood_role_img id="109201" imgid="220"/>
  <blood_role_img id="109202" imgid="221"/>
  <blood_role_img id="109203" imgid="220"/>
  <blood_role_img id="109301" imgid="222"/>
  <blood_role_img id="109302" imgid="223"/>
  <blood_role_img id="109303" imgid="224"/>
  <blood_role_img id="109401" imgid="220"/>
  <blood_role_img id="109402" imgid="221"/>
  <blood_role_img id="109403" imgid="220"/>
  <blood_role_img id="109501" imgid="223"/>
  <blood_role_img id="109502" imgid="226"/>
  <blood_role_img id="109503" imgid="227"/>
  <blood_role_img id="109601" imgid="222"/>
  <blood_role_img id="109602" imgid="223"/>
  <blood_role_img id="109603" imgid="224"/>
  <blood_role_img id="109701" imgid="227"/>
  <blood_role_img id="109702" imgid="225"/>
  <blood_role_img id="109703" imgid="227"/>
  <blood_role_img id="109801" imgid="219"/>
  <blood_role_img id="109802" imgid="221"/>
  <blood_role_img id="109803" imgid="224"/>
  <blood_role_img id="109901" imgid="221"/>
  <blood_role_img id="109902" imgid="227"/>
  <blood_role_img id="109903" imgid="225"/>
  <blood_role_img id="110001" imgid="222"/>
  <blood_role_img id="110002" imgid="223"/>
  <blood_role_img id="110003" imgid="388"/>
  <blood_role_img id="110004" imgid="388"/>
  <blood_role_img id="110005" imgid="388"/>
  <blood_role_img id="110101" imgid="226"/>
  <blood_role_img id="110102" imgid="226"/>
  <blood_role_img id="110103" imgid="227"/>
  <blood_role_img id="110201" imgid="220"/>
  <blood_role_img id="110202" imgid="221"/>
  <blood_role_img id="110203" imgid="220"/>
  <blood_role_img id="110301" imgid="222"/>
  <blood_role_img id="110302" imgid="223"/>
  <blood_role_img id="110303" imgid="224"/>
  <blood_role_img id="110401" imgid="220"/>
  <blood_role_img id="110402" imgid="221"/>
  <blood_role_img id="110403" imgid="220"/>
  <blood_role_img id="110501" imgid="223"/>
  <blood_role_img id="110502" imgid="226"/>
  <blood_role_img id="110503" imgid="227"/>
  <blood_role_img id="110601" imgid="222"/>
  <blood_role_img id="110602" imgid="223"/>
  <blood_role_img id="110603" imgid="224"/>
  <blood_role_img id="110701" imgid="227"/>
  <blood_role_img id="110702" imgid="225"/>
  <blood_role_img id="110703" imgid="227"/>
  <blood_role_img id="110801" imgid="219"/>
  <blood_role_img id="110802" imgid="221"/>
  <blood_role_img id="110803" imgid="224"/>
  <blood_role_img id="110901" imgid="221"/>
  <blood_role_img id="110902" imgid="227"/>
  <blood_role_img id="110903" imgid="225"/>
  <blood_role_img id="111001" imgid="222"/>
  <blood_role_img id="111002" imgid="223"/>
  <blood_role_img id="111003" imgid="385"/>
  <blood_role_img id="111004" imgid="385"/>
  <blood_role_img id="111005" imgid="385"/>

</root>