<root>
  <boatBattle_shop id="1" itemTempId="70738" getNum="1" consumeScore="1500" needPrestige="0" neeLevel="0" limitTime="0" canBatch="1"/>
  <boatBattle_shop id="2" itemTempId="60014" getNum="1" consumeScore="2200" needPrestige="0" neeLevel="0" limitTime="0" canBatch="1"/>
  <boatBattle_shop id="3" itemTempId="70523" getNum="1" consumeScore="8000" needPrestige="0" neeLevel="0" limitTime="0" canBatch="1"/>
  <boatBattle_shop id="4" itemTempId="70528" getNum="1" consumeScore="14400" needPrestige="0" neeLevel="0" limitTime="0" canBatch="1"/>
  <boatBattle_shop id="5" itemTempId="70529" getNum="1" consumeScore="28000" needPrestige="0" neeLevel="0" limitTime="0" canBatch="1"/>
  <boatBattle_shop id="6" itemTempId="70736" getNum="1" consumeScore="1600" needPrestige="0" neeLevel="0" limitTime="0" canBatch="1"/>
  <boatBattle_shop id="7" itemTempId="70734" getNum="1" consumeScore="7200" needPrestige="0" neeLevel="0" limitTime="0" canBatch="1"/>
  <boatBattle_shop id="8" itemTempId="70733" getNum="1" consumeScore="14000" needPrestige="0" neeLevel="0" limitTime="0" canBatch="1"/>
  <boatBattle_shop id="9" itemTempId="129003" getNum="1" consumeScore="100000" needPrestige="0" neeLevel="0" limitTime="1" canBatch="0"/>
  <boatBattle_shop id="10" itemTempId="75031" getNum="1" consumeScore="30000" needPrestige="0" neeLevel="0" limitTime="1" canBatch="0"/>
  <boatBattle_shop id="11" itemTempId="75032" getNum="1" consumeScore="30000" needPrestige="0" neeLevel="0" limitTime="1" canBatch="0"/>
</root>