<root>
  <boatBattle_army id="1" modelName="Tiểu đội điều trị" name="Tàu tiên phong" level="101" info="Thuyền nhẹ, dùng thăm dò địch." model="1" speak1="Niềm tin hải quân, thế như chẻ tre!" speak2="Niềm tin hải quân, thế như chẻ tre!" speak3="Niềm tin hải quân, thế như chẻ tre!" iconBig="headbig/big_hjtschushi.png" iconSmall="headsmall/samll_hjtschushi.png" killIntegral="5" cutblood="1" monstersquadID="60501" Speed="10"/>
  <boatBattle_army id="2" modelName="Tiểu đội điều trị" name="Tàu tiếp liệu" level="101" info="Tàu chở nguyên nhiên liệu, có thể tiếp tế cho các tàu chiến trong khi chiến đấu." model="2" speak1="Phía sau cứ giao cho chúng tôi!" speak2="Phía sau cứ giao cho chúng tôi!" speak3="Phía sau cứ giao cho chúng tôi!" iconBig="headbig/big_hjshengzhe.png" iconSmall="headsmall/samll_hjshengzhe.png" killIntegral="5" cutblood="1" monstersquadID="60502" Speed="10"/>
  <boatBattle_army id="3" modelName="Tiểu đội điều trị" name="Tàu 4 cột buồm" level="101" info="Chiến hạm có 4 cột buồm, thân tàu chắc cứng, hải quân hay dùng nhất." model="3" speak1="Dù có nở mày nở mặt thế nào, các ngươi cũng chỉ là hải tặc." speak2="Dù có nở mày nở mặt thế nào, các ngươi cũng chỉ là hải tặc." speak3="Dù có nở mày nở mặt thế nào, các ngươi cũng chỉ là hải tặc." iconBig="headbig/big_hjzhihuijia.png" iconSmall="headsmall/samll_hjzhihuijia.png" killIntegral="5" cutblood="1" monstersquadID="60503" Speed="11"/>
  <boatBattle_army id="4" modelName="Tiểu đội điều trị" name="Tàu nhiều cột buồm" level="101" info="Chiến hạm có nhiều cột buồm, khi không cần chiến đấu thường dùng làm tàu bắt cá." model="3" speak1="Thực ra bọn ta đều là ngư phu." speak2="Thực ra bọn ta đều là ngư phu." speak3="Thực ra bọn ta đều là ngư phu." iconBig="headbig/big_hjyingshi.png" iconSmall="headsmall/samll_hjyingshi.png" killIntegral="5" cutblood="1" monstersquadID="60504" Speed="9"/>
  <boatBattle_army id="5" modelName="Tiểu đội điều trị" name="Thuyền buồm" level="101" info="Chiến hạm lợi dụng sức gió để chạy, áp dụng công nghệ chế tàu mới, cũng có thể đi trong Calm Belt." model="1" speak1="Kĩ thuật là sức mạnh." speak2="Kĩ thuật là sức mạnh." speak3="Kĩ thuật là sức mạnh." iconBig="headbig/big_hjtschushi.png" iconSmall="headsmall/samll_hjtschushi.png" killIntegral="5" cutblood="1" monstersquadID="60505" Speed="10"/>
  <boatBattle_army id="6" modelName="Tiểu đội điều trị" name="Thuyền buồm đại bác" level="101" info="Thuyền buồm trang bị 1 khẩu đại pháo, có đánh không được tàu hải tặc, thì cũng có thể ngắm chuẩn Hải Vương để tấn công tiếp tế lương thực." model="1" speak1="Bọn ta phụ trách tấn công." speak2="Bọn ta phụ trách tấn công." speak3="Bọn ta phụ trách tấn công." iconBig="headbig/big_hjyingshi.png" iconSmall="headsmall/samll_hjyingshi.png" killIntegral="5" cutblood="1" monstersquadID="60506" Speed="7"/>
  <boatBattle_army id="7" modelName="Tiểu đội điều trị" name="Chiến hạm lớn" level="101" info="Chiến hạm lớn với nòng súng cỡ lớn và được bọc giáp, hỏa lực cực mạnh, hải tặc bình thường nghe thấy sẽ bỏ chạy mất dép." model="2" speak1="Sợ chưa?" speak2="Nhìn thấy chúng ta sợ không?" speak3="Run sợ đi hải tặc!" iconBig="headbig/big_hjyuansushi.png" iconSmall="headsmall/samll_hjyuansushi.png" killIntegral="5" cutblood="1" monstersquadID="60507" Speed="10"/>
  <boatBattle_army id="8" modelName="Tiểu đội điều trị" name="Tàu tuần dương" level="101" info="Tàu có tốc độ cực nhanh, có thể vượt qua Calm Belt để truy kích hải tặc." model="2" speak1="Cho các ngươi xem thế nào là tốc độ." speak2="Nhanh như chớp!" speak3="Quá kích thích với tốc độ này." iconBig="headbig/big_hjtschushi.png" iconSmall="headsmall/samll_hjtschushi.png" killIntegral="5" cutblood="1" monstersquadID="60508" Speed="15"/>
  <boatBattle_army id="9" modelName="Tiểu đội điều trị" name="Tàu ngầm" level="101" info="Vốn dĩ là tàu chiến đấu dưới mặt nước, nhưng đã bị lôi lên mặt nước để trợ chiến." model="1" speak1="Nhìn thấy tàu ngầm nổi trên mặt biển chưa?" speak2="Nói cho các ngươi 1 bí mật." speak3="Thực ra bọn ta là tàu ngầm" iconBig="headbig/big_hjyuansushi.png" iconSmall="headsmall/samll_hjyuansushi.png" killIntegral="5" cutblood="1" monstersquadID="60509" Speed="8"/>
  <boatBattle_army id="10" modelName="Tiểu đội điều trị" name="Thiết giáp hạm" level="101" info="Thân tàu được bọc giáp, tính bảo vệ mạnh, đến hải vương hung dữ nhất cũng không thể phá hỏng." model="3" speak1="Lên, thử sức phòng ngự nào." speak2="Lăn trên người các ngươi." speak3="Phòng ngự là sự tấn công tốt nhất." iconBig="headbig/big_hjyingshi.png" iconSmall="headsmall/samll_hjyingshi.png" killIntegral="5" cutblood="1" monstersquadID="60510" Speed="7"/>
</root>