<root>
  <boatBattle_heroesId id1="10001" htid="70000001"/>
  <boatBattle_heroesId id1="10002" htid="70000002"/>
  <boatBattle_heroesId id1="10003" htid="70000003"/>
  <boatBattle_heroesId id1="10004" htid="70000004"/>
  <boatBattle_heroesId id1="10005" htid="70000005"/>
  <boatBattle_heroesId id1="10006" htid="70000006"/>
  <boatBattle_heroesId id1="10007" htid="70000007"/>
  <boatBattle_heroesId id1="10008" htid="70000008"/>
  <boatBattle_heroesId id1="10009" htid="70000009"/>
  <boatBattle_heroesId id1="10010" htid="70000010"/>
  <boatBattle_heroesId id1="10011" htid="70000011"/>
  <boatBattle_heroesId id1="10012" htid="70000012"/>
  <boatBattle_heroesId id1="10013" htid="70000013"/>
  <boatBattle_heroesId id1="10014" htid="70000014"/>
  <boatBattle_heroesId id1="10015" htid="70000015"/>
  <boatBattle_heroesId id1="10016" htid="70000016"/>
  <boatBattle_heroesId id1="10017" htid="70000017"/>
  <boatBattle_heroesId id1="10018" htid="70000018"/>
  <boatBattle_heroesId id1="10019" htid="70000019"/>
  <boatBattle_heroesId id1="10020" htid="70000020"/>
  <boatBattle_heroesId id1="10021" htid="70000021"/>
  <boatBattle_heroesId id1="10022" htid="70000022"/>
  <boatBattle_heroesId id1="10023" htid="70000023"/>
  <boatBattle_heroesId id1="10024" htid="70000024"/>
  <boatBattle_heroesId id1="10025" htid="70000025"/>
  <boatBattle_heroesId id1="10026" htid="70000026"/>
  <boatBattle_heroesId id1="10027" htid="70000027"/>
  <boatBattle_heroesId id1="10028" htid="70000028"/>
  <boatBattle_heroesId id1="10029" htid="70000029"/>
  <boatBattle_heroesId id1="10030" htid="70000030"/>
  <boatBattle_heroesId id1="10031" htid="70000031"/>
  <boatBattle_heroesId id1="10032" htid="70000032"/>
  <boatBattle_heroesId id1="10033" htid="70000033"/>
  <boatBattle_heroesId id1="10034" htid="70000034"/>
  <boatBattle_heroesId id1="10035" htid="70000035"/>
  <boatBattle_heroesId id1="10036" htid="70000036"/>
  <boatBattle_heroesId id1="10037" htid="70000037"/>
  <boatBattle_heroesId id1="10038" htid="70000038"/>
  <boatBattle_heroesId id1="10039" htid="70000039"/>
  <boatBattle_heroesId id1="10040" htid="70000040"/>
  <boatBattle_heroesId id1="10041" htid="70000041"/>
  <boatBattle_heroesId id1="10042" htid="70000042"/>
  <boatBattle_heroesId id1="10043" htid="70000043"/>
  <boatBattle_heroesId id1="10044" htid="70000044"/>
  <boatBattle_heroesId id1="10045" htid="70000045"/>
  <boatBattle_heroesId id1="10046" htid="70000046"/>
  <boatBattle_heroesId id1="10047" htid="70000047"/>
  <boatBattle_heroesId id1="10048" htid="70000048"/>
  <boatBattle_heroesId id1="10049" htid="70000049"/>
  <boatBattle_heroesId id1="10050" htid="70000050"/>
  <boatBattle_heroesId id1="10051" htid="70000051"/>
  <boatBattle_heroesId id1="10052" htid="70000052"/>
  <boatBattle_heroesId id1="10053" htid="70000053"/>
  <boatBattle_heroesId id1="10054" htid="70000054"/>
  <boatBattle_heroesId id1="10055" htid="70000055"/>
  <boatBattle_heroesId id1="10056" htid="70000056"/>
  <boatBattle_heroesId id1="10057" htid="70000057"/>
  <boatBattle_heroesId id1="10058" htid="70000058"/>
  <boatBattle_heroesId id1="10059" htid="70000059"/>
  <boatBattle_heroesId id1="10060" htid="70000060"/>
  <boatBattle_heroesId id1="10061" htid="70000061"/>
  <boatBattle_heroesId id1="10062" htid="70000062"/>
  <boatBattle_heroesId id1="10063" htid="70000063"/>
  <boatBattle_heroesId id1="10064" htid="70000064"/>
  <boatBattle_heroesId id1="10065" htid="70000065"/>
  <boatBattle_heroesId id1="10066" htid="70000066"/>
  <boatBattle_heroesId id1="10067" htid="70000067"/>
  <boatBattle_heroesId id1="10068" htid="70000068"/>
  <boatBattle_heroesId id1="10069" htid="70000069"/>
  <boatBattle_heroesId id1="10070" htid="70000070"/>
  <boatBattle_heroesId id1="10071" htid="70000071"/>
  <boatBattle_heroesId id1="10072" htid="70000072"/>
  <boatBattle_heroesId id1="10073" htid="70000073"/>
  <boatBattle_heroesId id1="10074" htid="70000074"/>
  <boatBattle_heroesId id1="10075" htid="70000075"/>
  <boatBattle_heroesId id1="10076" htid="70000076"/>
  <boatBattle_heroesId id1="10077" htid="70000077"/>
  <boatBattle_heroesId id1="10078" htid="70000078"/>
  <boatBattle_heroesId id1="10079" htid="70000079"/>
  <boatBattle_heroesId id1="10080" htid="70000080"/>
  <boatBattle_heroesId id1="10081" htid="70000081"/>
  <boatBattle_heroesId id1="10082" htid="70000082"/>
  <boatBattle_heroesId id1="10083" htid="70000083"/>
  <boatBattle_heroesId id1="10084" htid="70000084"/>
  <boatBattle_heroesId id1="10085" htid="70000085"/>
  <boatBattle_heroesId id1="10086" htid="70000086"/>
  <boatBattle_heroesId id1="10087" htid="70000087"/>
  <boatBattle_heroesId id1="10088" htid="70000088"/>
  <boatBattle_heroesId id1="10089" htid="70000089"/>
  <boatBattle_heroesId id1="10090" htid="70000090"/>
  <boatBattle_heroesId id1="10091" htid="70000091"/>
  <boatBattle_heroesId id1="10092" htid="70000092"/>
  <boatBattle_heroesId id1="10093" htid="70000093"/>
  <boatBattle_heroesId id1="10094" htid="70000094"/>
  <boatBattle_heroesId id1="10095" htid="70000095"/>
  <boatBattle_heroesId id1="11001" htid="70000096"/>
  <boatBattle_heroesId id1="11002" htid="70000097"/>
  <boatBattle_heroesId id1="11003" htid="70000098"/>
  <boatBattle_heroesId id1="11004" htid="70000099"/>
  <boatBattle_heroesId id1="11005" htid="70000100"/>
  <boatBattle_heroesId id1="11006" htid="70000101"/>
  <boatBattle_heroesId id1="20001" htid="70000102"/>
  <boatBattle_heroesId id1="20002" htid="70000103"/>
  <boatBattle_heroesId id1="20003" htid="70000104"/>
  <boatBattle_heroesId id1="20004" htid="70000105"/>
  <boatBattle_heroesId id1="20005" htid="70000106"/>
  <boatBattle_heroesId id1="30001" htid="70000107"/>
  <boatBattle_heroesId id1="30002" htid="70000108"/>
  <boatBattle_heroesId id1="30003" htid="70000109"/>
  <boatBattle_heroesId id1="30004" htid="70000110"/>
  <boatBattle_heroesId id1="30005" htid="70000111"/>
  <boatBattle_heroesId id1="30006" htid="70000112"/>
  <boatBattle_heroesId id1="30007" htid="70000113"/>
  <boatBattle_heroesId id1="30008" htid="70000114"/>
  <boatBattle_heroesId id1="30009" htid="70000115"/>
  <boatBattle_heroesId id1="30010" htid="70000116"/>
  <boatBattle_heroesId id1="30011" htid="70000117"/>
  <boatBattle_heroesId id1="30012" htid="70000118"/>
  <boatBattle_heroesId id1="30013" htid="70000119"/>
  <boatBattle_heroesId id1="30014" htid="70000120"/>
  <boatBattle_heroesId id1="30015" htid="70000121"/>
  <boatBattle_heroesId id1="30016" htid="70000122"/>
  <boatBattle_heroesId id1="30017" htid="70000123"/>
  <boatBattle_heroesId id1="30018" htid="70000124"/>
  <boatBattle_heroesId id1="30019" htid="70000125"/>
  <boatBattle_heroesId id1="30020" htid="70000126"/>
  <boatBattle_heroesId id1="30021" htid="70000127"/>
  <boatBattle_heroesId id1="30022" htid="70000128"/>
  <boatBattle_heroesId id1="30023" htid="70000129"/>
  <boatBattle_heroesId id1="30024" htid="70000130"/>
  <boatBattle_heroesId id1="30025" htid="70000131"/>
  <boatBattle_heroesId id1="30026" htid="70000132"/>
  <boatBattle_heroesId id1="30027" htid="70000133"/>
  <boatBattle_heroesId id1="30028" htid="70000134"/>
  <boatBattle_heroesId id1="30029" htid="70000135"/>
  <boatBattle_heroesId id1="30030" htid="70000136"/>
  <boatBattle_heroesId id1="30031" htid="70000137"/>
  <boatBattle_heroesId id1="30032" htid="70000138"/>
  <boatBattle_heroesId id1="30033" htid="70000139"/>
  <boatBattle_heroesId id1="30034" htid="70000140"/>
  <boatBattle_heroesId id1="30035" htid="70000141"/>
  <boatBattle_heroesId id1="30036" htid="70000142"/>
  <boatBattle_heroesId id1="30037" htid="70000143"/>
  <boatBattle_heroesId id1="30038" htid="70000144"/>
  <boatBattle_heroesId id1="30039" htid="70000145"/>
  <boatBattle_heroesId id1="30040" htid="70000146"/>
  <boatBattle_heroesId id1="30041" htid="70000147"/>
  <boatBattle_heroesId id1="30042" htid="70000148"/>
  <boatBattle_heroesId id1="30043" htid="70000149"/>
  <boatBattle_heroesId id1="30044" htid="70000150"/>
  <boatBattle_heroesId id1="30045" htid="70000151"/>
  <boatBattle_heroesId id1="30046" htid="70000152"/>
  <boatBattle_heroesId id1="30047" htid="70000153"/>
  <boatBattle_heroesId id1="30048" htid="70000154"/>
  <boatBattle_heroesId id1="30049" htid="70000155"/>
  <boatBattle_heroesId id1="30050" htid="70000156"/>
  <boatBattle_heroesId id1="30051" htid="70000157"/>
  <boatBattle_heroesId id1="30052" htid="70000158"/>
  <boatBattle_heroesId id1="30053" htid="70000159"/>
  <boatBattle_heroesId id1="30054" htid="70000160"/>
  <boatBattle_heroesId id1="30055" htid="70000161"/>
  <boatBattle_heroesId id1="30056" htid="70000162"/>
  <boatBattle_heroesId id1="30057" htid="70000163"/>
  <boatBattle_heroesId id1="30058" htid="70000164"/>
  <boatBattle_heroesId id1="30059" htid="70000165"/>
  <boatBattle_heroesId id1="30060" htid="70000166"/>
  <boatBattle_heroesId id1="30061" htid="70000167"/>
  <boatBattle_heroesId id1="30062" htid="70000168"/>
  <boatBattle_heroesId id1="30063" htid="70000169"/>
  <boatBattle_heroesId id1="30064" htid="70000170"/>
  <boatBattle_heroesId id1="30065" htid="70000171"/>
  <boatBattle_heroesId id1="30066" htid="70000172"/>
  <boatBattle_heroesId id1="30067" htid="70000173"/>
  <boatBattle_heroesId id1="30068" htid="70000174"/>
  <boatBattle_heroesId id1="30069" htid="70000175"/>
  <boatBattle_heroesId id1="30070" htid="70000176"/>
  <boatBattle_heroesId id1="30071" htid="70000177"/>
  <boatBattle_heroesId id1="30072" htid="70000178"/>
  <boatBattle_heroesId id1="30073" htid="70000179"/>
  <boatBattle_heroesId id1="30074" htid="70000180"/>
  <boatBattle_heroesId id1="30075" htid="70000181"/>
  <boatBattle_heroesId id1="30076" htid="70000182"/>
  <boatBattle_heroesId id1="30077" htid="70000183"/>
  <boatBattle_heroesId id1="30078" htid="70000184"/>
  <boatBattle_heroesId id1="30079" htid="70000185"/>
  <boatBattle_heroesId id1="30080" htid="70000186"/>
  <boatBattle_heroesId id1="30081" htid="70000187"/>
  <boatBattle_heroesId id1="30082" htid="70000188"/>
  <boatBattle_heroesId id1="30083" htid="70000189"/>
  <boatBattle_heroesId id1="30084" htid="70000190"/>
  <boatBattle_heroesId id1="30085" htid="70000191"/>
  <boatBattle_heroesId id1="30086" htid="70000192"/>
  <boatBattle_heroesId id1="30087" htid="70000193"/>
  <boatBattle_heroesId id1="30088" htid="70000194"/>
  <boatBattle_heroesId id1="30089" htid="70000195"/>
  <boatBattle_heroesId id1="30090" htid="70000196"/>
  <boatBattle_heroesId id1="30091" htid="70000197"/>
  <boatBattle_heroesId id1="30092" htid="70000198"/>
  <boatBattle_heroesId id1="30093" htid="70000199"/>
  <boatBattle_heroesId id1="30094" htid="70000200"/>
  <boatBattle_heroesId id1="30095" htid="70000201"/>
  <boatBattle_heroesId id1="30096" htid="70000202"/>
  <boatBattle_heroesId id1="30097" htid="70000203"/>
  <boatBattle_heroesId id1="30098" htid="70000204"/>
  <boatBattle_heroesId id1="30099" htid="70000205"/>
  <boatBattle_heroesId id1="30100" htid="70000206"/>
  <boatBattle_heroesId id1="30101" htid="70000207"/>
  <boatBattle_heroesId id1="30102" htid="70000208"/>
  <boatBattle_heroesId id1="30103" htid="70000209"/>
  <boatBattle_heroesId id1="30104" htid="70000210"/>
  <boatBattle_heroesId id1="30105" htid="70000211"/>
  <boatBattle_heroesId id1="30106" htid="70000212"/>
  <boatBattle_heroesId id1="30107" htid="70000213"/>
  <boatBattle_heroesId id1="30108" htid="70000214"/>
  <boatBattle_heroesId id1="30109" htid="70000215"/>
  <boatBattle_heroesId id1="30110" htid="70000216"/>
  <boatBattle_heroesId id1="30111" htid="70000217"/>
  <boatBattle_heroesId id1="30112" htid="70000218"/>
  <boatBattle_heroesId id1="30113" htid="70000219"/>
  <boatBattle_heroesId id1="30114" htid="70000220"/>
  <boatBattle_heroesId id1="30115" htid="70000221"/>
  <boatBattle_heroesId id1="30116" htid="70000222"/>
  <boatBattle_heroesId id1="30117" htid="70000223"/>
  <boatBattle_heroesId id1="30118" htid="70000224"/>
  <boatBattle_heroesId id1="30119" htid="70000225"/>
  <boatBattle_heroesId id1="30120" htid="70000226"/>
  <boatBattle_heroesId id1="30121" htid="70000227"/>
  <boatBattle_heroesId id1="30122" htid="70000228"/>
  <boatBattle_heroesId id1="30123" htid="70000229"/>
  <boatBattle_heroesId id1="30124" htid="70000230"/>
  <boatBattle_heroesId id1="30125" htid="70000231"/>
  <boatBattle_heroesId id1="30126" htid="70000232"/>
  <boatBattle_heroesId id1="30127" htid="70000233"/>
  <boatBattle_heroesId id1="30128" htid="70000234"/>
  <boatBattle_heroesId id1="30129" htid="70000235"/>
  <boatBattle_heroesId id1="30130" htid="70000236"/>
  <boatBattle_heroesId id1="30131" htid="70000237"/>
  <boatBattle_heroesId id1="30132" htid="70000238"/>
  <boatBattle_heroesId id1="30133" htid="70000239"/>
  <boatBattle_heroesId id1="30134" htid="70000240"/>
  <boatBattle_heroesId id1="30135" htid="70000241"/>
  <boatBattle_heroesId id1="30136" htid="70000242"/>
  <boatBattle_heroesId id1="30137" htid="70000243"/>
  <boatBattle_heroesId id1="30138" htid="70000244"/>
  <boatBattle_heroesId id1="30139" htid="70000245"/>
  <boatBattle_heroesId id1="30140" htid="70000246"/>
  <boatBattle_heroesId id1="30141" htid="70000247"/>
  <boatBattle_heroesId id1="30142" htid="70000248"/>
  <boatBattle_heroesId id1="30143" htid="70000249"/>
  <boatBattle_heroesId id1="30144" htid="70000250"/>
  <boatBattle_heroesId id1="30145" htid="70000251"/>
  <boatBattle_heroesId id1="30146" htid="70000252"/>
  <boatBattle_heroesId id1="30147" htid="70000253"/>
  <boatBattle_heroesId id1="30148" htid="70000254"/>
  <boatBattle_heroesId id1="30149" htid="70000255"/>
  <boatBattle_heroesId id1="30150" htid="70000256"/>
  <boatBattle_heroesId id1="30151" htid="70000257"/>
  <boatBattle_heroesId id1="30152" htid="70000258"/>
  <boatBattle_heroesId id1="30153" htid="70000259"/>
  <boatBattle_heroesId id1="30154" htid="70000260"/>
  <boatBattle_heroesId id1="30155" htid="70000261"/>
  <boatBattle_heroesId id1="30156" htid="70000262"/>
  <boatBattle_heroesId id1="30157" htid="70000263"/>
  <boatBattle_heroesId id1="30158" htid="70000264"/>
  <boatBattle_heroesId id1="30159" htid="70000265"/>
  <boatBattle_heroesId id1="30160" htid="70000266"/>
  <boatBattle_heroesId id1="30161" htid="70000267"/>
  <boatBattle_heroesId id1="30162" htid="70000268"/>
  <boatBattle_heroesId id1="30163" htid="70000269"/>
  <boatBattle_heroesId id1="30164" htid="70000270"/>
  <boatBattle_heroesId id1="30165" htid="70000271"/>
  <boatBattle_heroesId id1="30166" htid="70000272"/>
  <boatBattle_heroesId id1="30167" htid="70000273"/>
  <boatBattle_heroesId id1="30168" htid="70000274"/>
  <boatBattle_heroesId id1="30169" htid="70000275"/>
  <boatBattle_heroesId id1="30170" htid="70000276"/>
  <boatBattle_heroesId id1="30171" htid="70000277"/>
  <boatBattle_heroesId id1="30172" htid="70000278"/>
  <boatBattle_heroesId id1="30173" htid="70000279"/>
  <boatBattle_heroesId id1="30174" htid="70000280"/>
  <boatBattle_heroesId id1="30175" htid="70000281"/>
  <boatBattle_heroesId id1="30176" htid="70000282"/>
  <boatBattle_heroesId id1="30177" htid="70000283"/>
  <boatBattle_heroesId id1="30178" htid="70000284"/>
  <boatBattle_heroesId id1="30179" htid="70000285"/>
  <boatBattle_heroesId id1="30180" htid="70000286"/>
  <boatBattle_heroesId id1="30181" htid="70000287"/>
  <boatBattle_heroesId id1="30182" htid="70000288"/>
  <boatBattle_heroesId id1="30183" htid="70000289"/>
  <boatBattle_heroesId id1="30184" htid="70000290"/>
  <boatBattle_heroesId id1="30185" htid="70000291"/>
  <boatBattle_heroesId id1="30186" htid="70000292"/>
  <boatBattle_heroesId id1="30187" htid="70000293"/>
  <boatBattle_heroesId id1="30188" htid="70000294"/>
  <boatBattle_heroesId id1="30189" htid="70000295"/>
  <boatBattle_heroesId id1="30190" htid="70000296"/>
  <boatBattle_heroesId id1="30191" htid="70000297"/>
  <boatBattle_heroesId id1="30192" htid="70000298"/>
  <boatBattle_heroesId id1="30193" htid="70000299"/>
  <boatBattle_heroesId id1="30194" htid="70000300"/>
  <boatBattle_heroesId id1="30195" htid="70000301"/>
  <boatBattle_heroesId id1="30196" htid="70000302"/>
  <boatBattle_heroesId id1="30197" htid="70000303"/>
  <boatBattle_heroesId id1="30198" htid="70000304"/>
  <boatBattle_heroesId id1="30199" htid="70000305"/>
  <boatBattle_heroesId id1="30200" htid="70000306"/>
  <boatBattle_heroesId id1="30201" htid="70000307"/>
  <boatBattle_heroesId id1="30202" htid="70000308"/>
  <boatBattle_heroesId id1="30203" htid="70000309"/>
  <boatBattle_heroesId id1="30204" htid="70000310"/>
  <boatBattle_heroesId id1="30205" htid="70000311"/>
  <boatBattle_heroesId id1="30206" htid="70000312"/>
  <boatBattle_heroesId id1="30207" htid="70000313"/>
  <boatBattle_heroesId id1="30208" htid="70000314"/>
  <boatBattle_heroesId id1="30209" htid="70000315"/>
  <boatBattle_heroesId id1="30210" htid="70000316"/>
  <boatBattle_heroesId id1="30211" htid="70000317"/>
  <boatBattle_heroesId id1="30212" htid="70000318"/>
  <boatBattle_heroesId id1="30213" htid="70000319"/>
  <boatBattle_heroesId id1="30214" htid="70000320"/>
  <boatBattle_heroesId id1="30215" htid="70000321"/>
  <boatBattle_heroesId id1="30216" htid="70000322"/>
  <boatBattle_heroesId id1="30217" htid="70000323"/>
  <boatBattle_heroesId id1="30218" htid="70000324"/>
  <boatBattle_heroesId id1="30219" htid="70000325"/>
  <boatBattle_heroesId id1="30220" htid="70000326"/>
  <boatBattle_heroesId id1="30221" htid="70000327"/>
  <boatBattle_heroesId id1="30222" htid="70000328"/>
  <boatBattle_heroesId id1="30223" htid="70000329"/>
  <boatBattle_heroesId id1="30224" htid="70000330"/>
  <boatBattle_heroesId id1="30225" htid="70000331"/>
  <boatBattle_heroesId id1="30226" htid="70000332"/>
  <boatBattle_heroesId id1="30227" htid="70000333"/>
  <boatBattle_heroesId id1="30228" htid="70000334"/>
  <boatBattle_heroesId id1="30229" htid="70000335"/>
  <boatBattle_heroesId id1="30230" htid="70000336"/>
  <boatBattle_heroesId id1="30231" htid="70000337"/>
  <boatBattle_heroesId id1="30232" htid="70000338"/>
  <boatBattle_heroesId id1="30233" htid="70000339"/>
  <boatBattle_heroesId id1="30234" htid="70000340"/>
  <boatBattle_heroesId id1="30235" htid="70000341"/>
  <boatBattle_heroesId id1="30236" htid="70000342"/>
  <boatBattle_heroesId id1="30237" htid="70000343"/>
  <boatBattle_heroesId id1="30238" htid="70000344"/>
  <boatBattle_heroesId id1="30239" htid="70000345"/>
  <boatBattle_heroesId id1="30240" htid="70000346"/>
  <boatBattle_heroesId id1="30241" htid="70000347"/>
  <boatBattle_heroesId id1="30242" htid="70000348"/>
  <boatBattle_heroesId id1="30243" htid="70000349"/>
  <boatBattle_heroesId id1="30244" htid="70000350"/>
  <boatBattle_heroesId id1="30245" htid="70000351"/>
  <boatBattle_heroesId id1="30246" htid="70000352"/>
  <boatBattle_heroesId id1="30247" htid="70000353"/>
  <boatBattle_heroesId id1="30248" htid="70000354"/>
  <boatBattle_heroesId id1="30249" htid="70000355"/>
  <boatBattle_heroesId id1="30250" htid="70000356"/>
  <boatBattle_heroesId id1="30251" htid="70000357"/>
  <boatBattle_heroesId id1="30252" htid="70000358"/>
  <boatBattle_heroesId id1="30253" htid="70000359"/>
  <boatBattle_heroesId id1="30254" htid="70000360"/>
  <boatBattle_heroesId id1="30255" htid="70000361"/>
  <boatBattle_heroesId id1="30256" htid="70000362"/>
  <boatBattle_heroesId id1="30257" htid="70000363"/>
  <boatBattle_heroesId id1="30258" htid="70000364"/>
  <boatBattle_heroesId id1="30259" htid="70000365"/>
  <boatBattle_heroesId id1="30260" htid="70000366"/>
  <boatBattle_heroesId id1="30261" htid="70000367"/>
  <boatBattle_heroesId id1="30262" htid="70000368"/>
  <boatBattle_heroesId id1="30263" htid="70000369"/>
  <boatBattle_heroesId id1="30264" htid="70000370"/>
  <boatBattle_heroesId id1="30265" htid="70000371"/>
  <boatBattle_heroesId id1="30266" htid="70000372"/>
  <boatBattle_heroesId id1="30267" htid="70000373"/>
  <boatBattle_heroesId id1="30268" htid="70000374"/>
  <boatBattle_heroesId id1="30269" htid="70000375"/>
  <boatBattle_heroesId id1="30270" htid="70000376"/>
  <boatBattle_heroesId id1="30271" htid="70000377"/>
  <boatBattle_heroesId id1="30272" htid="70000378"/>
  <boatBattle_heroesId id1="30273" htid="70000379"/>
  <boatBattle_heroesId id1="30274" htid="70000380"/>
  <boatBattle_heroesId id1="30275" htid="70000381"/>
  <boatBattle_heroesId id1="30276" htid="70000382"/>
  <boatBattle_heroesId id1="30277" htid="70000383"/>
  <boatBattle_heroesId id1="30278" htid="70000384"/>
  <boatBattle_heroesId id1="30279" htid="70000385"/>
  <boatBattle_heroesId id1="30280" htid="70000386"/>
  <boatBattle_heroesId id1="30281" htid="70000387"/>
  <boatBattle_heroesId id1="30282" htid="70000388"/>
  <boatBattle_heroesId id1="30283" htid="70000389"/>
  <boatBattle_heroesId id1="30294" htid="70000390"/>
  <boatBattle_heroesId id1="30284" htid="70000391"/>
  <boatBattle_heroesId id1="30285" htid="70000392"/>
  <boatBattle_heroesId id1="30286" htid="70000393"/>
  <boatBattle_heroesId id1="30287" htid="70000394"/>
  <boatBattle_heroesId id1="30288" htid="70000395"/>
  <boatBattle_heroesId id1="30289" htid="70000397"/>
  <boatBattle_heroesId id1="30290" htid="70000398"/>
  <boatBattle_heroesId id1="30291" htid="70000399"/>
  <boatBattle_heroesId id1="30292" htid="70000400"/>
  <boatBattle_heroesId id1="30293" htid="70000401"/>
  <boatBattle_heroesId id1="30294" htid="70000402"/>
  <boatBattle_heroesId id1="30295" htid="70000403"/>
  <boatBattle_heroesId id1="30296" htid="70000404"/>
  <boatBattle_heroesId id1="30297" htid="70000405"/>
  <boatBattle_heroesId id1="30298" htid="70000406"/>
  <boatBattle_heroesId id1="30299" htid="70000407"/>
  <boatBattle_heroesId id1="30300" htid="70000408"/>
  <boatBattle_heroesId id1="30301" htid="70000409"/>
  <boatBattle_heroesId id1="30302" htid="70000410"/>
  <boatBattle_heroesId id1="30303" htid="70000411"/>
  <boatBattle_heroesId id1="30304" htid="70000412"/>
  <boatBattle_heroesId id1="30305" htid="70000413"/>
  <boatBattle_heroesId id1="30306" htid="70000414"/>
  <boatBattle_heroesId id1="30307" htid="70000415"/>
  <boatBattle_heroesId id1="30308" htid="70000416"/>
  <boatBattle_heroesId id1="30309" htid="70000417"/>
  <boatBattle_heroesId id1="30310" htid="70000418"/>
  <boatBattle_heroesId id1="30311" htid="70000419"/>
  <boatBattle_heroesId id1="30312" htid="70000420"/>
  <boatBattle_heroesId id1="30313" htid="70000421"/>
  <boatBattle_heroesId id1="30314" htid="70000422"/>
  <boatBattle_heroesId id1="30315" htid="70000423"/>
  <boatBattle_heroesId id1="30316" htid="70000424"/>
  <boatBattle_heroesId id1="30317" htid="70000425"/>
  <boatBattle_heroesId id1="30318" htid="70000426"/>
  <boatBattle_heroesId id1="30319" htid="70000427"/>
  <boatBattle_heroesId id1="30320" htid="70000428"/>
  <boatBattle_heroesId id1="30321" htid="70000429"/>
  <boatBattle_heroesId id1="30322" htid="70000430"/>
  <boatBattle_heroesId id1="30323" htid="70000431"/>
  <boatBattle_heroesId id1="30324" htid="70000432"/>
  <boatBattle_heroesId id1="30325" htid="70000433"/>
  <boatBattle_heroesId id1="30326" htid="70000434"/>
  <boatBattle_heroesId id1="30327" htid="70000435"/>
  <boatBattle_heroesId id1="30328" htid="70000436"/>
  <boatBattle_heroesId id1="30329" htid="70000437"/>
  <boatBattle_heroesId id1="30340" htid="70000438"/>
  <boatBattle_heroesId id1="30341" htid="70000439"/>
  <boatBattle_heroesId id1="30342" htid="70000440"/>
  <boatBattle_heroesId id1="30343" htid="70000441"/>
  <boatBattle_heroesId id1="30344" htid="70000442"/>
  <boatBattle_heroesId id1="30345" htid="70000443"/>
  <boatBattle_heroesId id1="30346" htid="70000444"/>
  <boatBattle_heroesId id1="30347" htid="70000445"/>
  <boatBattle_heroesId id1="30348" htid="70000446"/>
  <boatBattle_heroesId id1="30349" htid="70000447"/>
  <boatBattle_heroesId id1="30350" htid="70000448"/>
  <boatBattle_heroesId id1="30351" htid="70000449"/>
  <boatBattle_heroesId id1="30352" htid="70000450"/>
  <boatBattle_heroesId id1="30353" htid="70000451"/>
  <boatBattle_heroesId id1="30354" htid="70000452"/>
  <boatBattle_heroesId id1="30355" htid="70000453"/>
  <boatBattle_heroesId id1="30356" htid="70000454"/>
  <boatBattle_heroesId id1="30357" htid="70000455"/>
  <boatBattle_heroesId id1="30358" htid="70000456"/>
  <boatBattle_heroesId id1="30359" htid="70000457"/>
  <boatBattle_heroesId id1="30360" htid="70000458"/>
  <boatBattle_heroesId id1="30361" htid="70000459"/>
  <boatBattle_heroesId id1="30362" htid="70000460"/>
  <boatBattle_heroesId id1="30363" htid="70000461"/>
  <boatBattle_heroesId id1="30364" htid="70000462"/>
  <boatBattle_heroesId id1="30365" htid="70000463"/>
  <boatBattle_heroesId id1="30366" htid="70000464"/>
  <boatBattle_heroesId id1="30367" htid="70000465"/>
  <boatBattle_heroesId id1="30368" htid="70000466"/>
  <boatBattle_heroesId id1="30369" htid="70000467"/>
  <boatBattle_heroesId id1="30370" htid="70000468"/>
  <boatBattle_heroesId id1="30371" htid="70000469"/>
  <boatBattle_heroesId id1="30372" htid="70000470"/>
  <boatBattle_heroesId id1="30373" htid="70000471"/>
  <boatBattle_heroesId id1="30374" htid="70000472"/>
  <boatBattle_heroesId id1="30375" htid="70000473"/>
  <boatBattle_heroesId id1="30376" htid="70000474"/>
  <boatBattle_heroesId id1="30377" htid="70000475"/>
  <boatBattle_heroesId id1="30378" htid="70000476"/>
  <boatBattle_heroesId id1="30379" htid="70000477"/>
  <boatBattle_heroesId id1="30380" htid="70000478"/>
  <boatBattle_heroesId id1="30381" htid="70000479"/>
  <boatBattle_heroesId id1="30382" htid="70000480"/>
  <boatBattle_heroesId id1="30383" htid="70000481"/>
  <boatBattle_heroesId id1="30384" htid="70000482"/>
  <boatBattle_heroesId id1="30385" htid="70000483"/>
  <boatBattle_heroesId id1="30386" htid="70000484"/>
  <boatBattle_heroesId id1="30387" htid="70000485"/>
  <boatBattle_heroesId id1="30388" htid="70000486"/>
  <boatBattle_heroesId id1="30389" htid="70000487"/>
  <boatBattle_heroesId id1="30390" htid="70000488"/>
  <boatBattle_heroesId id1="30391" htid="70000489"/>
  <boatBattle_heroesId id1="30392" htid="70000490"/>
  <boatBattle_heroesId id1="30393" htid="70000491"/>
  <boatBattle_heroesId id1="30394" htid="70000492"/>
  <boatBattle_heroesId id1="30395" htid="70000493"/>
  <boatBattle_heroesId id1="30396" htid="70000494"/>
  <boatBattle_heroesId id1="30397" htid="70000495"/>
  <boatBattle_heroesId id1="30398" htid="70000496"/>
  <boatBattle_heroesId id1="30399" htid="70000497"/>
  <boatBattle_heroesId id1="30400" htid="70000498"/>
  <boatBattle_heroesId id1="30401" htid="70000499"/>
  <boatBattle_heroesId id1="30402" htid="70000500"/>
  <boatBattle_heroesId id1="30403" htid="70000501"/>
  <boatBattle_heroesId id1="30404" htid="70000502"/>
  <boatBattle_heroesId id1="30405" htid="70000503"/>
  <boatBattle_heroesId id1="30406" htid="70000504"/>
  <boatBattle_heroesId id1="30407" htid="70000505"/>
  <boatBattle_heroesId id1="30408" htid="70000506"/>
  <boatBattle_heroesId id1="30409" htid="70000507"/>
  <boatBattle_heroesId id1="30410" htid="70000508"/>
  <boatBattle_heroesId id1="30411" htid="70000509"/>
  <boatBattle_heroesId id1="30412" htid="70000510"/>
  <boatBattle_heroesId id1="30413" htid="70000511"/>
  <boatBattle_heroesId id1="30414" htid="70000512"/>
  <boatBattle_heroesId id1="30415" htid="70000513"/>
  <boatBattle_heroesId id1="30416" htid="70000514"/>
  <boatBattle_heroesId id1="30417" htid="70000515"/>
  <boatBattle_heroesId id1="30418" htid="70000516"/>
  <boatBattle_heroesId id1="30419" htid="70000517"/>
  <boatBattle_heroesId id1="30420" htid="70000518"/>
  <boatBattle_heroesId id1="30421" htid="70000519"/>
  <boatBattle_heroesId id1="30422" htid="70000520"/>
  <boatBattle_heroesId id1="30423" htid="70000521"/>
  <boatBattle_heroesId id1="30424" htid="70000522"/>
  <boatBattle_heroesId id1="30425" htid="70000523"/>
  <boatBattle_heroesId id1="30426" htid="70000524"/>
  <boatBattle_heroesId id1="30427" htid="70000525"/>
  <boatBattle_heroesId id1="30428" htid="70000526"/>
  <boatBattle_heroesId id1="30429" htid="70000527"/>
  <boatBattle_heroesId id1="30430" htid="70000528"/>
  <boatBattle_heroesId id1="30431" htid="70000529"/>
  <boatBattle_heroesId id1="30432" htid="70000530"/>
  <boatBattle_heroesId id1="30433" htid="70000531"/>
  <boatBattle_heroesId id1="30434" htid="70000532"/>
  <boatBattle_heroesId id1="30435" htid="70000533"/>
  <boatBattle_heroesId id1="30436" htid="70000534"/>
  <boatBattle_heroesId id1="30437" htid="70000535"/>
  <boatBattle_heroesId id1="30438" htid="70000536"/>
  <boatBattle_heroesId id1="30439" htid="70000537"/>
  <boatBattle_heroesId id1="30440" htid="70000538"/>
  <boatBattle_heroesId id1="30441" htid="70000539"/>
  <boatBattle_heroesId id1="30442" htid="70000540"/>
  <boatBattle_heroesId id1="30443" htid="70000541"/>
  <boatBattle_heroesId id1="30444" htid="70000542"/>
  <boatBattle_heroesId id1="30445" htid="70000543"/>
  <boatBattle_heroesId id1="30446" htid="70000544"/>
  <boatBattle_heroesId id1="30447" htid="70000545"/>
  <boatBattle_heroesId id1="30448" htid="70000546"/>
  <boatBattle_heroesId id1="30449" htid="70000547"/>
  <boatBattle_heroesId id1="30450" htid="70000548"/>
  <boatBattle_heroesId id1="30451" htid="70000549"/>
  <boatBattle_heroesId id1="30452" htid="70000550"/>
  <boatBattle_heroesId id1="30453" htid="70000551"/>
  <boatBattle_heroesId id1="30454" htid="70000552"/>
  <boatBattle_heroesId id1="30455" htid="70000553"/>
  <boatBattle_heroesId id1="30456" htid="70000554"/>
  <boatBattle_heroesId id1="30457" htid="70000555"/>
  <boatBattle_heroesId id1="30458" htid="70000556"/>
  <boatBattle_heroesId id1="30459" htid="70000557"/>
  <boatBattle_heroesId id1="30460" htid="70000558"/>
  <boatBattle_heroesId id1="30461" htid="70000559"/>
  <boatBattle_heroesId id1="30462" htid="70000560"/>
  <boatBattle_heroesId id1="30463" htid="70000561"/>
  <boatBattle_heroesId id1="30464" htid="70000562"/>
  <boatBattle_heroesId id1="30465" htid="70000563"/>
  <boatBattle_heroesId id1="30466" htid="70000564"/>
  <boatBattle_heroesId id1="30467" htid="70000565"/>
  <boatBattle_heroesId id1="30468" htid="70000566"/>
  <boatBattle_heroesId id1="30469" htid="70000567"/>
  <boatBattle_heroesId id1="30470" htid="70000568"/>
  <boatBattle_heroesId id1="30471" htid="70000569"/>
  <boatBattle_heroesId id1="30472" htid="70000570"/>
  <boatBattle_heroesId id1="30473" htid="70000571"/>
  <boatBattle_heroesId id1="30474" htid="70000572"/>
  <boatBattle_heroesId id1="30475" htid="70000573"/>
  <boatBattle_heroesId id1="30476" htid="70000574"/>
  <boatBattle_heroesId id1="30477" htid="70000575"/>
  <boatBattle_heroesId id1="30478" htid="70000576"/>
  <boatBattle_heroesId id1="30479" htid="70000577"/>
  <boatBattle_heroesId id1="30480" htid="70000578"/>
  <boatBattle_heroesId id1="30481" htid="70000579"/>
  <boatBattle_heroesId id1="30482" htid="70000580"/>
  <boatBattle_heroesId id1="30483" htid="70000581"/>
  <boatBattle_heroesId id1="30484" htid="70000582"/>
  <boatBattle_heroesId id1="30485" htid="70000583"/>
  <boatBattle_heroesId id1="30486" htid="70000584"/>
  <boatBattle_heroesId id1="30487" htid="70000585"/>
  <boatBattle_heroesId id1="30488" htid="70000586"/>
  <boatBattle_heroesId id1="30489" htid="70000587"/>
  <boatBattle_heroesId id1="30490" htid="70000588"/>
  <boatBattle_heroesId id1="30491" htid="70000589"/>
  <boatBattle_heroesId id1="30492" htid="70000590"/>
  <boatBattle_heroesId id1="30493" htid="70000591"/>
  <boatBattle_heroesId id1="30494" htid="70000592"/>
  <boatBattle_heroesId id1="30495" htid="70000593"/>
  <boatBattle_heroesId id1="30496" htid="70000594"/>
  <boatBattle_heroesId id1="30497" htid="70000595"/>
  <boatBattle_heroesId id1="30498" htid="70000596"/>
  <boatBattle_heroesId id1="30499" htid="70000597"/>
  <boatBattle_heroesId id1="30500" htid="70000598"/>
  <boatBattle_heroesId id1="30501" htid="70000599"/>
  <boatBattle_heroesId id1="30502" htid="70000600"/>
  <boatBattle_heroesId id1="30503" htid="70000601"/>
  <boatBattle_heroesId id1="30504" htid="70000602"/>
  <boatBattle_heroesId id1="30505" htid="70000603"/>
  <boatBattle_heroesId id1="30506" htid="70000604"/>
  <boatBattle_heroesId id1="30507" htid="70000605"/>
  <boatBattle_heroesId id1="30508" htid="70000606"/>
  <boatBattle_heroesId id1="30509" htid="70000607"/>
  <boatBattle_heroesId id1="30510" htid="70000608"/>
  <boatBattle_heroesId id1="30511" htid="70000609"/>
  <boatBattle_heroesId id1="30512" htid="70000610"/>
  <boatBattle_heroesId id1="30513" htid="70000611"/>
  <boatBattle_heroesId id1="30514" htid="70000612"/>
  <boatBattle_heroesId id1="30515" htid="70000613"/>
  <boatBattle_heroesId id1="30516" htid="70000614"/>
  <boatBattle_heroesId id1="30517" htid="70000615"/>
  <boatBattle_heroesId id1="30518" htid="70000616"/>
  <boatBattle_heroesId id1="30519" htid="70000617"/>
  <boatBattle_heroesId id1="30520" htid="70000618"/>
  <boatBattle_heroesId id1="30521" htid="70000619"/>
  <boatBattle_heroesId id1="30522" htid="70000620"/>
  <boatBattle_heroesId id1="30523" htid="70000621"/>
  <boatBattle_heroesId id1="30524" htid="70000622"/>
  <boatBattle_heroesId id1="30525" htid="70000623"/>
  <boatBattle_heroesId id1="30526" htid="70000624"/>
  <boatBattle_heroesId id1="30527" htid="70000625"/>
  <boatBattle_heroesId id1="30528" htid="70000626"/>
  <boatBattle_heroesId id1="30529" htid="70000627"/>
  <boatBattle_heroesId id1="30530" htid="70000628"/>
  <boatBattle_heroesId id1="30531" htid="70000629"/>
  <boatBattle_heroesId id1="30532" htid="70000630"/>
  <boatBattle_heroesId id1="30533" htid="70000631"/>
  <boatBattle_heroesId id1="30534" htid="70000632"/>
  <boatBattle_heroesId id1="30535" htid="70000633"/>
  <boatBattle_heroesId id1="30536" htid="70000634"/>
  <boatBattle_heroesId id1="30537" htid="70000635"/>
  <boatBattle_heroesId id1="30538" htid="70000636"/>
  <boatBattle_heroesId id1="30539" htid="70000637"/>
  <boatBattle_heroesId id1="30540" htid="70000638"/>
  <boatBattle_heroesId id1="30541" htid="70000639"/>
  <boatBattle_heroesId id1="30542" htid="70000640"/>
  <boatBattle_heroesId id1="30543" htid="70000641"/>
  <boatBattle_heroesId id1="30544" htid="70000642"/>
  <boatBattle_heroesId id1="30545" htid="70000643"/>
  <boatBattle_heroesId id1="30546" htid="70000644"/>
  <boatBattle_heroesId id1="30547" htid="70000645"/>
  <boatBattle_heroesId id1="30548" htid="70000646"/>
  <boatBattle_heroesId id1="30549" htid="70000647"/>
  <boatBattle_heroesId id1="30550" htid="70000648"/>
  <boatBattle_heroesId id1="30551" htid="70000649"/>
  <boatBattle_heroesId id1="30552" htid="70000650"/>
  <boatBattle_heroesId id1="30553" htid="70000651"/>
  <boatBattle_heroesId id1="30554" htid="70000652"/>
  <boatBattle_heroesId id1="30555" htid="70000653"/>
  <boatBattle_heroesId id1="30556" htid="70000654"/>
  <boatBattle_heroesId id1="30557" htid="70000655"/>
  <boatBattle_heroesId id1="30558" htid="70000656"/>
  <boatBattle_heroesId id1="30559" htid="70000657"/>
  <boatBattle_heroesId id1="30560" htid="70000658"/>
  <boatBattle_heroesId id1="30561" htid="70000659"/>
  <boatBattle_heroesId id1="30562" htid="70000660"/>
  <boatBattle_heroesId id1="30563" htid="70000661"/>
  <boatBattle_heroesId id1="30564" htid="70000662"/>
  <boatBattle_heroesId id1="30565" htid="70000663"/>
  <boatBattle_heroesId id1="30566" htid="70000664"/>
  <boatBattle_heroesId id1="30567" htid="70000665"/>
  <boatBattle_heroesId id1="30568" htid="70000666"/>
  <boatBattle_heroesId id1="30569" htid="70000667"/>
  <boatBattle_heroesId id1="30570" htid="70000668"/>
  <boatBattle_heroesId id1="30571" htid="70000669"/>
  <boatBattle_heroesId id1="30572" htid="70000670"/>
  <boatBattle_heroesId id1="30573" htid="70000671"/>
  <boatBattle_heroesId id1="30574" htid="70000672"/>
  <boatBattle_heroesId id1="30575" htid="70000673"/>
  <boatBattle_heroesId id1="30576" htid="70000674"/>
  <boatBattle_heroesId id1="30577" htid="70000675"/>
  <boatBattle_heroesId id1="30578" htid="70000676"/>
  <boatBattle_heroesId id1="30579" htid="70000677"/>
  <boatBattle_heroesId id1="30580" htid="70000678"/>
  <boatBattle_heroesId id1="30581" htid="70000679"/>
  <boatBattle_heroesId id1="30582" htid="70000680"/>
  <boatBattle_heroesId id1="30583" htid="70000681"/>
  <boatBattle_heroesId id1="30584" htid="70000682"/>
  <boatBattle_heroesId id1="30585" htid="70000683"/>
  <boatBattle_heroesId id1="30586" htid="70000684"/>
  <boatBattle_heroesId id1="30587" htid="70000685"/>
  <boatBattle_heroesId id1="30588" htid="70000686"/>
  <boatBattle_heroesId id1="30589" htid="70000687"/>
  <boatBattle_heroesId id1="30590" htid="70000688"/>
  <boatBattle_heroesId id1="30591" htid="70000689"/>
  <boatBattle_heroesId id1="30592" htid="70000690"/>
  <boatBattle_heroesId id1="30593" htid="70000691"/>
  <boatBattle_heroesId id1="30594" htid="70000692"/>
  <boatBattle_heroesId id1="30595" htid="70000693"/>
  <boatBattle_heroesId id1="30596" htid="70000694"/>
  <boatBattle_heroesId id1="30597" htid="70000695"/>
  <boatBattle_heroesId id1="30598" htid="70000696"/>
  <boatBattle_heroesId id1="30599" htid="70000697"/>
  <boatBattle_heroesId id1="30600" htid="70000698"/>
  <boatBattle_heroesId id1="30601" htid="70000699"/>
</root>