<root>
  <card_exchange id="1" itemTempId="129002" getNum="1" consumeChip="250000" needPrestige="" neeLevel="100" limitTime="1" canBatch="0" showId="3"/>
  <card_exchange id="2" itemTempId="81125" getNum="1" consumeChip="500000" needPrestige="" neeLevel="" limitTime="1" canBatch="0" showId="4"/>
  <card_exchange id="3" itemTempId="60035" getNum="1" consumeChip="4000" needPrestige="" neeLevel="" limitTime="" canBatch="1" showId="5"/>
  <card_exchange id="4" itemTempId="2257101" getNum="1" consumeChip="80000" needPrestige="" neeLevel="" limitTime="" canBatch="0" showId="6"/>
  <card_exchange id="5" itemTempId="2216102" getNum="1" consumeChip="40000" needPrestige="" neeLevel="" limitTime="" canBatch="0" showId="7"/>
  <card_exchange id="6" itemTempId="2226102" getNum="1" consumeChip="60000" needPrestige="" neeLevel="" limitTime="" canBatch="0" showId="8"/>
  <card_exchange id="7" itemTempId="2236103" getNum="1" consumeChip="60000" needPrestige="" neeLevel="" limitTime="" canBatch="0" showId="9"/>
  <card_exchange id="8" itemTempId="2246103" getNum="1" consumeChip="80000" needPrestige="" neeLevel="" limitTime="" canBatch="0" showId="10"/>
  <card_exchange id="9" itemTempId="2256104" getNum="1" consumeChip="100000" needPrestige="" neeLevel="" limitTime="" canBatch="0" showId="11"/>
  <card_exchange id="10" itemTempId="2266104" getNum="1" consumeChip="120000" needPrestige="" neeLevel="" limitTime="" canBatch="0" showId="12"/>
  <card_exchange id="11" itemTempId="120012" getNum="1" consumeChip="20000" needPrestige="" neeLevel="" limitTime="" canBatch="1" showId="13"/>
  <card_exchange id="12" itemTempId="121501" getNum="1" consumeChip="1200" needPrestige="" neeLevel="" limitTime="" canBatch="1" showId="14"/>
  <card_exchange id="13" itemTempId="121502" getNum="1" consumeChip="1750" needPrestige="" neeLevel="" limitTime="" canBatch="1" showId="15"/>
  <card_exchange id="14" itemTempId="121503" getNum="1" consumeChip="2300" needPrestige="" neeLevel="" limitTime="" canBatch="1" showId="16"/>
  <card_exchange id="15" itemTempId="121504" getNum="1" consumeChip="2850" needPrestige="" neeLevel="" limitTime="" canBatch="1" showId="17"/>
  <card_exchange id="16" itemTempId="121505" getNum="1" consumeChip="3400" needPrestige="" neeLevel="" limitTime="" canBatch="1" showId="18"/>
  <card_exchange id="17" itemTempId="121506" getNum="1" consumeChip="3950" needPrestige="" neeLevel="" limitTime="" canBatch="1" showId="19"/>
  <card_exchange id="18" itemTempId="121507" getNum="1" consumeChip="4500" needPrestige="" neeLevel="" limitTime="" canBatch="1" showId="20"/>
  <card_exchange id="26" itemTempId="121508" getNum="1" consumeChip="5050" needPrestige="" neeLevel="" limitTime="" canBatch="1" showId="21"/>
  <card_exchange id="19" itemTempId="70122" getNum="1" consumeChip="40000" needPrestige="" neeLevel="" limitTime="1" canBatch="0" showId="22"/>
  <card_exchange id="20" itemTempId="70123" getNum="1" consumeChip="40000" needPrestige="" neeLevel="" limitTime="1" canBatch="0" showId="23"/>
  <card_exchange id="21" itemTempId="70124" getNum="1" consumeChip="40000" needPrestige="" neeLevel="" limitTime="1" canBatch="0" showId="24"/>
  <card_exchange id="22" itemTempId="70125" getNum="1" consumeChip="40000" needPrestige="" neeLevel="" limitTime="1" canBatch="0" showId="25"/>
  <card_exchange id="23" itemTempId="70126" getNum="1" consumeChip="40000" needPrestige="" neeLevel="" limitTime="1" canBatch="0" showId="26"/>
  <card_exchange id="24" itemTempId="83008" getNum="1" consumeChip="50000" needPrestige="" neeLevel="" limitTime="" canBatch="0" showId="27"/>
  <card_exchange id="25" itemTempId="120034" getNum="1" consumeChip="60000" needPrestige="" neeLevel="" limitTime="" canBatch="0" showId="28"/>
  <card_exchange id="27" itemTempId="77019" getNum="1" consumeChip="80000" needPrestige="" neeLevel="" limitTime="" canBatch="0" showId="29"/>
  <card_exchange id="28" itemTempId="77020" getNum="1" consumeChip="60000" needPrestige="" neeLevel="" limitTime="" canBatch="0" showId="30"/>
  <card_exchange id="29" itemTempId="77021" getNum="1" consumeChip="80000" needPrestige="" neeLevel="" limitTime="" canBatch="0" showId="31"/>
  <card_exchange id="30" itemTempId="77022" getNum="1" consumeChip="60000" needPrestige="" neeLevel="" limitTime="" canBatch="0" showId="32"/>
  <card_exchange id="31" itemTempId="77023" getNum="1" consumeChip="80000" needPrestige="" neeLevel="" limitTime="" canBatch="0" showId="33"/>
  <card_exchange id="32" itemTempId="77024" getNum="1" consumeChip="60000" needPrestige="" neeLevel="" limitTime="" canBatch="0" showId="34"/>
  <card_exchange id="33" itemTempId="70614" getNum="1" consumeChip="350000" needPrestige="" neeLevel="110" limitTime="1" canBatch="0" showId="1"/>
  <card_exchange id="34" itemTempId="70615" getNum="1" consumeChip="350000" needPrestige="" neeLevel="110" limitTime="1" canBatch="0" showId="2"/>
  <card_exchange id="35" itemTempId="121509" getNum="1" consumeChip="1200" needPrestige="" neeLevel="" limitTime="" canBatch="1" showId="35"/>
  <card_exchange id="36" itemTempId="121510" getNum="1" consumeChip="1750" needPrestige="" neeLevel="" limitTime="" canBatch="1" showId="36"/>
  <card_exchange id="37" itemTempId="121511" getNum="1" consumeChip="2300" needPrestige="" neeLevel="" limitTime="" canBatch="1" showId="37"/>
  <card_exchange id="38" itemTempId="121512" getNum="1" consumeChip="2850" needPrestige="" neeLevel="" limitTime="" canBatch="1" showId="38"/>
  <card_exchange id="39" itemTempId="121513" getNum="1" consumeChip="3400" needPrestige="" neeLevel="" limitTime="" canBatch="1" showId="39"/>
  <card_exchange id="40" itemTempId="121514" getNum="1" consumeChip="3950" needPrestige="" neeLevel="" limitTime="" canBatch="1" showId="40"/>
  <card_exchange id="41" itemTempId="121515" getNum="1" consumeChip="4500" needPrestige="" neeLevel="" limitTime="" canBatch="1" showId="41"/>
  <card_exchange id="42" itemTempId="121516" getNum="1" consumeChip="5050" needPrestige="" neeLevel="" limitTime="" canBatch="1" showId="42"/>
</root>