<root>
  <card_activity id="1" startTime="20130821100000" endTime="20130822220000" needOpenTime="20130819040000" cardSetId="1|2|3|4|5|6|7" openLevel="50" introduce="1、50级开启活动，期间攻击任意普通副本怪物有几率掉落卡牌。不同的卡牌可组成套卡，集齐套卡后可兑换奖励。\n2、可通过补卡直接获得套卡中缺少的卡牌。每种套卡有一定的补卡次数，补卡次数不刷新。全部使用完后将无法补卡。\n不同的卡牌补卡所需金额不同。\n3、只有在活动期间才能进行卡牌奖励的兑换，剩余卡牌也可保留至下一次活动开启时使用。" timeinfo="2013年8月21日10：00--2013年8月22日22：00"/>
  <card_activity id="2" startTime="20130823040000" endTime="20130829040000" needOpenTime="20130816040000" cardSetId="1|2|3|4|5|6|7" openLevel="50" introduce="1、50级开启活动，期间攻击任意普通副本怪物有几率掉落卡牌。不同的卡牌可组成套卡，集齐套卡后可兑换奖励。\n2、可通过补卡直接获得套卡中缺少的卡牌。每种套卡有一定的补卡次数，补卡次数不刷新。全部使用完后将无法补卡。\n不同的卡牌补卡所需金额不同。\n3、只有在活动期间才能进行卡牌奖励的兑换，剩余卡牌也可保留至下一次活动开启时使用。" timeinfo="2013年8月23日04：00--2013年8月29日04：00"/>
  <card_activity id="3" startTime="20130923040000" endTime="20130930040000" needOpenTime="20130916040000" cardSetId="1|2|3|4|5|6|7" openLevel="50" introduce="1、50级开启活动，期间攻击任意普通副本怪物有几率掉落卡牌。不同的卡牌可组成套卡，集齐套卡后可兑换奖励。\n2、可通过补卡直接获得套卡中缺少的卡牌。每种套卡有一定的补卡次数，补卡次数不刷新。全部使用完后将无法补卡。\n不同的卡牌补卡所需金额不同。\n3、只有在活动期间才能进行卡牌奖励的兑换，剩余卡牌也可保留至下一次活动开启时使用。" timeinfo="2013年9月23日04：00--2013年9月30日04：00"/>
  <card_activity id="4" startTime="20131022040000" endTime="20131029040000" needOpenTime="20131014040000" cardSetId="1|2|3|4|5|6|7" openLevel="50" introduce="1、50级开启活动，期间攻击任意普通副本怪物有几率掉落卡牌。不同的卡牌可组成套卡，集齐套卡后可兑换奖励。\n2、可通过补卡直接获得套卡中缺少的卡牌。每种套卡有一定的补卡次数，补卡次数不刷新。全部使用完后将无法补卡。\n不同的卡牌补卡所需金额不同。\n3、只有在活动期间才能进行卡牌奖励的兑换，剩余卡牌也可保留至下一次活动开启时使用。" timeinfo="2013年10月22日04：00--2013年10月29日04：00"/>
  <card_activity id="5" startTime="20131120100000" endTime="20131126235900" needOpenTime="20131114040000" cardSetId="1|2|3|4|5|6|7" openLevel="50" introduce="1、50级开启活动，期间攻击任意普通副本怪物有几率掉落卡牌。不同的卡牌可组成套卡，集齐套卡后可兑换奖励。\n2、可通过补卡直接获得套卡中缺少的卡牌。每种套卡有一定的补卡次数，补卡次数不刷新。全部使用完后将无法补卡。\n不同的卡牌补卡所需金额不同。\n3、只有在活动期间才能进行卡牌奖励的兑换，剩余卡牌也可保留至下一次活动开启时使用。" timeinfo="2013年11月20日10：00--2013年11月26日24：00"/>
  <card_activity id="6" startTime="20131224100000" endTime="20131230235959" needOpenTime="20131211040000" cardSetId="1|2|3|4|5|6|7|8" openLevel="50" introduce="1、50级开启活动，期间攻击任意普通副本怪物有几率掉落卡牌。不同的卡牌可组成套卡，集齐套卡后可兑换奖励。\n2、可通过补卡直接获得套卡中缺少的卡牌。每种套卡有一定的补卡次数，补卡次数不刷新。全部使用完后将无法补卡。\n不同的卡牌补卡所需金额不同。\n3、只有在活动期间才能进行卡牌奖励的兑换，剩余卡牌也可保留至下一次活动开启时使用。" timeinfo="2013年12月24日10：00--2013年12月30日24：00"/>
  <card_activity id="7" startTime="20140122100000" endTime="20140128235900" needOpenTime="20140109040000" cardSetId="1|2|3|4|5|6|7|8" openLevel="50" introduce="1、50级开启活动，期间攻击任意普通副本怪物有几率掉落卡牌。不同的卡牌可组成套卡，集齐套卡后可兑换奖励。\n2、可通过补卡直接获得套卡中缺少的卡牌。每种套卡有一定的补卡次数，补卡次数不刷新。全部使用完后将无法补卡。\n不同的卡牌补卡所需金额不同。\n3、只有在活动期间才能进行卡牌奖励的兑换，剩余卡牌也可保留至下一次活动开启时使用。" timeinfo="2014年1月22日10：00--2014年1月28日24：00"/>
  <card_activity id="8" startTime="20140221100000" endTime="20140227235900" needOpenTime="20140208040000" cardSetId="2|3|4|5|6|7|8" openLevel="50" introduce="1、50级开启活动，期间攻击任意普通副本怪物有几率掉落卡牌。不同的卡牌可组成套卡，集齐套卡后可兑换奖励。\n2、可通过补卡直接获得套卡中缺少的卡牌。每种套卡有一定的补卡次数，补卡次数不刷新。全部使用完后将无法补卡。\n不同的卡牌补卡所需金额不同。\n3、只有在活动期间才能进行卡牌奖励的兑换，剩余卡牌也可保留至下一次活动开启时使用。" timeinfo="2014年2月21日10：00--2014年2月27日24：00"/>
  <card_activity id="9" startTime="20140321100000" endTime="20140327235900" needOpenTime="20140308040000" cardSetId="2|3|4|5|6|7|8" openLevel="50" introduce="1、50级开启活动，期间攻击任意普通副本怪物有几率掉落卡牌。不同的卡牌可组成套卡，集齐套卡后可兑换奖励。\n2、可通过补卡直接获得套卡中缺少的卡牌。每种套卡有一定的补卡次数，补卡次数不刷新。全部使用完后将无法补卡。\n不同的卡牌补卡所需金额不同。\n3、只有在活动期间才能进行卡牌奖励的兑换，剩余卡牌也可保留至下一次活动开启时使用。" timeinfo="2014年3月21日10：00--2014年3月27日24：00"/>
  <card_activity id="10" startTime="20140422100000" endTime="20140428235900" needOpenTime="20140409040000" cardSetId="2|3|4|5|6|7|8" openLevel="50" introduce="1、50级开启活动，期间攻击任意普通副本怪物有几率掉落卡牌。不同的卡牌可组成套卡，集齐套卡后可兑换奖励。\n2、可通过补卡直接获得套卡中缺少的卡牌。每种套卡有一定的补卡次数，补卡次数不刷新。全部使用完后将无法补卡。\n不同的卡牌补卡所需金额不同。\n3、只有在活动期间才能进行卡牌奖励的兑换，剩余卡牌也可保留至下一次活动开启时使用。" timeinfo="2014年4月22日10：00--2014年4月28日24：00"/>
  <card_activity id="11" startTime="20140524100000" endTime="20140530235959" needOpenTime="20140511040000" cardSetId="2|3|4|5|6|7|8" openLevel="50" introduce="1、50级开启活动，期间攻击任意普通副本怪物有几率掉落卡牌。不同的卡牌可组成套卡，集齐套卡后可兑换奖励。\n2、可通过补卡直接获得套卡中缺少的卡牌。每种套卡有一定的补卡次数，补卡次数不刷新。全部使用完后将无法补卡。\n不同的卡牌补卡所需金额不同。\n3、只有在活动期间才能进行卡牌奖励的兑换，剩余卡牌也可保留至下一次活动开启时使用。" timeinfo="2014年5月24日10：00--2014年5月30日24：00"/>
  <card_activity id="12" startTime="20140722100000" endTime="20140728235959" needOpenTime="20140709040000" cardSetId="2|3|4|5|6|7|8" openLevel="50" introduce="1、50级开启活动，期间攻击任意普通副本怪物有几率掉落卡牌。不同的卡牌可组成套卡，集齐套卡后可兑换奖励。\n2、可通过补卡直接获得套卡中缺少的卡牌。每种套卡有一定的补卡次数，补卡次数不刷新。全部使用完后将无法补卡。\n不同的卡牌补卡所需金额不同。\n3、只有在活动期间才能进行卡牌奖励的兑换，剩余卡牌也可保留至下一次活动开启时使用。" timeinfo="2014年7月22日10：00--2014年7月28日24：00"/>
  <card_activity id="13" startTime="20140822100000" endTime="20140828235959" needOpenTime="20140809040000" cardSetId="2|3|4|5|6|7|8" openLevel="50" introduce="1、50级开启活动，期间攻击任意普通副本怪物有几率掉落卡牌。不同的卡牌可组成套卡，集齐套卡后可兑换奖励。\n2、可通过补卡直接获得套卡中缺少的卡牌。每种套卡有一定的补卡次数，补卡次数不刷新。全部使用完后将无法补卡。\n不同的卡牌补卡所需金额不同。\n3、只有在活动期间才能进行卡牌奖励的兑换，剩余卡牌也可保留至下一次活动开启时使用。" timeinfo="2014年8月22日10：00--2014年8月28日24：00"/>
  <card_activity id="14" startTime="20140924100000" endTime="20140930235959" needOpenTime="20140911040000" cardSetId="2|3|4|5|6|7|8" openLevel="50" introduce="1、50级开启活动，期间攻击任意普通副本怪物有几率掉落卡牌。不同的卡牌可组成套卡，集齐套卡后可兑换奖励。\n2、可通过补卡直接获得套卡中缺少的卡牌。每种套卡有一定的补卡次数，补卡次数不刷新。全部使用完后将无法补卡。\n不同的卡牌补卡所需金额不同。\n3、只有在活动期间才能进行卡牌奖励的兑换，剩余卡牌也可保留至下一次活动开启时使用。" timeinfo="2014年9月24日10：00--2014年9月30日24：00"/>
  <card_activity id="15" startTime="20141023100000" endTime="20141029235959" needOpenTime="20141010040000" cardSetId="2|3|4|5|6|7|8" openLevel="50" introduce="1、50级开启活动，期间攻击任意普通副本怪物有几率掉落卡牌。不同的卡牌可组成套卡，集齐套卡后可兑换奖励。\n2、可通过补卡直接获得套卡中缺少的卡牌。每种套卡有一定的补卡次数，补卡次数不刷新。全部使用完后将无法补卡。\n不同的卡牌补卡所需金额不同。\n3、只有在活动期间才能进行卡牌奖励的兑换，剩余卡牌也可保留至下一次活动开启时使用。" timeinfo="2014年10月23日10：00--2014年10月29日24：00"/>
  <card_activity id="16" startTime="20141121100000" endTime="20141129235959" needOpenTime="20141108040000" cardSetId="2|3|4|5|6|7|8" openLevel="50" introduce="1、50级开启活动，期间攻击任意普通副本怪物有几率掉落卡牌。不同的卡牌可组成套卡，集齐套卡后可兑换奖励。\n2、可通过补卡直接获得套卡中缺少的卡牌。每种套卡有一定的补卡次数，补卡次数不刷新。全部使用完后将无法补卡。\n不同的卡牌补卡所需金额不同。\n3、只有在活动期间才能进行卡牌奖励的兑换，剩余卡牌也可保留至下一次活动开启时使用。" timeinfo="2014年11月21日10：00--2014年11月29日24：00"/>
  <card_activity id="17" startTime="20150123100000" endTime="20150129235959" needOpenTime="20150110040000" cardSetId="2|3|4|5|6|7|8" openLevel="50" introduce="1、50级开启活动，期间攻击任意普通副本怪物有几率掉落卡牌。不同的卡牌可组成套卡，集齐套卡后可兑换奖励。\n2、可通过补卡直接获得套卡中缺少的卡牌。每种套卡有一定的补卡次数，补卡次数不刷新。全部使用完后将无法补卡。\n不同的卡牌补卡所需金额不同。\n3、只有在活动期间才能进行卡牌奖励的兑换，剩余卡牌也可保留至下一次活动开启时使用。" timeinfo="2015年1月23日10：00--2015年1月29日24：00"/>
  <card_activity id="18" startTime="20150217100000" endTime="20150225235959" needOpenTime="20150204040000" cardSetId="2|3|4|5|6|7|8" openLevel="50" introduce="1、50级开启活动，期间攻击任意普通副本怪物有几率掉落卡牌。不同的卡牌可组成套卡，集齐套卡后可兑换奖励。\n2、可通过补卡直接获得套卡中缺少的卡牌。每种套卡有一定的补卡次数，补卡次数不刷新。全部使用完后将无法补卡。\n不同的卡牌补卡所需金额不同。\n3、只有在活动期间才能进行卡牌奖励的兑换，剩余卡牌也可保留至下一次活动开启时使用。" timeinfo="2015年2月17日10：00--2015年2月25日24：00"/>
  <card_activity id="19" startTime="20150325100000" endTime="20150331235959" needOpenTime="20150312040000" cardSetId="2|3|4|5|6|7|8" openLevel="50" introduce="1、50级开启活动，期间攻击任意普通副本怪物有几率掉落卡牌。不同的卡牌可组成套卡，集齐套卡后可兑换奖励。\n2、可通过补卡直接获得套卡中缺少的卡牌。每种套卡有一定的补卡次数，补卡次数不刷新。全部使用完后将无法补卡。\n不同的卡牌补卡所需金额不同。\n3、只有在活动期间才能进行卡牌奖励的兑换，剩余卡牌也可保留至下一次活动开启时使用。" timeinfo="2015年3月25日10：00--2015年3月31日24：00"/>
  <card_activity id="20" startTime="20150522100000" endTime="20150528235959" needOpenTime="20150509040000" cardSetId="2|3|4|5|6|7|8|9|10|11|12" openLevel="50" introduce="1、50级开启活动，期间攻击任意普通副本怪物有几率掉落卡牌。不同的卡牌可组成套卡，集齐套卡后可兑换奖励。\n2、可通过补卡直接获得套卡中缺少的卡牌。每种套卡有一定的补卡次数，补卡次数不刷新。全部使用完后将无法补卡。\n不同的卡牌补卡所需金额不同。\n3、只有在活动期间才能进行卡牌奖励的兑换，剩余卡牌也可保留至下一次活动开启时使用。" timeinfo="2015年5月22日10：00--2015年5月28日24：00"/>
  <card_activity id="21" startTime="20150624100000" endTime="20150630235959" needOpenTime="20150611040000" cardSetId="2|3|4|5|6|7|8|9|10|11|12" openLevel="50" introduce="1、50级开启活动，期间攻击任意普通副本怪物有几率掉落卡牌。不同的卡牌可组成套卡，集齐套卡后可兑换奖励。\n2、可通过补卡直接获得套卡中缺少的卡牌。每种套卡有一定的补卡次数，补卡次数不刷新。全部使用完后将无法补卡。\n不同的卡牌补卡所需金额不同。\n3、只有在活动期间才能进行卡牌奖励的兑换，剩余卡牌也可保留至下一次活动开启时使用。" timeinfo="2015年6月24日10：00--2015年6月30日24：00"/>
  <card_activity id="22" startTime="20150723100000" endTime="20150730235959" needOpenTime="20150710040000" cardSetId="2|3|4|5|6|7|8|9|10|11|12" openLevel="50" introduce="1、50级开启活动，期间攻击任意普通副本怪物有几率掉落卡牌。不同的卡牌可组成套卡，集齐套卡后可兑换奖励。\n2、可通过补卡直接获得套卡中缺少的卡牌。每种套卡有一定的补卡次数，补卡次数不刷新。全部使用完后将无法补卡。\n不同的卡牌补卡所需金额不同。\n3、只有在活动期间才能进行卡牌奖励的兑换，剩余卡牌也可保留至下一次活动开启时使用。" timeinfo="2015年7月23日10：00--2015年7月30日24：00"/>
  <card_activity id="23" startTime="20150821100000" endTime="20150827235959" needOpenTime="20150808040000" cardSetId="2|3|4|5|6|7|8|9|10|11|12" openLevel="50" introduce="1、50级开启活动，期间攻击任意普通副本怪物有几率掉落卡牌。不同的卡牌可组成套卡，集齐套卡后可兑换奖励。\n2、可通过补卡直接获得套卡中缺少的卡牌。每种套卡有一定的补卡次数，补卡次数不刷新。全部使用完后将无法补卡。\n不同的卡牌补卡所需金额不同。\n3、只有在活动期间才能进行卡牌奖励的兑换，剩余卡牌也可保留至下一次活动开启时使用。" timeinfo="2015年8月21日10：00--2015年8月27日24：00"/>
  <card_activity id="24" startTime="20150923100000" endTime="20150930235959" needOpenTime="20150910040000" cardSetId="2|3|4|5|6|7|8|9|10|11|12" openLevel="50" introduce="1、50级开启活动，期间攻击任意普通副本怪物有几率掉落卡牌。不同的卡牌可组成套卡，集齐套卡后可兑换奖励。\n2、可通过补卡直接获得套卡中缺少的卡牌。每种套卡有一定的补卡次数，补卡次数不刷新。全部使用完后将无法补卡。\n不同的卡牌补卡所需金额不同。\n3、只有在活动期间才能进行卡牌奖励的兑换，剩余卡牌也可保留至下一次活动开启时使用。" timeinfo="2015年9月23日10：00--2015年9月30日24：00"/>
  <card_activity id="25" startTime="20151023100000" endTime="20151029235959" needOpenTime="20151010040000" cardSetId="2|3|4|5|6|7|8|9|10|11|12" openLevel="50" introduce="1、50级开启活动，期间攻击任意普通副本怪物有几率掉落卡牌。不同的卡牌可组成套卡，集齐套卡后可兑换奖励。\n2、可通过补卡直接获得套卡中缺少的卡牌。每种套卡有一定的补卡次数，补卡次数不刷新。全部使用完后将无法补卡。\n不同的卡牌补卡所需金额不同。\n3、只有在活动期间才能进行卡牌奖励的兑换，剩余卡牌也可保留至下一次活动开启时使用。" timeinfo="2015年10月23日10：00--2015年10月29日24：00"/>
  <card_activity id="26" startTime="20151121100000" endTime="20151127235959" needOpenTime="20151108040000" cardSetId="2|3|4|5|6|7|8|9|10|11|12" openLevel="50" introduce="1、50级开启活动，期间攻击任意普通副本怪物有几率掉落卡牌。不同的卡牌可组成套卡，集齐套卡后可兑换奖励。\n2、可通过补卡直接获得套卡中缺少的卡牌。每种套卡有一定的补卡次数，补卡次数不刷新。全部使用完后将无法补卡。\n不同的卡牌补卡所需金额不同。\n3、只有在活动期间才能进行卡牌奖励的兑换，剩余卡牌也可保留至下一次活动开启时使用。" timeinfo="2015年11月21日10：00--2015年11月27日24：00"/>
  <card_activity id="27" startTime="20151222100000" endTime="20151228235959" needOpenTime="20151209040000" cardSetId="1|2|3|4|5|6|7|8|9|10|11|12" openLevel="50" introduce="1、50级开启活动，期间攻击任意普通副本怪物有几率掉落卡牌。不同的卡牌可组成套卡，集齐套卡后可兑换奖励。\n2、可通过补卡直接获得套卡中缺少的卡牌。每种套卡有一定的补卡次数，补卡次数不刷新。全部使用完后将无法补卡。\n不同的卡牌补卡所需金额不同。\n3、只有在活动期间才能进行卡牌奖励的兑换，剩余卡牌也可保留至下一次活动开启时使用。" timeinfo="2015年12月22日10：00--2015年12月28日24：00"/>
  <card_activity id="28" startTime="20160122100000" endTime="20160128235959" needOpenTime="20160109040000" cardSetId="2|3|4|5|6|7|8|9|10|11|12" openLevel="50" introduce="1、50级开启活动，期间攻击任意普通副本怪物有几率掉落卡牌。不同的卡牌可组成套卡，集齐套卡后可兑换奖励。\n2、可通过补卡直接获得套卡中缺少的卡牌。每种套卡有一定的补卡次数，补卡次数不刷新。全部使用完后将无法补卡。\n不同的卡牌补卡所需金额不同。\n3、只有在活动期间才能进行卡牌奖励的兑换，剩余卡牌也可保留至下一次活动开启时使用。" timeinfo="2016年1月22日10：00--2016年1月28日24：00"/>
  <card_activity id="29" startTime="20160223100000" endTime="20160229235959" needOpenTime="20160210040000" cardSetId="2|3|4|5|6|7|8|9|10|11|12" openLevel="50" introduce="1、50级开启活动，期间攻击任意普通副本怪物有几率掉落卡牌。不同的卡牌可组成套卡，集齐套卡后可兑换奖励。\n2、可通过补卡直接获得套卡中缺少的卡牌。每种套卡有一定的补卡次数，补卡次数不刷新。全部使用完后将无法补卡。\n不同的卡牌补卡所需金额不同。\n3、只有在活动期间才能进行卡牌奖励的兑换，剩余卡牌也可保留至下一次活动开启时使用。" timeinfo="2016年2月23日10：00--2016年2月29日24：00"/>
</root>