<root>
  <cook_lv cookDegree="1" upgradeSkill="3"/>
  <cook_lv cookDegree="2" upgradeSkill="6"/>
  <cook_lv cookDegree="3" upgradeSkill="9"/>
  <cook_lv cookDegree="4" upgradeSkill="12"/>
  <cook_lv cookDegree="5" upgradeSkill="15"/>
  <cook_lv cookDegree="6" upgradeSkill="18"/>
  <cook_lv cookDegree="7" upgradeSkill="21"/>
  <cook_lv cookDegree="8" upgradeSkill="24"/>
  <cook_lv cookDegree="9" upgradeSkill="27"/>
  <cook_lv cookDegree="10" upgradeSkill="30"/>
  <cook_lv cookDegree="11" upgradeSkill="33"/>
  <cook_lv cookDegree="12" upgradeSkill="36"/>
  <cook_lv cookDegree="13" upgradeSkill="39"/>
  <cook_lv cookDegree="14" upgradeSkill="42"/>
  <cook_lv cookDegree="15" upgradeSkill="45"/>
  <cook_lv cookDegree="16" upgradeSkill="48"/>
  <cook_lv cookDegree="17" upgradeSkill="51"/>
  <cook_lv cookDegree="18" upgradeSkill="54"/>
  <cook_lv cookDegree="19" upgradeSkill="57"/>
  <cook_lv cookDegree="20" upgradeSkill="60"/>
  <cook_lv cookDegree="21" upgradeSkill="63"/>
  <cook_lv cookDegree="22" upgradeSkill="66"/>
  <cook_lv cookDegree="23" upgradeSkill="69"/>
  <cook_lv cookDegree="24" upgradeSkill="72"/>
  <cook_lv cookDegree="25" upgradeSkill="75"/>
  <cook_lv cookDegree="26" upgradeSkill="78"/>
  <cook_lv cookDegree="27" upgradeSkill="81"/>
  <cook_lv cookDegree="28" upgradeSkill="84"/>
  <cook_lv cookDegree="29" upgradeSkill="87"/>
  <cook_lv cookDegree="30" upgradeSkill="90"/>
  <cook_lv cookDegree="31" upgradeSkill="93"/>
  <cook_lv cookDegree="32" upgradeSkill="96"/>
  <cook_lv cookDegree="33" upgradeSkill="99"/>
  <cook_lv cookDegree="34" upgradeSkill="102"/>
  <cook_lv cookDegree="35" upgradeSkill="105"/>
  <cook_lv cookDegree="36" upgradeSkill="108"/>
  <cook_lv cookDegree="37" upgradeSkill="111"/>
  <cook_lv cookDegree="38" upgradeSkill="114"/>
  <cook_lv cookDegree="39" upgradeSkill="117"/>
  <cook_lv cookDegree="40" upgradeSkill="120"/>
  <cook_lv cookDegree="41" upgradeSkill="123"/>
  <cook_lv cookDegree="42" upgradeSkill="126"/>
  <cook_lv cookDegree="43" upgradeSkill="129"/>
  <cook_lv cookDegree="44" upgradeSkill="132"/>
  <cook_lv cookDegree="45" upgradeSkill="135"/>
  <cook_lv cookDegree="46" upgradeSkill="138"/>
  <cook_lv cookDegree="47" upgradeSkill="141"/>
  <cook_lv cookDegree="48" upgradeSkill="144"/>
  <cook_lv cookDegree="49" upgradeSkill="147"/>
  <cook_lv cookDegree="50" upgradeSkill="150"/>
</root>