<root>
  <cook_lv cookDegree="1" upgradeSkill="156"/>
  <cook_lv cookDegree="2" upgradeSkill="300"/>
  <cook_lv cookDegree="3" upgradeSkill="444"/>
  <cook_lv cookDegree="4" upgradeSkill="588"/>
  <cook_lv cookDegree="5" upgradeSkill="732"/>
  <cook_lv cookDegree="6" upgradeSkill="876"/>
  <cook_lv cookDegree="7" upgradeSkill="1020"/>
  <cook_lv cookDegree="8" upgradeSkill="1164"/>
  <cook_lv cookDegree="9" upgradeSkill="1308"/>
  <cook_lv cookDegree="10" upgradeSkill="1452"/>
  <cook_lv cookDegree="11" upgradeSkill="1596"/>
  <cook_lv cookDegree="12" upgradeSkill="1740"/>
  <cook_lv cookDegree="13" upgradeSkill="1884"/>
  <cook_lv cookDegree="14" upgradeSkill="2028"/>
  <cook_lv cookDegree="15" upgradeSkill="2172"/>
  <cook_lv cookDegree="16" upgradeSkill="2316"/>
  <cook_lv cookDegree="17" upgradeSkill="2460"/>
  <cook_lv cookDegree="18" upgradeSkill="2604"/>
  <cook_lv cookDegree="19" upgradeSkill="2748"/>
  <cook_lv cookDegree="20" upgradeSkill="2892"/>
  <cook_lv cookDegree="21" upgradeSkill="3036"/>
  <cook_lv cookDegree="22" upgradeSkill="3180"/>
  <cook_lv cookDegree="23" upgradeSkill="3324"/>
  <cook_lv cookDegree="24" upgradeSkill="3468"/>
  <cook_lv cookDegree="25" upgradeSkill="3612"/>
  <cook_lv cookDegree="26" upgradeSkill="3756"/>
  <cook_lv cookDegree="27" upgradeSkill="3900"/>
  <cook_lv cookDegree="28" upgradeSkill="4044"/>
  <cook_lv cookDegree="29" upgradeSkill="4188"/>
  <cook_lv cookDegree="30" upgradeSkill="4332"/>
  <cook_lv cookDegree="31" upgradeSkill="4476"/>
  <cook_lv cookDegree="32" upgradeSkill="4620"/>
  <cook_lv cookDegree="33" upgradeSkill="4764"/>
  <cook_lv cookDegree="34" upgradeSkill="4908"/>
  <cook_lv cookDegree="35" upgradeSkill="5052"/>
  <cook_lv cookDegree="36" upgradeSkill="5196"/>
  <cook_lv cookDegree="37" upgradeSkill="5340"/>
  <cook_lv cookDegree="38" upgradeSkill="5484"/>
  <cook_lv cookDegree="39" upgradeSkill="5628"/>
  <cook_lv cookDegree="40" upgradeSkill="5772"/>
  <cook_lv cookDegree="41" upgradeSkill="5916"/>
  <cook_lv cookDegree="42" upgradeSkill="6060"/>
  <cook_lv cookDegree="43" upgradeSkill="6204"/>
  <cook_lv cookDegree="44" upgradeSkill="6348"/>
  <cook_lv cookDegree="45" upgradeSkill="6492"/>
  <cook_lv cookDegree="46" upgradeSkill="6636"/>
  <cook_lv cookDegree="47" upgradeSkill="6780"/>
  <cook_lv cookDegree="48" upgradeSkill="6924"/>
  <cook_lv cookDegree="49" upgradeSkill="7068"/>
  <cook_lv cookDegree="50" upgradeSkill="7212"/>
  <cook_lv cookDegree="51" upgradeSkill="7356"/>
  <cook_lv cookDegree="52" upgradeSkill="7500"/>
  <cook_lv cookDegree="53" upgradeSkill="7644"/>
  <cook_lv cookDegree="54" upgradeSkill="7788"/>
  <cook_lv cookDegree="55" upgradeSkill="7932"/>
  <cook_lv cookDegree="56" upgradeSkill="8076"/>
  <cook_lv cookDegree="57" upgradeSkill="8220"/>
  <cook_lv cookDegree="58" upgradeSkill="8364"/>
  <cook_lv cookDegree="59" upgradeSkill="8508"/>
  <cook_lv cookDegree="60" upgradeSkill="8652"/>
  <cook_lv cookDegree="61" upgradeSkill="8796"/>
  <cook_lv cookDegree="62" upgradeSkill="8940"/>
  <cook_lv cookDegree="63" upgradeSkill="9084"/>
  <cook_lv cookDegree="64" upgradeSkill="9228"/>
  <cook_lv cookDegree="65" upgradeSkill="9372"/>
  <cook_lv cookDegree="66" upgradeSkill="9516"/>
  <cook_lv cookDegree="67" upgradeSkill="9660"/>
  <cook_lv cookDegree="68" upgradeSkill="9804"/>
  <cook_lv cookDegree="69" upgradeSkill="9948"/>
  <cook_lv cookDegree="70" upgradeSkill="10092"/>
  <cook_lv cookDegree="71" upgradeSkill="10236"/>
  <cook_lv cookDegree="72" upgradeSkill="10380"/>
  <cook_lv cookDegree="73" upgradeSkill="10524"/>
  <cook_lv cookDegree="74" upgradeSkill="10668"/>
  <cook_lv cookDegree="75" upgradeSkill="10812"/>
  <cook_lv cookDegree="76" upgradeSkill="10956"/>
  <cook_lv cookDegree="77" upgradeSkill="11100"/>
  <cook_lv cookDegree="78" upgradeSkill="11244"/>
  <cook_lv cookDegree="79" upgradeSkill="11388"/>
  <cook_lv cookDegree="80" upgradeSkill="11532"/>
  <cook_lv cookDegree="81" upgradeSkill="11676"/>
  <cook_lv cookDegree="82" upgradeSkill="11820"/>
  <cook_lv cookDegree="83" upgradeSkill="11964"/>
  <cook_lv cookDegree="84" upgradeSkill="12108"/>
  <cook_lv cookDegree="85" upgradeSkill="12252"/>
  <cook_lv cookDegree="86" upgradeSkill="12396"/>
  <cook_lv cookDegree="87" upgradeSkill="12540"/>
  <cook_lv cookDegree="88" upgradeSkill="12684"/>
  <cook_lv cookDegree="89" upgradeSkill="12828"/>
  <cook_lv cookDegree="90" upgradeSkill="12972"/>
  <cook_lv cookDegree="91" upgradeSkill="13116"/>
  <cook_lv cookDegree="92" upgradeSkill="13260"/>
  <cook_lv cookDegree="93" upgradeSkill="13404"/>
  <cook_lv cookDegree="94" upgradeSkill="13548"/>
  <cook_lv cookDegree="95" upgradeSkill="13692"/>
  <cook_lv cookDegree="96" upgradeSkill="13836"/>
  <cook_lv cookDegree="97" upgradeSkill="13980"/>
  <cook_lv cookDegree="98" upgradeSkill="14124"/>
  <cook_lv cookDegree="99" upgradeSkill="14268"/>
  <cook_lv cookDegree="100" upgradeSkill="14412"/>
  <cook_lv cookDegree="101" upgradeSkill="14556"/>
  <cook_lv cookDegree="102" upgradeSkill="14700"/>
  <cook_lv cookDegree="103" upgradeSkill="14844"/>
  <cook_lv cookDegree="104" upgradeSkill="14988"/>
  <cook_lv cookDegree="105" upgradeSkill="15132"/>
  <cook_lv cookDegree="106" upgradeSkill="15276"/>
  <cook_lv cookDegree="107" upgradeSkill="15420"/>
  <cook_lv cookDegree="108" upgradeSkill="15564"/>
  <cook_lv cookDegree="109" upgradeSkill="15708"/>
  <cook_lv cookDegree="110" upgradeSkill="15852"/>
  <cook_lv cookDegree="111" upgradeSkill="15996"/>
  <cook_lv cookDegree="112" upgradeSkill="16140"/>
  <cook_lv cookDegree="113" upgradeSkill="16284"/>
  <cook_lv cookDegree="114" upgradeSkill="16428"/>
  <cook_lv cookDegree="115" upgradeSkill="16572"/>
  <cook_lv cookDegree="116" upgradeSkill="16716"/>
  <cook_lv cookDegree="117" upgradeSkill="16860"/>
  <cook_lv cookDegree="118" upgradeSkill="17004"/>
  <cook_lv cookDegree="119" upgradeSkill="17148"/>
  <cook_lv cookDegree="120" upgradeSkill="17292"/>
  <cook_lv cookDegree="121" upgradeSkill="17436"/>
  <cook_lv cookDegree="122" upgradeSkill="17580"/>
  <cook_lv cookDegree="123" upgradeSkill="17724"/>
  <cook_lv cookDegree="124" upgradeSkill="17868"/>
  <cook_lv cookDegree="125" upgradeSkill="18012"/>
  <cook_lv cookDegree="126" upgradeSkill="18156"/>
  <cook_lv cookDegree="127" upgradeSkill="18300"/>
  <cook_lv cookDegree="128" upgradeSkill="18444"/>
  <cook_lv cookDegree="129" upgradeSkill="18588"/>
  <cook_lv cookDegree="130" upgradeSkill="18732"/>
  <cook_lv cookDegree="131" upgradeSkill="18876"/>
  <cook_lv cookDegree="132" upgradeSkill="19020"/>
  <cook_lv cookDegree="133" upgradeSkill="19164"/>
  <cook_lv cookDegree="134" upgradeSkill="19308"/>
  <cook_lv cookDegree="135" upgradeSkill="19452"/>
  <cook_lv cookDegree="136" upgradeSkill="19596"/>
  <cook_lv cookDegree="137" upgradeSkill="19740"/>
  <cook_lv cookDegree="138" upgradeSkill="19884"/>
  <cook_lv cookDegree="139" upgradeSkill="20028"/>
  <cook_lv cookDegree="140" upgradeSkill="20172"/>
  <cook_lv cookDegree="141" upgradeSkill="20316"/>
  <cook_lv cookDegree="142" upgradeSkill="20460"/>
  <cook_lv cookDegree="143" upgradeSkill="20604"/>
  <cook_lv cookDegree="144" upgradeSkill="20748"/>
  <cook_lv cookDegree="145" upgradeSkill="20892"/>
  <cook_lv cookDegree="146" upgradeSkill="21036"/>
  <cook_lv cookDegree="147" upgradeSkill="21180"/>
  <cook_lv cookDegree="148" upgradeSkill="21324"/>
  <cook_lv cookDegree="149" upgradeSkill="21468"/>
  <cook_lv cookDegree="150" upgradeSkill="21612"/>
  <cook_lv cookDegree="151" upgradeSkill="21756"/>
  <cook_lv cookDegree="152" upgradeSkill="21900"/>
  <cook_lv cookDegree="153" upgradeSkill="22044"/>
  <cook_lv cookDegree="154" upgradeSkill="22188"/>
  <cook_lv cookDegree="155" upgradeSkill="22332"/>
  <cook_lv cookDegree="156" upgradeSkill="22476"/>
  <cook_lv cookDegree="157" upgradeSkill="22620"/>
  <cook_lv cookDegree="158" upgradeSkill="22764"/>
  <cook_lv cookDegree="159" upgradeSkill="22908"/>
  <cook_lv cookDegree="160" upgradeSkill="23052"/>
  <cook_lv cookDegree="161" upgradeSkill="23196"/>
  <cook_lv cookDegree="162" upgradeSkill="23340"/>
  <cook_lv cookDegree="163" upgradeSkill="23484"/>
  <cook_lv cookDegree="164" upgradeSkill="23628"/>
  <cook_lv cookDegree="165" upgradeSkill="23772"/>
  <cook_lv cookDegree="166" upgradeSkill="23916"/>
  <cook_lv cookDegree="167" upgradeSkill="24060"/>
  <cook_lv cookDegree="168" upgradeSkill="24204"/>
  <cook_lv cookDegree="169" upgradeSkill="24348"/>
  <cook_lv cookDegree="170" upgradeSkill="24492"/>
  <cook_lv cookDegree="171" upgradeSkill="24636"/>
  <cook_lv cookDegree="172" upgradeSkill="24780"/>
  <cook_lv cookDegree="173" upgradeSkill="24924"/>
  <cook_lv cookDegree="174" upgradeSkill="25068"/>
  <cook_lv cookDegree="175" upgradeSkill="25212"/>
  <cook_lv cookDegree="176" upgradeSkill="25356"/>
  <cook_lv cookDegree="177" upgradeSkill="25500"/>
  <cook_lv cookDegree="178" upgradeSkill="25644"/>
  <cook_lv cookDegree="179" upgradeSkill="25788"/>
  <cook_lv cookDegree="180" upgradeSkill="25932"/>
  <cook_lv cookDegree="181" upgradeSkill="26076"/>
  <cook_lv cookDegree="182" upgradeSkill="26220"/>
  <cook_lv cookDegree="183" upgradeSkill="26364"/>
  <cook_lv cookDegree="184" upgradeSkill="26508"/>
  <cook_lv cookDegree="185" upgradeSkill="26652"/>
  <cook_lv cookDegree="186" upgradeSkill="26796"/>
  <cook_lv cookDegree="187" upgradeSkill="26940"/>
  <cook_lv cookDegree="188" upgradeSkill="27084"/>
  <cook_lv cookDegree="189" upgradeSkill="27228"/>
  <cook_lv cookDegree="190" upgradeSkill="27372"/>
  <cook_lv cookDegree="191" upgradeSkill="27516"/>
  <cook_lv cookDegree="192" upgradeSkill="27660"/>
  <cook_lv cookDegree="193" upgradeSkill="27804"/>
  <cook_lv cookDegree="194" upgradeSkill="27948"/>
  <cook_lv cookDegree="195" upgradeSkill="28092"/>
  <cook_lv cookDegree="196" upgradeSkill="28236"/>
  <cook_lv cookDegree="197" upgradeSkill="28380"/>
  <cook_lv cookDegree="198" upgradeSkill="28524"/>
  <cook_lv cookDegree="199" upgradeSkill="28668"/>
  <cook_lv cookDegree="200" upgradeSkill="28812"/>
</root>