<root>
  <copy_choose id="1" copies="1,2,3,4"/>
  <copy_choose id="2" copies="5,6,7"/>
  <copy_choose id="3" copies="8,9,10"/>
  <copy_choose id="4" copies="11,12,13,14"/>
  <copy_choose id="5" copies="15,16,17,18,19"/>
  <copy_choose id="6" copies="20,21,22,23,24"/>
  <copy_choose id="7" copies="25,26,27,28,29"/>
  <copy_choose id="8" copies="30,31,32,33,34,35"/>
  <copy_choose id="9" copies="36,37,38,39,40"/>
  <copy_choose id="10" copies="41,42,43,44,45,46"/>
  <copy_choose id="11" copies="47,48,49,50,51"/>
  <copy_choose id="12" copies="52,53,54,55,56,57"/>
  <copy_choose id="13" copies="58,59,60,61"/>
  <copy_choose id="14" copies="62,63,64,65,66"/>
  <copy_choose id="15" copies="67,68,69,70,71"/>
  <copy_choose id="16" copies="72,73,74,75,76"/>
  <copy_choose id="17" copies="77,78,79,80,81,82"/>
  <copy_choose id="18" copies="83,84,85,86"/>
  <copy_choose id="19" copies="87,88,89,90,91,92"/>
  <copy_choose id="20" copies="93,94,95,96,97,98,99"/>
  <copy_choose id="21" copies="100,101,102,103"/>
  <copy_choose id="22" copies="104,105,106,107,108"/>
  <copy_choose id="23" copies="109,110,112,113"/>
  <copy_choose id="24" copies="114,115,116,117"/>
  <copy_choose id="25" copies="118,119,120,121,122,123"/>
  <copy_choose id="26" copies="124,125,126,127"/>
  <copy_choose id="27" copies="128,129,130,131"/>
  <copy_choose id="28" copies="132,133,134,135,136"/>
  <copy_choose id="29" copies="137,138,139,140"/>
  <copy_choose id="30" copies="141,142,143"/>
  <copy_choose id="31" copies="144,145,146"/>
</root>