<data>
	<copy id="1" prevCopy="" nextCopy="2"/>
	<copy id="2" prevCopy="1" nextCopy="3"/>
	<copy id="3" prevCopy="2" nextCopy="4"/>
	<copy id="4" prevCopy="3" nextCopy="5"/>
	<copy id="5" prevCopy="4" nextCopy="6"/>
	<copy id="6" prevCopy="5" nextCopy="7"/>
	<copy id="7" prevCopy="6" nextCopy="8"/>
	<copy id="8" prevCopy="7" nextCopy="9"/>
	<copy id="9" prevCopy="8" nextCopy="10"/>
	<copy id="10" prevCopy="9" nextCopy="11"/>
	<copy id="11" prevCopy="10" nextCopy="12"/>
	<copy id="12" prevCopy="11" nextCopy="13"/>
	<copy id="13" prevCopy="12" nextCopy="14"/>
	<copy id="14" prevCopy="13" nextCopy="15"/>
	<copy id="15" prevCopy="14" nextCopy="16"/>
	<copy id="16" prevCopy="15" nextCopy="17"/>
	<copy id="17" prevCopy="16" nextCopy="18"/>
	<copy id="18" prevCopy="17" nextCopy="19"/>
	<copy id="19" prevCopy="18" nextCopy="20"/>
	<copy id="20" prevCopy="19" nextCopy="21"/>
	<copy id="21" prevCopy="20" nextCopy="22"/>
	<copy id="22" prevCopy="21" nextCopy="23"/>
	<copy id="23" prevCopy="22" nextCopy="24"/>
	<copy id="24" prevCopy="23" nextCopy="25"/>
	<copy id="25" prevCopy="24" nextCopy="26"/>
	<copy id="26" prevCopy="25" nextCopy="27"/>
	<copy id="27" prevCopy="26" nextCopy="28"/>
	<copy id="28" prevCopy="27" nextCopy="29"/>
	<copy id="29" prevCopy="28" nextCopy="30"/>
	<copy id="30" prevCopy="29" nextCopy="31"/>
	<copy id="31" prevCopy="30" nextCopy="32"/>
	<copy id="32" prevCopy="31" nextCopy="33"/>
	<copy id="33" prevCopy="32" nextCopy="34"/>
	<copy id="34" prevCopy="33" nextCopy="35"/>
	<copy id="35" prevCopy="34" nextCopy="36"/>
	<copy id="36" prevCopy="35" nextCopy="37"/>
	<copy id="37" prevCopy="36" nextCopy="38"/>
	<copy id="38" prevCopy="37" nextCopy="39"/>
	<copy id="39" prevCopy="38" nextCopy="40"/>
	<copy id="40" prevCopy="39" nextCopy="41"/>
	<copy id="41" prevCopy="40" nextCopy="42"/>
	<copy id="42" prevCopy="41" nextCopy="43"/>
	<copy id="43" prevCopy="42" nextCopy="44"/>
	<copy id="44" prevCopy="43" nextCopy="45"/>
	<copy id="45" prevCopy="44" nextCopy="46"/>
	<copy id="46" prevCopy="45" nextCopy="47"/>
	<copy id="47" prevCopy="46" nextCopy="48"/>
	<copy id="48" prevCopy="47" nextCopy="49"/>
	<copy id="49" prevCopy="48" nextCopy="50"/>
	<copy id="50" prevCopy="49" nextCopy="51"/>
	<copy id="51" prevCopy="50" nextCopy="52"/>
	<copy id="52" prevCopy="51" nextCopy="53"/>
	<copy id="53" prevCopy="52" nextCopy="54"/>
	<copy id="54" prevCopy="53" nextCopy="55"/>
	<copy id="55" prevCopy="54" nextCopy="56"/>
	<copy id="56" prevCopy="55" nextCopy="57"/>
	<copy id="57" prevCopy="56" nextCopy="58"/>
	<copy id="58" prevCopy="57" nextCopy="59"/>
	<copy id="59" prevCopy="58" nextCopy="60"/>
	<copy id="60" prevCopy="59" nextCopy="61"/>
	<copy id="61" prevCopy="60" nextCopy="62"/>
	<copy id="62" prevCopy="61" nextCopy="63"/>
	<copy id="63" prevCopy="62" nextCopy="64"/>
	<copy id="64" prevCopy="63" nextCopy="65"/>
	<copy id="65" prevCopy="64" nextCopy="66"/>
	<copy id="66" prevCopy="65" nextCopy="67"/>
	<copy id="67" prevCopy="66" nextCopy="68"/>
	<copy id="68" prevCopy="67" nextCopy="69"/>
	<copy id="69" prevCopy="68" nextCopy="70"/>
	<copy id="70" prevCopy="69" nextCopy="71"/>
	<copy id="71" prevCopy="70" nextCopy="72"/>
	<copy id="72" prevCopy="71" nextCopy="73"/>
	<copy id="73" prevCopy="72" nextCopy="74"/>
	<copy id="74" prevCopy="73" nextCopy="75"/>
	<copy id="75" prevCopy="74" nextCopy="76"/>
	<copy id="76" prevCopy="75" nextCopy="77"/>
	<copy id="77" prevCopy="76" nextCopy="78"/>
	<copy id="78" prevCopy="77" nextCopy="79"/>
	<copy id="79" prevCopy="78" nextCopy="80"/>
	<copy id="80" prevCopy="79" nextCopy="81"/>
	<copy id="81" prevCopy="80" nextCopy="82"/>
	<copy id="82" prevCopy="81" nextCopy="83"/>
	<copy id="83" prevCopy="82" nextCopy="84"/>
	<copy id="84" prevCopy="83" nextCopy="85"/>
	<copy id="85" prevCopy="84" nextCopy="86"/>
	<copy id="86" prevCopy="85" nextCopy="87"/>
	<copy id="87" prevCopy="86" nextCopy="88"/>
	<copy id="88" prevCopy="87" nextCopy="89"/>
	<copy id="89" prevCopy="88" nextCopy="90"/>
	<copy id="90" prevCopy="89" nextCopy="91"/>
	<copy id="91" prevCopy="90" nextCopy="92"/>
	<copy id="92" prevCopy="91" nextCopy="93"/>
	<copy id="93" prevCopy="92" nextCopy="94"/>
	<copy id="94" prevCopy="93" nextCopy="95"/>
	<copy id="95" prevCopy="94" nextCopy="96"/>
	<copy id="96" prevCopy="95" nextCopy="97"/>
	<copy id="97" prevCopy="96" nextCopy="98"/>
	<copy id="98" prevCopy="97" nextCopy="99"/>
	<copy id="99" prevCopy="98" nextCopy="100"/>
	<copy id="100" prevCopy="99" nextCopy="101"/>
	<copy id="101" prevCopy="100" nextCopy="102"/>
	<copy id="102" prevCopy="101" nextCopy="103"/>
	<copy id="103" prevCopy="102" nextCopy="104"/>
	<copy id="104" prevCopy="103" nextCopy="105"/>
	<copy id="105" prevCopy="104" nextCopy="106"/>
	<copy id="106" prevCopy="105" nextCopy="107"/>
	<copy id="107" prevCopy="106" nextCopy="108"/>
	<copy id="108" prevCopy="107" nextCopy="109"/>
	<copy id="109" prevCopy="108" nextCopy="110"/>
	<copy id="110" prevCopy="109" nextCopy="112"/>
	<copy id="112" prevCopy="110" nextCopy="113"/>
	<copy id="113" prevCopy="112" nextCopy="114"/>
	<copy id="114" prevCopy="113" nextCopy="115"/>
	<copy id="115" prevCopy="114" nextCopy="116"/>
	<copy id="116" prevCopy="115" nextCopy="117"/>
	<copy id="117" prevCopy="116" nextCopy="118"/>
	<copy id="118" prevCopy="117" nextCopy="119"/>
	<copy id="119" prevCopy="118" nextCopy="120"/>
	<copy id="120" prevCopy="119" nextCopy="121"/>
	<copy id="121" prevCopy="120" nextCopy="122"/>
	<copy id="122" prevCopy="121" nextCopy="123"/>
	<copy id="123" prevCopy="122" nextCopy="124"/>
	<copy id="124" prevCopy="123" nextCopy="125"/>
	<copy id="125" prevCopy="124" nextCopy="126"/>
	<copy id="126" prevCopy="125" nextCopy="127"/>
	<copy id="127" prevCopy="126" nextCopy="128"/>
	<copy id="128" prevCopy="127" nextCopy="129"/>
	<copy id="129" prevCopy="128" nextCopy="130"/>
	<copy id="130" prevCopy="129" nextCopy="131"/>
	<copy id="131" prevCopy="130" nextCopy="132"/>
	<copy id="132" prevCopy="131" nextCopy="133"/>
	<copy id="133" prevCopy="132" nextCopy="134"/>
	<copy id="134" prevCopy="133" nextCopy="135"/>
	<copy id="135" prevCopy="134" nextCopy="136"/>
	<copy id="136" prevCopy="135" nextCopy="137"/>
	<copy id="137" prevCopy="136" nextCopy="138"/>
	<copy id="138" prevCopy="137" nextCopy="139"/>
	<copy id="139" prevCopy="138" nextCopy="140"/>
	<copy id="140" prevCopy="139" nextCopy="141"/>
	<copy id="141" prevCopy="140" nextCopy="142"/>
	<copy id="142" prevCopy="141" nextCopy="143"/>
	<copy id="143" prevCopy="142" nextCopy="144"/>
	<copy id="144" prevCopy="143" nextCopy="145"/>
	<copy id="145" prevCopy="144" nextCopy="146"/>
	<copy id="146" prevCopy="145" nextCopy=""/>
</data>