<root>
  <cruiseMap mapID="1" id="1" nextId="2" name="Thôn Syrup" info="Hòn đảo với những người dân chất phác, người đặt chân lên hòn đảo này có thể nhận được quà hậu." chooseOdds="10000" down="9" up="" act="2" actOdds="10000" rewardType="1|50000|1000,23|10|1000" rewardQuality="5,2" incident="99|1" incOdds="9000|1000" question="" task="" islandPoint="0,320" boatPoint="" floor="1" choseGold="0"/>
  <cruiseMap mapID="1" id="2" nextId="3" name="Skypiea vàng" info="Hòn đảo chỉ trong truyền thuyết, người đặt chân đến hòn đảo này sẽ nhận được quà tặng trong truyền thuyết." chooseOdds="10000" down="13" up="" act="2" actOdds="10000" rewardType="1|20000|1000,23|15|1000" rewardQuality="4,3" incident="99|1" incOdds="9000|1000" question="" task="" islandPoint="195,320" boatPoint="" floor="1" choseGold="0"/>
  <cruiseMap mapID="1" id="3" nextId="4" name="Khu du lịch Logue" info="Điểm du lịch mà các hải tặc phải đến đó 1 lần trong đời, sau khi đến đảo sẽ nhận được quà." chooseOdds="10000" down="12" up="" act="2" actOdds="10000" rewardType="2|2000|1000,23|20|1000" rewardQuality="4,4" incident="99|1" incOdds="9000|1000" question="" task="" islandPoint="390,320" boatPoint="" floor="1" choseGold="0"/>
  <cruiseMap mapID="1" id="4" nextId="5" name="Drum băng tuyết" info="Trên đảo có thể thỏa thích ngắm cảnh hoa tuyết rơi, người đặt chân lên đảo có thể nhận được quà tặng giấu trong băng tuyết." chooseOdds="10000" down="10" up="" act="2" actOdds="10000" rewardType="2|3000|1000,23|25|1000" rewardQuality="3,4" incident="99|1" incOdds="9000|1000" question="" task="" islandPoint="585,320" boatPoint="" floor="1" choseGold="0"/>
  <cruiseMap mapID="1" id="5" nextId="6" name="Đảo không người" info="Hòn đảo không bóng người, người tới đảo sẽ nhận được quà tặng thần bí." chooseOdds="10000" down="17" up="" act="2" actOdds="10000" rewardType="1|75000|1000,23|30|1000" rewardQuality="6,5" incident="99|1" incOdds="9000|1000" question="" task="" islandPoint="780,320" boatPoint="" floor="1" choseGold="0"/>
  <cruiseMap mapID="1" id="6" nextId="7|10" name="Quần đảo phân chia" info="Hòn đảo mà kim la bàn sẽ chỉ về 2 hướng khác nhau, bất kể là chọn hướng nào cũng đều nhận được quà ngẫu nhiên." chooseOdds="2000|8000" down="4" up="" act="2" actOdds="10000" rewardType="2|2000|1000,23|35|1000" rewardQuality="5,5" incident="99|1" incOdds="9000|1000" question="" task="" islandPoint="780,160" boatPoint="" floor="1" choseGold="0"/>
  <cruiseMap mapID="1" id="7" nextId="8" name="Đảo Thần bí" info="Hòn đảo luôn đắm mình trong màn sương, bất kể là đặt chân đến hay đi qua đều có thể nhận được quà tặng thần bí." chooseOdds="10000" down="15" up="" act="3" actOdds="10000" rewardType="4|1|1000,23|75|1000" rewardQuality="5,6" incident="99|1" incOdds="9000|1000" question="" task="" islandPoint="585,160" boatPoint="" floor="3" choseGold="100"/>
  <cruiseMap mapID="1" id="8" nextId="9" name="Đảo cấm Kuja" info="Hòn đảo chỉ được lên khi người trên đảo cho phép, một khi đã đặt chân lên đảo thì có thể nhận được món quà cấm kị." chooseOdds="10000" down="16" up="" act="2" actOdds="10000" rewardType="3|50|1000,23|100|1000" rewardQuality="4,7" incident="99|1" incOdds="9000|1000" question="" task="" islandPoint="390,160" boatPoint="" floor="6" choseGold="0"/>
  <cruiseMap mapID="1" id="9" nextId="15" name="Kho báu của Thuyền trưởng John" info="Nơi cất giấu kho báu của thuyền trưởng John, ở đây chúng ta sẽ có được kho báu của thuyền trưởng John." chooseOdds="10000" down="17" up="" act="2" actOdds="10000" rewardType="3|50|1000,23|150|1000" rewardQuality="4,7" incident="99|1" incOdds="9000|1000" question="" task="" islandPoint="195,160" boatPoint="" floor="6" choseGold="0"/>
  <cruiseMap mapID="1" id="10" nextId="11" name="Thị trấn Cam" info="Vùng đất nổi tiếng vì chú chó “Chou chou”, ở đây chúng ta có thể nhận được món quà nhiêt tình." chooseOdds="10000" down="9" up="" act="2" actOdds="10000" rewardType="6|2000|1000,23|45|1000" rewardQuality="5,6" incident="99|1" incOdds="9000|1000" question="" task="" islandPoint="780,0" boatPoint="" floor="1" choseGold="100"/>
  <cruiseMap mapID="1" id="11" nextId="12" name="Water 7" info="Nơi tập hợp của những người thợ đóng tàu ưu tú, những hải tặc đặt chân đến đấy có thể nhận được món quà tinh mĩ." chooseOdds="10000" down="14" up="" act="2" actOdds="10000" rewardType="1|100000|1000,23|50|1000" rewardQuality="7,7" incident="99|1" incOdds="9000|1000" question="" task="" islandPoint="585,0" boatPoint="" floor="1" choseGold="0"/>
  <cruiseMap mapID="1" id="12" nextId="13" name="Đảo Yukiryu " info="Hòn đảo trên Đại Hải Trình luôn được dùng làm nơi tổ chức các buổi yến tiệc, người đặt chân lên có thể nhận được quà chúc mừng." chooseOdds="10000" down="3" up="" act="2" actOdds="10000" rewardType="2|3000|1000,23|65|1000" rewardQuality="6,6" incident="99|1" incOdds="9000|1000" question="" task="" islandPoint="390,0" boatPoint="" floor="1" choseGold="0"/>
  <cruiseMap mapID="1" id="13" nextId="14" name="Sa mạc Rainbase" info="Ốc đảo trong sa mạc, người đặt chân tới đây có thể nhận được món quà sinh mệnh." chooseOdds="10000" down="11" up="" act="2" actOdds="10000" rewardType="2|3500|1000,23|55|1000" rewardQuality="6,6" incident="99|1" incOdds="9000|1000" question="" task="" islandPoint="195,0" boatPoint="" floor="1" choseGold="0"/>
  <cruiseMap mapID="1" id="14" nextId="15" name="Litter Garden của Người khổng lồ" info="Di tích từ thời viễn cổ, nếu đặt chân tới đây cần phải cẩn thận với sinh vật đi bộ khổng lồ, đừng quên món quà lịch sử trên đảo." chooseOdds="10000" down="2" up="" act="2" actOdds="10000" rewardType="1|150000|1000,23|60|1000" rewardQuality="7,6" incident="99|1" incOdds="9000|1000" question="" task="" islandPoint="0,0" boatPoint="" floor="1" choseGold="0"/>
  <cruiseMap mapID="1" id="15" nextId="1" name="Thôn Cối Xay Gió" info="Quê hương đầu tiên và cuối cùng của nhà thám hiểm, đặt chân tới đây có thể nhận món quà trong mộng." chooseOdds="10000" down="8" up="" act="2" actOdds="10000" rewardType="1|50000|1000,23|35|1000" rewardQuality="5,5" incident="99|1" incOdds="9000|1000" question="" task="" islandPoint="0,160" boatPoint="" floor="1" choseGold="0"/>
</root>