<root>
  <cruiseAnswer id="1" name="Tàng bảo đồ" content="Khi bạn tới 1 hòn đảo nhỏ xa lạ, phát hiện 1 tấm tàng bảo đồ." question1Content="Tầm bảo theo chỉ dẫn bản đồ." question1Reward="1|16500" question2Content="Đưa cho Angelika cất đi" question2Reward="1|50000" question3Content="Dùng lửa hơ bản đồ" question3Reward="1|12500"/>
  <cruiseAnswer id="2" name="Kiếm Zoro" content="Kiếm của Zoro bị rỉ rồi." question1Content="Tìm người sửa" question1Reward="2|1500" question2Content="Khuyên hắn mua 1 con mới" question2Reward="2|1500" question3Content="Thiếu 1 kiếm, vậy chuyển thành phái nhị kiếm." question3Reward="2|5000"/>
  <cruiseAnswer id="3" name="Chó nhỏ" content="Khi vào đảo, có 1 chú chó nhỏ cứ đi theo bạn." question1Content="Cho nó ăn quýt" question1Reward="3|5" question2Content="Dừng lại nhìn nó" question2Reward="3|2" question3Content="Hỏi xem con chó này của ai." question3Reward="3|1"/>
  <cruiseAnswer id="4" name="Quả cầu nhỏ" content="Giữa đường có 1 quả cầu đỏ có hình chú hề." question1Content="Đá xem" question1Reward="2|1000" question2Content="Nhảy qua người nó" question2Reward="4|1" question3Content="Nhấc nó sang bên đường." question3Reward="2|500"/>
  <cruiseAnswer id="5" name="Da trơn láng" content="Có người giới thiệu với bạn món ăn làm da mịn màng." question1Content="Hỏi giá tiền" question1Reward="3|4" question2Content="Giới thiệu cho Angelika" question2Reward="3|10" question3Content="Giới thiệu cho Lena" question3Reward="3|2"/>
  <cruiseAnswer id="6" name="Đồ mặn đồ ngọt" content="Một cô bé hỏi bạn thích ăn món mặn hay món ngọt." question1Content="Đương nhiên là đồ mặn" question1Reward="1|7500" question2Content="Tất nhiên là đồ ngọt" question2Reward="1|10000" question3Content="Ta thích ăn thịt" question3Reward="1|30000"/>
  <cruiseAnswer id="7" name="Chú có bánh anh đào" content="1 chú đang ăn bánh anh đào hét lớn, ước mơ của con người mãi mãi không hết!" question1Content="Ngồi xuống nói chuyện với hắn" question1Reward="2|1000" question2Content="Chê cười hành vi của hắn" question2Reward="2|1000" question3Content="Xin ít Cherry Pie ăn" question3Reward="2|3000"/>
  <cruiseAnswer id="8" name="Biển mây nguy hiểm" content="Đảo rất nhiều mây, khi vào bạn sẽ rơi vào biển mây đó." question1Content="Thử bắt cá Skypiea trong đó" question1Reward="23|25" question2Content="Học cách bơi trong mây" question2Reward="23|10" question3Content="Gọi người tới cứu viện" question3Reward="23|5"/>
  <cruiseAnswer id="9" name="Thuyền cát" content="Nghe nói nước Alabasta có 1 loại thuyền cát thú vị." question1Content="Cách học lái" question1Reward="23|30" question2Content="Học cách chế tạo" question2Reward="23|15" question3Content="Phải tới Alabasta mới được" question3Reward="23|10"/>
  <cruiseAnswer id="10" name="Dã thú lớn" content="Thực vật trên đảo to gấp 10 lần, đột nhiên có tiếng kêu của dã thú." question1Content="Đoán xem là dã thú gì" question1Reward="5|81119#1" question2Content="Chuyển hướng rời khỏi đảo" question2Reward="5|81119#1" question3Content="Cầm dĩa to gấp 10 lần bình thương đi săn" question3Reward="5|81119#2"/>
  <cruiseAnswer id="11" name="Xác ướp đêm trăng" content="Đêm rằm bạn thấy 1 nhóm xác ướp nhảy múa trên thuyền." question1Content="Gia nhập" question1Reward="1|16500" question2Content="Mời họ lên thuyền" question2Reward="1|50000" question3Content="Quay hướng thuyền rời đi" question3Reward="1|12500"/>
  <cruiseAnswer id="12" name="Đi cà kheo" content="1 chú đi cà kheo nhờ bạn giúp ông ấy xuống." question1Content="Chặt đứt cà kheo" question1Reward="2|1500" question2Content="Gọi những người khác tới giúp" question2Reward="2|5000" question3Content="Cho hắn ở trên cà kheo đi" question3Reward="2|1500"/>
  <cruiseAnswer id="13" name="Trò chơi hải tặc" content="Hải tặc trên đảo đang tổ chức trò chơi." question1Content="Hỏi xem có tiền thưởng không" question1Reward="3|2" question2Content="Gia nhập không do dự" question2Reward="3|5" question3Content="Cho rằng hải tặc không chơi, đây là tin giả." question3Reward="3|1"/>
  <cruiseAnswer id="14" name="Sửa thuyền ban đêm" content="Buổi tối bạn nghe thấy có người đang sửa thuyền." question1Content="Đó là thuyền tinh linh" question1Reward="2|750" question2Content="Chắc chắn là thợ thuyền" question2Reward="2|1000" question3Content="Tới trước xem sao" question3Reward="4|1"/>
  <cruiseAnswer id="15" name="Ngắm cảnh" content="Bạn muốn tham quan đảo, có người muốn thu phí giá cao." question1Content="Cố xông vào" question1Reward="3|2" question2Content="Cho hắn 1 beri vậy" question2Reward="3|4" question3Content="Đắt vậy thì không đi nữa" question3Reward="3|10"/>
  <cruiseAnswer id="16" name="Cướp của cải" content="Hòm đầy báu vật bị kẻ ăn mặc kì dị cướp đi." question1Content="Dù sao còn đầy hòm như vậy" question1Reward="1|30000" question2Content="Đuổi theo cướp lại" question2Reward="1|10000" question3Content="Đi theo dò xét tình hình" question3Reward="1|7500"/>
  <cruiseAnswer id="17" name="Bột kì lạ" content="Bạn dọn kho thấy 1 gói bột màu xanh không rõ cách dùng." question1Content="Nếm mùi vị" question1Reward="2|3000" question2Content="Cứ để đó không ngó tới" question2Reward="2|1000" question3Content="Mang tới chợ đen kiếm tiền" question3Reward="2|1000"/>
  <cruiseAnswer id="18" name="Thông tin cầu cứu" content="Thủy thủ nói phía trước có người kêu cứu." question1Content="Ra là hải quân ngụy trang" question1Reward="23|25" question2Content="Là người cá bị hải vương ăn thịt" question2Reward="23|10" question3Content="Động vật biển bắt chước mọi âm thanh đang tự mua vui" question3Reward="23|5"/>
  <cruiseAnswer id="19" name="Ánh lửa thuyền chính" content="Khi thám hiểm đảo, bạn phát hiện có lửa ở thuyền chính." question1Content="Có kẻ tập kích thuyền chính" question1Reward="23|10" question2Content="Đầu bếp đang nấu đồ ăn" question2Reward="23|15" question3Content="Viễn cảnh hiện ra phía thuyền chính" question3Reward="23|30"/>
  <cruiseAnswer id="20" name="Đoàn xiếc" content="Nghe nói đoàn xiếc thế giới cũng đang ở trên đảo." question1Content="Mở rộng tầm mắt" question1Reward="5|81119#1" question2Content="Tới các nơi khác tham quan" question2Reward="5|81119#2" question3Content="Gửi tiền thưởng cho đoàn xiếc" question3Reward="5|81119#1"/>
  <cruiseAnswer id="21" name="Nấm kì lạ" content="Thủy thủ ăn nấm xong thì cười không dứt." question1Content="Cho hắn cười cho tới khi tự động ngừng lại" question1Reward="1|16500" question2Content="Thu thập nấm kì lạ" question2Reward="1|50000" question3Content="Đánh thủy thủ phát khóc" question3Reward="1|12500"/>
  <cruiseAnswer id="22" name="Cá sấu" content="Nghe nói sa mạc có loài cá sấu chuối rất đặc biệt." question1Content="Chế biến xem có mùi của chuối tiêu không" question1Reward="2|5000" question2Content="Bắt vài con đem ra chợ đen bán" question2Reward="2|1500" question3Content="Thấy cá sấu là khó chịu, đừng tới Rainbase nữa" question3Reward="2|1500"/>
  <cruiseAnswer id="23" name="Sò phun lửa" content="Có loài sò biết phun lửa." question1Content="Mang cho đầu bếp" question1Reward="3|1" question2Content="Đặt vào nước xem có phun lửa không" question2Reward="3|2" question3Content="Tìm xem quanh đó có loại sò này không" question3Reward="3|5"/>
  <cruiseAnswer id="24" name="Tôn đặc biệt" content="Dân đảo đi lại bằng 1 loài tôm đặc biệt, tốc độ rất nhanh." question1Content="Thuần phục dã thú tôm để làm phương tiện đi lại" question1Reward="4|1" question2Content="Ghi chép nhật kí hàng hải" question2Reward="2|1000" question3Content="Nghiên cứu phương tiện đi lại nhanh hơn" question3Reward="2|500"/>
  <cruiseAnswer id="25" name="Tiếng hát hải quân" content="Dừng thuyền ở vịnh, bạn nghe thấy tiếng hát của hải quân." question1Content="Tiếng ca này khó nghe quá" question1Reward="3|4" question2Content="Cùng hát theo" question2Reward="3|10" question3Content="Chuyển hướng tới đảo tiếp theo" question3Reward="3|2"/>
  <cruiseAnswer id="26" name="Hải tặc bá đạo" content="Có bọn hải tặc tới thu phí bảo kê của người dân." question1Content="Ngăn cản chúng lại" question1Reward="1|10000" question2Content="Kể chuyện cười cho họ" question2Reward="1|30000" question3Content="Chế giễu họ" question3Reward="1|7500"/>
  <cruiseAnswer id="27" name="Luffy đói khát" content="Luffy đói và muốn ăn thịt." question1Content="Rót cho hắn 1 cốc Sanji đặc chế" question1Reward="2|1000" question2Content="Đưa lương thực còn lại cho hắn" question2Reward="2|1000" question3Content="Để hắn tự tìm thức ăn trên đảo" question3Reward="2|3000"/>
  <cruiseAnswer id="28" name="Hoa ăn thịt người khổng lồ" content="Hòn đảo đầy thực vật thần kì, khi khám phá thủy thủ bị 1 loài hoa khổng lồ ăn thịt." question1Content="Sợ hoảng hồn" question1Reward="23|10" question2Content="Phun hơi cay vào hoa" question2Reward="23|25" question3Content="Nhổ cả rễ hoa lên" question3Reward="23|5"/>
  <cruiseAnswer id="29" name="Thông báo tiền thưởng" content="Người trên tờ truy nã khoàn toàn khác với mình." question1Content="Chê bai năng lực tìm kiếm của hải quân" question1Reward="23|15" question2Content="Phẫu thuật cho giống với trong tranh" question2Reward="23|30" question3Content="Khóc ròng vì tranh quá xấu" question3Reward="23|10"/>
  <cruiseAnswer id="30" name="Thời gian yến tiệc" content="Tác chiến thời gian dài, cuối cùng cũng mở tiệc rồi!" question1Content="Xin Angelika tăng dự toán yến tiệc" question1Reward="5|81119#2" question2Content="Thay nhạc cụ mới cho Brook" question2Reward="5|81119#1" question3Content="Tìm đảo tấp vào rồi tính" question3Reward="5|81119#1"/>
  <cruiseAnswer id="31" name="Chỗ của kho báu" content="Bạn tìm thấy vị trí bảo tàng, vừa lúc đó thì gặp Nami." question1Content="Ngăn chặn Angelika và Nami cãi cọ" question1Reward="1|16500" question2Content="Thương lượng với Nami chia đôi" question2Reward="1|50000" question3Content="Đào kho báu rồi tính" question3Reward="1|12500"/>
  <cruiseAnswer id="32" name="Hướng mới" content="Bạn đợi 1 tuần trên đảo, vẫn chưa có cách làm đầy la bàn vĩnh cửu." question1Content="Ném cành cây để chọn phương hướng" question1Reward="2|5000" question2Content="Tiếp tục chờ đợi" question2Reward="2|1500" question3Content="Hỏi về phán đoán của hoa tiêu" question3Reward="2|1500"/>
  <cruiseAnswer id="33" name="Quá nhiều đồ ăn" content="Sanji dùng nhiều nguyên liệu để làm đồ ăn." question1Content="Dùng đá giảm nhiệt rồi cất giữ thực phẩm thừa" question1Reward="3|1" question2Content="Cố ăn hết đồ ăn" question2Reward="3|2" question3Content="Chia cho dân đảo" question3Reward="3|5"/>
  <cruiseAnswer id="34" name="Mất hàng hải đồ" content="Thủy thủ báo cáo, bản đồ hoa tiêu vẽ mất rồi." question1Content="Băng Arlong lén lút lấy trộm hàng hải đồ" question1Reward="4|1" question2Content="Gió to quá, thổi bay hàng hải đồ" question2Reward="2|1000" question3Content="Hàng hải đồ bị bôi 1 lớp thuốc để không ai nhìn thấy." question3Reward="2|500"/>
  <cruiseAnswer id="35" name="Thuyền ở Calm belt" content="Ở Calm Belt xuất hiện thuyền tự do đi lại." question1Content="Thuyền hải quân kĩ thuật mới" question1Reward="3|4" question2Content="Thuyền của người cá bị hải vương kéo đi" question2Reward="3|10" question3Content="Thuyền của băng Kuja do rắn kéo đi" question3Reward="3|2"/>
  <cruiseAnswer id="36" name="Thần thoại" content="Đất nước tuyết rơi có 1 bác sỹ nói bà mới 139 tuổi." question1Content="Hỏi bí quyết duy trì nhan sắc" question1Reward="1|7500" question2Content="Quyết không khám bệnh ở bác sỹ này" question2Reward="1|10000" question3Content="Tìm hiểu về các con số của tuổi tác" question3Reward="1|30000"/>
  <cruiseAnswer id="37" name="Vũ khí cái nồi" content="Khi qua chỗ hải quân, nghe thấy tiếng của chảo va vào đầu." question1Content="Là đấu đá nội bộ hải quân" question1Reward="2|1000" question2Content="Đi qua cũng nghe thấy, có án mạng sao" question2Reward="2|3000" question3Content="Nghĩ xem vì sao nghe tiếng mà biết vũ khí là chảo" question3Reward="2|1000"/>
  <cruiseAnswer id="38" name="Người khác" content="Bạn đi dạo trên đảo thấy có người giống hệt mình." question1Content="Hỏi xem đối phương có phải là anh chị em thất lạc lâu nay" question1Reward="23|25" question2Content="Quay đầu chạy" question2Reward="23|10" question3Content="Bắt lấy để nhận tiền thưởng" question3Reward="23|5"/>
  <cruiseAnswer id="39" name="Người khổng lồ chiến đấu" content="Vào đảo bạn thấy 2 người khổng lồ đang quyết đấu." question1Content="Hỏi nguyên nhân quyết đấu" question1Reward="23|15" question2Content="Chuẩn bị đồ ăn để quan chiến" question2Reward="23|30" question3Content="Lấy tinh thần để tham gia" question3Reward="23|10"/>
  <cruiseAnswer id="40" name="Câu chuyện Norland" content="Có người đang kể chuyện về Norland cho lũ trẻ nghe." question1Content="Tranh cãi với người kể chuyện rằng Norland đều kể chuyện thật" question1Reward="5|81119#1" question2Content="Ghi lại và hợp thành sách" question2Reward="5|81119#1" question3Content="Chuyện mạo hiểm của mình thu hút bọn trẻ" question3Reward="5|81119#2"/>
  <cruiseAnswer id="41" name="Chim thần kì" content="Đảo Jaya có loài chim đặc biệt, đầu luôn hướng  về phía nam." question1Content="Bắt vài con bán kiếm chút tiền ở chợ đen" question1Reward="1|12500" question2Content="Bịt mắt nó và xem hướng của cái đầu" question2Reward="1|16500" question3Content="Xem chim phương bắc có tồn tại không" question3Reward="1|50000"/>
  <cruiseAnswer id="42" name="Mạo hiểm" content="Trong chợ có người đang kể việc khi ở Impel Down." question1Content="Đi nghe để tăng thêm kiến thức" question1Reward="2|1500" question2Content="Hỏi Angelika Impel Down là gì" question2Reward="2|1500" question3Content="Hỏi hắn có mang quà lưu niệm về không" question3Reward="2|5000"/>
  <cruiseAnswer id="43" name="Mặt biển đóng băng" content="Mặt biển đóng băng, thuyền bị đông cứng rồi." question1Content="Cải tạo thành thuyền phá băng" question1Reward="3|1" question2Content="Đốt lửa trên băng để tan nhanh hơn" question2Reward="3|2" question3Content="Tìm nguyên nhân mặt biển đóng băng" question3Reward="3|5"/>
  <cruiseAnswer id="44" name="Gia nhập" content="Có 1 hải tặc muốn gia nhập đội ngũ." question1Content="Vui vẻ chấp nhận" question1Reward="4|1" question2Content="Tìm hiểu xem họ ngưỡng mộ mình ở điểm gì" question2Reward="2|1000" question3Content="Thể hiện thuyền đã đủ người rồi" question3Reward="2|500"/>
  <cruiseAnswer id="45" name="Hải quân đột kích" content="Bạn vừa lên đảo đã bị hải quân bao vây." question1Content="Giơ tay thể hiện mình trong sạch" question1Reward="3|2" question2Content="Kể chuyện cười để làm dịu không khí" question2Reward="3|4" question3Content="Bắt đầu chiến đấu luôn" question3Reward="3|10"/>
  <cruiseAnswer id="46" name="Tranh cãi" content="Các thủy thủ ẩu đả, sau khi bị chia ra đều không điều khiển được cơ thể." question1Content="Có thể đã bị kẻ có trái ác quỷ khống chế" question1Reward="1|30000" question2Content="Quan sát vài ngày xem" question2Reward="1|10000" question3Content="Nhất định là nói dối" question3Reward="1|7500"/>
  <cruiseAnswer id="47" name="Nyon tiên tri" content="Nyon bói bằng quả cầu thủy tinh, các ngươi sẽ gặp điều đáng sợ" question1Content="Sợ tới phát run" question1Reward="2|1000" question2Content="Hỏi cách giải quyết của Nyon" question2Reward="2|1000" question3Content="Xóa chữ nguy hiểm trên quả cầu thủy tinh" question3Reward="2|3000"/>
  <cruiseAnswer id="48" name="Bác sĩ kì dị" content="1 bác sỹ kì dị, nói có thể chia đôi thân thể của ngươi ra." question1Content="Hiếu kì nên để hắn thử xem" question1Reward="23|5" question2Content="Cách cài đặt này ai tin" question2Reward="23|10" question3Content="Tính xem nếu thành công thì sẽ hành động thế nào" question3Reward="23|25"/>
  <cruiseAnswer id="49" name="Tranh tường biết nói" content="Bạn nghe thấy các bức tranh tường ở nhà Hogback nói chuyện." question1Content="Đây là ảo giác" question1Reward="23|30" question2Content="Vui vẻ tham gia" question2Reward="23|15" question3Content="Đếm xem có bao nhiêu tranh đang nói chuyện" question3Reward="23|10"/>
  <cruiseAnswer id="50" name="Đảo côn trùng" content="Đảo không có dã thú, chỉ có bọ cánh cứng to như con voi đang xông tới." question1Content="Cầm vũ khí chuẩn bị chiến đấu" question1Reward="5|81119#2" question2Content="Tra sách được biết bọ cánh cứng không ăn thịt" question2Reward="5|81119#1" question3Content="Hét lớn đẹp trai!" question3Reward="5|81119#1"/>
  <cruiseAnswer id="51" name="Vượn phái tam kiếm" content="1 bầy vượn tay cầm vũ khí xông về phía bạn." question1Content="Hỏi Zoro xem có tình hình gì" question1Reward="1|16500" question2Content="Chuẩn bị 4 con dao để khiêu chiến" question2Reward="1|50000" question3Content="Gửi tín hiệu cầu cứu" question3Reward="1|12500"/>
  <cruiseAnswer id="52" name="Đám mây cống hiến" content="Đám mây đen cứ lơ lửng trên đầu bạn." question1Content="Nhớ xem có ăn quả ác ma không" question1Reward="2|1500" question2Content="Tìm cái ô giương lên" question2Reward="2|1500" question3Content="Là kịch bản của Nami" question3Reward="2|5000"/>
  <cruiseAnswer id="53" name="Khí lưu nguy hiểm" content="Khi cập bến đột nhiên có nhiều khí lưu dâng lên." question1Content="Tránh được nhờ kỹ thuật của hoa tiêu" question1Reward="3|2" question2Content="Ngồi lên trên khí lưu để thám hiểm" question2Reward="3|5" question3Content="Nói chuyện với Luffy bằng ốc sên truyền tin" question3Reward="3|1"/>
  <cruiseAnswer id="54" name="Gió bão" content="Trận phong ba làm thuyền đi lệch đường." question1Content="Biết lỗi sửa đổi, tiếp tục tiến lên" question1Reward="4|1" question2Content="Tìm đúng tuyến đường và tiếp cận" question2Reward="2|1000" question3Content="Dùng Breath Dial hút gió bão" question3Reward="2|500"/>
  <cruiseAnswer id="55" name="Tình huống phát sinh" content="Bắt đầu tiệc bạn phát hiện rượu không đủ." question1Content="Chỉ cần mở yến tiệc, uống gì không quan trọng" question1Reward="3|2" question2Content="Lập tức cử thủy thủ đi mua" question2Reward="3|4" question3Content="Chuẩn bị nhận sự phê phán của Angelika" question3Reward="3|10"/>
  <cruiseAnswer id="56" name="Xây cầu" content="Dân đảo bị chính phủ thế giới bắt đi xây cầu vượt qua biển." question1Content="Đứng ra ngăn chặn bạo hành" question1Reward="1|30000" question2Content="Kêu gọi quân cách mạng tới" question2Reward="1|10000" question3Content="Tham gia để trải nghiệm niềm vui lao động" question3Reward="1|7500"/>
  <cruiseAnswer id="57" name="Usopp mua đồ" content="Usopp chuẩn bị thay kính chắn gió, xin tiền để mua." question1Content="Beri xin được mất hết rồi" question1Reward="2|1000" question2Content="Tiệm bán kính có nhiều loại kính chắn gió mới" question2Reward="2|3000" question3Content="Usopp lạc đường khi đang lựa chọn" question3Reward="2|1000"/>
  <cruiseAnswer id="58" name="Điểm yếu của Franky" content="Franky không điều chỉnh linh kiện sau lưng được, nhờ bạn giúp." question1Content="Yêu cầu biến thái phải cự tuyệt" question1Reward="23|5" question2Content="Franky tiến hành cải tạo phía sau lưng mình," question2Reward="23|10" question3Content="Chủ động giúp" question3Reward="23|25"/>
  <cruiseAnswer id="59" name="Tác phẩm của Brook" content="Brook sắp ra một ca khúc mới." question1Content="Hỏi xem ở đâu bán nút bịt tai" question1Reward="23|15" question2Content="Mở yến tiệc cho Brook" question2Reward="23|30" question3Content="Chuẩn bị phim để phát cho toàn thế giới" question3Reward="23|10"/>
  <cruiseAnswer id="60" name="Đồ ăn mất tích" content="Nguyên liệu trong kho tự nhiên biến mất." question1Content="Chắc là Luffy ăn" question1Reward="5|81119#2" question2Content="Tới đảo tiếp theo chuẩn bị nhiều đồ ăn hơn" question2Reward="5|81119#1" question3Content="Có kẻ đột nhập thuyền chính" question3Reward="5|81119#1"/>
  <cruiseAnswer id="61" name="Thủy thủ bị ốm" content="Thủy thủ bị cảm hết, không thể khởi hành." question1Content="Tự tay mở thuyền" question1Reward="1|16500" question2Content="Nghỉ trên đảo một thời gian" question2Reward="1|50000" question3Content="Lên máy thời gian trở về quá khứ ngăn việc thủy thủ bị cảm" question3Reward="1|12500"/>
  <cruiseAnswer id="62" name="Thủy thủ mất trí" content="Thủy thủ nói bị mất trí nhớ, quên mất ai là thuyền trưởng." question1Content="Đánh để chúng nhớ ra bạn mới là thuyền trưởng" question1Reward="2|1500" question2Content="Dân chủ chọn lựa thuyền trưởng" question2Reward="2|1500" question3Content="Tìm nguyên nhân mất trí nhớ" question3Reward="2|5000"/>
  <cruiseAnswer id="63" name="Chạy lúc chiều tà" content="1 tên ăn mặc cổ quái mời bạn chạy cùng hắn lúc chiều tà." question1Content="Nhận lời mời của hắn" question1Reward="3|1" question2Content="Giả như không nghe thấy" question2Reward="3|2" question3Content="Thấy hắn ngứa mắt, đánh cho một trận" question3Reward="3|5"/>
  <cruiseAnswer id="64" name="Thực vật kiểu mới" content="Chính phủ thế giới chế ra 1 món ăn ít mà hồi sinh nhiều năng lượng." question1Content="Không biết tác dụng gì, cứ cướp trước đã" question1Reward="2|1000" question2Content="Nếm thử và thấy mùi vị rất kinh" question2Reward="4|1" question3Content="Nhờ Sanji nghiên cứ món mới của hải tặc" question3Reward="2|500"/>
  <cruiseAnswer id="65" name="Dã thú nước mũi" content="Dã thú chảy nước mũi đánh không ngã kia cứ đi theo bạn." question1Content="Cứ để hắn đi theo" question1Reward="3|4" question2Content="Hỏi xem nó có lau nước mũi được không" question2Reward="3|10" question3Content="Có thể là gián điệp của chính phủ, mau thoát thân" question3Reward="3|2"/>
  <cruiseAnswer id="66" name="Vũ khí nhạc cụ" content="Tên hải quân nhỏ con cầm dĩa lên và gọi 1 con Blugori tới." question1Content="Chặt đứt cái dĩa của hắn" question1Reward="1|7500" question2Content="Học giai điệu để khống chế lại" question2Reward="1|10000" question3Content="Phát tiếng ồn để át giọng hắn" question3Reward="1|30000"/>
  <cruiseAnswer id="67" name="Cải tạo thuyền chính" content="Franky muốn cải tạo thuyền chính, cần nhiều gỗ." question1Content="Sai thủy thủ đi chặt gỗ" question1Reward="2|3000" question2Content="Tự chọn khúc gỗ phù hợp" question2Reward="2|1000" question3Content="Do vật liệu không đủ, tạm dừng kế hoạch" question3Reward="2|1000"/>
  <cruiseAnswer id="68" name="Cách thả lỏng" content="Mặt trời đẹp quá, tìm chút việc để thả lòng nào." question1Content="Chơi bài với Robin" question1Reward="23|10" question2Content="Ăn vụng đồ mà Sanji làm cho Nami" question2Reward="23|25" question3Content="Luyện tập cùng Zoro" question3Reward="23|5"/>
  <cruiseAnswer id="69" name="Sanji bất thường" content="Sanji thấy nhiều người đẹp thì máu mũi chảy không ngừng." question1Content="Tách hắn ra khỏi các người đẹp" question1Reward="23|10" question2Content="Cho hắn xem ảnh Nữ hoàng Iva" question2Reward="23|15" question3Content="Tìm Chopper cấp cứu cho hắn" question3Reward="23|30"/>
</root>