<root>
  <crystal_reward id="101" belly="1000" experience="100" item="120015|1" exp="100" prestige="1" jewelryElement="" jewelryEnery="" starstone="" honour="" blueSoul="" purpleSoul="" weight="5000" photoWay_1="crystal_red1" photoWay_2="crystal_red2" photoWay_3="crystal_red3" photoWay_4="crystal_red4" photoWay_5="crystal_red5" photoWay_6="" photoWay_7="" photoWay_8="" photoWay_9="" photoWay_10="" crystalName="Tinh khoáng Đỏ" crystalColour="5"/>
  <crystal_reward id="102" belly="1000" experience="125" item="120015|1" exp="150" prestige="" jewelryElement="" jewelryEnery="1" starstone="" honour="" blueSoul="" purpleSoul="" weight="2500" photoWay_1="crystal_red1" photoWay_2="crystal_red2" photoWay_3="crystal_red3" photoWay_4="crystal_red4" photoWay_5="crystal_red5" photoWay_6="" photoWay_7="" photoWay_8="" photoWay_9="" photoWay_10="" crystalName="Tinh khoáng Đỏ" crystalColour="5"/>
  <crystal_reward id="103" belly="1000" experience="150" item="120015|1" exp="200" prestige="" jewelryElement="" jewelryEnery="" starstone="1" honour="" blueSoul="" purpleSoul="" weight="1250" photoWay_1="crystal_red1" photoWay_2="crystal_red2" photoWay_3="crystal_red3" photoWay_4="crystal_red4" photoWay_5="crystal_red5" photoWay_6="" photoWay_7="" photoWay_8="" photoWay_9="" photoWay_10="" crystalName="Tinh khoáng Đỏ" crystalColour="5"/>
  <crystal_reward id="104" belly="2000" experience="100" item="120015|2" exp="150" prestige="1" jewelryElement="" jewelryEnery="" starstone="" honour="" blueSoul="" purpleSoul="" weight="3000" photoWay_1="crystal_purple1" photoWay_2="crystal_purple2" photoWay_3="crystal_purple3" photoWay_4="crystal_purple4" photoWay_5="crystal_purple5" photoWay_6="" photoWay_7="" photoWay_8="" photoWay_9="" photoWay_10="" crystalName="Tinh khoáng Tím" crystalColour="6"/>
  <crystal_reward id="105" belly="2000" experience="150" item="120015|2" exp="200" prestige="" jewelryElement="" jewelryEnery="1" starstone="" honour="" blueSoul="" purpleSoul="" weight="1500" photoWay_1="crystal_purple1" photoWay_2="crystal_purple2" photoWay_3="crystal_purple3" photoWay_4="crystal_purple4" photoWay_5="crystal_purple5" photoWay_6="" photoWay_7="" photoWay_8="" photoWay_9="" photoWay_10="" crystalName="Tinh khoáng Tím" crystalColour="6"/>
  <crystal_reward id="106" belly="2000" experience="200" item="120015|2" exp="250" prestige="" jewelryElement="" jewelryEnery="" starstone="1" honour="" blueSoul="" purpleSoul="" weight="750" photoWay_1="crystal_purple1" photoWay_2="crystal_purple2" photoWay_3="crystal_purple3" photoWay_4="crystal_purple4" photoWay_5="crystal_purple5" photoWay_6="" photoWay_7="" photoWay_8="" photoWay_9="" photoWay_10="" crystalName="Tinh khoáng Tím" crystalColour="6"/>
  <crystal_reward id="107" belly="3000" experience="200" item="120015|3" exp="200" prestige="" jewelryElement="1" jewelryEnery="1" starstone="" honour="" blueSoul="1" purpleSoul="" weight="2000" photoWay_1="crystal_orange1" photoWay_2="crystal_orange2" photoWay_3="crystal_orange3" photoWay_4="crystal_orange4" photoWay_5="crystal_orange5" photoWay_6="" photoWay_7="" photoWay_8="" photoWay_9="" photoWay_10="" crystalName="Tinh khoáng lấp lánh" crystalColour="7"/>
  <crystal_reward id="108" belly="3000" experience="250" item="120015|3" exp="250" prestige="" jewelryElement="" jewelryEnery="1" starstone="1" honour="" blueSoul="1" purpleSoul="" weight="1000" photoWay_1="crystal_orange1" photoWay_2="crystal_orange2" photoWay_3="crystal_orange3" photoWay_4="crystal_orange4" photoWay_5="crystal_orange5" photoWay_6="" photoWay_7="" photoWay_8="" photoWay_9="" photoWay_10="" crystalName="Tinh khoáng lấp lánh" crystalColour="7"/>
  <crystal_reward id="109" belly="3000" experience="300" item="120015|3" exp="300" prestige="1" jewelryElement="1" jewelryEnery="" starstone="" honour="" blueSoul="1" purpleSoul="" weight="500" photoWay_1="crystal_orange1" photoWay_2="crystal_orange2" photoWay_3="crystal_orange3" photoWay_4="crystal_orange4" photoWay_5="crystal_orange5" photoWay_6="" photoWay_7="" photoWay_8="" photoWay_9="" photoWay_10="" crystalName="Tinh khoáng lấp lánh" crystalColour="7"/>
</root>