<root>
  <daimonapple_split fuseApple="83085" apple1="82704" apple2="82705" goldCost="100"/>
  <daimonapple_split fuseApple="83086" apple1="82714" apple2="82702" goldCost="100"/>
  <daimonapple_split fuseApple="83087" apple1="82704" apple2="82712" goldCost="100"/>
  <daimonapple_split fuseApple="83088" apple1="82701" apple2="82714" goldCost="100"/>
  <daimonapple_split fuseApple="83089" apple1="82714" apple2="82717" goldCost="100"/>
  <daimonapple_split fuseApple="83090" apple1="82705" apple2="82702" goldCost="100"/>
  <daimonapple_split fuseApple="83091" apple1="82713" apple2="82712" goldCost="100"/>
  <daimonapple_split fuseApple="83092" apple1="82705" apple2="82701" goldCost="100"/>
  <daimonapple_split fuseApple="83093" apple1="82705" apple2="82715" goldCost="100"/>
  <daimonapple_split fuseApple="83094" apple1="82702" apple2="82712" goldCost="100"/>
  <daimonapple_split fuseApple="83095" apple1="82702" apple2="82701" goldCost="100"/>
  <daimonapple_split fuseApple="83096" apple1="82702" apple2="82715" goldCost="100"/>
  <daimonapple_split fuseApple="83097" apple1="82712" apple2="82701" goldCost="100"/>
  <daimonapple_split fuseApple="83098" apple1="82712" apple2="82717" goldCost="100"/>
  <daimonapple_split fuseApple="83099" apple1="82701" apple2="82717" goldCost="100"/>
  <daimonapple_split fuseApple="83100" apple1="82709" apple2="82706" goldCost="100"/>
  <daimonapple_split fuseApple="83101" apple1="82612" apple2="82602" goldCost="50"/>
  <daimonapple_split fuseApple="83102" apple1="82609" apple2="81125" goldCost="50"/>
  <daimonapple_split fuseApple="83103" apple1="82612" apple2="81125" goldCost="50"/>
  <daimonapple_split fuseApple="83200" apple1="82716" apple2="82705" goldCost="100"/>
  <daimonapple_split fuseApple="83201" apple1="82718" apple2="82705" goldCost="100"/>
  <daimonapple_split fuseApple="83202" apple1="82724" apple2="82705" goldCost="100"/>
  <daimonapple_split fuseApple="83203" apple1="82704" apple2="82702" goldCost="100"/>
  <daimonapple_split fuseApple="83100" apple1="82709" apple2="82706" goldCost="100"/>
  <daimonapple_split fuseApple="83204" apple1="82710" apple2="82707" goldCost="100"/>
  <daimonapple_split fuseApple="83105" apple1="82602" apple2="81125" goldCost="50"/>
  <daimonapple_split fuseApple="83106" apple1="82601" apple2="82602" goldCost="50"/>
  <daimonapple_split fuseApple="83205" apple1="82718" apple2="82714" goldCost="100"/>
  <daimonapple_split fuseApple="83206" apple1="82705" apple2="82717" goldCost="100"/>
  <daimonapple_split fuseApple="83207" apple1="82712" apple2="82714" goldCost="100"/>
  <daimonapple_split fuseApple="83208" apple1="82714" apple2="82708" goldCost="100"/>
  <daimonapple_split fuseApple="83209" apple1="82716" apple2="82714" goldCost="100"/>
  <daimonapple_split fuseApple="83107" apple1="82607" apple2="81125" goldCost="50"/>
  <daimonapple_split fuseApple="83210" apple1="82702" apple2="82718" goldCost="100"/>
  <daimonapple_split fuseApple="83211" apple1="82712" apple2="82716" goldCost="100"/>
  <daimonapple_split fuseApple="83212" apple1="82704" apple2="82717" goldCost="100"/>
  <daimonapple_split fuseApple="83213" apple1="82714" apple2="82724" goldCost="100"/>
  <daimonapple_split fuseApple="83108" apple1="82601" apple2="82616" goldCost="50"/>
  <daimonapple_split fuseApple="83109" apple1="82602" apple2="82617" goldCost="50"/>
  <daimonapple_split fuseApple="83110" apple1="81125" apple2="82618" goldCost="50"/>
  <daimonapple_split fuseApple="83111" apple1="82612" apple2="82619" goldCost="50"/>
  <daimonapple_split fuseApple="83112" apple1="82605" apple2="81125" goldCost="50"/>
  <daimonapple_split fuseApple="83113" apple1="82605" apple2="82602" goldCost="50"/>
  <daimonapple_split fuseApple="83114" apple1="82609" apple2="82602" goldCost="50"/>
  <daimonapple_split fuseApple="83115" apple1="81125" apple2="82619" goldCost="50"/>
  <daimonapple_split fuseApple="83214" apple1="82716" apple2="82702" goldCost="50"/>
  <daimonapple_split fuseApple="83215" apple1="82715" apple2="82714" goldCost="100"/>
  <daimonapple_split fuseApple="83216" apple1="83031" apple2="83027" goldCost="100"/>
  <daimonapple_split fuseApple="83217" apple1="82714" apple2="83027" goldCost="100"/>
  <daimonapple_split fuseApple="83218" apple1="82712" apple2="83027" goldCost="100"/>
  <daimonapple_split fuseApple="83219" apple1="83028" apple2="82702" goldCost="100"/>
  <daimonapple_split fuseApple="83220" apple1="83031" apple2="82701" goldCost="100"/>
  <daimonapple_split fuseApple="83221" apple1="83031" apple2="82704" goldCost="100"/>
  <daimonapple_split fuseApple="83222" apple1="83031" apple2="82714" goldCost="100"/>
  <daimonapple_split fuseApple="83223" apple1="83028" apple2="82701" goldCost="100"/>
  <daimonapple_split fuseApple="83224" apple1="83027" apple2="82715" goldCost="100"/>
  <daimonapple_split fuseApple="83225" apple1="82713" apple2="83028" goldCost="100"/>
  <daimonapple_split fuseApple="83226" apple1="82713" apple2="82718" goldCost="100"/>
  <daimonapple_split fuseApple="83116" apple1="82604" apple2="81125" goldCost="50"/>
  <daimonapple_split fuseApple="83117" apple1="82604" apple2="82608" goldCost="50"/>
  <daimonapple_split fuseApple="83118" apple1="82608" apple2="82616" goldCost="50"/>
  <daimonapple_split fuseApple="83119" apple1="82617" apple2="82601" goldCost="50"/>
  <daimonapple_split fuseApple="83227" apple1="82708" apple2="83028" goldCost="100"/>
  <daimonapple_split fuseApple="83228" apple1="82714" apple2="82705" goldCost="100"/>
  <daimonapple_split fuseApple="83229" apple1="82702" apple2="83031" goldCost="100"/>
  <daimonapple_split fuseApple="83120" apple1="82616" apple2="81125" goldCost="50"/>
  <daimonapple_split fuseApple="83121" apple1="82619" apple2="82609" goldCost="50"/>
  <daimonapple_split fuseApple="83122" apple1="82607" apple2="82601" goldCost="50"/>
  <daimonapple_split fuseApple="83230" apple1="83028" apple2="82705" goldCost="100"/>
  <daimonapple_split fuseApple="83231" apple1="83027" apple2="82704" goldCost="100"/>
  <daimonapple_split fuseApple="83232" apple1="83029" apple2="82702" goldCost="100"/>
  <daimonapple_split fuseApple="83123" apple1="82616" apple2="82602" goldCost="50"/>
  <daimonapple_split fuseApple="83124" apple1="82618" apple2="82612" goldCost="50"/>
  <daimonapple_split fuseApple="83125" apple1="82605" apple2="82619" goldCost="50"/>
</root>