<root>
  <DaysSalary level="1" pay="50000" nextLv_need="100000"/>
  <DaysSalary level="2" pay="100000" nextLv_need="150000"/>
  <DaysSalary level="3" pay="150000" nextLv_need="200000"/>
  <DaysSalary level="4" pay="200000" nextLv_need="250000"/>
  <DaysSalary level="5" pay="250000" nextLv_need="300000"/>
  <DaysSalary level="6" pay="300000" nextLv_need="350000"/>
  <DaysSalary level="7" pay="350000" nextLv_need="400000"/>
  <DaysSalary level="8" pay="400000" nextLv_need="450000"/>
  <DaysSalary level="9" pay="450000" nextLv_need="500000"/>
  <DaysSalary level="10" pay="500000" nextLv_need="550000"/>
  <DaysSalary level="11" pay="550000" nextLv_need="600000"/>
  <DaysSalary level="12" pay="600000" nextLv_need="650000"/>
  <DaysSalary level="13" pay="650000" nextLv_need="700000"/>
  <DaysSalary level="14" pay="700000" nextLv_need="750000"/>
  <DaysSalary level="15" pay="750000" nextLv_need="800000"/>
  <DaysSalary level="16" pay="800000" nextLv_need="850000"/>
  <DaysSalary level="17" pay="850000" nextLv_need="900000"/>
  <DaysSalary level="18" pay="900000" nextLv_need="950000"/>
  <DaysSalary level="19" pay="950000" nextLv_need="1000000"/>
  <DaysSalary level="20" pay="1000000" nextLv_need="1050000"/>
  <DaysSalary level="21" pay="1050000" nextLv_need="1100000"/>
  <DaysSalary level="22" pay="1100000" nextLv_need="1150000"/>
  <DaysSalary level="23" pay="1150000" nextLv_need="1200000"/>
  <DaysSalary level="24" pay="1200000" nextLv_need="1250000"/>
  <DaysSalary level="25" pay="1250000" nextLv_need="1300000"/>
  <DaysSalary level="26" pay="1300000" nextLv_need="1350000"/>
  <DaysSalary level="27" pay="1350000" nextLv_need="1400000"/>
  <DaysSalary level="28" pay="1400000" nextLv_need="1450000"/>
  <DaysSalary level="29" pay="1450000" nextLv_need="1500000"/>
  <DaysSalary level="30" pay="1500000" nextLv_need="1550000"/>
  <DaysSalary level="31" pay="1550000" nextLv_need="1600000"/>
  <DaysSalary level="32" pay="1600000" nextLv_need="1650000"/>
  <DaysSalary level="33" pay="1650000" nextLv_need="1700000"/>
  <DaysSalary level="34" pay="1700000" nextLv_need="1750000"/>
  <DaysSalary level="35" pay="1750000" nextLv_need="1800000"/>
  <DaysSalary level="36" pay="1800000" nextLv_need="1850000"/>
  <DaysSalary level="37" pay="1850000" nextLv_need="1900000"/>
  <DaysSalary level="38" pay="1900000" nextLv_need="1950000"/>
  <DaysSalary level="39" pay="1950000" nextLv_need="2000000"/>
  <DaysSalary level="40" pay="2000000" nextLv_need="2050000"/>
  <DaysSalary level="41" pay="2050000" nextLv_need="2100000"/>
  <DaysSalary level="42" pay="2100000" nextLv_need="2150000"/>
  <DaysSalary level="43" pay="2150000" nextLv_need="2200000"/>
  <DaysSalary level="44" pay="2200000" nextLv_need="2250000"/>
  <DaysSalary level="45" pay="2250000" nextLv_need="2300000"/>
  <DaysSalary level="46" pay="2300000" nextLv_need="2350000"/>
  <DaysSalary level="47" pay="2350000" nextLv_need="2400000"/>
  <DaysSalary level="48" pay="2400000" nextLv_need="2450000"/>
  <DaysSalary level="49" pay="2450000" nextLv_need="2500000"/>
  <DaysSalary level="50" pay="2500000" nextLv_need="2550000"/>
  <DaysSalary level="51" pay="2550000" nextLv_need="2600000"/>
  <DaysSalary level="52" pay="2600000" nextLv_need="2650000"/>
  <DaysSalary level="53" pay="2650000" nextLv_need="2700000"/>
  <DaysSalary level="54" pay="2700000" nextLv_need="2750000"/>
  <DaysSalary level="55" pay="2750000" nextLv_need="2800000"/>
  <DaysSalary level="56" pay="2800000" nextLv_need="2850000"/>
  <DaysSalary level="57" pay="2850000" nextLv_need="2900000"/>
  <DaysSalary level="58" pay="2900000" nextLv_need="2950000"/>
  <DaysSalary level="59" pay="2950000" nextLv_need="3000000"/>
  <DaysSalary level="60" pay="3000000" nextLv_need="3050000"/>
  <DaysSalary level="61" pay="3050000" nextLv_need="3100000"/>
  <DaysSalary level="62" pay="3100000" nextLv_need="3150000"/>
  <DaysSalary level="63" pay="3150000" nextLv_need="3200000"/>
  <DaysSalary level="64" pay="3200000" nextLv_need="3250000"/>
  <DaysSalary level="65" pay="3250000" nextLv_need="3300000"/>
  <DaysSalary level="66" pay="3300000" nextLv_need="3350000"/>
  <DaysSalary level="67" pay="3350000" nextLv_need="3400000"/>
  <DaysSalary level="68" pay="3400000" nextLv_need="3450000"/>
  <DaysSalary level="69" pay="3450000" nextLv_need="3500000"/>
  <DaysSalary level="70" pay="3500000" nextLv_need="3550000"/>
  <DaysSalary level="71" pay="3550000" nextLv_need="3600000"/>
  <DaysSalary level="72" pay="3600000" nextLv_need="3650000"/>
  <DaysSalary level="73" pay="3650000" nextLv_need="3700000"/>
  <DaysSalary level="74" pay="3700000" nextLv_need="3750000"/>
  <DaysSalary level="75" pay="3750000" nextLv_need="3800000"/>
  <DaysSalary level="76" pay="3800000" nextLv_need="3850000"/>
  <DaysSalary level="77" pay="3850000" nextLv_need="3900000"/>
  <DaysSalary level="78" pay="3900000" nextLv_need="3950000"/>
  <DaysSalary level="79" pay="3950000" nextLv_need="4000000"/>
  <DaysSalary level="80" pay="4000000" nextLv_need="4050000"/>
  <DaysSalary level="81" pay="4050000" nextLv_need="4100000"/>
  <DaysSalary level="82" pay="4100000" nextLv_need="4150000"/>
  <DaysSalary level="83" pay="4150000" nextLv_need="4200000"/>
  <DaysSalary level="84" pay="4200000" nextLv_need="4250000"/>
  <DaysSalary level="85" pay="4250000" nextLv_need="4300000"/>
  <DaysSalary level="86" pay="4300000" nextLv_need="4350000"/>
  <DaysSalary level="87" pay="4350000" nextLv_need="4400000"/>
  <DaysSalary level="88" pay="4400000" nextLv_need="4450000"/>
  <DaysSalary level="89" pay="4450000" nextLv_need="4500000"/>
  <DaysSalary level="90" pay="4500000" nextLv_need="4550000"/>
  <DaysSalary level="91" pay="4550000" nextLv_need="4600000"/>
  <DaysSalary level="92" pay="4600000" nextLv_need="4650000"/>
  <DaysSalary level="93" pay="4650000" nextLv_need="4700000"/>
  <DaysSalary level="94" pay="4700000" nextLv_need="4750000"/>
  <DaysSalary level="95" pay="4750000" nextLv_need="4800000"/>
  <DaysSalary level="96" pay="4800000" nextLv_need="4850000"/>
  <DaysSalary level="97" pay="4850000" nextLv_need="4900000"/>
  <DaysSalary level="98" pay="4900000" nextLv_need="4950000"/>
  <DaysSalary level="99" pay="4950000" nextLv_need="5000000"/>
  <DaysSalary level="100" pay="5000000" nextLv_need="5050000"/>
</root>