<root>
  <dish id="1" tName="菜肴1" name="Bánh bột dừa" desc="Bánh mỳ nóng hổi mới ra lò, chỉ có điều ăn xong lại phải dọn sạch vụn dừa trên mặt đất thì rất rắc rối." iconid="caiyao1.png" showLevel="1" makeLevel="1" nextId="2" baseMakePrice="50" basePrice="600" exp="1" makeGroup="5|5000,6|3000,7|2000" critGroup="6|8000,7|2000"/>
  <dish id="2" tName="菜肴2" name="Pudding trứng gà" desc="Dùng trứng gà được chọn lựa kỹ càng để làm những chiếc bánh Pudding chất lượng hảo hạng, mềm mềm thơm thơm  chỉ muốn ăn ngay." iconid="caiyao2.png" showLevel="2" makeLevel="2" nextId="3" baseMakePrice="100" basePrice="1200" exp="1" makeGroup="5|5000,6|3000,7|2000" critGroup="6|8000,7|2000"/>
  <dish id="3" tName="菜肴3" name="Kem hải tặc" desc="Để đáp ứng nhu cầu muốn ăn kem của các cô gái, đầu bếp đã đặc biệt tạo ra một loại kem mà chỉ cần ăn một miếng là có thể cảm nhận được một hương vị của biển cả." iconid="caiyao3.png" showLevel="3" makeLevel="3" nextId="4" baseMakePrice="150" basePrice="1800" exp="1" makeGroup="5|5000,6|3000,7|2000" critGroup="6|8000,7|2000"/>
  <dish id="4" tName="菜肴4" name="Mỳ nấm cáo" desc="Một miếng nấm cáo lớn, bất luận là hình thức hay mùi vị đều khiến người ta thèm thuồng, chỉ có điều, bạn chắc sẽ không muốn biết những cây nấm sinh trưởng bên cạnh tổ cáo này được bón bằng gì." iconid="caiyao4.png" showLevel="4" makeLevel="4" nextId="5" baseMakePrice="200" basePrice="2400" exp="1" makeGroup="5|5000,6|3000,7|2000" critGroup="6|8000,7|2000"/>
  <dish id="5" tName="菜肴5" name="Cherry Pie" desc="Dùng 99 quả anh đào chín mọng tạo thành một cái bánh quả anh đào, bên cạnh còn có một hàng chữ không thích hợp cho người mắc chứng sợ đám đông" iconid="caiyao5.png" showLevel="5" makeLevel="5" nextId="6" baseMakePrice="250" basePrice="3000" exp="1" makeGroup="5|5000,6|3000,7|2000" critGroup="6|8000,7|2000"/>
  <dish id="6" tName="菜肴6" name="Cá thu nướng muối" desc="Bạn có còn nhớ, những năm đó, chúng ta ở bên bờ biển, dùng muối biển để nướng cá thu từ lúc mặt trời mọc đến khi mặt trời lặn." iconid="caiyao6.png" showLevel="6" makeLevel="6" nextId="7" baseMakePrice="300" basePrice="3600" exp="1" makeGroup="5|5000,6|3000,7|2000" critGroup="6|8000,7|2000"/>
  <dish id="7" tName="菜肴7" name="Cơm hải sản" desc="Ở trên biển, bất kể là đồ ăn gì cũng không được lãng phí, đầu bếp giỏi là người có thể biến những nguyên liệu dường như không thể sử dụng được thành món cơm hải sản tuyệt ngon." iconid="caiyao7.png" showLevel="7" makeLevel="7" nextId="8" baseMakePrice="350" basePrice="4200" exp="1" makeGroup="5|5000,6|3000,7|2000" critGroup="6|8000,7|2000"/>
  <dish id="8" tName="菜肴8" name="Bít tết thơm ngon" desc="Chỉ có người con gái đẹp nhất vùng biển này mới xứng đáng được thưởng thức món bít tết này." iconid="caiyao8.png" showLevel="8" makeLevel="8" nextId="9" baseMakePrice="400" basePrice="4800" exp="1" makeGroup="5|5000,6|3000,7|2000" critGroup="6|8000,7|2000"/>
  <dish id="9" tName="菜肴9" name="Tôm hùm hấp" desc="Con tôm hùm này nặng đến 3 kg, các nhà hàng bình thường ở Scotland hoàn toàn không thể làm được." iconid="caiyao9.png" showLevel="9" makeLevel="9" nextId="10" baseMakePrice="450" basePrice="5400" exp="1" makeGroup="5|5000,6|3000,7|2000" critGroup="6|8000,7|2000"/>
  <dish id="10" tName="菜肴10" name="Đĩa hoa quả Windmill" desc="Tất cả các trái cây đều là hoa quả sạch của làng Cối Xay Gió, lại được đặt trên những chiếc đĩa gỗ được làm thủ công, chắc chắn có thể tham gia vào các bữa tiệc quý tộc." iconid="caiyao10.png" showLevel="10" makeLevel="10" nextId="11" baseMakePrice="500" basePrice="6000" exp="1" makeGroup="5|5000,6|3000,7|2000" critGroup="6|8000,7|2000"/>
  <dish id="11" tName="菜肴11" name="Bít tết Khủng Long" desc="Đến từ tay nghề của các đầu bếp khổng lồ, đặt cả miếng thịt khủng long lên nướng trên miệng núi lửa, thật là bá đạo!" iconid="caiyao11.png" showLevel="11" makeLevel="11" nextId="12" baseMakePrice="550" basePrice="6600" exp="1" makeGroup="5|5000,6|3000,7|2000" critGroup="6|8000,7|2000"/>
  <dish id="12" tName="菜肴12" name="Cá chiên xù" desc="Bởi vì thực phẩm này thật sự rất nhẹ nên có rất ít đầu bếp có thể tạo ra chúng, thường là trong lúc dùng thìa ước lượng lại khiến cho chúng bay mất." iconid="caiyao12.png" showLevel="12" makeLevel="12" nextId="13" baseMakePrice="600" basePrice="7200" exp="1" makeGroup="5|5000,6|3000,7|2000" critGroup="6|8000,7|2000"/>
  <dish id="13" tName="菜肴13" name="Lẩu cá hầm" desc="Món ăn này khiến cho mùi cá lan tỏa đến cực điểm, nếu sử dụng trên biển, thường sẽ gọi được các loại vua biển cả." iconid="caiyao13.png" showLevel="13" makeLevel="13" nextId="14" baseMakePrice="650" basePrice="7800" exp="1" makeGroup="5|5000,6|3000,7|2000" critGroup="6|8000,7|2000"/>
  <dish id="14" tName="菜肴14" name="Lẩu thập cẩm" desc="Đầu bếp phát minh ra món ăn này hồi tưởng lại : đó là một cuộc thi đầu bếp vô cùng quan trọng, cầu vồng trên trời đã giúp tôi có một linh cảm, thế là tôi đã dùng 7 loại thực phẩm bình thường  nhất để làm nên món thập cẩm này." iconid="caiyao14.png" showLevel="14" makeLevel="14" nextId="15" baseMakePrice="700" basePrice="8400" exp="1" makeGroup="5|5000,6|3000,7|2000" critGroup="6|8000,7|2000"/>
  <dish id="15" tName="菜肴15" name="Cá vòi voi" desc="Đối với một đầu bếp mà nói thì Cá vòi voi mật chế Là một loại nguyên liệu chỉ có trong mơ, nó chỉ xuất hiện ở vùng giao cắt giữa 4 biển, các đầu bếp sau khi làm xong đều chết vì quá sung sướng,  vì thế cách chế biến nó vẫn còn là một bí mật." iconid="caiyao15.png" showLevel="15" makeLevel="15" nextId="16" baseMakePrice="750" basePrice="9000" exp="1" makeGroup="5|5000,6|3000,7|2000" critGroup="6|8000,7|2000"/>
  <dish id="16" tName="菜肴16" name="Đậu phụ" desc="Đến từ kĩ nghệ mật truyền của phương Đông,  hương vị cay nhất trần đời, ai ăn xong không chết có thể học được ho ra lửa" iconid="caiyao16.png" showLevel="17" makeLevel="17" nextId="17" baseMakePrice="800" basePrice="10200" exp="1" makeGroup="5|5000,6|3000,7|2000" critGroup="6|8000,7|2000"/>
  <dish id="17" tName="菜肴17" name="Bạch tuộc xào" desc="Được làm nên từ hơn mười loại hương liệu, dùng lửa mạnh mà hấp, ăn một miếng có thể làm cho dũng khí tăng bội phần, tự tin mạnh mẽ." iconid="caiyao17.png" showLevel="19" makeLevel="19" nextId="18" baseMakePrice="850" basePrice="11400" exp="1" makeGroup="5|5000,6|3000,7|2000" critGroup="6|8000,7|2000"/>
  <dish id="18" tName="菜肴18" name="Cơm trứng" desc="Cơm trắng này tuy nhìn đơn giản nhưng toàn thế gian chỉ có chưa đầy mười đầu bếp có thể làm được, chỉ có điều bọn họ làm các hương vị đều không giống nhau." iconid="caiyao18.png" showLevel="21" makeLevel="21" nextId="19" baseMakePrice="900" basePrice="12600" exp="1" makeGroup="5|5000,6|3000,7|2000" critGroup="6|8000,7|2000"/>
  <dish id="19" tName="菜肴19" name="Vằn thắn thịt" desc="Cho nhiều loại thịt vào chung một nồi, hương vị bình thường nhưng có thể bổ sung thể lực." iconid="caiyao19.png" showLevel="23" makeLevel="23" nextId="20" baseMakePrice="950" basePrice="13800" exp="1" makeGroup="5|5000,6|3000,7|2000" critGroup="6|8000,7|2000"/>
  <dish id="20" tName="菜肴20" name="Lẩu hải sản" desc="Do các loại hải sản Giang Nam cấu thành, ăn vào có thể cảm giác được sóng biển dạt dào, nhưng người ta nói có thể bị béo." iconid="caiyao20.png" showLevel="25" makeLevel="25" nextId="21" baseMakePrice="1000" basePrice="15000" exp="1" makeGroup="5|5000,6|3000,7|2000" critGroup="6|8000,7|2000"/>
  <dish id="21" tName="菜肴21" name="Lẩu rau" desc="Do các loại rau, thuốc quí cho vào nồi nấu thành, ăn vào có thể cảm thấy mây gió phiêu bồng, người ta nói ăn vào có thể gia tăng công hiệu" iconid="caiyao21.png" showLevel="27" makeLevel="27" nextId="22" baseMakePrice="1050" basePrice="16200" exp="1" makeGroup="5|5000,6|3000,7|2000" critGroup="6|8000,7|2000"/>
  <dish id="22" tName="菜肴22" name="Đồ uống đặc chế" desc="Đồ uống do Sanji chế biến, mùi vị độc đáo. Uống vào dũng khí của Vịt Karoo tăng bội lần, tự tin thăm dò tình địch. " iconid="caiyao22.png" showLevel="29" makeLevel="29" nextId="23" baseMakePrice="1100" basePrice="17400" exp="1" makeGroup="5|5000,6|3000,7|2000" critGroup="6|8000,7|2000"/>
  <dish id="23" tName="菜肴23" name="Cơm hạt dẻ gan ngỗng" desc="Hạt dẻ vàng với gan ngỗng, màu sắc hay mùi vị đều rất kích thích, dư vị miên man." iconid="caiyao23.png" showLevel="31" makeLevel="31" nextId="24" baseMakePrice="1150" basePrice="18600" exp="1" makeGroup="5|5000,6|3000,7|2000" critGroup="6|8000,7|2000"/>
  <dish id="24" tName="菜肴24" name="Cơm hộp hải tặc" desc="Hộp cơm thức ăn phong phú, là thứ mà các hải tặc mong muốn khi thám hiểm. Chỉ có Luffy mới ăn hết cơm trong hộp 1 bữa." iconid="caiyao24.png" showLevel="33" makeLevel="33" nextId="25" baseMakePrice="1200" basePrice="19800" exp="1" makeGroup="5|5000,6|3000,7|2000" critGroup="6|8000,7|2000"/>
  <dish id="25" tName="菜肴25" name="Bít tết bách chiến" desc="Ở Tân thế giới có loài thú bách chiến bách thắng, lấy thịt nó nấu ăn người thường khó tiếp nhận, nhưng vì tên gọi mà được nhiều hải tặc tôn vinh." iconid="caiyao25.png" showLevel="35" makeLevel="35" nextId="26" baseMakePrice="1250" basePrice="21000" exp="1" makeGroup="5|5000,6|3000,7|2000" critGroup="6|8000,7|2000"/>
  <dish id="26" tName="菜肴26" name="Lẩu hải vương " desc="Loài đv biển to lớn, thêm nước sốt đảo Kuja. Mùi vị làm cho người ta có cảm giác thỏa mãn. Ăn 1 lần thì không muốn ăn những thứ khác nữa." iconid="caiyao26.png" showLevel="37" makeLevel="37" nextId="27" baseMakePrice="1300" basePrice="22200" exp="1" makeGroup="5|5000,6|3000,7|2000" critGroup="6|8000,7|2000"/>
  <dish id="27" tName="菜肴27" name="Cơm cà ri" desc="Thực phẩm có hương liệu Phương Đông, khiến người ăn cảm thấy có chút thần bí. Hương vị ngon tuyệt vời. Còn chưa ăn hết đã muốn nói“Cho thêm bát nữa”!" iconid="caiyao27.png" showLevel="39" makeLevel="39" nextId="28" baseMakePrice="1350" basePrice="23400" exp="1" makeGroup="5|5000,6|3000,7|2000" critGroup="6|8000,7|2000"/>
  <dish id="28" tName="菜肴28" name="Chim ruồi quay" desc="Loài chim ruồi trong Địa ngục, dùng cách nấu đơn giản nhất. Món ăn có thể tăng lực S.mệnh." iconid="caiyao28.png" showLevel="41" makeLevel="41" nextId="29" baseMakePrice="1400" basePrice="24600" exp="1" makeGroup="5|5000,6|3000,7|2000" critGroup="6|8000,7|2000"/>
  <dish id="29" tName="菜肴29" name="Mầm đá" desc="Món ngon do đầu bếp nổi tiếng chế biến, cho đá nướng chín vào nồi càng khiến cho món ăn chín hơn." iconid="caiyao29.png" showLevel="43" makeLevel="43" nextId="30" baseMakePrice="1450" basePrice="25800" exp="1" makeGroup="5|5000,6|3000,7|2000" critGroup="6|8000,7|2000"/>
  <dish id="30" tName="菜肴30" name="Bánh khoai tây" desc="Giòn tan vừa miệng, mặn ngọt vừa đủ. Người thưởng thức khi ăn ai cũng phải giơ ngón cái biểu thị “Oishi”. Luffy thì vừa ăn vừa khen “Tuyệt cú mèo”." iconid="caiyao30.png" showLevel="45" makeLevel="45" nextId="31" baseMakePrice="1500" basePrice="27000" exp="1" makeGroup="5|5000,6|3000,7|2000" critGroup="6|8000,7|2000"/>
  <dish id="31" tName="菜肴31" name="Mì xào không gian" desc="Món mì xào nêm thêm gia vị Skypiea. Nhìn có vẻ đơn giản nhưng lại thể hiện tài nghệ cao nhất của đầu bếp. Sau khi ăn cảm giác hạnh phúc như đang bay trên không trung." iconid="caiyao31.png" showLevel="47" makeLevel="47" nextId="32" baseMakePrice="1550" basePrice="28200" exp="1" makeGroup="5|5000,6|3000,7|2000" critGroup="6|8000,7|2000"/>
  <dish id="32" tName="菜肴32" name="Cháo gà Tam Hoàng" desc="Tất cả những tinh túy của Gà Tam hoàng đều có trong bát cháo này. Khi mở nồi cháo sẽ tưởng tượng ra cảnh con gà từ trong nồi bay ra cho nên rất nhiều người sợ món này." iconid="caiyao32.png" showLevel="49" makeLevel="49" nextId="33" baseMakePrice="1600" basePrice="29400" exp="1" makeGroup="5|5000,6|3000,7|2000" critGroup="6|8000,7|2000"/>
  <dish id="33" tName="菜肴33" name="Bánh cuốn gió biển" desc="Không cho thêm bất cừ gia vị nào, nhưng hương vị lại thơm ngon vô cùng. Nhe nói cách chế biến món ăn này được ghi lại trên một tảng đá bằng thứ ngôn ngữ rất hiếm người đọc hiểu." iconid="caiyao33.png" showLevel="51" makeLevel="51" nextId="34" baseMakePrice="1650" basePrice="30600" exp="1" makeGroup="5|5000,6|3000,7|2000" critGroup="6|8000,7|2000"/>
  <dish id="34" tName="菜肴34" name="Thịt viên kì tích" desc="Thịt viên do nữ hoàng Iva được mệnh danh là “Con người kì tích” làm, bất kể là thành phần hay mùi vị đều khiến người thưởng thức cảm nhận được như đang trên thiên đường. Nhưng sau khi ăn có xác suất biến thành con người mới." iconid="caiyao34.png" showLevel="53" makeLevel="53" nextId="35" baseMakePrice="1700" basePrice="31800" exp="1" makeGroup="5|5000,6|3000,7|2000" critGroup="6|8000,7|2000"/>
  <dish id="35" tName="菜肴35" name="Mứt hải thú" desc="Mứt đặc chế từ 1 bộ phận của Hải thú, ăn 1 miếng có thể nghe thấy ăm thanh của hải vương bên tai. Giúp thỏa mãn cho những người chưa từng được biết đến hải vương." iconid="caiyao35.png" showLevel="55" makeLevel="55" nextId="36" baseMakePrice="1750" basePrice="33000" exp="1" makeGroup="5|5000,6|3000,7|2000" critGroup="6|8000,7|2000"/>
  <dish id="36" tName="菜肴36" name="Kem Gekko" desc="Kem do Moria đặc biệt chế biến cho Oars, trong quá trình chế biến đã dung hợp tất cả hồn của các loại món ăn, hương vị vô cùng phức tạp." iconid="caiyao36.png" showLevel="57" makeLevel="57" nextId="" baseMakePrice="1800" basePrice="34200" exp="1" makeGroup="5|5000,6|3000,7|2000" critGroup="6|8000,7|2000"/>
</root>