<root>
  <domineer_hero needHeroTid="30134" needHeroRebirth="0" needHeroLevel="0" needHeroPreciouseLevel="0" needDomineerlevel="8" afterTransferTid="30273" costBely="0" costYueLi="0" modelId="10003" canupgrade="0" atkmodel="0" strmodel="0"/>
  <domineer_hero needHeroTid="30158" needHeroRebirth="0" needHeroLevel="0" needHeroPreciouseLevel="0" needDomineerlevel="7" afterTransferTid="30270" costBely="0" costYueLi="0" modelId="10001" canupgrade="0" atkmodel="0" strmodel="0"/>
  <domineer_hero needHeroTid="30175" needHeroRebirth="0" needHeroLevel="0" needHeroPreciouseLevel="0" needDomineerlevel="7" afterTransferTid="30268" costBely="0" costYueLi="0" modelId="10002" canupgrade="0" atkmodel="0" strmodel="0"/>
  <domineer_hero needHeroTid="30173" needHeroRebirth="0" needHeroLevel="0" needHeroPreciouseLevel="0" needDomineerlevel="7" afterTransferTid="30267" costBely="0" costYueLi="0" modelId="10004" canupgrade="0" atkmodel="0" strmodel="0"/>
  <domineer_hero needHeroTid="30197" needHeroRebirth="0" needHeroLevel="0" needHeroPreciouseLevel="0" needDomineerlevel="7" afterTransferTid="30272" costBely="0" costYueLi="0" modelId="30071" canupgrade="0" atkmodel="0" strmodel="0"/>
  <domineer_hero needHeroTid="30202" needHeroRebirth="0" needHeroLevel="0" needHeroPreciouseLevel="0" needDomineerlevel="7" afterTransferTid="30271" costBely="0" costYueLi="0" modelId="30011" canupgrade="0" atkmodel="0" strmodel="0"/>
  <domineer_hero needHeroTid="30194" needHeroRebirth="0" needHeroLevel="0" needHeroPreciouseLevel="0" needDomineerlevel="9" afterTransferTid="30269" costBely="0" costYueLi="0" modelId="10005" canupgrade="0" atkmodel="0" strmodel="0"/>
  <domineer_hero needHeroTid="30174" needHeroRebirth="0" needHeroLevel="0" needHeroPreciouseLevel="0" needDomineerlevel="9" afterTransferTid="30266" costBely="0" costYueLi="0" modelId="10006" canupgrade="0" atkmodel="0" strmodel="0"/>
  <domineer_hero needHeroTid="30207" needHeroRebirth="0" needHeroLevel="0" needHeroPreciouseLevel="0" needDomineerlevel="9" afterTransferTid="30265" costBely="0" costYueLi="0" modelId="10007" canupgrade="0" atkmodel="0" strmodel="0"/>
  <domineer_hero needHeroTid="30195" needHeroRebirth="0" needHeroLevel="0" needHeroPreciouseLevel="0" needDomineerlevel="7" afterTransferTid="30278" costBely="0" costYueLi="0" modelId="10013" canupgrade="0" atkmodel="0" strmodel="0"/>
  <domineer_hero needHeroTid="30186" needHeroRebirth="0" needHeroLevel="0" needHeroPreciouseLevel="0" needDomineerlevel="7" afterTransferTid="30279" costBely="0" costYueLi="0" modelId="30070" canupgrade="0" atkmodel="0" strmodel="0"/>
  <domineer_hero needHeroTid="30210" needHeroRebirth="0" needHeroLevel="0" needHeroPreciouseLevel="0" needDomineerlevel="7" afterTransferTid="30289" costBely="0" costYueLi="0" modelId="10019" canupgrade="0" atkmodel="0" strmodel="0"/>
  <domineer_hero needHeroTid="30306" needHeroRebirth="0" needHeroLevel="0" needHeroPreciouseLevel="0" needDomineerlevel="7" afterTransferTid="30295" costBely="0" costYueLi="0" modelId="30124" canupgrade="0" atkmodel="0" strmodel="0"/>
  <domineer_hero needHeroTid="30211" needHeroRebirth="0" needHeroLevel="0" needHeroPreciouseLevel="0" needDomineerlevel="7" afterTransferTid="30321" costBely="0" costYueLi="0" modelId="10014" canupgrade="0" atkmodel="0" strmodel="0"/>
  <domineer_hero needHeroTid="30225" needHeroRebirth="0" needHeroLevel="125" needHeroPreciouseLevel="0" needDomineerlevel="10" afterTransferTid="30320" costBely="0" costYueLi="0" modelId="30150" canupgrade="0" atkmodel="0" strmodel="0"/>
  <domineer_hero needHeroTid="30323" needHeroRebirth="0" needHeroLevel="123" needHeroPreciouseLevel="0" needDomineerlevel="10" afterTransferTid="30322" costBely="0" costYueLi="0" modelId="30183" canupgrade="0" atkmodel="0" strmodel="0"/>
  <domineer_hero needHeroTid="30204" needHeroRebirth="0" needHeroLevel="115" needHeroPreciouseLevel="0" needDomineerlevel="7" afterTransferTid="30340" costBely="0" costYueLi="0" modelId="30016" canupgrade="0" atkmodel="0" strmodel="0"/>
  <domineer_hero needHeroTid="30168" needHeroRebirth="0" needHeroLevel="110" needHeroPreciouseLevel="0" needDomineerlevel="9" afterTransferTid="30351" costBely="0" costYueLi="0" modelId="10010" canupgrade="0" atkmodel="0" strmodel="0"/>
  <domineer_hero needHeroTid="30163" needHeroRebirth="0" needHeroLevel="" needHeroPreciouseLevel="0" needDomineerlevel="7" afterTransferTid="30354" costBely="0" costYueLi="0" modelId="10022" canupgrade="0" atkmodel="0" strmodel="0"/>
  <domineer_hero needHeroTid="30273" needHeroRebirth="0" needHeroLevel="125" needHeroPreciouseLevel="0" needDomineerlevel="11" afterTransferTid="30381" costBely="0" costYueLi="0" modelId="10003" canupgrade="1" atkmodel="1" strmodel="0"/>
  <domineer_hero needHeroTid="30270" needHeroRebirth="0" needHeroLevel="125" needHeroPreciouseLevel="0" needDomineerlevel="10" afterTransferTid="30378" costBely="0" costYueLi="0" modelId="10001" canupgrade="1" atkmodel="1" strmodel="0"/>
  <domineer_hero needHeroTid="30268" needHeroRebirth="0" needHeroLevel="125" needHeroPreciouseLevel="0" needDomineerlevel="10" afterTransferTid="30376" costBely="0" costYueLi="0" modelId="10002" canupgrade="1" atkmodel="2" strmodel="0"/>
  <domineer_hero needHeroTid="30267" needHeroRebirth="0" needHeroLevel="125" needHeroPreciouseLevel="0" needDomineerlevel="10" afterTransferTid="30375" costBely="0" costYueLi="0" modelId="10004" canupgrade="1" atkmodel="1" strmodel="0"/>
  <domineer_hero needHeroTid="30272" needHeroRebirth="0" needHeroLevel="125" needHeroPreciouseLevel="0" needDomineerlevel="10" afterTransferTid="30380" costBely="0" costYueLi="0" modelId="30071" canupgrade="1" atkmodel="1" strmodel="0"/>
  <domineer_hero needHeroTid="30271" needHeroRebirth="0" needHeroLevel="125" needHeroPreciouseLevel="0" needDomineerlevel="10" afterTransferTid="30379" costBely="0" costYueLi="0" modelId="30011" canupgrade="1" atkmodel="1" strmodel="0"/>
  <domineer_hero needHeroTid="30269" needHeroRebirth="0" needHeroLevel="125" needHeroPreciouseLevel="0" needDomineerlevel="12" afterTransferTid="30377" costBely="0" costYueLi="0" modelId="10005" canupgrade="1" atkmodel="2" strmodel="0"/>
  <domineer_hero needHeroTid="30266" needHeroRebirth="0" needHeroLevel="125" needHeroPreciouseLevel="0" needDomineerlevel="12" afterTransferTid="30374" costBely="0" costYueLi="0" modelId="10006" canupgrade="1" atkmodel="1" strmodel="0"/>
  <domineer_hero needHeroTid="30265" needHeroRebirth="0" needHeroLevel="125" needHeroPreciouseLevel="0" needDomineerlevel="12" afterTransferTid="30373" costBely="0" costYueLi="0" modelId="10007" canupgrade="1" atkmodel="1" strmodel="0"/>
  <domineer_hero needHeroTid="30247" needHeroRebirth="0" needHeroLevel="128" needHeroPreciouseLevel="0" needDomineerlevel="12" afterTransferTid="30385" costBely="0" costYueLi="0" modelId="10020" canupgrade="0" atkmodel="0" strmodel="0"/>
  <domineer_hero needHeroTid="30185" needHeroRebirth="0" needHeroLevel="115" needHeroPreciouseLevel="0" needDomineerlevel="7" afterTransferTid="30391" costBely="0" costYueLi="0" modelId="30017" canupgrade="0" atkmodel="0" strmodel="0"/>
  <domineer_hero needHeroTid="30208" needHeroRebirth="0" needHeroLevel="120" needHeroPreciouseLevel="0" needDomineerlevel="9" afterTransferTid="30392" costBely="0" costYueLi="0" modelId="30018" canupgrade="0" atkmodel="0" strmodel="0"/>
  <domineer_hero needHeroTid="30295" needHeroRebirth="0" needHeroLevel="125" needHeroPreciouseLevel="0" needDomineerlevel="9" afterTransferTid="30397" costBely="0" costYueLi="0" modelId="30124" canupgrade="1" atkmodel="1" strmodel="0"/>
  <domineer_hero needHeroTid="30294" needHeroRebirth="0" needHeroLevel="120" needHeroPreciouseLevel="0" needDomineerlevel="8" afterTransferTid="30408" costBely="0" costYueLi="0" modelId="30294" canupgrade="0" atkmodel="0" strmodel="0"/>
  <domineer_hero needHeroTid="30322" needHeroRebirth="0" needHeroLevel="125" needHeroPreciouseLevel="0" needDomineerlevel="12" afterTransferTid="30412" costBely="0" costYueLi="0" modelId="30183" canupgrade="1" atkmodel="1" strmodel="0"/>
  <domineer_hero needHeroTid="30235" needHeroRebirth="0" needHeroLevel="112" needHeroPreciouseLevel="0" needDomineerlevel="7" afterTransferTid="30418" costBely="0" costYueLi="0" modelId="30193" canupgrade="0" atkmodel="0" strmodel="0"/>
  <domineer_hero needHeroTid="30351" needHeroRebirth="0" needHeroLevel="115" needHeroPreciouseLevel="0" needDomineerlevel="10" afterTransferTid="30421" costBely="0" costYueLi="0" modelId="10010" canupgrade="1" atkmodel="1" strmodel="0"/>
  <domineer_hero needHeroTid="30261" needHeroRebirth="0" needHeroLevel="115" needHeroPreciouseLevel="0" needDomineerlevel="9" afterTransferTid="30422" costBely="0" costYueLi="0" modelId="30205" canupgrade="0" atkmodel="0" strmodel="0"/>
  <domineer_hero needHeroTid="30355" needHeroRebirth="0" needHeroLevel="115" needHeroPreciouseLevel="0" needDomineerlevel="7" afterTransferTid="30430" costBely="0" costYueLi="0" modelId="30317" canupgrade="0" atkmodel="0" strmodel="0"/>
  <domineer_hero needHeroTid="30250" needHeroRebirth="0" needHeroLevel="110" needHeroPreciouseLevel="0" needDomineerlevel="7" afterTransferTid="30431" costBely="0" costYueLi="0" modelId="30139" canupgrade="0" atkmodel="0" strmodel="0"/>
  <domineer_hero needHeroTid="30279" needHeroRebirth="0" needHeroLevel="125" needHeroPreciouseLevel="0" needDomineerlevel="9" afterTransferTid="30440" costBely="0" costYueLi="0" modelId="30070" canupgrade="1" atkmodel="1" strmodel="0"/>
  <domineer_hero needHeroTid="30283" needHeroRebirth="0" needHeroLevel="122" needHeroPreciouseLevel="0" needDomineerlevel="8" afterTransferTid="30454" costBely="0" costYueLi="0" modelId="30187" canupgrade="0" atkmodel="0" strmodel="0"/>
  <domineer_hero needHeroTid="30320" needHeroRebirth="0" needHeroLevel="125" needHeroPreciouseLevel="0" needDomineerlevel="12" afterTransferTid="30458" costBely="0" costYueLi="0" modelId="30150" canupgrade="1" atkmodel="1" strmodel="0"/>
  <domineer_hero needHeroTid="30285" needHeroRebirth="0" needHeroLevel="125" needHeroPreciouseLevel="0" needDomineerlevel="29" afterTransferTid="30481" costBely="0" costYueLi="0" modelId="30285" canupgrade="1" atkmodel="1" strmodel="0"/>
  <domineer_hero needHeroTid="30284" needHeroRebirth="0" needHeroLevel="125" needHeroPreciouseLevel="0" needDomineerlevel="29" afterTransferTid="30483" costBely="0" costYueLi="0" modelId="30284" canupgrade="1" atkmodel="1" strmodel="0"/>
  <domineer_hero needHeroTid="30385" needHeroRebirth="0" needHeroLevel="125" needHeroPreciouseLevel="0" needDomineerlevel="29" afterTransferTid="30484" costBely="0" costYueLi="0" modelId="30385" canupgrade="1" atkmodel="0" strmodel="0"/>
  <domineer_hero needHeroTid="30461" needHeroRebirth="0" needHeroLevel="125" needHeroPreciouseLevel="0" needDomineerlevel="29" afterTransferTid="30486" costBely="0" costYueLi="0" modelId="30461" canupgrade="1" atkmodel="1" strmodel="0"/>
  <domineer_hero needHeroTid="30277" needHeroRebirth="0" needHeroLevel="125" needHeroPreciouseLevel="0" needDomineerlevel="29" afterTransferTid="30464" costBely="0" costYueLi="0" modelId="30277" canupgrade="1" atkmodel="1" strmodel="0"/>
  <domineer_hero needHeroTid="30381" needHeroRebirth="0" needHeroLevel="125" needHeroPreciouseLevel="0" needDomineerlevel="29" afterTransferTid="30471" costBely="0" costYueLi="0" modelId="30381" canupgrade="1" atkmodel="1" strmodel="0"/>
  <domineer_hero needHeroTid="30373" needHeroRebirth="0" needHeroLevel="125" needHeroPreciouseLevel="0" needDomineerlevel="20" afterTransferTid="30462" costBely="0" costYueLi="0" modelId="30373" canupgrade="1" atkmodel="1" strmodel="0"/>
  <domineer_hero needHeroTid="30462" needHeroRebirth="0" needHeroLevel="125" needHeroPreciouseLevel="0" needDomineerlevel="29" afterTransferTid="30472" costBely="0" costYueLi="0" modelId="30462" canupgrade="1" atkmodel="1" strmodel="0"/>
  <domineer_hero needHeroTid="30415" needHeroRebirth="0" needHeroLevel="125" needHeroPreciouseLevel="0" needDomineerlevel="29" afterTransferTid="30473" costBely="0" costYueLi="0" modelId="30415" canupgrade="1" atkmodel="1" strmodel="0"/>
  <domineer_hero needHeroTid="30324" needHeroRebirth="0" needHeroLevel="125" needHeroPreciouseLevel="0" needDomineerlevel="29" afterTransferTid="30474" costBely="0" costYueLi="0" modelId="30324" canupgrade="1" atkmodel="1" strmodel="0"/>
  <domineer_hero needHeroTid="30458" needHeroRebirth="0" needHeroLevel="125" needHeroPreciouseLevel="0" needDomineerlevel="29" afterTransferTid="30475" costBely="0" costYueLi="0" modelId="30458" canupgrade="1" atkmodel="1" strmodel="0"/>
  <domineer_hero needHeroTid="30221" needHeroRebirth="0" needHeroLevel="125" needHeroPreciouseLevel="0" needDomineerlevel="29" afterTransferTid="30476" costBely="0" costYueLi="0" modelId="30221" canupgrade="1" atkmodel="1" strmodel="0"/>
  <domineer_hero needHeroTid="30459" needHeroRebirth="0" needHeroLevel="125" needHeroPreciouseLevel="0" needDomineerlevel="29" afterTransferTid="30491" costBely="0" costYueLi="0" modelId="30459" canupgrade="1" atkmodel="1" strmodel="0"/>
  <domineer_hero needHeroTid="30433" needHeroRebirth="0" needHeroLevel="125" needHeroPreciouseLevel="0" needDomineerlevel="29" afterTransferTid="30460" costBely="0" costYueLi="0" modelId="30433" canupgrade="1" atkmodel="1" strmodel="0"/>
</root>