<root>
  <domineer_property id="0" upgradeNeed="50" forceProperty="61" knowledgeProperty="1" DomineerProperty="60" forceModulus="20000" knowledgeModulus="200000" DomineerModulus="20000" DomineerUpgrade="70" AshuraUpgrade="50" AshuraModulus="20000"/>
  <domineer_property id="1" upgradeNeed="100" forceProperty="61" knowledgeProperty="1" DomineerProperty="60" forceModulus="20000" knowledgeModulus="200000" DomineerModulus="20000" DomineerUpgrade="120" AshuraUpgrade="100" AshuraModulus="20000"/>
  <domineer_property id="2" upgradeNeed="200" forceProperty="61" knowledgeProperty="1" DomineerProperty="60" forceModulus="10000" knowledgeModulus="100000" DomineerModulus="10000" DomineerUpgrade="180" AshuraUpgrade="200" AshuraModulus="10000"/>
  <domineer_property id="3" upgradeNeed="300" forceProperty="61" knowledgeProperty="1" DomineerProperty="60" forceModulus="10000" knowledgeModulus="100000" DomineerModulus="10000" DomineerUpgrade="250" AshuraUpgrade="300" AshuraModulus="10000"/>
  <domineer_property id="4" upgradeNeed="500" forceProperty="61" knowledgeProperty="1" DomineerProperty="60" forceModulus="5000" knowledgeModulus="50000" DomineerModulus="5000" DomineerUpgrade="330" AshuraUpgrade="500" AshuraModulus="5000"/>
  <domineer_property id="5" upgradeNeed="700" forceProperty="61" knowledgeProperty="1" DomineerProperty="60" forceModulus="5000" knowledgeModulus="50000" DomineerModulus="5000" DomineerUpgrade="425" AshuraUpgrade="700" AshuraModulus="5000"/>
  <domineer_property id="6" upgradeNeed="950" forceProperty="61" knowledgeProperty="1" DomineerProperty="60" forceModulus="4000" knowledgeModulus="40000" DomineerModulus="4000" DomineerUpgrade="535" AshuraUpgrade="950" AshuraModulus="4000"/>
  <domineer_property id="7" upgradeNeed="1200" forceProperty="61" knowledgeProperty="1" DomineerProperty="60" forceModulus="4000" knowledgeModulus="40000" DomineerModulus="4000" DomineerUpgrade="660" AshuraUpgrade="1200" AshuraModulus="4000"/>
  <domineer_property id="8" upgradeNeed="1450" forceProperty="61" knowledgeProperty="1" DomineerProperty="60" forceModulus="4000" knowledgeModulus="40000" DomineerModulus="4000" DomineerUpgrade="800" AshuraUpgrade="1450" AshuraModulus="4000"/>
  <domineer_property id="9" upgradeNeed="1850" forceProperty="61" knowledgeProperty="1" DomineerProperty="60" forceModulus="2500" knowledgeModulus="25000" DomineerModulus="2500" DomineerUpgrade="955" AshuraUpgrade="1850" AshuraModulus="2500"/>
  <domineer_property id="10" upgradeNeed="2250" forceProperty="61" knowledgeProperty="1" DomineerProperty="60" forceModulus="2500" knowledgeModulus="25000" DomineerModulus="2500" DomineerUpgrade="1130" AshuraUpgrade="2250" AshuraModulus="2500"/>
  <domineer_property id="11" upgradeNeed="2650" forceProperty="61" knowledgeProperty="1" DomineerProperty="60" forceModulus="2500" knowledgeModulus="25000" DomineerModulus="2500" DomineerUpgrade="1325" AshuraUpgrade="2650" AshuraModulus="2500"/>
  <domineer_property id="12" upgradeNeed="3150" forceProperty="61" knowledgeProperty="1" DomineerProperty="60" forceModulus="2000" knowledgeModulus="20000" DomineerModulus="2000" DomineerUpgrade="1540" AshuraUpgrade="3150" AshuraModulus="2000"/>
  <domineer_property id="13" upgradeNeed="3650" forceProperty="61" knowledgeProperty="1" DomineerProperty="60" forceModulus="2000" knowledgeModulus="20000" DomineerModulus="2000" DomineerUpgrade="1775" AshuraUpgrade="3650" AshuraModulus="2000"/>
  <domineer_property id="14" upgradeNeed="4150" forceProperty="61" knowledgeProperty="1" DomineerProperty="60" forceModulus="2000" knowledgeModulus="20000" DomineerModulus="2000" DomineerUpgrade="2030" AshuraUpgrade="4150" AshuraModulus="2000"/>
  <domineer_property id="15" upgradeNeed="4650" forceProperty="61" knowledgeProperty="1" DomineerProperty="60" forceModulus="2000" knowledgeModulus="20000" DomineerModulus="2000" DomineerUpgrade="2310" AshuraUpgrade="4650" AshuraModulus="2000"/>
  <domineer_property id="16" upgradeNeed="5275" forceProperty="61" knowledgeProperty="1" DomineerProperty="60" forceModulus="1600" knowledgeModulus="16000" DomineerModulus="1600" DomineerUpgrade="2615" AshuraUpgrade="5275" AshuraModulus="1600"/>
  <domineer_property id="17" upgradeNeed="5900" forceProperty="61" knowledgeProperty="1" DomineerProperty="60" forceModulus="1600" knowledgeModulus="16000" DomineerModulus="1600" DomineerUpgrade="2945" AshuraUpgrade="5900" AshuraModulus="1600"/>
  <domineer_property id="18" upgradeNeed="6525" forceProperty="61" knowledgeProperty="1" DomineerProperty="60" forceModulus="1600" knowledgeModulus="16000" DomineerModulus="1600" DomineerUpgrade="3300" AshuraUpgrade="6525" AshuraModulus="1600"/>
  <domineer_property id="19" upgradeNeed="7150" forceProperty="61" knowledgeProperty="1" DomineerProperty="60" forceModulus="1600" knowledgeModulus="16000" DomineerModulus="1600" DomineerUpgrade="3680" AshuraUpgrade="7150" AshuraModulus="1600"/>
  <domineer_property id="20" upgradeNeed="8150" forceProperty="61" knowledgeProperty="1" DomineerProperty="60" forceModulus="1000" knowledgeModulus="10000" DomineerModulus="1000" DomineerUpgrade="4090" AshuraUpgrade="8150" AshuraModulus="1000"/>
  <domineer_property id="21" upgradeNeed="9150" forceProperty="61" knowledgeProperty="1" DomineerProperty="60" forceModulus="1000" knowledgeModulus="10000" DomineerModulus="1000" DomineerUpgrade="4530" AshuraUpgrade="9150" AshuraModulus="1000"/>
  <domineer_property id="22" upgradeNeed="10400" forceProperty="61" knowledgeProperty="1" DomineerProperty="60" forceModulus="800" knowledgeModulus="8000" DomineerModulus="800" DomineerUpgrade="5000" AshuraUpgrade="10400" AshuraModulus="800"/>
  <domineer_property id="23" upgradeNeed="11650" forceProperty="61" knowledgeProperty="1" DomineerProperty="60" forceModulus="800" knowledgeModulus="8000" DomineerModulus="800" DomineerUpgrade="5500" AshuraUpgrade="11650" AshuraModulus="800"/>
  <domineer_property id="24" upgradeNeed="13650" forceProperty="61" knowledgeProperty="1" DomineerProperty="60" forceModulus="500" knowledgeModulus="5000" DomineerModulus="500" DomineerUpgrade="6030" AshuraUpgrade="13650" AshuraModulus="500"/>
  <domineer_property id="25" upgradeNeed="15650" forceProperty="61" knowledgeProperty="1" DomineerProperty="60" forceModulus="500" knowledgeModulus="5000" DomineerModulus="500" DomineerUpgrade="6630" AshuraUpgrade="15650" AshuraModulus="500"/>
  <domineer_property id="26" upgradeNeed="17650" forceProperty="61" knowledgeProperty="1" DomineerProperty="60" forceModulus="500" knowledgeModulus="5000" DomineerModulus="500" DomineerUpgrade="7300" AshuraUpgrade="17650" AshuraModulus="500"/>
  <domineer_property id="27" upgradeNeed="19650" forceProperty="61" knowledgeProperty="1" DomineerProperty="60" forceModulus="500" knowledgeModulus="5000" DomineerModulus="500" DomineerUpgrade="8040" AshuraUpgrade="19650" AshuraModulus="500"/>
  <domineer_property id="28" upgradeNeed="21650" forceProperty="61" knowledgeProperty="1" DomineerProperty="60" forceModulus="500" knowledgeModulus="5000" DomineerModulus="500" DomineerUpgrade="8850" AshuraUpgrade="21650" AshuraModulus="500"/>
  <domineer_property id="29" upgradeNeed="23650" forceProperty="61" knowledgeProperty="1" DomineerProperty="60" forceModulus="500" knowledgeModulus="5000" DomineerModulus="500" DomineerUpgrade="9730" AshuraUpgrade="23650" AshuraModulus="500"/>
</root>