<root>
  <domineer_scene id="1" victoryProbability="5500" name="T.luyện Biển" description="Vùng biển nằm trong Calm Belt luôn vô cùng nguy hiểm, rất nhiều loài hải vương nghỉ ngơi ở đây, thỉnh thoảng bạn sẽ lượm được 1 tấm hình có chữ kí của chúng." winGetkind="1000|0|0" lossGetkind="1000|0|0" species="100|100|0" winforceDrop="7|13" winknowledgeDrop="7|13" windomineerDrop="7|13" lossforceDrop="5|9" lossknowledgeDrop="5|9" lossdomineerDrop="5|9" goldwinProbability="10000" bossid="73" AshuraDropRate="" winAshuraDrop=""/>
  <domineer_scene id="2" victoryProbability="4200" name="T.luyện Đá" description="Hải lâu thạch là 1 loại đá đặc biệt có thể khiến sức mạnh trái ác ma tạm thời biến mất. Trải nghiệm cảm giác làm người bình thường ở quê hương Hải Lâu Thạch nào." winGetkind="1000|0|0" lossGetkind="1000|0|0" species="100|100|0" winforceDrop="12|18" winknowledgeDrop="12|18" windomineerDrop="12|18" lossforceDrop="9|13" lossknowledgeDrop="9|13" lossdomineerDrop="9|13" goldwinProbability="10000" bossid="89" AshuraDropRate="" winAshuraDrop=""/>
  <domineer_scene id="3" victoryProbability="4500" name="T.luyện Hồ" description="Hồ nước ngọt có tính cách không phải dễ dàng gặp được, một phút trước vẫn còn trong xanh yên lặng, một phút sau đã xuất hiện những xoáy nước rồi." winGetkind="1000|0|0" lossGetkind="1000|0|0" species="100|100|0" winforceDrop="17|23" winknowledgeDrop="17|23" windomineerDrop="17|23" lossforceDrop="12|16" lossknowledgeDrop="12|16" lossdomineerDrop="12|16" goldwinProbability="10000" bossid="75" AshuraDropRate="" winAshuraDrop=""/>
  <domineer_scene id="4" victoryProbability="4500" name="T.luyện Đầm lầy" description="Khu vực đám mây đầm lầy, người bị lạc vào sẽ rất khó di chuyển, giẫm vào những đám mây đặc biệt nào đó sẽ không thể dùng khả năng của bản thân để thoát ra." winGetkind="1000|0|0" lossGetkind="1000|0|0" species="100|100|0" winforceDrop="22|28" winknowledgeDrop="22|28" windomineerDrop="22|28" lossforceDrop="15|19" lossknowledgeDrop="15|19" lossdomineerDrop="15|19" goldwinProbability="10000" bossid="76" AshuraDropRate="" winAshuraDrop=""/>
  <domineer_scene id="5" victoryProbability="5000" name="T.luyện Băng" description="Khu vực đóng băng còn lạnh hơn cả Địa ngục Băng Giá trong Impel Down, không có sinh vật nào có thể sống ở đó, ở mép bờ có thể nhìn thấy nhiều tượng băng." winGetkind="900|100|0" lossGetkind="900|100|0" species="100|100|15" winforceDrop="27|33" winknowledgeDrop="27|33" windomineerDrop="27|33" lossforceDrop="19|23" lossknowledgeDrop="19|23" lossdomineerDrop="19|23" goldwinProbability="10000" bossid="228" AshuraDropRate="" winAshuraDrop=""/>
  <domineer_scene id="6" victoryProbability="5000" name="T.luyện Gỗ" description="Thực vật sinh trưởng là những cây lớn gấp mấy chục lần cây thường, nơi đây là một khu rừng cổ kính. Không chỉ thực vật, động vật ở đây cũng to gấp mấy chục lần bình thường." winGetkind="900|110|0" lossGetkind="900|110|0" species="100|100|15" winforceDrop="35|45" winknowledgeDrop="35|45" windomineerDrop="35|45" lossforceDrop="24|30" lossknowledgeDrop="24|30" lossdomineerDrop="24|30" goldwinProbability="5500" bossid="63" AshuraDropRate="" winAshuraDrop=""/>
  <domineer_scene id="7" victoryProbability="4500" name="T.luyện Cát" description="Khắp nơi đều là sỏi, khi bão cát đen xuất hiện sẽ cuộn lượng cát bụi lớn, thực vật ở đây đều bị hút cạn nước vì những trận bão cát." winGetkind="900|120|0" lossGetkind="900|120|0" species="100|100|15" winforceDrop="45|55" winknowledgeDrop="45|55" windomineerDrop="45|55" lossforceDrop="31|37" lossknowledgeDrop="31|37" lossdomineerDrop="31|37" goldwinProbability="5000" bossid="74" AshuraDropRate="" winAshuraDrop=""/>
  <domineer_scene id="8" victoryProbability="4500" name="T.luyện Lửa" description="Khu vực của những ngọn núi lửa, một lúc nào đó trong ngày những núi lửa này sẽ phun trào. Sức nóng của nó đến cả người có sức mạnh trái ác quỷ cũng không chịu được." winGetkind="900|150|0" lossGetkind="900|150|0" species="100|100|15" winforceDrop="55|65" winknowledgeDrop="55|65" windomineerDrop="55|65" lossforceDrop="38|44" lossknowledgeDrop="38|44" lossdomineerDrop="38|44" goldwinProbability="4500" bossid="191" AshuraDropRate="" winAshuraDrop=""/>
  <domineer_scene id="9" victoryProbability="5500" name="T.luyện Nghĩa" description="Đừng chỉ có đi đếm những thứ mình mất, thứ mất rồi không thể khôi phục, nhưng rốt cục ngươi còn lại những gì?" winGetkind="1000|0|0" lossGetkind="1000|0|0" species="100|100|0" winforceDrop="8|17" winknowledgeDrop="8|17" windomineerDrop="8|17" lossforceDrop="6|11" lossknowledgeDrop="6|11" lossdomineerDrop="6|11" goldwinProbability="10000" bossid="232" AshuraDropRate="" winAshuraDrop=""/>
  <domineer_scene id="10" victoryProbability="4200" name="T.luyện Trí" description="Râu Trắng kết thúc một thời đại, trận chiến đó chỉ là chương mở đầu, cùng với con sóng không thể chống đỡ, thời đại của các hào kiệt đến rồi, bánh xe đã hỏng rồi mà chẳng có người sửa cả!" winGetkind="1000|0|0" lossGetkind="1000|0|0" species="100|100|0" winforceDrop="15|21" winknowledgeDrop="15|21" windomineerDrop="15|21" lossforceDrop="11|15" lossknowledgeDrop="11|15" lossdomineerDrop="11|15" goldwinProbability="10000" bossid="188" AshuraDropRate="" winAshuraDrop=""/>
  <domineer_scene id="11" victoryProbability="4500" name="T.luyện Ái" description="Bất luận thần thiếp làm chuyện gì xấu, toàn thế giới cũng đều tha thứ! không sai, bởi thì thần thiếp đẹp thần thiếp có quyền!" winGetkind="1000|0|0" lossGetkind="1000|0|0" species="100|100|0" winforceDrop="21|27" winknowledgeDrop="21|27" windomineerDrop="21|27" lossforceDrop="14|19" lossknowledgeDrop="14|19" lossdomineerDrop="14|19" goldwinProbability="10000" bossid="196" AshuraDropRate="" winAshuraDrop=""/>
  <domineer_scene id="12" victoryProbability="4500" name="T.luyện Nhận" description="Tiếp theo vận mệnh sẽ quan tâm tới phe nào đây?" winGetkind="1000|0|0" lossGetkind="1000|0|0" species="100|100|0" winforceDrop="27|33" winknowledgeDrop="27|33" windomineerDrop="27|33" lossforceDrop="18|22" lossknowledgeDrop="18|22" lossdomineerDrop="18|22" goldwinProbability="10000" bossid="98" AshuraDropRate="" winAshuraDrop=""/>
  <domineer_scene id="13" victoryProbability="5000" name="T.luyện Băng" description="Anh bạn, có thể tránh ra một chút không, người đó là bạn của ta!" winGetkind="900|100|0" lossGetkind="900|100|0" species="100|100|15" winforceDrop="33|39" winknowledgeDrop="33|39" windomineerDrop="33|39" lossforceDrop="23|24" lossknowledgeDrop="23|24" lossdomineerDrop="23|24" goldwinProbability="10000" bossid="97" AshuraDropRate="1400" winAshuraDrop="17|23"/>
  <domineer_scene id="14" victoryProbability="5000" name="T.luyện Quang" description="Thật đáng sợ~Những con quái vật các ngươi. Nhưng các ngươi đã từng bị người ta dùng ánh sáng đá bay chưa?" winGetkind="900|110|0" lossGetkind="900|110|0" species="100|100|15" winforceDrop="42|54" winknowledgeDrop="42|54" windomineerDrop="42|54" lossforceDrop="28|36" lossknowledgeDrop="28|36" lossdomineerDrop="28|36" goldwinProbability="5500" bossid="187" AshuraDropRate="1225" winAshuraDrop="22|38"/>
  <domineer_scene id="15" victoryProbability="4500" name="T.luyện Khí" description="Ngươi thật sự làm được sao? Thế giới trên biển lớn hơn ngươi tưởng tượng nhiều, mà kẻ địch cũng rất mạnh, nguiow có thể thống trị biển lớn hung hãn này sao?" winGetkind="900|120|0" lossGetkind="900|120|0" species="100|100|15" winforceDrop="54|66" winknowledgeDrop="54|66" windomineerDrop="54|66" lossforceDrop="37|44" lossknowledgeDrop="37|44" lossdomineerDrop="37|44" goldwinProbability="5000" bossid="191" AshuraDropRate="1050" winAshuraDrop="27|33"/>
  <domineer_scene id="16" victoryProbability="4500" name="T.luyện Lửa" description="Các ngươi muốn thách đấu với chính nghĩa chí cao vô thượng sao? Vì chính nghĩa, có thể hi sinh tất cả!" winGetkind="900|150|0" lossGetkind="900|150|0" species="100|100|15" winforceDrop="66|78" winknowledgeDrop="66|78" windomineerDrop="66|78" lossforceDrop="46|52" lossknowledgeDrop="46|52" lossdomineerDrop="46|52" goldwinProbability="4500" bossid="243" AshuraDropRate="875" winAshuraDrop="37|43"/>
</root>