<root>
  <duihuan id="11201" yueli="1250"/>
  <duihuan id="11202" yueli="1350"/>
  <duihuan id="11203" yueli="1450"/>
  <duihuan id="11204" yueli="1550"/>
  <duihuan id="11301" yueli="2350"/>
  <duihuan id="11302" yueli="2550"/>
  <duihuan id="11303" yueli="2750"/>
  <duihuan id="11304" yueli="2900"/>
  <duihuan id="11305" yueli="3100"/>
  <duihuan id="11401" yueli="16650"/>
  <duihuan id="11402" yueli="18000"/>
  <duihuan id="11403" yueli="19300"/>
  <duihuan id="11404" yueli="20650"/>
  <duihuan id="11501" yueli="52700"/>
  <duihuan id="11502" yueli="56900"/>
  <duihuan id="11503" yueli="61100"/>
  <duihuan id="12201" yueli="1750"/>
  <duihuan id="12202" yueli="1900"/>
  <duihuan id="12203" yueli="2050"/>
  <duihuan id="12204" yueli="2200"/>
  <duihuan id="12301" yueli="3200"/>
  <duihuan id="12302" yueli="3500"/>
  <duihuan id="12303" yueli="3750"/>
  <duihuan id="12304" yueli="4000"/>
  <duihuan id="12305" yueli="4250"/>
  <duihuan id="12401" yueli="25000"/>
  <duihuan id="12402" yueli="27000"/>
  <duihuan id="12403" yueli="29000"/>
  <duihuan id="12404" yueli="31000"/>
  <duihuan id="12501" yueli="91650"/>
  <duihuan id="12502" yueli="99000"/>
  <duihuan id="12503" yueli="106300"/>
  <duihuan id="13201" yueli="1750"/>
  <duihuan id="13202" yueli="1900"/>
  <duihuan id="13203" yueli="2050"/>
  <duihuan id="13204" yueli="2200"/>
  <duihuan id="13301" yueli="3200"/>
  <duihuan id="13302" yueli="3500"/>
  <duihuan id="13303" yueli="3750"/>
  <duihuan id="13304" yueli="4000"/>
  <duihuan id="13305" yueli="4250"/>
  <duihuan id="13401" yueli="25000"/>
  <duihuan id="13402" yueli="27000"/>
  <duihuan id="13403" yueli="29000"/>
  <duihuan id="13404" yueli="31000"/>
  <duihuan id="13501" yueli="91650"/>
  <duihuan id="13502" yueli="99000"/>
  <duihuan id="13503" yueli="106300"/>
  <duihuan id="14201" yueli="1250"/>
  <duihuan id="14202" yueli="1350"/>
  <duihuan id="14203" yueli="1450"/>
  <duihuan id="14204" yueli="1550"/>
  <duihuan id="14301" yueli="2350"/>
  <duihuan id="14302" yueli="2550"/>
  <duihuan id="14303" yueli="2750"/>
  <duihuan id="14304" yueli="2900"/>
  <duihuan id="14305" yueli="3100"/>
  <duihuan id="14401" yueli="16650"/>
  <duihuan id="14402" yueli="18000"/>
  <duihuan id="14403" yueli="19300"/>
  <duihuan id="14404" yueli="20650"/>
  <duihuan id="14501" yueli="52700"/>
  <duihuan id="14502" yueli="56900"/>
  <duihuan id="14503" yueli="61100"/>
  <duihuan id="15201" yueli="1650"/>
  <duihuan id="15202" yueli="1800"/>
  <duihuan id="15203" yueli="1900"/>
  <duihuan id="15204" yueli="2050"/>
  <duihuan id="15301" yueli="2950"/>
  <duihuan id="15302" yueli="3200"/>
  <duihuan id="15303" yueli="3450"/>
  <duihuan id="15304" yueli="3700"/>
  <duihuan id="15305" yueli="3950"/>
  <duihuan id="15401" yueli="20000"/>
  <duihuan id="15402" yueli="21600"/>
  <duihuan id="15403" yueli="23200"/>
  <duihuan id="15404" yueli="24800"/>
  <duihuan id="15501" yueli="73300"/>
  <duihuan id="15502" yueli="79200"/>
  <duihuan id="15503" yueli="85050"/>
  <duihuan id="16201" yueli="1650"/>
  <duihuan id="16202" yueli="1800"/>
  <duihuan id="16203" yueli="1900"/>
  <duihuan id="16204" yueli="2050"/>
  <duihuan id="16301" yueli="2950"/>
  <duihuan id="16302" yueli="3200"/>
  <duihuan id="16303" yueli="3450"/>
  <duihuan id="16304" yueli="3700"/>
  <duihuan id="16305" yueli="3950"/>
  <duihuan id="16401" yueli="20000"/>
  <duihuan id="16402" yueli="21600"/>
  <duihuan id="16403" yueli="23200"/>
  <duihuan id="16404" yueli="24800"/>
  <duihuan id="16501" yueli="73300"/>
  <duihuan id="16502" yueli="79200"/>
  <duihuan id="16503" yueli="85050"/>
  <duihuan id="17201" yueli="1650"/>
  <duihuan id="17202" yueli="1800"/>
  <duihuan id="17203" yueli="1900"/>
  <duihuan id="17204" yueli="2050"/>
  <duihuan id="17301" yueli="2950"/>
  <duihuan id="17302" yueli="3200"/>
  <duihuan id="17303" yueli="3450"/>
  <duihuan id="17304" yueli="3700"/>
  <duihuan id="17305" yueli="3950"/>
  <duihuan id="17401" yueli="18300"/>
  <duihuan id="17402" yueli="19800"/>
  <duihuan id="17403" yueli="21250"/>
  <duihuan id="17404" yueli="22700"/>
  <duihuan id="17501" yueli="73300"/>
  <duihuan id="17502" yueli="79200"/>
  <duihuan id="17503" yueli="85050"/>
  <duihuan id="114013" yueli="11100"/>
  <duihuan id="114023" yueli="12000"/>
  <duihuan id="114033" yueli="12850"/>
  <duihuan id="114043" yueli="13750"/>
  <duihuan id="115015" yueli="21050"/>
  <duihuan id="115025" yueli="22750"/>
  <duihuan id="115035" yueli="24450"/>
  <duihuan id="124013" yueli="16650"/>
  <duihuan id="124023" yueli="18000"/>
  <duihuan id="124033" yueli="19300"/>
  <duihuan id="124043" yueli="20650"/>
  <duihuan id="125015" yueli="36650"/>
  <duihuan id="125025" yueli="39600"/>
  <duihuan id="125035" yueli="42500"/>
  <duihuan id="134013" yueli="16650"/>
  <duihuan id="134023" yueli="18000"/>
  <duihuan id="134033" yueli="19300"/>
  <duihuan id="134043" yueli="20650"/>
  <duihuan id="135015" yueli="36650"/>
  <duihuan id="135025" yueli="39600"/>
  <duihuan id="135035" yueli="42500"/>
  <duihuan id="144013" yueli="11100"/>
  <duihuan id="144023" yueli="12000"/>
  <duihuan id="144033" yueli="12850"/>
  <duihuan id="144043" yueli="13750"/>
  <duihuan id="145015" yueli="21050"/>
  <duihuan id="145025" yueli="22750"/>
  <duihuan id="145035" yueli="24450"/>
  <duihuan id="154013" yueli="13300"/>
  <duihuan id="154023" yueli="14400"/>
  <duihuan id="154033" yueli="15450"/>
  <duihuan id="154043" yueli="16500"/>
  <duihuan id="155015" yueli="29300"/>
  <duihuan id="155025" yueli="31650"/>
  <duihuan id="155035" yueli="34000"/>
  <duihuan id="164013" yueli="13300"/>
  <duihuan id="164023" yueli="14400"/>
  <duihuan id="164033" yueli="15450"/>
  <duihuan id="164043" yueli="16500"/>
  <duihuan id="165015" yueli="29300"/>
  <duihuan id="165025" yueli="31650"/>
  <duihuan id="165035" yueli="34000"/>
  <duihuan id="174013" yueli="12200"/>
  <duihuan id="174023" yueli="13200"/>
  <duihuan id="174033" yueli="14150"/>
  <duihuan id="174043" yueli="15150"/>
  <duihuan id="175015" yueli="29300"/>
  <duihuan id="175025" yueli="31650"/>
  <duihuan id="175035" yueli="34000"/>
  <duihuan id="20020" yueli="4500"/>
  <duihuan id="11601" yueli="86250"/>
  <duihuan id="11602" yueli="93150"/>
  <duihuan id="11603" yueli="100050"/>
  <duihuan id="11604" yueli="106950"/>
  <duihuan id="12601" yueli="124950"/>
  <duihuan id="12602" yueli="135000"/>
  <duihuan id="12603" yueli="144950"/>
  <duihuan id="12604" yueli="154950"/>
  <duihuan id="13601" yueli="124950"/>
  <duihuan id="13602" yueli="135000"/>
  <duihuan id="13603" yueli="144950"/>
  <duihuan id="13604" yueli="154950"/>
  <duihuan id="14601" yueli="86250"/>
  <duihuan id="14602" yueli="93150"/>
  <duihuan id="14603" yueli="100050"/>
  <duihuan id="14604" yueli="106950"/>
  <duihuan id="15601" yueli="120000"/>
  <duihuan id="15602" yueli="129600"/>
  <duihuan id="15603" yueli="139200"/>
  <duihuan id="15604" yueli="148800"/>
  <duihuan id="16601" yueli="120000"/>
  <duihuan id="16602" yueli="129600"/>
  <duihuan id="16603" yueli="139200"/>
  <duihuan id="16604" yueli="148800"/>
  <duihuan id="17601" yueli="120000"/>
  <duihuan id="17602" yueli="129600"/>
  <duihuan id="17603" yueli="139200"/>
  <duihuan id="17604" yueli="148800"/>
</root>