<root>
  <elves_level level="1" exp="0" picture="bg01.png"/>
  <elves_level level="2" exp="1800" picture=""/>
  <elves_level level="3" exp="3600" picture="bg02.png"/>
  <elves_level level="4" exp="5400" picture=""/>
  <elves_level level="5" exp="7200" picture="bg03.png"/>
  <elves_level level="6" exp="9000" picture=""/>
  <elves_level level="7" exp="10800" picture="bg04.png"/>
  <elves_level level="8" exp="12600" picture=""/>
  <elves_level level="9" exp="14400" picture=""/>
  <elves_level level="10" exp="16200" picture=""/>
  <elves_level level="11" exp="18000" picture=""/>
  <elves_level level="12" exp="19800" picture=""/>
  <elves_level level="13" exp="21600" picture=""/>
  <elves_level level="14" exp="23400" picture=""/>
  <elves_level level="15" exp="25200" picture=""/>
  <elves_level level="16" exp="27000" picture=""/>
  <elves_level level="17" exp="28800" picture=""/>
  <elves_level level="18" exp="30600" picture=""/>
  <elves_level level="19" exp="32400" picture=""/>
  <elves_level level="20" exp="34200" picture=""/>
  <elves_level level="21" exp="36000" picture=""/>
  <elves_level level="22" exp="37800" picture=""/>
  <elves_level level="23" exp="39600" picture=""/>
  <elves_level level="24" exp="41400" picture=""/>
  <elves_level level="25" exp="43200" picture=""/>
  <elves_level level="26" exp="45000" picture=""/>
  <elves_level level="27" exp="46800" picture=""/>
  <elves_level level="28" exp="48600" picture=""/>
  <elves_level level="29" exp="50400" picture=""/>
  <elves_level level="30" exp="52200" picture=""/>
  <elves_level level="31" exp="54000" picture=""/>
  <elves_level level="32" exp="55800" picture=""/>
  <elves_level level="33" exp="57600" picture=""/>
  <elves_level level="34" exp="59400" picture=""/>
  <elves_level level="35" exp="61200" picture=""/>
  <elves_level level="36" exp="63000" picture=""/>
  <elves_level level="37" exp="64800" picture=""/>
  <elves_level level="38" exp="66600" picture=""/>
  <elves_level level="39" exp="68400" picture=""/>
  <elves_level level="40" exp="70200" picture=""/>
  <elves_level level="41" exp="72000" picture=""/>
  <elves_level level="42" exp="73800" picture=""/>
  <elves_level level="43" exp="75600" picture=""/>
  <elves_level level="44" exp="77400" picture=""/>
  <elves_level level="45" exp="79200" picture=""/>
  <elves_level level="46" exp="81000" picture=""/>
  <elves_level level="47" exp="82800" picture=""/>
  <elves_level level="48" exp="84600" picture=""/>
  <elves_level level="49" exp="86400" picture=""/>
  <elves_level level="50" exp="88200" picture=""/>
  <elves_level level="51" exp="90000" picture=""/>
</root>