<root>
  <equipment_up id="11501" srcItem="11501" aimItem="11601" needItems="120102|84,120402|84,120502|48,121202|256" costBelly="3900000" costExperience="0" costSoul="50" type="75|1"/>
  <equipment_up id="12501" srcItem="12501" aimItem="12601" needItems="120202|48,120402|84,120502|84,121402|128" costBelly="3900000" costExperience="0" costSoul="50" type="75|1"/>
  <equipment_up id="13501" srcItem="13501" aimItem="13601" needItems="120302|48,120402|84,120502|84,121302|192" costBelly="3900000" costExperience="0" costSoul="50" type="75|1"/>
  <equipment_up id="14501" srcItem="14501" aimItem="14601" needItems="120202|35,120302|35,120502|15,121102|100" costBelly="1200000" costExperience="0" costSoul="50" type="75|1"/>
  <equipment_up id="15501" srcItem="15501" aimItem="15601" needItems="120102|15,120202|35,120302|35,121102|100" costBelly="1200000" costExperience="0" costSoul="50" type="75|1"/>
  <equipment_up id="16501" srcItem="16501" aimItem="16601" needItems="120102|35,120302|35,120402|15,121102|100" costBelly="1200000" costExperience="0" costSoul="50" type="75|1"/>
  <equipment_up id="17501" srcItem="17501" aimItem="17601" needItems="120102|54,120202|54,120302|54,120402|54,120502|54" costBelly="4400000" costExperience="0" costSoul="50" type="75|1"/>
  <equipment_up id="11502" srcItem="11502" aimItem="11601" needItems="120102|63,120402|63,120502|36,121202|192" costBelly="2900000" costExperience="0" costSoul="50" type="80|1"/>
  <equipment_up id="12502" srcItem="12502" aimItem="12601" needItems="120202|36,120402|63,120502|63,121402|96" costBelly="2900000" costExperience="0" costSoul="50" type="80|1"/>
  <equipment_up id="13502" srcItem="13502" aimItem="13601" needItems="120302|36,120402|63,120502|63,121302|144" costBelly="2900000" costExperience="0" costSoul="50" type="80|1"/>
  <equipment_up id="14502" srcItem="14502" aimItem="14601" needItems="120202|28,120302|28,120502|12,121102|80" costBelly="900000" costExperience="0" costSoul="50" type="80|1"/>
  <equipment_up id="15502" srcItem="15502" aimItem="15601" needItems="120102|12,120202|28,120302|28,121102|80" costBelly="900000" costExperience="0" costSoul="50" type="80|1"/>
  <equipment_up id="16502" srcItem="16502" aimItem="16601" needItems="120102|28,120302|28,120402|12,121102|80" costBelly="900000" costExperience="0" costSoul="50" type="80|1"/>
  <equipment_up id="17502" srcItem="17502" aimItem="17601" needItems="120102|34,120202|34,120302|34,120402|34,120502|34" costBelly="2800000" costExperience="0" costSoul="50" type="80|1"/>
  <equipment_up id="11503" srcItem="11503" aimItem="11601" needItems="120102|42,120402|42,120502|24,121202|128" costBelly="1900000" costExperience="0" costSoul="50" type="85|1"/>
  <equipment_up id="12503" srcItem="12503" aimItem="12601" needItems="120202|24,120402|42,120502|42,121402|64" costBelly="1900000" costExperience="0" costSoul="50" type="85|1"/>
  <equipment_up id="13503" srcItem="13503" aimItem="13601" needItems="120302|24,120402|42,120502|42,121302|96" costBelly="1900000" costExperience="0" costSoul="50" type="85|1"/>
  <equipment_up id="14503" srcItem="14503" aimItem="14601" needItems="120202|21,120302|21,120502|9,121102|60" costBelly="700000" costExperience="0" costSoul="50" type="85|1"/>
  <equipment_up id="15503" srcItem="15503" aimItem="15601" needItems="120102|9,120202|21,120302|21,121102|60" costBelly="700000" costExperience="0" costSoul="50" type="85|1"/>
  <equipment_up id="16503" srcItem="16503" aimItem="16601" needItems="120102|21,120302|21,120402|9,121102|60" costBelly="700000" costExperience="0" costSoul="50" type="85|1"/>
  <equipment_up id="17503" srcItem="17503" aimItem="17601" needItems="120102|19,120202|19,120302|19,120402|19,120502|19" costBelly="1600000" costExperience="0" costSoul="50" type="85|1"/>
  <equipment_up id="11601" srcItem="11601" aimItem="11602" needItems="120102|58,120402|58,120502|33,121202|179" costBelly="2900000" costExperience="0" costSoul="100" type="90|2"/>
  <equipment_up id="12601" srcItem="12601" aimItem="12602" needItems="120202|33,120402|58,120502|58,121402|89" costBelly="2900000" costExperience="0" costSoul="100" type="90|2"/>
  <equipment_up id="13601" srcItem="13601" aimItem="13602" needItems="120302|33,120402|58,120502|58,121302|134" costBelly="2900000" costExperience="0" costSoul="100" type="90|2"/>
  <equipment_up id="14601" srcItem="14601" aimItem="14602" needItems="120202|29,120302|29,120502|12,121102|84" costBelly="1100000" costExperience="0" costSoul="100" type="90|2"/>
  <equipment_up id="15601" srcItem="15601" aimItem="15602" needItems="120102|12,120202|29,120302|29,121102|84" costBelly="1100000" costExperience="0" costSoul="100" type="90|2"/>
  <equipment_up id="16601" srcItem="16601" aimItem="16602" needItems="120102|29,120302|29,120402|12,121102|84" costBelly="1100000" costExperience="0" costSoul="100" type="90|2"/>
  <equipment_up id="17601" srcItem="17601" aimItem="17602" needItems="120102|27,120202|27,120302|27,120402|27,120502|27" costBelly="2400000" costExperience="0" costSoul="100" type="90|2"/>
  <equipment_up id="11602" srcItem="11602" aimItem="11603" needItems="120102|73,120402|73,120502|42,121202|224" costBelly="3900000" costExperience="0" costSoul="450" type="95|2"/>
  <equipment_up id="12602" srcItem="12602" aimItem="12603" needItems="120202|42,120402|73,120502|73,121402|112" costBelly="3900000" costExperience="0" costSoul="450" type="95|2"/>
  <equipment_up id="13602" srcItem="13602" aimItem="13603" needItems="120302|42,120402|73,120502|73,121302|168" costBelly="3900000" costExperience="0" costSoul="450" type="95|2"/>
  <equipment_up id="14602" srcItem="14602" aimItem="14603" needItems="120202|36,120302|36,120502|15,121102|105" costBelly="1400000" costExperience="0" costSoul="175" type="95|2"/>
  <equipment_up id="15602" srcItem="15602" aimItem="15603" needItems="120102|36,120202|15,120302|36,121102|105" costBelly="1400000" costExperience="0" costSoul="175" type="95|2"/>
  <equipment_up id="16602" srcItem="16602" aimItem="16603" needItems="120102|36,120202|36,120302|15,121102|105" costBelly="1400000" costExperience="0" costSoul="175" type="95|2"/>
  <equipment_up id="17602" srcItem="17602" aimItem="17603" needItems="120102|34,120202|34,120302|34,120402|34,120502|34" costBelly="3200000" costExperience="0" costSoul="375" type="95|2"/>
  <equipment_up id="11603" srcItem="11603" aimItem="11604" needItems="120102|91,120402|91,120502|52,121202|280" costBelly="5200000" costExperience="0" costSoul="625" type="100|2"/>
  <equipment_up id="12603" srcItem="12603" aimItem="12604" needItems="120202|52,120402|91,120502|91,121402|140" costBelly="5200000" costExperience="0" costSoul="625" type="100|2"/>
  <equipment_up id="13603" srcItem="13603" aimItem="13604" needItems="120302|52,120402|91,120502|91,121302|210" costBelly="5200000" costExperience="0" costSoul="625" type="100|2"/>
  <equipment_up id="14603" srcItem="14603" aimItem="14604" needItems="120202|45,120302|45,120502|19,121102|131" costBelly="1900000" costExperience="0" costSoul="225" type="100|2"/>
  <equipment_up id="15603" srcItem="15603" aimItem="15604" needItems="120102|45,120202|19,120302|45,121102|131" costBelly="1900000" costExperience="0" costSoul="225" type="100|2"/>
  <equipment_up id="16603" srcItem="16603" aimItem="16604" needItems="120102|45,120202|45,120302|19,121102|131" costBelly="1900000" costExperience="0" costSoul="225" type="100|2"/>
  <equipment_up id="17603" srcItem="17603" aimItem="17604" needItems="120102|42,120202|42,120302|42,120402|42,120502|42" costBelly="4300000" costExperience="0" costSoul="500" type="100|2"/>
  <equipment_up id="11604" srcItem="11604" aimItem="11605" needItems="120102|114,120402|114,120502|65,121202|350" costBelly="7000000" costExperience="0" costSoul="825" type="105|2"/>
  <equipment_up id="12604" srcItem="12604" aimItem="12605" needItems="120202|65,120402|114,120502|114,121402|175" costBelly="7000000" costExperience="0" costSoul="825" type="105|2"/>
  <equipment_up id="13604" srcItem="13604" aimItem="13605" needItems="120302|65,120402|114,120502|114,121302|262" costBelly="7000000" costExperience="0" costSoul="825" type="105|2"/>
  <equipment_up id="14604" srcItem="14604" aimItem="14605" needItems="120202|57,120302|57,120502|24,121102|164" costBelly="2600000" costExperience="0" costSoul="300" type="105|2"/>
  <equipment_up id="15604" srcItem="15604" aimItem="15605" needItems="120102|57,120202|24,120302|57,121102|164" costBelly="2600000" costExperience="0" costSoul="300" type="105|2"/>
  <equipment_up id="16604" srcItem="16604" aimItem="16605" needItems="120102|57,120202|57,120302|24,121102|164" costBelly="2600000" costExperience="0" costSoul="300" type="105|2"/>
  <equipment_up id="17604" srcItem="17604" aimItem="17605" needItems="120102|53,120202|53,120302|53,120402|53,120502|53" costBelly="5700000" costExperience="0" costSoul="675" type="105|2"/>
  <equipment_up id="11605" srcItem="11605" aimItem="11606" needItems="120102|143,120402|143,120502|82,121202|437" costBelly="8800000" costExperience="0" costSoul="1050" type="110|2"/>
  <equipment_up id="12605" srcItem="12605" aimItem="12606" needItems="120202|82,120402|143,120502|143,121402|218" costBelly="8800000" costExperience="0" costSoul="1050" type="110|2"/>
  <equipment_up id="13605" srcItem="13605" aimItem="13606" needItems="120302|82,120402|143,120502|143,121302|328" costBelly="8800000" costExperience="0" costSoul="1050" type="110|2"/>
  <equipment_up id="14605" srcItem="14605" aimItem="14606" needItems="120202|71,120302|71,120502|30,121102|205" costBelly="3300000" costExperience="0" costSoul="375" type="110|2"/>
  <equipment_up id="15605" srcItem="15605" aimItem="15606" needItems="120102|71,120202|30,120302|71,121102|205" costBelly="3300000" costExperience="0" costSoul="375" type="110|2"/>
  <equipment_up id="16605" srcItem="16605" aimItem="16606" needItems="120102|71,120202|71,120302|30,121102|205" costBelly="3300000" costExperience="0" costSoul="375" type="110|2"/>
  <equipment_up id="17605" srcItem="17605" aimItem="17606" needItems="120102|66,120202|66,120302|66,120402|66,120502|66" costBelly="7100000" costExperience="0" costSoul="850" type="110|2"/>
  <equipment_up id="11606" srcItem="11606" aimItem="11607" needItems="120102|179,120402|179,120502|102,121202|546" costBelly="11000000" costExperience="0" costSoul="1300" type="115|2"/>
  <equipment_up id="12606" srcItem="12606" aimItem="12607" needItems="120202|102,120402|179,120502|179,121402|273" costBelly="11000000" costExperience="0" costSoul="1300" type="115|2"/>
  <equipment_up id="13606" srcItem="13606" aimItem="13607" needItems="120302|102,120402|179,120502|179,121302|410" costBelly="11000000" costExperience="0" costSoul="1300" type="115|2"/>
  <equipment_up id="14606" srcItem="14606" aimItem="14607" needItems="120202|89,120302|89,120502|38,121102|256" costBelly="4100000" costExperience="0" costSoul="475" type="115|2"/>
  <equipment_up id="15606" srcItem="15606" aimItem="15607" needItems="120102|89,120202|38,120302|89,121102|256" costBelly="4100000" costExperience="0" costSoul="475" type="115|2"/>
  <equipment_up id="16606" srcItem="16606" aimItem="16607" needItems="120102|89,120202|89,120302|38,121102|256" costBelly="4100000" costExperience="0" costSoul="475" type="115|2"/>
  <equipment_up id="17606" srcItem="17606" aimItem="17607" needItems="120102|83,120202|83,120302|83,120402|83,120502|83" costBelly="8900000" costExperience="0" costSoul="1050" type="115|2"/>
  <equipment_up id="11607" srcItem="11607" aimItem="11608" needItems="120102|219,120402|219,120502|124,121202|664,121452|38" costBelly="15000000" costExperience="0" costSoul="1600" type="120|3"/>
  <equipment_up id="12607" srcItem="12607" aimItem="12608" needItems="120202|124,120402|219,120502|219,121402|336,121452|38" costBelly="15000000" costExperience="0" costSoul="1600" type="120|3"/>
  <equipment_up id="13607" srcItem="13607" aimItem="13608" needItems="120302|124,120402|219,120502|219,121302|502,121452|38" costBelly="15000000" costExperience="0" costSoul="1600" type="120|3"/>
  <equipment_up id="14607" srcItem="14607" aimItem="14608" needItems="120202|109,120302|109,120502|48,121102|316,121452|19" costBelly="6000000" costExperience="0" costSoul="675" type="120|3"/>
  <equipment_up id="15607" srcItem="15607" aimItem="15608" needItems="120102|109,120202|48,120302|109,121102|316,121452|19" costBelly="6000000" costExperience="0" costSoul="675" type="120|3"/>
  <equipment_up id="16607" srcItem="16607" aimItem="16608" needItems="120102|109,120202|109,120302|48,121102|316,121452|19" costBelly="6000000" costExperience="0" costSoul="675" type="120|3"/>
  <equipment_up id="17607" srcItem="17607" aimItem="17608" needItems="120102|102,120202|102,120302|102,120402|102,120502|104,121452|35" costBelly="10000000" costExperience="0" costSoul="1250" type="120|3"/>
  <equipment_up id="11608" srcItem="11608" aimItem="11609" needItems="120102|263,120402|263,120502|144,121202|791,121452|46" costBelly="20000000" costExperience="0" costSoul="1700" type="125|3"/>
  <equipment_up id="12608" srcItem="12608" aimItem="12609" needItems="120202|148,120402|263,120502|263,121402|407,121452|46" costBelly="20000000" costExperience="0" costSoul="1700" type="125|3"/>
  <equipment_up id="13608" srcItem="13608" aimItem="13609" needItems="120302|148,120402|263,120502|263,121302|604,121452|46" costBelly="20000000" costExperience="0" costSoul="1700" type="125|3"/>
  <equipment_up id="14608" srcItem="14608" aimItem="14609" needItems="120202|131,120302|131,120502|60,121102|385,121452|23" costBelly="7000000" costExperience="0" costSoul="775" type="125|3"/>
  <equipment_up id="15608" srcItem="15608" aimItem="15609" needItems="120102|131,120202|60,120302|131,121102|385,121452|23" costBelly="7000000" costExperience="0" costSoul="775" type="125|3"/>
  <equipment_up id="16608" srcItem="16608" aimItem="16609" needItems="120102|131,120202|131,120302|60,121102|385,121452|23" costBelly="7000000" costExperience="0" costSoul="775" type="125|3"/>
  <equipment_up id="17608" srcItem="17608" aimItem="17609" needItems="120102|123,120202|123,120302|123,120402|123,120502|129,121452|42" costBelly="12000000" costExperience="0" costSoul="1350" type="125|3"/>
  <equipment_up id="11609" srcItem="11609" aimItem="117010" needItems="120102|315,120402|315,120502|168,121202|936,121452|62" costBelly="25000000" costExperience="0" costSoul="1800" type="130|3"/>
  <equipment_up id="12609" srcItem="12609" aimItem="127010" needItems="120202|176,120402|315,120502|315,121402|494,121452|62" costBelly="25000000" costExperience="0" costSoul="1800" type="130|3"/>
  <equipment_up id="13609" srcItem="13609" aimItem="137010" needItems="120302|176,120402|315,120502|315,121302|726,121452|62" costBelly="25000000" costExperience="0" costSoul="1800" type="130|3"/>
  <equipment_up id="14609" srcItem="14609" aimItem="147010" needItems="120202|157,120302|157,120502|76,121102|472,121452|39" costBelly="8000000" costExperience="0" costSoul="875" type="130|3"/>
  <equipment_up id="15609" srcItem="15609" aimItem="157010" needItems="120102|157,120202|76,120302|157,121102|472,121452|39" costBelly="8000000" costExperience="0" costSoul="875" type="130|3"/>
  <equipment_up id="16609" srcItem="16609" aimItem="167010" needItems="120102|157,120202|157,120302|76,121102|472,121452|39" costBelly="8000000" costExperience="0" costSoul="875" type="130|3"/>
  <equipment_up id="17609" srcItem="17609" aimItem="177010" needItems="120102|148,120202|148,120302|148,120402|148,120502|162,121452|56" costBelly="14000000" costExperience="0" costSoul="1450" type="130|3"/>
</root>