<root>
  <ernie_reward id="20001" info="3000 Đá ng.tố" belly1="" experience1="" gold="" execution="" item="" belly2="" experience2="" prestige="" jewelryelement="3000" jewelryenergy="" times="" enter="0" quality="7" type="6"/>
  <ernie_reward id="20002" info="2000 Đá ng.tố" belly1="" experience1="" gold="" execution="" item="" belly2="" experience2="" prestige="" jewelryelement="2000" jewelryenergy="" times="" enter="0" quality="7" type="6"/>
  <ernie_reward id="20003" info="1000 Đá ng.tố" belly1="" experience1="" gold="" execution="" item="" belly2="" experience2="" prestige="" jewelryelement="1000" jewelryenergy="" times="" enter="0" quality="6" type="6"/>
  <ernie_reward id="20004" info="5000 Đá tinh thần sao" belly1="" experience1="" gold="" execution="" item="70531|1" belly2="" experience2="" prestige="" jewelryelement="" jewelryenergy="" times="" enter="0" quality="7" type="8"/>
  <ernie_reward id="20005" info="2000 Đá tinh thần sao" belly1="" experience1="" gold="" execution="" item="70530|1" belly2="" experience2="" prestige="" jewelryelement="" jewelryenergy="" times="" enter="0" quality="6" type="8"/>
  <ernie_reward id="20006" info="Ủng của Râu Trắng (B.vật cam lôi 130)" belly1="" experience1="" gold="" execution="" item="2247005|1" belly2="" experience2="" prestige="" jewelryelement="" jewelryenergy="" times="" enter="0" quality="7" type="8"/>
  <ernie_reward id="20007" info="1000 Tinh linh thạch" belly1="" experience1="" gold="" execution="" item="70529|1" belly2="" experience2="" prestige="" jewelryelement="" jewelryenergy="" times="" enter="0" quality="7" type="8"/>
  <ernie_reward id="20008" info="200 vạn Beri" belly1="2000000" experience1="" gold="" execution="" item="" belly2="" experience2="" prestige="" jewelryelement="" jewelryenergy="" times="" enter="0" quality="7" type="1"/>
  <ernie_reward id="20009" info="100 vạn Beri" belly1="1000000" experience1="" gold="" execution="" item="" belly2="" experience2="" prestige="" jewelryelement="" jewelryenergy="" times="" enter="0" quality="6" type="1"/>
  <ernie_reward id="10001" info="Mũi tên TY" belly1="" experience1="" gold="" execution="" item="120010|1" belly2="" experience2="" prestige="" jewelryelement="" jewelryenergy="" times="" enter="0" quality="6" type="8"/>
  <ernie_reward id="10002" info="50 vạn Beri" belly1="500000" experience1="" gold="" execution="" item="" belly2="" experience2="" prestige="" jewelryelement="" jewelryenergy="" times="" enter="0" quality="5" type="1"/>
  <ernie_reward id="10003" info="Ba lô vải bạt" belly1="" experience1="" gold="" execution="" item="120009|1" belly2="" experience2="" prestige="" jewelryelement="" jewelryenergy="" times="" enter="0" quality="6" type="8"/>
  <ernie_reward id="10004" info="Túi ng.liệu thường allblue" belly1="" experience1="" gold="" execution="" item="60024|1" belly2="" experience2="" prestige="" jewelryelement="" jewelryenergy="" times="" enter="0" quality="4" type="8"/>
  <ernie_reward id="10005" info="Đá tiềm năng" belly1="" experience1="" gold="" execution="" item="120008|1" belly2="" experience2="" prestige="" jewelryelement="" jewelryenergy="" times="" enter="0" quality="6" type="8"/>
  <ernie_reward id="10006" info="Túi khoáng thạch random" belly1="" experience1="" gold="" execution="" item="60022|1" belly2="" experience2="" prestige="" jewelryelement="" jewelryenergy="" times="" enter="0" quality="4" type="8"/>
  <ernie_reward id="10007" info="Túi cá random allblue" belly1="" experience1="" gold="" execution="" item="60028|1" belly2="" experience2="" prestige="" jewelryelement="" jewelryenergy="" times="" enter="0" quality="7" type="8"/>
  <ernie_reward id="10008" info="1 Lực HĐ" belly1="" experience1="" gold="" execution="1" item="" belly2="" experience2="" prestige="" jewelryelement="" jewelryenergy="" times="" enter="0" quality="4" type="4"/>
  <ernie_reward id="10009" info="Túi T.mật tím *5" belly1="" experience1="" gold="" execution="" item="60030|1" belly2="" experience2="" prestige="" jewelryelement="" jewelryenergy="" times="" enter="0" quality="4" type="8"/>
  <ernie_reward id="10010" info="T.điểm tầm bảo 25 điểm" belly1="" experience1="" gold="" execution="" item="70708|1" belly2="" experience2="" prestige="" jewelryelement="" jewelryenergy="" times="" enter="0" quality="5" type="8"/>
  <ernie_reward id="10011" info="T.điểm chế đồ 25 điểm" belly1="" experience1="" gold="" execution="" item="70709|1" belly2="" experience2="" prestige="" jewelryelement="" jewelryenergy="" times="" enter="0" quality="5" type="8"/>
  <ernie_reward id="10012" info="Lì xì vàng random (nhỏ)" belly1="" experience1="" gold="" execution="" item="60029|1" belly2="" experience2="" prestige="" jewelryelement="" jewelryenergy="" times="" enter="0" quality="4" type="8"/>
  <ernie_reward id="10013" info="Jet Dial (B.vật cam phong 130)" belly1="" experience1="" gold="" execution="" item="2237105|1" belly2="" experience2="" prestige="" jewelryelement="" jewelryenergy="" times="" enter="0" quality="7" type="8"/>
  <ernie_reward id="10014" info="100 Đá ng.tố" belly1="" experience1="" gold="" execution="" item="" belly2="" experience2="" prestige="" jewelryelement="100" jewelryenergy="" times="" enter="0" quality="4" type="6"/>
  <ernie_reward id="10015" info="100 Tinh linh thạch" belly1="" experience1="" gold="" execution="" item="70520|1" belly2="" experience2="" prestige="" jewelryelement="" jewelryenergy="" times="" enter="0" quality="4" type="8"/>
  <ernie_reward id="10016" info="2000 B.thạch Exp" belly1="" experience1="" gold="" execution="" item="42006|1" belly2="" experience2="" prestige="" jewelryelement="" jewelryenergy="" times="" enter="0" quality="7" type="8"/>
  <ernie_reward id="10017" info="Vào vòng trong +100000 Beri" belly1="100000" experience1="" gold="" execution="" item="" belly2="" experience2="" prestige="" jewelryelement="" jewelryenergy="" times="" enter="1" quality="6" type="1"/>
  <ernie_reward id="30001" info="Lễ phục" belly1="" experience1="" gold="" execution="" item="2100031|1" belly2="" experience2="" prestige="" jewelryelement="" jewelryenergy="" times="" enter="0" quality="6" type="8"/>
  <ernie_reward id="30002" info="Lễ phục" belly1="" experience1="" gold="" execution="" item="2100032|1" belly2="" experience2="" prestige="" jewelryelement="" jewelryenergy="" times="" enter="0" quality="6" type="8"/>
  <ernie_reward id="30003" info="Lễ phục" belly1="" experience1="" gold="" execution="" item="2100033|1" belly2="" experience2="" prestige="" jewelryelement="" jewelryenergy="" times="" enter="0" quality="6" type="8"/>
  <ernie_reward id="30004" info="Lễ phục" belly1="" experience1="" gold="" execution="" item="2100034|1" belly2="" experience2="" prestige="" jewelryelement="" jewelryenergy="" times="" enter="0" quality="6" type="8"/>
  <ernie_reward id="30005" info="Lễ phục" belly1="" experience1="" gold="" execution="" item="2100035|1" belly2="" experience2="" prestige="" jewelryelement="" jewelryenergy="" times="" enter="0" quality="6" type="8"/>
  <ernie_reward id="30006" info="Lễ phục" belly1="" experience1="" gold="" execution="" item="2100036|1" belly2="" experience2="" prestige="" jewelryelement="" jewelryenergy="" times="" enter="0" quality="6" type="8"/>
  <ernie_reward id="30011" info="Pet “Bacura”" belly1="" experience1="" gold="" execution="" item="110027|1" belly2="" experience2="" prestige="" jewelryelement="" jewelryenergy="" times="" enter="0" quality="6" type="8"/>
  <ernie_reward id="30012" info="D.hiệu “H.tặc tấn công”" belly1="" experience1="" gold="" execution="" item="70149|1" belly2="" experience2="" prestige="" jewelryelement="" jewelryenergy="" times="" enter="0" quality="6" type="8"/>
  <ernie_reward id="50001" info="Túi báu vật bộ đồ cam 130 B" belly1="" experience1="" gold="" execution="" item="60086|1" belly2="" experience2="" prestige="" jewelryelement="" jewelryenergy="" times="" enter="0" quality="7" type="8"/>
  <ernie_reward id="50002" info="200 vạn Beri" belly1="2000000" experience1="" gold="" execution="" item="" belly2="" experience2="" prestige="" jewelryelement="" jewelryenergy="" times="" enter="0" quality="6" type="1"/>
  <ernie_reward id="50003" info="500 vạn Beri" belly1="5000000" experience1="" gold="" execution="" item="" belly2="" experience2="" prestige="" jewelryelement="" jewelryenergy="" times="" enter="0" quality="7" type="1"/>
  <ernie_reward id="50004" info="Màu Bá Vương*50" belly1="" experience1="" gold="" execution="" item="71005|1" belly2="" experience2="" prestige="" jewelryelement="" jewelryenergy="" times="" enter="0" quality="6" type="8"/>
  <ernie_reward id="50005" info="Túi báu vật cam 120 B" belly1="" experience1="" gold="" execution="" item="60074|1" belly2="" experience2="" prestige="" jewelryelement="" jewelryenergy="" times="" enter="0" quality="7" type="8"/>
  <ernie_reward id="50006" info="Túi báu vật cam 130 B" belly1="" experience1="" gold="" execution="" item="60076|1" belly2="" experience2="" prestige="" jewelryelement="" jewelryenergy="" times="" enter="0" quality="7" type="8"/>
  <ernie_reward id="50007" info="1000 Đá N.lượng" belly1="" experience1="" gold="" execution="" item="70722|1" belly2="" experience2="" prestige="" jewelryelement="" jewelryenergy="" times="" enter="0" quality="6" type="8"/>
  <ernie_reward id="50008" info="K.cương cổ đại*500" belly1="" experience1="" gold="" execution="" item="50013|1" belly2="" experience2="" prestige="" jewelryelement="" jewelryenergy="" times="" enter="0" quality="6" type="8"/>
  <ernie_reward id="50009" info="Đá Khắc Ấn 500" belly1="" experience1="" gold="" execution="" item="70803|1" belly2="" experience2="" prestige="" jewelryelement="" jewelryenergy="" times="" enter="0" quality="6" type="8"/>
  <ernie_reward id="50010" info="B.vật bộ đồ 140-TC A" belly1="" experience1="" gold="" execution="" item="60103|1" belly2="" experience2="" prestige="" jewelryelement="" jewelryenergy="" times="" enter="0" quality="7" type="8"/>
  <ernie_reward id="50011" info="B.vật bộ đồ 140-TC B" belly1="" experience1="" gold="" execution="" item="60104|1" belly2="" experience2="" prestige="" jewelryelement="" jewelryenergy="" times="" enter="0" quality="7" type="8"/>
  <ernie_reward id="40001" info="Mũi tên TY" belly1="" experience1="" gold="" execution="" item="120010|1" belly2="" experience2="" prestige="" jewelryelement="" jewelryenergy="" times="" enter="0" quality="6" type="8"/>
  <ernie_reward id="40002" info="50 vạn Beri" belly1="500000" experience1="" gold="" execution="" item="" belly2="" experience2="" prestige="" jewelryelement="" jewelryenergy="" times="" enter="0" quality="5" type="1"/>
  <ernie_reward id="40003" info="Haki Bá vương 5" belly1="" experience1="" gold="" execution="" item="71006|1" belly2="" experience2="" prestige="" jewelryelement="" jewelryenergy="" times="" enter="0" quality="6" type="8"/>
  <ernie_reward id="40004" info="Túi nguyên liệu allblue thường" belly1="" experience1="" gold="" execution="" item="60024|1" belly2="" experience2="" prestige="" jewelryelement="" jewelryenergy="" times="" enter="0" quality="4" type="8"/>
  <ernie_reward id="40005" info="Túi báu vật cam 120 A" belly1="" experience1="" gold="" execution="" item="60073|1" belly2="" experience2="" prestige="" jewelryelement="" jewelryenergy="" times="" enter="0" quality="7" type="8"/>
  <ernie_reward id="40006" info="Cá vòi voi" belly1="" experience1="" gold="" execution="" item="200010|1" belly2="" experience2="" prestige="" jewelryelement="" jewelryenergy="" times="" enter="0" quality="7" type="8"/>
  <ernie_reward id="40007" info="Cá mập" belly1="" experience1="" gold="" execution="" item="200009|1" belly2="" experience2="" prestige="" jewelryelement="" jewelryenergy="" times="" enter="0" quality="7" type="8"/>
  <ernie_reward id="40008" info="1 Lực HĐ" belly1="" experience1="" gold="" execution="1" item="" belly2="" experience2="" prestige="" jewelryelement="" jewelryenergy="" times="" enter="0" quality="4" type="4"/>
  <ernie_reward id="40009" info="Túi quà thân mật*5" belly1="" experience1="" gold="" execution="" item="60030|1" belly2="" experience2="" prestige="" jewelryelement="" jewelryenergy="" times="" enter="0" quality="4" type="8"/>
  <ernie_reward id="40010" info="Tích điểm tầm bảo 25 điểm" belly1="" experience1="" gold="" execution="" item="70708|1" belly2="" experience2="" prestige="" jewelryelement="" jewelryenergy="" times="" enter="0" quality="5" type="8"/>
  <ernie_reward id="40011" info="Tích điểm chế đồ 25 điểm" belly1="" experience1="" gold="" execution="" item="70709|1" belly2="" experience2="" prestige="" jewelryelement="" jewelryenergy="" times="" enter="0" quality="5" type="8"/>
  <ernie_reward id="40012" info="20 vạn Beri" belly1="200000" experience1="" gold="" execution="" item="" belly2="" experience2="" prestige="" jewelryelement="" jewelryenergy="" times="" enter="0" quality="4" type="1"/>
  <ernie_reward id="40013" info="Túi báu vật cam 130 A" belly1="" experience1="" gold="" execution="" item="60075|1" belly2="" experience2="" prestige="" jewelryelement="" jewelryenergy="" times="" enter="0" quality="7" type="8"/>
  <ernie_reward id="40014" info="100 Đá N.tố" belly1="" experience1="" gold="" execution="" item="" belly2="" experience2="" prestige="" jewelryelement="100" jewelryenergy="" times="" enter="0" quality="4" type="6"/>
  <ernie_reward id="40015" info="100 Đá N.lượng" belly1="" experience1="" gold="" execution="" item="70520|1" belly2="" experience2="" prestige="" jewelryelement="" jewelryenergy="" times="" enter="0" quality="4" type="8"/>
  <ernie_reward id="40016" info="2000 Đá Exp" belly1="" experience1="" gold="" execution="" item="42006|1" belly2="" experience2="" prestige="" jewelryelement="" jewelryenergy="" times="" enter="0" quality="7" type="8"/>
  <ernie_reward id="60011" info="Pet “Minorhinoceros”" belly1="" experience1="" gold="" execution="" item="110058|1" belly2="" experience2="" prestige="" jewelryelement="" jewelryenergy="" times="" enter="0" quality="6" type="8"/>
  <ernie_reward id="60012" info="Danh hiệu “Thợ săn báu vật”" belly1="" experience1="" gold="" execution="" item="70115|1" belly2="" experience2="" prestige="" jewelryelement="" jewelryenergy="" times="" enter="0" quality="6" type="8"/>
  <ernie_reward id="1020001" info="Pet cưỡi-Sư tử" belly1="" experience1="" gold="" execution="" item="2400001|1" belly2="" experience2="" prestige="" jewelryelement="3000" jewelryenergy="" times="" enter="0" quality="7" type="8"/>
  <ernie_reward id="1020002" info="Bộ đồ báu vật 140 -Vật lý" belly1="" experience1="" gold="" execution="" item="60101|1" belly2="" experience2="" prestige="" jewelryelement="" jewelryenergy="" times="" enter="0" quality="7" type="8"/>
  <ernie_reward id="1020003" info="Bộ đồ báu vật 140 -Ma pháp" belly1="" experience1="" gold="" execution="" item="60102|1" belly2="" experience2="" prestige="" jewelryelement="" jewelryenergy="" times="" enter="0" quality="7" type="8"/>
  <ernie_reward id="1020004" info="200 vạn Beri" belly1="2000000" experience1="" gold="" execution="" item="" belly2="" experience2="" prestige="" jewelryelement="" jewelryenergy="" times="" enter="0" quality="6" type="1"/>
  <ernie_reward id="1020005" info="500 vạn Beri" belly1="5000000" experience1="" gold="" execution="" item="" belly2="" experience2="" prestige="" jewelryelement="" jewelryenergy="" times="" enter="0" quality="7" type="1"/>
  <ernie_reward id="1020006" info="N.liệu Hải Hồn 1*10" belly1="" experience1="" gold="" execution="" item="50022|1" belly2="" experience2="" prestige="" jewelryelement="" jewelryenergy="" times="" enter="0" quality="4" type="8"/>
  <ernie_reward id="1020007" info="N.liệu Hải Hồn 2*10" belly1="" experience1="" gold="" execution="" item="50023|1" belly2="" experience2="" prestige="" jewelryelement="" jewelryenergy="" times="" enter="0" quality="4" type="8"/>
  <ernie_reward id="1020008" info="N.liệu Hải Hồn 3*10" belly1="" experience1="" gold="" execution="" item="50024|1" belly2="" experience2="" prestige="" jewelryelement="" jewelryenergy="" times="" enter="0" quality="4" type="8"/>
  <ernie_reward id="1010001" info="Haki Bá Vương 5" belly1="" experience1="" gold="" execution="" item="71006|1" belly2="" experience2="" prestige="" jewelryelement="" jewelryenergy="" times="" enter="0" quality="6" type="8"/>
  <ernie_reward id="1010002" info="Túi bộ đồ B.vật cam 130 A" belly1="" experience1="" gold="" execution="" item="60075|1" belly2="" experience2="" prestige="" jewelryelement="" jewelryenergy="" times="" enter="0" quality="7" type="8"/>
  <ernie_reward id="1010003" info="Túi bộ đồ B.vật cam 130 B" belly1="" experience1="" gold="" execution="" item="60076|1" belly2="" experience2="" prestige="" jewelryelement="" jewelryenergy="" times="" enter="0" quality="7" type="8"/>
  <ernie_reward id="1010004" info="Túi bộ đồ B.vật cam 110 A" belly1="" experience1="" gold="" execution="" item="60071|1" belly2="" experience2="" prestige="" jewelryelement="" jewelryenergy="" times="" enter="0" quality="7" type="8"/>
  <ernie_reward id="1010005" info="Túi bộ đồ B.vật cam 110 B" belly1="" experience1="" gold="" execution="" item="60072|1" belly2="" experience2="" prestige="" jewelryelement="" jewelryenergy="" times="" enter="0" quality="7" type="8"/>
  <ernie_reward id="1010006" info="Túi N.liệu allblue thường" belly1="" experience1="" gold="" execution="" item="60024|1" belly2="" experience2="" prestige="" jewelryelement="" jewelryenergy="" times="" enter="0" quality="4" type="8"/>
  <ernie_reward id="1010007" info="20 vạn Beri" belly1="200000" experience1="" gold="" execution="" item="" belly2="" experience2="" prestige="" jewelryelement="" jewelryenergy="" times="" enter="0" quality="4" type="1"/>
  <ernie_reward id="1010008" info="Tích điểm tầm bảo 25 điểm" belly1="" experience1="" gold="" execution="" item="70708|1" belly2="" experience2="" prestige="" jewelryelement="" jewelryenergy="" times="" enter="0" quality="5" type="8"/>
  <ernie_reward id="1010009" info="Tích điểm chế đồ 25 điểm" belly1="" experience1="" gold="" execution="" item="70709|1" belly2="" experience2="" prestige="" jewelryelement="" jewelryenergy="" times="" enter="0" quality="5" type="8"/>
  <ernie_reward id="1010010" info="100 Đá N.tố" belly1="" experience1="" gold="" execution="" item="" belly2="" experience2="" prestige="" jewelryelement="100" jewelryenergy="" times="" enter="0" quality="4" type="6"/>
  <ernie_reward id="1010011" info="100 Đá Tinh Linh" belly1="" experience1="" gold="" execution="" item="70520|1" belly2="" experience2="" prestige="" jewelryelement="" jewelryenergy="" times="" enter="0" quality="4" type="8"/>
  <ernie_reward id="1010012" info="50 vạn Beri" belly1="500000" experience1="" gold="" execution="" item="" belly2="" experience2="" prestige="" jewelryelement="" jewelryenergy="" times="" enter="0" quality="5" type="1"/>
  <ernie_reward id="1010013" info="Cá vòi voi" belly1="" experience1="" gold="" execution="" item="200010|1" belly2="" experience2="" prestige="" jewelryelement="" jewelryenergy="" times="" enter="0" quality="7" type="8"/>
  <ernie_reward id="1010014" info="Cá mập" belly1="" experience1="" gold="" execution="" item="200009|1" belly2="" experience2="" prestige="" jewelryelement="" jewelryenergy="" times="" enter="0" quality="7" type="8"/>
  <ernie_reward id="1010015" info="2000 B.thạch Exp" belly1="" experience1="" gold="" execution="" item="42006|1" belly2="" experience2="" prestige="" jewelryelement="" jewelryenergy="" times="" enter="0" quality="7" type="8"/>
  <ernie_reward id="1010016" info="Vào vòng trong 100000 Beri" belly1="100000" experience1="" gold="" execution="" item="" belly2="" experience2="" prestige="" jewelryelement="" jewelryenergy="" times="" enter="1" quality="6" type="1"/>
  <ernie_reward id="1030001" info="Lễ phục" belly1="" experience1="" gold="" execution="" item="2100031|1" belly2="" experience2="" prestige="" jewelryelement="" jewelryenergy="" times="" enter="0" quality="6" type="8"/>
  <ernie_reward id="1030002" info="Lễ phục" belly1="" experience1="" gold="" execution="" item="2100032|1" belly2="" experience2="" prestige="" jewelryelement="" jewelryenergy="" times="" enter="0" quality="6" type="8"/>
  <ernie_reward id="1030003" info="Lễ phục" belly1="" experience1="" gold="" execution="" item="2100033|1" belly2="" experience2="" prestige="" jewelryelement="" jewelryenergy="" times="" enter="0" quality="6" type="8"/>
  <ernie_reward id="1030004" info="Lễ phục" belly1="" experience1="" gold="" execution="" item="2100034|1" belly2="" experience2="" prestige="" jewelryelement="" jewelryenergy="" times="" enter="0" quality="6" type="8"/>
  <ernie_reward id="1030005" info="Lễ phục" belly1="" experience1="" gold="" execution="" item="2100035|1" belly2="" experience2="" prestige="" jewelryelement="" jewelryenergy="" times="" enter="0" quality="6" type="8"/>
  <ernie_reward id="1030006" info="Lễ phục" belly1="" experience1="" gold="" execution="" item="2100036|1" belly2="" experience2="" prestige="" jewelryelement="" jewelryenergy="" times="" enter="0" quality="6" type="8"/>
  <ernie_reward id="1030007" info="Pet phụ “Bepo”" belly1="" experience1="" gold="" execution="" item="110064|1" belly2="" experience2="" prestige="" jewelryelement="" jewelryenergy="" times="" enter="0" quality="7" type="8"/>
  <ernie_reward id="1030008" info="Danh hiệu “Ta là Thuyền trưởng”" belly1="" experience1="" gold="" execution="" item="75006|1" belly2="" experience2="" prestige="" jewelryelement="" jewelryenergy="" times="" enter="0" quality="6" type="8"/>
  <ernie_reward id="1030009" info="Pet chính “Fuleco”" belly1="" experience1="" gold="" execution="" item="110063|1" belly2="" experience2="" prestige="" jewelryelement="" jewelryenergy="" times="" enter="0" quality="7" type="8"/>
  <ernie_reward id="1030011" info="Pet phụ “Pet Hồn Ma”" belly1="" experience1="" gold="" execution="" item="110061|1" belly2="" experience2="" prestige="" jewelryelement="" jewelryenergy="" times="" enter="0" quality="7" type="8"/>
  <ernie_reward id="1030012" info="Danh hiệu “Thần May Mắn”" belly1="" experience1="" gold="" execution="" item="75003|1" belly2="" experience2="" prestige="" jewelryelement="" jewelryenergy="" times="" enter="0" quality="6" type="8"/>
  <ernie_reward id="1030013" info="Thời trang sinh nhật" belly1="" experience1="" gold="" execution="" item="2100061|1" belly2="" experience2="" prestige="" jewelryelement="" jewelryenergy="" times="" enter="0" quality="6" type="8"/>
  <ernie_reward id="1030014" info="Thời trang sinh nhật" belly1="" experience1="" gold="" execution="" item="2100062|1" belly2="" experience2="" prestige="" jewelryelement="" jewelryenergy="" times="" enter="0" quality="6" type="8"/>
  <ernie_reward id="1030015" info="Thời trang sinh nhật" belly1="" experience1="" gold="" execution="" item="2100063|1" belly2="" experience2="" prestige="" jewelryelement="" jewelryenergy="" times="" enter="0" quality="6" type="8"/>
  <ernie_reward id="1030016" info="Thời trang sinh nhật" belly1="" experience1="" gold="" execution="" item="2100064|1" belly2="" experience2="" prestige="" jewelryelement="" jewelryenergy="" times="" enter="0" quality="6" type="8"/>
  <ernie_reward id="1030017" info="Thời trang sinh nhật" belly1="" experience1="" gold="" execution="" item="2100065|1" belly2="" experience2="" prestige="" jewelryelement="" jewelryenergy="" times="" enter="0" quality="6" type="8"/>
  <ernie_reward id="1030018" info="Thời trang sinh nhật" belly1="" experience1="" gold="" execution="" item="2100066|1" belly2="" experience2="" prestige="" jewelryelement="" jewelryenergy="" times="" enter="0" quality="6" type="8"/>
  <ernie_reward id="1040001" info="Thời trang Thất Vũ Hải" belly1="" experience1="" gold="" execution="" item="2100041|1" belly2="" experience2="" prestige="" jewelryelement="" jewelryenergy="" times="" enter="0" quality="6" type="8"/>
  <ernie_reward id="1040002" info="Thời trang Thất Vũ Hải" belly1="" experience1="" gold="" execution="" item="2100042|1" belly2="" experience2="" prestige="" jewelryelement="" jewelryenergy="" times="" enter="0" quality="6" type="8"/>
  <ernie_reward id="1040003" info="Thời trang Thất Vũ Hải" belly1="" experience1="" gold="" execution="" item="2100043|1" belly2="" experience2="" prestige="" jewelryelement="" jewelryenergy="" times="" enter="0" quality="6" type="8"/>
  <ernie_reward id="1040004" info="Thời trang Thất Vũ Hải" belly1="" experience1="" gold="" execution="" item="2100044|1" belly2="" experience2="" prestige="" jewelryelement="" jewelryenergy="" times="" enter="0" quality="6" type="8"/>
  <ernie_reward id="1040005" info="Thời trang Thất Vũ Hải" belly1="" experience1="" gold="" execution="" item="2100045|1" belly2="" experience2="" prestige="" jewelryelement="" jewelryenergy="" times="" enter="0" quality="6" type="8"/>
  <ernie_reward id="1040006" info="Thời trang Thất Vũ Hải" belly1="" experience1="" gold="" execution="" item="2100046|1" belly2="" experience2="" prestige="" jewelryelement="" jewelryenergy="" times="" enter="0" quality="6" type="8"/>
  <ernie_reward id="1040007" info="Danh hiệu-Đại Manh Thần" belly1="" experience1="" gold="" execution="" item="75014|1" belly2="" experience2="" prestige="" jewelryelement="" jewelryenergy="" times="" enter="0" quality="6" type="8"/>
  <ernie_reward id="1040008" info="Bộ B.vật 140-Vật lý A" belly1="" experience1="" gold="" execution="" item="60109|1" belly2="" experience2="" prestige="" jewelryelement="" jewelryenergy="" times="" enter="0" quality="7" type="8"/>
  <ernie_reward id="1040009" info="Bộ B.vật 140-Vật lý B" belly1="" experience1="" gold="" execution="" item="60110|1" belly2="" experience2="" prestige="" jewelryelement="" jewelryenergy="" times="" enter="0" quality="7" type="8"/>
  <ernie_reward id="1040010" info="Túi trang sức-Bộ Tượng thần" belly1="" experience1="" gold="" execution="" item="60112|1" belly2="" experience2="" prestige="" jewelryelement="" jewelryenergy="" times="" enter="0" quality="5" type="8"/>
  <ernie_reward id="1040011" info="Túi trang sức-Bộ Lưu ly" belly1="" experience1="" gold="" execution="" item="60111|1" belly2="" experience2="" prestige="" jewelryelement="" jewelryenergy="" times="" enter="0" quality="4" type="8"/>
  <ernie_reward id="1040012" info="100 Thủy tinh thời trang" belly1="" experience1="" gold="" execution="" item="76007|1" belly2="" experience2="" prestige="" jewelryelement="" jewelryenergy="" times="" enter="0" quality="4" type="8"/>
  <ernie_reward id="1050001" info="Thời trang-Halloween" belly1="" experience1="" gold="" execution="" item="2100091|1" belly2="" experience2="" prestige="" jewelryelement="" jewelryenergy="" times="" enter="0" quality="6" type="8"/>
  <ernie_reward id="1050002" info="Thời trang-Halloween" belly1="" experience1="" gold="" execution="" item="2100092|1" belly2="" experience2="" prestige="" jewelryelement="" jewelryenergy="" times="" enter="0" quality="6" type="8"/>
  <ernie_reward id="1050003" info="Thời trang-Halloween" belly1="" experience1="" gold="" execution="" item="2100093|1" belly2="" experience2="" prestige="" jewelryelement="" jewelryenergy="" times="" enter="0" quality="6" type="8"/>
  <ernie_reward id="1050004" info="Thời trang-Halloween" belly1="" experience1="" gold="" execution="" item="2100094|1" belly2="" experience2="" prestige="" jewelryelement="" jewelryenergy="" times="" enter="0" quality="6" type="8"/>
  <ernie_reward id="1050005" info="Thời trang-Halloween" belly1="" experience1="" gold="" execution="" item="2100095|1" belly2="" experience2="" prestige="" jewelryelement="" jewelryenergy="" times="" enter="0" quality="6" type="8"/>
  <ernie_reward id="1050006" info="Thời trang-Halloween节" belly1="" experience1="" gold="" execution="" item="2100096|1" belly2="" experience2="" prestige="" jewelryelement="" jewelryenergy="" times="" enter="0" quality="6" type="8"/>
  <ernie_reward id="1050007" info="Pet cưỡi-Máy xúc" belly1="" experience1="" gold="" execution="" item="2400011|1" belly2="" experience2="" prestige="" jewelryelement="" jewelryenergy="" times="" enter="0" quality="6" type="8"/>
  <ernie_reward id="1050008" info="DH-Máy xúc cấp 6" belly1="" experience1="" gold="" execution="" item="75051|1" belly2="" experience2="" prestige="" jewelryelement="" jewelryenergy="" times="" enter="0" quality="6" type="8"/>
  <ernie_reward id="1050009" info="Tinh hoa B.thạch 15" belly1="" experience1="" gold="" execution="" item="73012|1" belly2="" experience2="" prestige="" jewelryelement="" jewelryenergy="" times="" enter="0" quality="6" type="8"/>
  <ernie_reward id="1050010" info="Đá Khắc Ấn 100" belly1="" experience1="" gold="" execution="" item="70806|1" belly2="" experience2="" prestige="" jewelryelement="" jewelryenergy="" times="" enter="0" quality="5" type="8"/>
  <ernie_reward id="1050011" info="K.cương cổ đại 20" belly1="" experience1="" gold="" execution="" item="50029|1" belly2="" experience2="" prestige="" jewelryelement="" jewelryenergy="" times="" enter="0" quality="4" type="8"/>
  <ernie_reward id="1050012" info="Túi trang sức-Bộ lưu ly" belly1="" experience1="" gold="" execution="" item="78009|1" belly2="" experience2="" prestige="" jewelryelement="" jewelryenergy="" times="" enter="0" quality="4" type="8"/>
  <ernie_reward id="1050013" info="Đá Khắc Ấn 1000" belly1="" experience1="" gold="" execution="" item="70808|1" belly2="" experience2="" prestige="" jewelryelement="" jewelryenergy="" times="" enter="0" quality="7" type="8"/>
  <ernie_reward id="1050014" info="Túi bộ Dấu Ấn A" belly1="" experience1="" gold="" execution="" item="78008|1" belly2="" experience2="" prestige="" jewelryelement="" jewelryenergy="" times="" enter="0" quality="6" type="8"/>
  <ernie_reward id="1050015" info="Túi bộ Dấu Ấn B" belly1="" experience1="" gold="" execution="" item="78007|1" belly2="" experience2="" prestige="" jewelryelement="" jewelryenergy="" times="" enter="0" quality="6" type="8"/>
  <ernie_reward id="1050016" info="Vào vòng trong +100000 Beri" belly1="100000" experience1="" gold="" execution="" item="" belly2="" experience2="" prestige="" jewelryelement="" jewelryenergy="" times="" enter="1" quality="6" type="1"/>
</root>