<root>
  <gem_jifen id="1" gemColorName="白色3" type="0" bombSpace="0" baseIntegral="10" iconUrl="itemSmall/exp_gem1.png" getExp="10" luckilyColor="1" baseEssence="0" isSpecial="0"/>
  <gem_jifen id="2" gemColorName="白色4" type="0" bombSpace="0" baseIntegral="30" iconUrl="itemSmall/exp_gem3.png" getExp="30" luckilyColor="1" baseEssence="0" isSpecial="0"/>
  <gem_jifen id="3" gemColorName="白色5" type="0" bombSpace="0" baseIntegral="50" iconUrl="itemSmall/exp_gem6.png" getExp="50" luckilyColor="1" baseEssence="0" isSpecial="0"/>
  <gem_jifen id="4" gemColorName="绿色3" type="0" bombSpace="0" baseIntegral="10" iconUrl="itemSmall/life_gem1.png" getExp="10" luckilyColor="2" baseEssence="0" isSpecial="0"/>
  <gem_jifen id="5" gemColorName="绿色4" type="0" bombSpace="0" baseIntegral="30" iconUrl="itemSmall/life_gem3.png" getExp="30" luckilyColor="2" baseEssence="0" isSpecial="0"/>
  <gem_jifen id="6" gemColorName="绿色5" type="0" bombSpace="0" baseIntegral="50" iconUrl="itemSmall/life_gem6.png" getExp="50" luckilyColor="2" baseEssence="0" isSpecial="0"/>
  <gem_jifen id="7" gemColorName="蓝色3" type="0" bombSpace="0" baseIntegral="10" iconUrl="itemSmall/phy_def_gem1.png" getExp="10" luckilyColor="3" baseEssence="0" isSpecial="0"/>
  <gem_jifen id="8" gemColorName="蓝色4" type="0" bombSpace="0" baseIntegral="30" iconUrl="itemSmall/phy_def_gem3.png" getExp="30" luckilyColor="3" baseEssence="0" isSpecial="0"/>
  <gem_jifen id="9" gemColorName="蓝色5" type="0" bombSpace="0" baseIntegral="50" iconUrl="itemSmall/phy_def_gem6.png" getExp="50" luckilyColor="3" baseEssence="0" isSpecial="0"/>
  <gem_jifen id="10" gemColorName="黄色3" type="0" bombSpace="0" baseIntegral="10" iconUrl="itemSmall/mag_def_gem1.png" getExp="10" luckilyColor="4" baseEssence="0" isSpecial="0"/>
  <gem_jifen id="11" gemColorName="黄色4" type="0" bombSpace="0" baseIntegral="30" iconUrl="itemSmall/mag_def_gem3.png" getExp="30" luckilyColor="4" baseEssence="0" isSpecial="0"/>
  <gem_jifen id="12" gemColorName="黄色5" type="0" bombSpace="0" baseIntegral="50" iconUrl="itemSmall/mag_def_gem6.png" getExp="50" luckilyColor="4" baseEssence="0" isSpecial="0"/>
  <gem_jifen id="13" gemColorName="红色3" type="0" bombSpace="0" baseIntegral="10" iconUrl="itemSmall/phy_att_gem1.png" getExp="10" luckilyColor="5" baseEssence="0" isSpecial="0"/>
  <gem_jifen id="14" gemColorName="红色4" type="0" bombSpace="0" baseIntegral="30" iconUrl="itemSmall/phy_att_gem3.png" getExp="30" luckilyColor="5" baseEssence="0" isSpecial="0"/>
  <gem_jifen id="15" gemColorName="红色5" type="0" bombSpace="0" baseIntegral="50" iconUrl="itemSmall/phy_att_gem6.png" getExp="50" luckilyColor="5" baseEssence="0" isSpecial="0"/>
  <gem_jifen id="16" gemColorName="紫色3" type="0" bombSpace="0" baseIntegral="10" iconUrl="itemSmall/mag_att_gem1.png" getExp="10" luckilyColor="6" baseEssence="0" isSpecial="0"/>
  <gem_jifen id="17" gemColorName="紫色4" type="0" bombSpace="0" baseIntegral="30" iconUrl="itemSmall/mag_att_gem3.png" getExp="30" luckilyColor="6" baseEssence="0" isSpecial="0"/>
  <gem_jifen id="18" gemColorName="紫色5" type="0" bombSpace="0" baseIntegral="50" iconUrl="itemSmall/mag_att_gem6.png" getExp="50" luckilyColor="6" baseEssence="0" isSpecial="0"/>
  <gem_jifen id="19" gemColorName="橙色3" type="0" bombSpace="0" baseIntegral="10" iconUrl="itemSmall/kil_att_gem1.png" getExp="10" luckilyColor="7" baseEssence="0" isSpecial="0"/>
  <gem_jifen id="20" gemColorName="橙色4" type="0" bombSpace="0" baseIntegral="30" iconUrl="itemSmall/kil_att_gem3.png" getExp="30" luckilyColor="7" baseEssence="0" isSpecial="0"/>
  <gem_jifen id="21" gemColorName="橙色5" type="0" bombSpace="0" baseIntegral="50" iconUrl="itemSmall/kil_att_gem6.png" getExp="50" luckilyColor="7" baseEssence="0" isSpecial="0"/>
  <gem_jifen id="22" gemColorName="炸弹1" type="1" bombSpace="3" baseIntegral="0" iconUrl="bomb1" getExp="0" luckilyColor="" baseEssence="0" isSpecial="0"/>
  <gem_jifen id="100" gemColorName="白色3" type="0" bombSpace="0" baseIntegral="10" iconUrl="itemSmall/exp_gem1.png" getExp="10" luckilyColor="1" baseEssence="0" isSpecial="0"/>
  <gem_jifen id="101" gemColorName="白色4" type="0" bombSpace="0" baseIntegral="30" iconUrl="itemSmall/exp_gem3.png" getExp="30" luckilyColor="1" baseEssence="0" isSpecial="0"/>
  <gem_jifen id="102" gemColorName="白色5" type="0" bombSpace="0" baseIntegral="50" iconUrl="itemSmall/exp_gem6.png" getExp="50" luckilyColor="1" baseEssence="0" isSpecial="0"/>
  <gem_jifen id="103" gemColorName="绿色3" type="0" bombSpace="0" baseIntegral="10" iconUrl="itemSmall/life_gem1.png" getExp="10" luckilyColor="2" baseEssence="0" isSpecial="0"/>
  <gem_jifen id="104" gemColorName="绿色4" type="0" bombSpace="0" baseIntegral="30" iconUrl="itemSmall/life_gem3.png" getExp="30" luckilyColor="2" baseEssence="0" isSpecial="0"/>
  <gem_jifen id="105" gemColorName="绿色5" type="0" bombSpace="0" baseIntegral="50" iconUrl="itemSmall/life_gem6.png" getExp="50" luckilyColor="2" baseEssence="0" isSpecial="0"/>
  <gem_jifen id="106" gemColorName="蓝色3" type="0" bombSpace="0" baseIntegral="10" iconUrl="itemSmall/phy_def_gem1.png" getExp="10" luckilyColor="3" baseEssence="0" isSpecial="0"/>
  <gem_jifen id="107" gemColorName="蓝色4" type="0" bombSpace="0" baseIntegral="30" iconUrl="itemSmall/phy_def_gem3.png" getExp="30" luckilyColor="3" baseEssence="0" isSpecial="0"/>
  <gem_jifen id="108" gemColorName="蓝色5" type="0" bombSpace="0" baseIntegral="50" iconUrl="itemSmall/phy_def_gem6.png" getExp="50" luckilyColor="3" baseEssence="0" isSpecial="0"/>
  <gem_jifen id="109" gemColorName="黄色3" type="0" bombSpace="0" baseIntegral="10" iconUrl="itemSmall/mag_def_gem1.png" getExp="10" luckilyColor="4" baseEssence="0" isSpecial="0"/>
  <gem_jifen id="110" gemColorName="黄色4" type="0" bombSpace="0" baseIntegral="30" iconUrl="itemSmall/mag_def_gem3.png" getExp="30" luckilyColor="4" baseEssence="0" isSpecial="0"/>
  <gem_jifen id="111" gemColorName="黄色5" type="0" bombSpace="0" baseIntegral="50" iconUrl="itemSmall/mag_def_gem6.png" getExp="50" luckilyColor="4" baseEssence="0" isSpecial="0"/>
  <gem_jifen id="112" gemColorName="红色3" type="0" bombSpace="0" baseIntegral="10" iconUrl="itemSmall/phy_att_gem1.png" getExp="10" luckilyColor="5" baseEssence="0" isSpecial="0"/>
  <gem_jifen id="113" gemColorName="红色4" type="0" bombSpace="0" baseIntegral="30" iconUrl="itemSmall/phy_att_gem3.png" getExp="30" luckilyColor="5" baseEssence="0" isSpecial="0"/>
  <gem_jifen id="114" gemColorName="红色5" type="0" bombSpace="0" baseIntegral="50" iconUrl="itemSmall/phy_att_gem6.png" getExp="50" luckilyColor="5" baseEssence="0" isSpecial="0"/>
  <gem_jifen id="115" gemColorName="紫色3" type="0" bombSpace="0" baseIntegral="10" iconUrl="itemSmall/mag_att_gem1.png" getExp="10" luckilyColor="6" baseEssence="0" isSpecial="0"/>
  <gem_jifen id="116" gemColorName="紫色4" type="0" bombSpace="0" baseIntegral="30" iconUrl="itemSmall/mag_att_gem3.png" getExp="30" luckilyColor="6" baseEssence="0" isSpecial="0"/>
  <gem_jifen id="117" gemColorName="紫色5" type="0" bombSpace="0" baseIntegral="50" iconUrl="itemSmall/mag_att_gem6.png" getExp="50" luckilyColor="6" baseEssence="0" isSpecial="0"/>
  <gem_jifen id="118" gemColorName="橙色3" type="0" bombSpace="0" baseIntegral="10" iconUrl="itemSmall/kil_att_gem1.png" getExp="10" luckilyColor="7" baseEssence="0" isSpecial="0"/>
  <gem_jifen id="119" gemColorName="橙色4" type="0" bombSpace="0" baseIntegral="30" iconUrl="itemSmall/kil_att_gem3.png" getExp="30" luckilyColor="7" baseEssence="0" isSpecial="0"/>
  <gem_jifen id="120" gemColorName="橙色5" type="0" bombSpace="0" baseIntegral="50" iconUrl="itemSmall/kil_att_gem6.png" getExp="50" luckilyColor="7" baseEssence="0" isSpecial="0"/>
  <gem_jifen id="121" gemColorName="宝石精华" type="0" bombSpace="0" baseIntegral="60" iconUrl="jinghua" getExp="60" luckilyColor="1" baseEssence="10" isSpecial="1"/>
</root>