<root>
  <genius_extra_property id="1" affix_id="1" affix_num="1000"/>
  <genius_extra_property id="2" affix_id="25" affix_num="100"/>
  <genius_extra_property id="3" affix_id="26" affix_num="100"/>
  <genius_extra_property id="4" affix_id="27" affix_num="100"/>
  <genius_extra_property id="5" affix_id="28" affix_num="100"/>
  <genius_extra_property id="6" affix_id="29" affix_num="100"/>
  <genius_extra_property id="7" affix_id="30" affix_num="100"/>
  <genius_extra_property id="8" affix_id="2" affix_num="100"/>
</root>