<root>
  <genius_skill id="1" name="闪光" icon="shanguang.png" description="" property="31|200,32|200,33|200,34|200,2|100,1|1000"/>
  <genius_skill id="2" name="光子球" icon="guangziqiu.png" description="" property="31|500,32|500,33|500,34|500,2|200,1|2000"/>
  <genius_skill id="3" name="阳光吸收" icon="yangguangxishou.png" description="" property="31|800,32|800,33|800,34|800,2|500,1|5000"/>
  <genius_skill id="4" name="零度冻结" icon="lingdudongjie.png" description="" property="31|1200,32|1200,33|1200,34|1200,2|1000,1|10000"/>
  <genius_skill id="5" name="恶烟" icon="eyan.png" description="" property="31|300,32|100,33|100,34|300,2|100,1|1000"/>
  <genius_skill id="6" name="泡泡" icon="paopao.png" description="" property="31|200,32|200,33|200,34|200,2|150,1|1500"/>
  <genius_skill id="7" name="催眠球" icon="cuimianqiu.png" description="" property="31|700,32|300,33|300,34|700,2|200,1|2000"/>
  <genius_skill id="8" name="三叶球" icon="sanyeqiu.png" description="" property="31|500,32|500,33|500,34|500,2|400,1|4000"/>
  <genius_skill id="9" name="钢铁心脏" icon="gangtiexinzang.png" description="" property="31|1000,32|1000,33|600,34|600,2|500,1|5000"/>
</root>