<root>
	<tips text="用露水洗澡真舒服呢~~" />
	<tips text="我想去月光森林度假啊~" />
	<tips text="我感觉到身后有一股视线在盯着我" />
	<tips text="花蜜真好喝，不同的花就是不同的味道" />
	<tips text="我的主人，快点带我去航海吧" />
	<tips text="我讨厌肉食!" />
	<tips text="我从来都不需要鞋子" />
	<tips text="不会飞是怎样的感觉？" />
	<tips text="在森林里，是我最舒服的时候了" />
	<tips text="明天应该会下雨" />
	<tips text="哇偶，美丽的夜空!" />
	<tips text="和我一起去追萤火虫吧!" />
</root>