<root>
  <genius_searching_reward id="1" reward_item="24000029|1" weight="200"/>
  <genius_searching_reward id="2" reward_item="121452|1" weight="1000"/>
  <genius_searching_reward id="3" reward_item="73009|1" weight="444"/>
  <genius_searching_reward id="4" reward_item="50042|1" weight="133"/>
  <genius_searching_reward id="5" reward_item="50013|1" weight="1111"/>
  <genius_searching_reward id="6" reward_item="200009|10" weight="800"/>
  <genius_searching_reward id="7" reward_item="71005|1" weight="2000"/>
  <genius_searching_reward id="8" reward_item="76202|1" weight="1000"/>
  <genius_searching_reward id="9" reward_item="70304|1" weight="8000"/>
  <genius_searching_reward id="10" reward_item="120088|10" weight="2000"/>
  <genius_searching_reward id="11" reward_item="24000025|1" weight="200"/>
  <genius_searching_reward id="12" reward_item="121452|1" weight="1000"/>
  <genius_searching_reward id="13" reward_item="50041|1" weight="133"/>
  <genius_searching_reward id="14" reward_item="120013|25" weight="533"/>
  <genius_searching_reward id="15" reward_item="71013|1" weight="2000"/>
  <genius_searching_reward id="16" reward_item="70732|1" weight="5000"/>
  <genius_searching_reward id="17" reward_item="120085|1" weight="400"/>
  <genius_searching_reward id="18" reward_item="129307|1" weight="1000"/>
  <genius_searching_reward id="19" reward_item="70802|1" weight="2000"/>
  <genius_searching_reward id="20" reward_item="50057|1" weight="200"/>
  <genius_searching_reward id="21" reward_item="60161|2" weight="4000"/>
  <genius_searching_reward id="22" reward_item="70304|2" weight="4000"/>
  <genius_searching_reward id="23" reward_item="60124|1" weight="200"/>
  <genius_searching_reward id="24" reward_item="121452|1" weight="1000"/>
  <genius_searching_reward id="25" reward_item="81125|1" weight="133"/>
  <genius_searching_reward id="26" reward_item="73013|1" weight="1600"/>
  <genius_searching_reward id="27" reward_item="129304|1" weight="333"/>
  <genius_searching_reward id="28" reward_item="50013|1" weight="1111"/>
  <genius_searching_reward id="29" reward_item="120018|5" weight="800"/>
  <genius_searching_reward id="30" reward_item="50007|1" weight="444"/>
  <genius_searching_reward id="31" reward_item="70722|1" weight="4000"/>
  <genius_searching_reward id="32" reward_item="121456|1" weight="400"/>
  <genius_searching_reward id="33" reward_item="70307|1" weight="3200"/>
  <genius_searching_reward id="34" reward_item="60162|1" weight="3333"/>
  <genius_searching_reward id="35" reward_item="24000027|1" weight="400"/>
  <genius_searching_reward id="36" reward_item="60125|1" weight="40"/>
  <genius_searching_reward id="37" reward_item="121452|1" weight="1000"/>
  <genius_searching_reward id="38" reward_item="70765|1" weight="57"/>
  <genius_searching_reward id="39" reward_item="75180|1" weight="769"/>
  <genius_searching_reward id="40" reward_item="120048|1" weight="57"/>
  <genius_searching_reward id="41" reward_item="120019|5" weight="1000"/>
  <genius_searching_reward id="42" reward_item="70307|1" weight="3225"/>
  <genius_searching_reward id="43" reward_item="79005|1" weight="200"/>
  <genius_searching_reward id="44" reward_item="50013|1" weight="1111"/>
  <genius_searching_reward id="45" reward_item="73009|1" weight="444"/>
  <genius_searching_reward id="46" reward_item="76204|1" weight="800"/>
  <genius_searching_reward id="47" reward_item="50042|1" weight="133"/>
  <genius_searching_reward id="48" reward_item="50041|1" weight="133"/>
  <genius_searching_reward id="49" reward_item="50007|1" weight="444"/>
  <genius_searching_reward id="50" reward_item="60163|1" weight="1000"/>
</root>