<root>
  <goods id="26" itemTemplateID="50001" currencyType="1" cost="1" needItemTemplate="" stock=""/>
  <goods id="27" itemTemplateID="50002" currencyType="1" cost="1" needItemTemplate="" stock=""/>
  <goods id="28" itemTemplateID="110001" currencyType="1" cost="1" needItemTemplate="" stock=""/>
  <goods id="29" itemTemplateID="90001" currencyType="1" cost="1" needItemTemplate="" stock=""/>
  <goods id="33" itemTemplateID="60001" currencyType="1" cost="1" needItemTemplate="" stock=""/>
  <goods id="34" itemTemplateID="60002" currencyType="1" cost="1" needItemTemplate="" stock=""/>
  <goods id="35" itemTemplateID="70001" currencyType="1" cost="1" needItemTemplate="" stock=""/>
  <goods id="36" itemTemplateID="70002" currencyType="1" cost="1" needItemTemplate="" stock=""/>
  <goods id="37" itemTemplateID="70003" currencyType="1" cost="1" needItemTemplate="" stock=""/>
  <goods id="38" itemTemplateID="70004" currencyType="1" cost="1" needItemTemplate="" stock=""/>
  <goods id="39" itemTemplateID="70005" currencyType="1" cost="1" needItemTemplate="" stock=""/>
  <goods id="40" itemTemplateID="70006" currencyType="1" cost="1" needItemTemplate="" stock=""/>
  <goods id="41" itemTemplateID="70007" currencyType="1" cost="1" needItemTemplate="" stock=""/>
  <goods id="77" itemTemplateID="40011" currencyType="1" cost="100" needItemTemplate="" stock=""/>
  <goods id="78" itemTemplateID="40012" currencyType="1" cost="100" needItemTemplate="" stock=""/>
  <goods id="79" itemTemplateID="40013" currencyType="1" cost="100" needItemTemplate="" stock=""/>
  <goods id="80" itemTemplateID="40014" currencyType="1" cost="100" needItemTemplate="" stock=""/>
  <goods id="81" itemTemplateID="40015" currencyType="1" cost="100" needItemTemplate="" stock=""/>
  <goods id="82" itemTemplateID="40016" currencyType="1" cost="100" needItemTemplate="" stock=""/>
  <goods id="83" itemTemplateID="40017" currencyType="1" cost="100" needItemTemplate="" stock=""/>
  <goods id="84" itemTemplateID="40018" currencyType="1" cost="100" needItemTemplate="" stock=""/>
  <goods id="85" itemTemplateID="40019" currencyType="1" cost="100" needItemTemplate="" stock=""/>
  <goods id="86" itemTemplateID="40020" currencyType="1" cost="100" needItemTemplate="" stock=""/>
  <goods id="87" itemTemplateID="40021" currencyType="1" cost="100" needItemTemplate="" stock=""/>
  <goods id="88" itemTemplateID="40022" currencyType="1" cost="100" needItemTemplate="" stock=""/>
  <goods id="89" itemTemplateID="40023" currencyType="1" cost="100" needItemTemplate="" stock=""/>
  <goods id="90" itemTemplateID="40024" currencyType="1" cost="100" needItemTemplate="" stock=""/>
  <goods id="91" itemTemplateID="40025" currencyType="1" cost="100" needItemTemplate="" stock=""/>
  <goods id="92" itemTemplateID="40026" currencyType="1" cost="100" needItemTemplate="" stock=""/>
  <goods id="93" itemTemplateID="40027" currencyType="1" cost="100" needItemTemplate="" stock=""/>
  <goods id="94" itemTemplateID="40028" currencyType="1" cost="100" needItemTemplate="" stock=""/>
  <goods id="95" itemTemplateID="40029" currencyType="1" cost="100" needItemTemplate="" stock=""/>
  <goods id="96" itemTemplateID="40030" currencyType="1" cost="100" needItemTemplate="" stock=""/>
  <goods id="97" itemTemplateID="40031" currencyType="1" cost="100" needItemTemplate="" stock=""/>
  <goods id="98" itemTemplateID="40032" currencyType="1" cost="100" needItemTemplate="" stock=""/>
  <goods id="99" itemTemplateID="40033" currencyType="1" cost="100" needItemTemplate="" stock=""/>
  <goods id="100" itemTemplateID="40034" currencyType="1" cost="100" needItemTemplate="" stock=""/>
  <goods id="101" itemTemplateID="40035" currencyType="1" cost="100" needItemTemplate="" stock=""/>
  <goods id="102" itemTemplateID="40036" currencyType="1" cost="100" needItemTemplate="" stock=""/>
  <goods id="103" itemTemplateID="40037" currencyType="1" cost="100" needItemTemplate="" stock=""/>
  <goods id="104" itemTemplateID="40038" currencyType="1" cost="100" needItemTemplate="" stock=""/>
  <goods id="105" itemTemplateID="40039" currencyType="1" cost="100" needItemTemplate="" stock=""/>
  <goods id="106" itemTemplateID="40040" currencyType="1" cost="100" needItemTemplate="" stock=""/>
  <goods id="107" itemTemplateID="40041" currencyType="1" cost="100" needItemTemplate="" stock=""/>
  <goods id="108" itemTemplateID="40042" currencyType="1" cost="100" needItemTemplate="" stock=""/>
  <goods id="109" itemTemplateID="40043" currencyType="1" cost="100" needItemTemplate="" stock=""/>
  <goods id="110" itemTemplateID="40044" currencyType="1" cost="100" needItemTemplate="" stock=""/>
  <goods id="111" itemTemplateID="40045" currencyType="1" cost="100" needItemTemplate="" stock=""/>
  <goods id="112" itemTemplateID="11001" currencyType="1" cost="5000" needItemTemplate="" stock=""/>
  <goods id="113" itemTemplateID="11002" currencyType="1" cost="6000" needItemTemplate="" stock=""/>
  <goods id="114" itemTemplateID="11101" currencyType="1" cost="10000" needItemTemplate="" stock=""/>
  <goods id="115" itemTemplateID="11102" currencyType="1" cost="12000" needItemTemplate="" stock=""/>
  <goods id="116" itemTemplateID="11103" currencyType="1" cost="15000" needItemTemplate="" stock=""/>
  <goods id="117" itemTemplateID="11201" currencyType="1" cost="21000" needItemTemplate="" stock=""/>
  <goods id="118" itemTemplateID="11202" currencyType="1" cost="25000" needItemTemplate="" stock=""/>
  <goods id="119" itemTemplateID="11203" currencyType="1" cost="30000" needItemTemplate="" stock=""/>
  <goods id="120" itemTemplateID="11204" currencyType="1" cost="34000" needItemTemplate="" stock=""/>
  <goods id="121" itemTemplateID="11301" currencyType="1" cost="32000" needItemTemplate="" stock=""/>
  <goods id="122" itemTemplateID="11302" currencyType="1" cost="38000" needItemTemplate="" stock=""/>
  <goods id="123" itemTemplateID="11303" currencyType="1" cost="45000" needItemTemplate="" stock=""/>
  <goods id="124" itemTemplateID="11304" currencyType="1" cost="51000" needItemTemplate="" stock=""/>
  <goods id="125" itemTemplateID="11305" currencyType="1" cost="58000" needItemTemplate="" stock=""/>
  <goods id="126" itemTemplateID="11401" currencyType="1" cost="43000" needItemTemplate="" stock=""/>
  <goods id="127" itemTemplateID="11402" currencyType="1" cost="51000" needItemTemplate="" stock=""/>
  <goods id="128" itemTemplateID="11403" currencyType="1" cost="60000" needItemTemplate="" stock=""/>
  <goods id="129" itemTemplateID="11404" currencyType="1" cost="69000" needItemTemplate="" stock=""/>
  <goods id="130" itemTemplateID="11501" currencyType="1" cost="54000" needItemTemplate="" stock=""/>
  <goods id="131" itemTemplateID="11502" currencyType="1" cost="64000" needItemTemplate="" stock=""/>
  <goods id="132" itemTemplateID="11503" currencyType="1" cost="75000" needItemTemplate="" stock=""/>
  <goods id="133" itemTemplateID="12001" currencyType="1" cost="5000" needItemTemplate="" stock=""/>
  <goods id="134" itemTemplateID="12002" currencyType="1" cost="6000" needItemTemplate="" stock=""/>
  <goods id="135" itemTemplateID="12101" currencyType="1" cost="10000" needItemTemplate="" stock=""/>
  <goods id="136" itemTemplateID="12102" currencyType="1" cost="12000" needItemTemplate="" stock=""/>
  <goods id="137" itemTemplateID="12103" currencyType="1" cost="15000" needItemTemplate="" stock=""/>
  <goods id="138" itemTemplateID="12201" currencyType="1" cost="21000" needItemTemplate="" stock=""/>
  <goods id="139" itemTemplateID="12202" currencyType="1" cost="25000" needItemTemplate="" stock=""/>
  <goods id="140" itemTemplateID="12203" currencyType="1" cost="30000" needItemTemplate="" stock=""/>
  <goods id="141" itemTemplateID="12204" currencyType="1" cost="34000" needItemTemplate="" stock=""/>
  <goods id="142" itemTemplateID="12301" currencyType="1" cost="32000" needItemTemplate="" stock=""/>
  <goods id="143" itemTemplateID="12302" currencyType="1" cost="38000" needItemTemplate="" stock=""/>
  <goods id="144" itemTemplateID="12303" currencyType="1" cost="45000" needItemTemplate="" stock=""/>
  <goods id="145" itemTemplateID="12304" currencyType="1" cost="51000" needItemTemplate="" stock=""/>
  <goods id="146" itemTemplateID="12305" currencyType="1" cost="58000" needItemTemplate="" stock=""/>
  <goods id="147" itemTemplateID="12401" currencyType="1" cost="43000" needItemTemplate="" stock=""/>
  <goods id="148" itemTemplateID="12402" currencyType="1" cost="51000" needItemTemplate="" stock=""/>
  <goods id="149" itemTemplateID="12403" currencyType="1" cost="60000" needItemTemplate="" stock=""/>
  <goods id="150" itemTemplateID="12404" currencyType="1" cost="69000" needItemTemplate="" stock=""/>
  <goods id="151" itemTemplateID="12501" currencyType="1" cost="54000" needItemTemplate="" stock=""/>
  <goods id="152" itemTemplateID="12502" currencyType="1" cost="64000" needItemTemplate="" stock=""/>
  <goods id="153" itemTemplateID="12503" currencyType="1" cost="75000" needItemTemplate="" stock=""/>
  <goods id="154" itemTemplateID="13001" currencyType="1" cost="5000" needItemTemplate="" stock=""/>
  <goods id="155" itemTemplateID="13002" currencyType="1" cost="6000" needItemTemplate="" stock=""/>
  <goods id="156" itemTemplateID="13101" currencyType="1" cost="10000" needItemTemplate="" stock=""/>
  <goods id="157" itemTemplateID="13102" currencyType="1" cost="12000" needItemTemplate="" stock=""/>
  <goods id="158" itemTemplateID="13103" currencyType="1" cost="15000" needItemTemplate="" stock=""/>
  <goods id="159" itemTemplateID="13201" currencyType="1" cost="21000" needItemTemplate="" stock=""/>
  <goods id="160" itemTemplateID="13202" currencyType="1" cost="25000" needItemTemplate="" stock=""/>
  <goods id="161" itemTemplateID="13203" currencyType="1" cost="30000" needItemTemplate="" stock=""/>
  <goods id="162" itemTemplateID="13204" currencyType="1" cost="34000" needItemTemplate="" stock=""/>
  <goods id="163" itemTemplateID="13301" currencyType="1" cost="32000" needItemTemplate="" stock=""/>
  <goods id="164" itemTemplateID="13302" currencyType="1" cost="38000" needItemTemplate="" stock=""/>
  <goods id="165" itemTemplateID="13303" currencyType="1" cost="45000" needItemTemplate="" stock=""/>
  <goods id="166" itemTemplateID="13304" currencyType="1" cost="51000" needItemTemplate="" stock=""/>
  <goods id="167" itemTemplateID="13305" currencyType="1" cost="58000" needItemTemplate="" stock=""/>
  <goods id="168" itemTemplateID="13401" currencyType="1" cost="43000" needItemTemplate="" stock=""/>
  <goods id="169" itemTemplateID="13402" currencyType="1" cost="51000" needItemTemplate="" stock=""/>
  <goods id="170" itemTemplateID="13403" currencyType="1" cost="60000" needItemTemplate="" stock=""/>
  <goods id="171" itemTemplateID="13404" currencyType="1" cost="69000" needItemTemplate="" stock=""/>
  <goods id="172" itemTemplateID="13501" currencyType="1" cost="54000" needItemTemplate="" stock=""/>
  <goods id="173" itemTemplateID="13502" currencyType="1" cost="64000" needItemTemplate="" stock=""/>
  <goods id="174" itemTemplateID="13503" currencyType="1" cost="75000" needItemTemplate="" stock=""/>
  <goods id="175" itemTemplateID="14001" currencyType="1" cost="5000" needItemTemplate="" stock=""/>
  <goods id="176" itemTemplateID="14002" currencyType="1" cost="6000" needItemTemplate="" stock=""/>
  <goods id="177" itemTemplateID="14101" currencyType="1" cost="10000" needItemTemplate="" stock=""/>
  <goods id="178" itemTemplateID="14102" currencyType="1" cost="12000" needItemTemplate="" stock=""/>
  <goods id="179" itemTemplateID="14103" currencyType="1" cost="15000" needItemTemplate="" stock=""/>
  <goods id="180" itemTemplateID="14201" currencyType="1" cost="21000" needItemTemplate="" stock=""/>
  <goods id="181" itemTemplateID="14202" currencyType="1" cost="25000" needItemTemplate="" stock=""/>
  <goods id="182" itemTemplateID="14203" currencyType="1" cost="30000" needItemTemplate="" stock=""/>
  <goods id="183" itemTemplateID="14204" currencyType="1" cost="34000" needItemTemplate="" stock=""/>
  <goods id="184" itemTemplateID="14301" currencyType="1" cost="32000" needItemTemplate="" stock=""/>
  <goods id="185" itemTemplateID="14302" currencyType="1" cost="38000" needItemTemplate="" stock=""/>
  <goods id="186" itemTemplateID="14303" currencyType="1" cost="45000" needItemTemplate="" stock=""/>
  <goods id="187" itemTemplateID="14304" currencyType="1" cost="51000" needItemTemplate="" stock=""/>
  <goods id="188" itemTemplateID="14305" currencyType="1" cost="58000" needItemTemplate="" stock=""/>
  <goods id="189" itemTemplateID="14401" currencyType="1" cost="43000" needItemTemplate="" stock=""/>
  <goods id="190" itemTemplateID="14402" currencyType="1" cost="51000" needItemTemplate="" stock=""/>
  <goods id="191" itemTemplateID="14403" currencyType="1" cost="60000" needItemTemplate="" stock=""/>
  <goods id="192" itemTemplateID="14404" currencyType="1" cost="69000" needItemTemplate="" stock=""/>
  <goods id="193" itemTemplateID="14501" currencyType="1" cost="54000" needItemTemplate="" stock=""/>
  <goods id="194" itemTemplateID="14502" currencyType="1" cost="64000" needItemTemplate="" stock=""/>
  <goods id="195" itemTemplateID="14503" currencyType="1" cost="75000" needItemTemplate="" stock=""/>
  <goods id="196" itemTemplateID="15001" currencyType="1" cost="5000" needItemTemplate="" stock=""/>
  <goods id="197" itemTemplateID="15002" currencyType="1" cost="6000" needItemTemplate="" stock=""/>
  <goods id="198" itemTemplateID="15101" currencyType="1" cost="10000" needItemTemplate="" stock=""/>
  <goods id="199" itemTemplateID="15102" currencyType="1" cost="12000" needItemTemplate="" stock=""/>
  <goods id="200" itemTemplateID="15103" currencyType="1" cost="15000" needItemTemplate="" stock=""/>
  <goods id="201" itemTemplateID="15201" currencyType="1" cost="21000" needItemTemplate="" stock=""/>
  <goods id="202" itemTemplateID="15202" currencyType="1" cost="25000" needItemTemplate="" stock=""/>
  <goods id="203" itemTemplateID="15203" currencyType="1" cost="30000" needItemTemplate="" stock=""/>
  <goods id="204" itemTemplateID="15204" currencyType="1" cost="34000" needItemTemplate="" stock=""/>
  <goods id="205" itemTemplateID="15301" currencyType="1" cost="32000" needItemTemplate="" stock=""/>
  <goods id="206" itemTemplateID="15302" currencyType="1" cost="38000" needItemTemplate="" stock=""/>
  <goods id="207" itemTemplateID="15303" currencyType="1" cost="45000" needItemTemplate="" stock=""/>
  <goods id="208" itemTemplateID="15304" currencyType="1" cost="51000" needItemTemplate="" stock=""/>
  <goods id="209" itemTemplateID="15305" currencyType="1" cost="58000" needItemTemplate="" stock=""/>
  <goods id="210" itemTemplateID="15401" currencyType="1" cost="43000" needItemTemplate="" stock=""/>
  <goods id="211" itemTemplateID="15402" currencyType="1" cost="51000" needItemTemplate="" stock=""/>
  <goods id="212" itemTemplateID="15403" currencyType="1" cost="60000" needItemTemplate="" stock=""/>
  <goods id="213" itemTemplateID="15404" currencyType="1" cost="69000" needItemTemplate="" stock=""/>
  <goods id="214" itemTemplateID="15501" currencyType="1" cost="54000" needItemTemplate="" stock=""/>
  <goods id="215" itemTemplateID="15502" currencyType="1" cost="64000" needItemTemplate="" stock=""/>
  <goods id="216" itemTemplateID="15503" currencyType="1" cost="75000" needItemTemplate="" stock=""/>
  <goods id="217" itemTemplateID="16001" currencyType="1" cost="5000" needItemTemplate="" stock=""/>
  <goods id="218" itemTemplateID="16002" currencyType="1" cost="6000" needItemTemplate="" stock=""/>
  <goods id="219" itemTemplateID="16101" currencyType="1" cost="10000" needItemTemplate="" stock=""/>
  <goods id="220" itemTemplateID="16102" currencyType="1" cost="12000" needItemTemplate="" stock=""/>
  <goods id="221" itemTemplateID="16103" currencyType="1" cost="15000" needItemTemplate="" stock=""/>
  <goods id="222" itemTemplateID="16201" currencyType="1" cost="21000" needItemTemplate="" stock=""/>
  <goods id="223" itemTemplateID="16202" currencyType="1" cost="25000" needItemTemplate="" stock=""/>
  <goods id="224" itemTemplateID="16203" currencyType="1" cost="30000" needItemTemplate="" stock=""/>
  <goods id="225" itemTemplateID="16204" currencyType="1" cost="34000" needItemTemplate="" stock=""/>
  <goods id="226" itemTemplateID="16301" currencyType="1" cost="32000" needItemTemplate="" stock=""/>
  <goods id="227" itemTemplateID="16302" currencyType="1" cost="38000" needItemTemplate="" stock=""/>
  <goods id="228" itemTemplateID="16303" currencyType="1" cost="45000" needItemTemplate="" stock=""/>
  <goods id="229" itemTemplateID="16304" currencyType="1" cost="51000" needItemTemplate="" stock=""/>
  <goods id="230" itemTemplateID="16305" currencyType="1" cost="58000" needItemTemplate="" stock=""/>
  <goods id="231" itemTemplateID="16401" currencyType="1" cost="43000" needItemTemplate="" stock=""/>
  <goods id="232" itemTemplateID="16402" currencyType="1" cost="51000" needItemTemplate="" stock=""/>
  <goods id="233" itemTemplateID="16403" currencyType="1" cost="60000" needItemTemplate="" stock=""/>
  <goods id="234" itemTemplateID="16404" currencyType="1" cost="69000" needItemTemplate="" stock=""/>
  <goods id="235" itemTemplateID="16501" currencyType="1" cost="54000" needItemTemplate="" stock=""/>
  <goods id="236" itemTemplateID="16502" currencyType="1" cost="64000" needItemTemplate="" stock=""/>
  <goods id="237" itemTemplateID="16503" currencyType="1" cost="75000" needItemTemplate="" stock=""/>
  <goods id="238" itemTemplateID="17001" currencyType="1" cost="5000" needItemTemplate="" stock=""/>
  <goods id="239" itemTemplateID="17002" currencyType="1" cost="6000" needItemTemplate="" stock=""/>
  <goods id="240" itemTemplateID="17101" currencyType="1" cost="10000" needItemTemplate="" stock=""/>
  <goods id="241" itemTemplateID="17102" currencyType="1" cost="12000" needItemTemplate="" stock=""/>
  <goods id="242" itemTemplateID="17103" currencyType="1" cost="15000" needItemTemplate="" stock=""/>
  <goods id="243" itemTemplateID="17201" currencyType="1" cost="21000" needItemTemplate="" stock=""/>
  <goods id="244" itemTemplateID="17202" currencyType="1" cost="25000" needItemTemplate="" stock=""/>
  <goods id="245" itemTemplateID="17203" currencyType="1" cost="30000" needItemTemplate="" stock=""/>
  <goods id="246" itemTemplateID="17204" currencyType="1" cost="34000" needItemTemplate="" stock=""/>
  <goods id="247" itemTemplateID="17301" currencyType="1" cost="32000" needItemTemplate="" stock=""/>
  <goods id="248" itemTemplateID="17302" currencyType="1" cost="38000" needItemTemplate="" stock=""/>
  <goods id="249" itemTemplateID="17303" currencyType="1" cost="45000" needItemTemplate="" stock=""/>
  <goods id="250" itemTemplateID="17304" currencyType="1" cost="51000" needItemTemplate="" stock=""/>
  <goods id="251" itemTemplateID="17305" currencyType="1" cost="58000" needItemTemplate="" stock=""/>
  <goods id="252" itemTemplateID="17401" currencyType="1" cost="43000" needItemTemplate="" stock=""/>
  <goods id="253" itemTemplateID="17402" currencyType="1" cost="51000" needItemTemplate="" stock=""/>
  <goods id="254" itemTemplateID="17403" currencyType="1" cost="60000" needItemTemplate="" stock=""/>
  <goods id="255" itemTemplateID="17404" currencyType="1" cost="69000" needItemTemplate="" stock=""/>
  <goods id="256" itemTemplateID="17501" currencyType="1" cost="54000" needItemTemplate="" stock=""/>
  <goods id="257" itemTemplateID="17502" currencyType="1" cost="64000" needItemTemplate="" stock=""/>
  <goods id="258" itemTemplateID="17503" currencyType="1" cost="75000" needItemTemplate="" stock=""/>
  <goods id="259" itemTemplateID="70308" currencyType="1" cost="1" needItemTemplate="" stock=""/>
  <goods id="260" itemTemplateID="70209" currencyType="1" cost="1" needItemTemplate="" stock=""/>
  <goods id="261" itemTemplateID="70401" currencyType="1" cost="1" needItemTemplate="" stock=""/>
  <goods id="262" itemTemplateID="70607" currencyType="1" cost="1" needItemTemplate="" stock=""/>
  <goods id="263" itemTemplateID="92000" currencyType="1" cost="1" needItemTemplate="" stock=""/> 
  <goods id="264" itemTemplateID="200009" currencyType="1" cost="1" needItemTemplate="" stock=""/>
  <goods id="265" itemTemplateID="200010" currencyType="1" cost="1" needItemTemplate="" stock=""/>
  <goods id="266" itemTemplateID="2100181" currencyType="1" cost="1" needItemTemplate="" stock=""/>
  <goods id="267" itemTemplateID="2100182" currencyType="1" cost="1" needItemTemplate="" stock=""/>
  <goods id="268" itemTemplateID="2100183" currencyType="1" cost="1" needItemTemplate="" stock=""/>
  <goods id="269" itemTemplateID="2100184" currencyType="1" cost="1" needItemTemplate="" stock=""/>
  <goods id="270" itemTemplateID="2100185" currencyType="1" cost="1" needItemTemplate="" stock=""/>
  <goods id="271" itemTemplateID="2100186" currencyType="1" cost="1" needItemTemplate="" stock=""/>
  <goods id="272" itemTemplateID="129001" currencyType="1" cost="1" needItemTemplate="" stock=""/>
  <goods id="273" itemTemplateID="129002" currencyType="1" cost="1" needItemTemplate="" stock=""/>
  <goods id="274" itemTemplateID="129003" currencyType="1" cost="1" needItemTemplate="" stock=""/>
  <goods id="275" itemTemplateID="129004" currencyType="1" cost="1" needItemTemplate="" stock=""/>
  <goods id="276" itemTemplateID="129010" currencyType="1" cost="1" needItemTemplate="" stock=""/>
  <goods id="277" itemTemplateID="129100" currencyType="1" cost="1" needItemTemplate="" stock=""/>
  <goods id="278" itemTemplateID="71010" currencyType="1" cost="1" needItemTemplate="" stock=""/>
  <goods id="279" itemTemplateID="71011" currencyType="1" cost="1" needItemTemplate="" stock=""/>
  <goods id="280" itemTemplateID="70902" currencyType="1" cost="1" needItemTemplate="" stock=""/>
  <goods id="281" itemTemplateID="73013" currencyType="1" cost="1" needItemTemplate="" stock=""/>
  <goods id="282" itemTemplateID="70531" currencyType="1" cost="1" needItemTemplate="" stock=""/>
  <goods id="283" itemTemplateID="50007" currencyType="1" cost="1" needItemTemplate="" stock=""/>
  <goods id="284" itemTemplateID="60015" currencyType="1" cost="1" needItemTemplate="" stock=""/>  
  <goods id="1001" itemTemplateID="42003" currencyType="1" cost="90000" needItemTemplate="" stock=""/>
  <goods id="1002" itemTemplateID="42005" currencyType="1" cost="150000" needItemTemplate="" stock=""/>
  <goods id="1003" itemTemplateID="42003" currencyType="4" cost="27" needItemTemplate="" stock=""/>
  <goods id="1004" itemTemplateID="42005" currencyType="4" cost="45" needItemTemplate="" stock=""/>
  <goods id="1005" itemTemplateID="70623" currencyType="4" cost="4000000" needItemTemplate="" stock=""/>
  <goods id="1006" itemTemplateID="70619" currencyType="4" cost="3000000" needItemTemplate="" stock=""/>
  <goods id="1007" itemTemplateID="70628" currencyType="4" cost="3500000" needItemTemplate="" stock=""/>
  <goods id="1008" itemTemplateID="70629" currencyType="4" cost="4000000" needItemTemplate="" stock=""/>
  <goods id="1009" itemTemplateID="70630" currencyType="4" cost="3000000" needItemTemplate="" stock=""/>
  <goods id="1010" itemTemplateID="70631" currencyType="4" cost="3000000" needItemTemplate="" stock=""/>
  <goods id="1011" itemTemplateID="70632" currencyType="4" cost="4000000" needItemTemplate="" stock=""/>
  <goods id="1012" itemTemplateID="70633" currencyType="4" cost="3000000" needItemTemplate="" stock=""/>
  <goods id="1013" itemTemplateID="70634" currencyType="4" cost="3000000" needItemTemplate="" stock=""/>
</root>