<root>
  <good_will level="1" needRebirth="0" needLevel="0" info="1|100,9|26,10|26,11|26"/>
  <good_will level="2" needRebirth="0" needLevel="5" info="1|200,9|53,10|53,11|53"/>
  <good_will level="3" needRebirth="0" needLevel="5" info="1|300,9|79,10|79,11|79"/>
  <good_will level="4" needRebirth="0" needLevel="10" info="1|400,9|106,10|106,11|106"/>
  <good_will level="5" needRebirth="0" needLevel="10" info="1|500,9|133,10|133,11|133"/>
  <good_will level="6" needRebirth="0" needLevel="15" info="1|600,9|159,10|159,11|159"/>
  <good_will level="7" needRebirth="0" needLevel="15" info="1|700,9|185,10|185,11|185"/>
  <good_will level="8" needRebirth="0" needLevel="20" info="1|800,9|212,10|212,11|212"/>
  <good_will level="9" needRebirth="0" needLevel="20" info="1|900,9|239,10|239,11|239"/>
  <good_will level="10" needRebirth="0" needLevel="25" info="1|1000,9|267,10|267,11|267"/>
  <good_will level="11" needRebirth="1" needLevel="25" info="1|1110,9|294,10|294,11|294"/>
  <good_will level="12" needRebirth="1" needLevel="30" info="1|1200,9|318,10|318,11|318"/>
  <good_will level="13" needRebirth="1" needLevel="30" info="1|1330,9|356,10|356,11|356"/>
  <good_will level="14" needRebirth="1" needLevel="35" info="1|1470,9|397,10|397,11|397"/>
  <good_will level="15" needRebirth="2" needLevel="35" info="1|1610,9|439,10|439,11|439"/>
  <good_will level="16" needRebirth="2" needLevel="40" info="1|1760,9|484,10|484,11|484"/>
  <good_will level="17" needRebirth="2" needLevel="40" info="1|1920,9|530,10|530,11|530"/>
  <good_will level="18" needRebirth="2" needLevel="45" info="1|2060,9|571,10|571,11|571"/>
  <good_will level="19" needRebirth="3" needLevel="45" info="1|2230,9|621,10|621,11|621"/>
  <good_will level="20" needRebirth="3" needLevel="50" info="1|2410,9|673,10|673,11|673"/>
  <good_will level="21" needRebirth="3" needLevel="50" info="1|2610,9|726,10|726,11|726"/>
  <good_will level="22" needRebirth="3" needLevel="55" info="1|2830,9|782,10|782,11|782"/>
  <good_will level="23" needRebirth="4" needLevel="55" info="1|3060,9|840,10|840,11|840"/>
  <good_will level="24" needRebirth="4" needLevel="60" info="1|3270,9|888,10|888,11|888"/>
  <good_will level="25" needRebirth="4" needLevel="60" info="1|3520,9|949,10|949,11|949"/>
  <good_will level="26" needRebirth="5" needLevel="65" info="1|3790,9|1012,10|1012,11|1012"/>
  <good_will level="27" needRebirth="5" needLevel="65" info="1|4080,9|1077,10|1077,11|1077"/>
  <good_will level="28" needRebirth="5" needLevel="70" info="1|4390,9|1145,10|1145,11|1145"/>
  <good_will level="29" needRebirth="6" needLevel="70" info="1|4710,9|1214,10|1214,11|1214"/>
  <good_will level="30" needRebirth="6" needLevel="75" info="1|5000,9|1267,10|1267,11|1267"/>
  <good_will level="31" needRebirth="6" needLevel="75" info="1|5370,9|1340,10|1340,11|1340"/>
  <good_will level="32" needRebirth="7" needLevel="80" info="1|5760,9|1415,10|1415,11|1415"/>
  <good_will level="33" needRebirth="7" needLevel="80" info="1|6170,9|1492,10|1492,11|1492"/>
  <good_will level="34" needRebirth="8" needLevel="85" info="1|6610,9|1571,10|1571,11|1571"/>
  <good_will level="35" needRebirth="8" needLevel="85" info="1|7080,9|1653,10|1653,11|1653"/>
  <good_will level="36" needRebirth="9" needLevel="90" info="1|7470,9|1710,10|1710,11|1710"/>
  <good_will level="37" needRebirth="9" needLevel="90" info="1|7990,9|1794,10|1794,11|1794"/>
  <good_will level="38" needRebirth="10" needLevel="95" info="1|8540,9|1881,10|1881,11|1881"/>
  <good_will level="39" needRebirth="10" needLevel="95" info="1|9120,9|1970,10|1970,11|1970"/>
  <good_will level="40" needRebirth="11" needLevel="100" info="1|9520,9|2040,10|2040,11|2040"/>
  <good_will level="41" needRebirth="11" needLevel="100" info="1|9940,9|2111,10|2111,11|2111"/>
  <good_will level="42" needRebirth="12" needLevel="105" info="1|10520,9|2178,10|2178,11|2178"/>
  <good_will level="43" needRebirth="12" needLevel="105" info="1|10970,9|2245,10|2245,11|2245"/>
  <good_will level="44" needRebirth="13" needLevel="110" info="1|11420,9|2313,10|2313,11|2313"/>
  <good_will level="45" needRebirth="13" needLevel="110" info="1|11890,9|2381,10|2381,11|2381"/>
  <good_will level="46" needRebirth="14" needLevel="115" info="1|12380,9|2450,10|2450,11|2450"/>
  <good_will level="47" needRebirth="14" needLevel="115" info="1|12870,9|2520,10|2520,11|2520"/>
  <good_will level="48" needRebirth="15" needLevel="120" info="1|13180,9|2590,10|2590,11|2590"/>
  <good_will level="49" needRebirth="15" needLevel="120" info="1|13700,9|2661,10|2661,11|2661"/>
  <good_will level="50" needRebirth="16" needLevel="125" info="1|14230,9|2733,10|2733,11|2733"/>
  <good_will level="51" needRebirth="16" needLevel="125" info="1|14770,9|2806,10|2806,11|2806"/>
  <good_will level="52" needRebirth="16" needLevel="125" info="1|15250,9|2880,10|2880,11|2880"/>
  <good_will level="53" needRebirth="17" needLevel="130" info="1|15810,9|2955,10|2955,11|2955"/>
  <good_will level="54" needRebirth="17" needLevel="130" info="1|16380,9|3031,10|3031,11|3031"/>
  <good_will level="55" needRebirth="17" needLevel="130" info="1|16960,9|3108,10|3108,11|3108"/>
  <good_will level="56" needRebirth="18" needLevel="135" info="1|17550,9|3186,10|3186,11|3186"/>
  <good_will level="57" needRebirth="18" needLevel="135" info="1|18150,9|3265,10|3265,11|3265"/>
  <good_will level="58" needRebirth="18" needLevel="135" info="1|18760,9|3345,10|3345,11|3345"/>
  <good_will level="59" needRebirth="19" needLevel="140" info="1|19380,9|3426,10|3426,11|3426"/>
  <good_will level="60" needRebirth="19" needLevel="140" info="1|20010,9|3508,10|3508,11|3508"/>
  <good_will level="61" needRebirth="19" needLevel="140" info="1|20650,9|3591,10|3591,11|3591"/>
  <good_will level="62" needRebirth="20" needLevel="145" info="1|21300,9|3675,10|3675,11|3675"/>
  <good_will level="63" needRebirth="20" needLevel="145" info="1|21960,9|3760,10|3760,11|3760"/>
  <good_will level="64" needRebirth="20" needLevel="145" info="1|22630,9|3846,10|3846,11|3846"/>
  <good_will level="65" needRebirth="21" needLevel="150" info="1|23310,9|3933,10|3933,11|3933"/>
  <good_will level="66" needRebirth="21" needLevel="150" info="1|24000,9|4021,10|4021,11|4021"/>
  <good_will level="67" needRebirth="21" needLevel="150" info="1|24700,9|4110,10|4110,11|4110"/>
  <good_will level="68" needRebirth="22" needLevel="155" info="1|25410,9|4200,10|4200,11|4200"/>
  <good_will level="69" needRebirth="22" needLevel="155" info="1|26130,9|4291,10|4291,11|4291"/>
  <good_will level="70" needRebirth="22" needLevel="155" info="1|26860,9|4383,10|4383,11|4383"/>
  <good_will level="71" needRebirth="23" needLevel="160" info="1|27600,9|4476,10|4476,11|4476"/>
  <good_will level="72" needRebirth="23" needLevel="160" info="1|28350,9|4570,10|4570,11|4570"/>
  <good_will level="73" needRebirth="23" needLevel="160" info="1|29110,9|4665,10|4665,11|4665"/>
  <good_will level="74" needRebirth="24" needLevel="165" info="1|29880,9|4761,10|4761,11|4761"/>
  <good_will level="75" needRebirth="24" needLevel="165" info="1|30660,9|4858,10|4858,11|4858"/>
  <good_will level="76" needRebirth="24" needLevel="165" info="1|31450,9|4956,10|4956,11|4956"/>
  <good_will level="77" needRebirth="25" needLevel="170" info="1|32250,9|5055,10|5055,11|5055"/>
  <good_will level="78" needRebirth="25" needLevel="170" info="1|33060,9|5155,10|5155,11|5155"/>
  <good_will level="79" needRebirth="25" needLevel="170" info="1|33880,9|5256,10|5256,11|5256"/>
  <good_will level="80" needRebirth="25" needLevel="170" info="1|34710,9|5358,10|5358,11|5358"/>
  <good_will level="99999" needRebirth="99999" needLevel="99999" info="1|40695,9|6090,10|6090,11|6090"/>
</root>