<root>
  <group_battle_ranking id="1" rank="1" belly="10000" experience="0" gold="0" prestige="1200" execution="0" items="" honour="1200"/>
  <group_battle_ranking id="2" rank="2" belly="9000" experience="0" gold="0" prestige="1100" execution="0" items="" honour="1000"/>
  <group_battle_ranking id="3" rank="3" belly="8000" experience="0" gold="0" prestige="1000" execution="0" items="" honour="950"/>
  <group_battle_ranking id="4" rank="4" belly="7500" experience="0" gold="0" prestige="950" execution="0" items="" honour="900"/>
  <group_battle_ranking id="5" rank="5" belly="7000" experience="0" gold="0" prestige="900" execution="0" items="" honour="850"/>
  <group_battle_ranking id="6" rank="6" belly="6500" experience="0" gold="0" prestige="850" execution="0" items="" honour="825"/>
  <group_battle_ranking id="7" rank="7" belly="6000" experience="0" gold="0" prestige="800" execution="0" items="" honour="800"/>
  <group_battle_ranking id="8" rank="8" belly="5500" experience="0" gold="0" prestige="750" execution="0" items="" honour="775"/>
  <group_battle_ranking id="9" rank="9" belly="5000" experience="0" gold="0" prestige="700" execution="0" items="" honour="750"/>
  <group_battle_ranking id="10" rank="10" belly="4500" experience="0" gold="0" prestige="650" execution="0" items="" honour="725"/>
  <group_battle_ranking id="11" rank="11" belly="4400" experience="0" gold="0" prestige="645" execution="0" items="" honour="715"/>
  <group_battle_ranking id="12" rank="12" belly="4300" experience="0" gold="0" prestige="640" execution="0" items="" honour="705"/>
  <group_battle_ranking id="13" rank="13" belly="4200" experience="0" gold="0" prestige="635" execution="0" items="" honour="695"/>
  <group_battle_ranking id="14" rank="14" belly="4100" experience="0" gold="0" prestige="630" execution="0" items="" honour="685"/>
  <group_battle_ranking id="15" rank="15" belly="4000" experience="0" gold="0" prestige="625" execution="0" items="" honour="675"/>
  <group_battle_ranking id="16" rank="16" belly="3900" experience="0" gold="0" prestige="620" execution="0" items="" honour="665"/>
  <group_battle_ranking id="17" rank="17" belly="3800" experience="0" gold="0" prestige="615" execution="0" items="" honour="655"/>
  <group_battle_ranking id="18" rank="18" belly="3700" experience="0" gold="0" prestige="610" execution="0" items="" honour="645"/>
  <group_battle_ranking id="19" rank="19" belly="3600" experience="0" gold="0" prestige="605" execution="0" items="" honour="635"/>
  <group_battle_ranking id="20" rank="20" belly="3500" experience="0" gold="0" prestige="600" execution="0" items="" honour="625"/>
  <group_battle_ranking id="21" rank="21" belly="3400" experience="0" gold="0" prestige="595" execution="0" items="" honour="615"/>
  <group_battle_ranking id="22" rank="22" belly="3300" experience="0" gold="0" prestige="590" execution="0" items="" honour="605"/>
  <group_battle_ranking id="23" rank="23" belly="3200" experience="0" gold="0" prestige="585" execution="0" items="" honour="595"/>
  <group_battle_ranking id="24" rank="24" belly="3100" experience="0" gold="0" prestige="580" execution="0" items="" honour="585"/>
  <group_battle_ranking id="25" rank="25" belly="3000" experience="0" gold="0" prestige="575" execution="0" items="" honour="575"/>
  <group_battle_ranking id="26" rank="26" belly="2900" experience="0" gold="0" prestige="570" execution="0" items="" honour="565"/>
  <group_battle_ranking id="27" rank="27" belly="2800" experience="0" gold="0" prestige="565" execution="0" items="" honour="555"/>
  <group_battle_ranking id="28" rank="28" belly="2700" experience="0" gold="0" prestige="560" execution="0" items="" honour="545"/>
  <group_battle_ranking id="29" rank="29" belly="2600" experience="0" gold="0" prestige="555" execution="0" items="" honour="535"/>
  <group_battle_ranking id="30" rank="30" belly="2500" experience="0" gold="0" prestige="550" execution="0" items="" honour="535"/>
  <group_battle_ranking id="31" rank="31" belly="2450" experience="0" gold="0" prestige="545" execution="0" items="" honour="530"/>
  <group_battle_ranking id="32" rank="32" belly="2400" experience="0" gold="0" prestige="540" execution="0" items="" honour="525"/>
  <group_battle_ranking id="33" rank="33" belly="2350" experience="0" gold="0" prestige="535" execution="0" items="" honour="520"/>
  <group_battle_ranking id="34" rank="34" belly="2300" experience="0" gold="0" prestige="530" execution="0" items="" honour="515"/>
  <group_battle_ranking id="35" rank="35" belly="2250" experience="0" gold="0" prestige="525" execution="0" items="" honour="510"/>
  <group_battle_ranking id="36" rank="36" belly="2200" experience="0" gold="0" prestige="520" execution="0" items="" honour="505"/>
  <group_battle_ranking id="37" rank="37" belly="2150" experience="0" gold="0" prestige="515" execution="0" items="" honour="500"/>
  <group_battle_ranking id="38" rank="38" belly="2100" experience="0" gold="0" prestige="510" execution="0" items="" honour="495"/>
  <group_battle_ranking id="39" rank="39" belly="2050" experience="0" gold="0" prestige="505" execution="0" items="" honour="490"/>
  <group_battle_ranking id="40" rank="40" belly="2000" experience="0" gold="0" prestige="500" execution="0" items="" honour="485"/>
  <group_battle_ranking id="41" rank="41" belly="1950" experience="0" gold="0" prestige="495" execution="0" items="" honour="480"/>
  <group_battle_ranking id="42" rank="42" belly="1900" experience="0" gold="0" prestige="490" execution="0" items="" honour="475"/>
  <group_battle_ranking id="43" rank="43" belly="1850" experience="0" gold="0" prestige="485" execution="0" items="" honour="470"/>
  <group_battle_ranking id="44" rank="44" belly="1800" experience="0" gold="0" prestige="480" execution="0" items="" honour="465"/>
  <group_battle_ranking id="45" rank="45" belly="1750" experience="0" gold="0" prestige="475" execution="0" items="" honour="460"/>
  <group_battle_ranking id="46" rank="46" belly="1700" experience="0" gold="0" prestige="470" execution="0" items="" honour="455"/>
  <group_battle_ranking id="47" rank="47" belly="1650" experience="0" gold="0" prestige="465" execution="0" items="" honour="450"/>
  <group_battle_ranking id="48" rank="48" belly="1600" experience="0" gold="0" prestige="460" execution="0" items="" honour="445"/>
  <group_battle_ranking id="49" rank="49" belly="1550" experience="0" gold="0" prestige="455" execution="0" items="" honour="440"/>
  <group_battle_ranking id="50" rank="50" belly="1500" experience="0" gold="0" prestige="450" execution="0" items="" honour="440"/>
  <group_battle_ranking id="51" rank="51" belly="1490" experience="0" gold="0" prestige="448" execution="0" items="" honour="439"/>
  <group_battle_ranking id="52" rank="52" belly="1480" experience="0" gold="0" prestige="446" execution="0" items="" honour="438"/>
  <group_battle_ranking id="53" rank="53" belly="1470" experience="0" gold="0" prestige="444" execution="0" items="" honour="437"/>
  <group_battle_ranking id="54" rank="54" belly="1460" experience="0" gold="0" prestige="442" execution="0" items="" honour="436"/>
  <group_battle_ranking id="55" rank="55" belly="1450" experience="0" gold="0" prestige="440" execution="0" items="" honour="435"/>
  <group_battle_ranking id="56" rank="56" belly="1440" experience="0" gold="0" prestige="438" execution="0" items="" honour="434"/>
  <group_battle_ranking id="57" rank="57" belly="1430" experience="0" gold="0" prestige="436" execution="0" items="" honour="433"/>
  <group_battle_ranking id="58" rank="58" belly="1420" experience="0" gold="0" prestige="434" execution="0" items="" honour="432"/>
  <group_battle_ranking id="59" rank="59" belly="1410" experience="0" gold="0" prestige="432" execution="0" items="" honour="431"/>
  <group_battle_ranking id="60" rank="60" belly="1400" experience="0" gold="0" prestige="430" execution="0" items="" honour="430"/>
  <group_battle_ranking id="61" rank="61" belly="1390" experience="0" gold="0" prestige="428" execution="0" items="" honour="429"/>
  <group_battle_ranking id="62" rank="62" belly="1380" experience="0" gold="0" prestige="426" execution="0" items="" honour="428"/>
  <group_battle_ranking id="63" rank="63" belly="1370" experience="0" gold="0" prestige="424" execution="0" items="" honour="427"/>
  <group_battle_ranking id="64" rank="64" belly="1360" experience="0" gold="0" prestige="422" execution="0" items="" honour="426"/>
  <group_battle_ranking id="65" rank="65" belly="1350" experience="0" gold="0" prestige="420" execution="0" items="" honour="425"/>
  <group_battle_ranking id="66" rank="66" belly="1340" experience="0" gold="0" prestige="418" execution="0" items="" honour="424"/>
  <group_battle_ranking id="67" rank="67" belly="1330" experience="0" gold="0" prestige="416" execution="0" items="" honour="423"/>
  <group_battle_ranking id="68" rank="68" belly="1320" experience="0" gold="0" prestige="414" execution="0" items="" honour="422"/>
  <group_battle_ranking id="69" rank="69" belly="1310" experience="0" gold="0" prestige="412" execution="0" items="" honour="421"/>
  <group_battle_ranking id="70" rank="70" belly="1300" experience="0" gold="0" prestige="410" execution="0" items="" honour="420"/>
  <group_battle_ranking id="71" rank="71" belly="1290" experience="0" gold="0" prestige="408" execution="0" items="" honour="419"/>
  <group_battle_ranking id="72" rank="72" belly="1280" experience="0" gold="0" prestige="406" execution="0" items="" honour="418"/>
  <group_battle_ranking id="73" rank="73" belly="1270" experience="0" gold="0" prestige="404" execution="0" items="" honour="417"/>
  <group_battle_ranking id="74" rank="74" belly="1260" experience="0" gold="0" prestige="402" execution="0" items="" honour="416"/>
  <group_battle_ranking id="75" rank="75" belly="1250" experience="0" gold="0" prestige="400" execution="0" items="" honour="415"/>
  <group_battle_ranking id="76" rank="76" belly="1240" experience="0" gold="0" prestige="398" execution="0" items="" honour="414"/>
  <group_battle_ranking id="77" rank="77" belly="1230" experience="0" gold="0" prestige="396" execution="0" items="" honour="413"/>
  <group_battle_ranking id="78" rank="78" belly="1220" experience="0" gold="0" prestige="394" execution="0" items="" honour="412"/>
  <group_battle_ranking id="79" rank="79" belly="1210" experience="0" gold="0" prestige="392" execution="0" items="" honour="411"/>
  <group_battle_ranking id="80" rank="80" belly="1200" experience="0" gold="0" prestige="390" execution="0" items="" honour="410"/>
  <group_battle_ranking id="81" rank="81" belly="1190" experience="0" gold="0" prestige="388" execution="0" items="" honour="409"/>
  <group_battle_ranking id="82" rank="82" belly="1180" experience="0" gold="0" prestige="386" execution="0" items="" honour="408"/>
  <group_battle_ranking id="83" rank="83" belly="1170" experience="0" gold="0" prestige="384" execution="0" items="" honour="407"/>
  <group_battle_ranking id="84" rank="84" belly="1160" experience="0" gold="0" prestige="382" execution="0" items="" honour="406"/>
  <group_battle_ranking id="85" rank="85" belly="1150" experience="0" gold="0" prestige="380" execution="0" items="" honour="405"/>
  <group_battle_ranking id="86" rank="86" belly="1140" experience="0" gold="0" prestige="378" execution="0" items="" honour="404"/>
  <group_battle_ranking id="87" rank="87" belly="1130" experience="0" gold="0" prestige="376" execution="0" items="" honour="403"/>
  <group_battle_ranking id="88" rank="88" belly="1120" experience="0" gold="0" prestige="374" execution="0" items="" honour="402"/>
  <group_battle_ranking id="89" rank="89" belly="1110" experience="0" gold="0" prestige="372" execution="0" items="" honour="401"/>
  <group_battle_ranking id="90" rank="90" belly="1100" experience="0" gold="0" prestige="370" execution="0" items="" honour="400"/>
  <group_battle_ranking id="91" rank="91" belly="1090" experience="0" gold="0" prestige="368" execution="0" items="" honour="399"/>
  <group_battle_ranking id="92" rank="92" belly="1080" experience="0" gold="0" prestige="366" execution="0" items="" honour="398"/>
  <group_battle_ranking id="93" rank="93" belly="1070" experience="0" gold="0" prestige="364" execution="0" items="" honour="397"/>
  <group_battle_ranking id="94" rank="94" belly="1060" experience="0" gold="0" prestige="362" execution="0" items="" honour="396"/>
  <group_battle_ranking id="95" rank="95" belly="1050" experience="0" gold="0" prestige="360" execution="0" items="" honour="395"/>
  <group_battle_ranking id="96" rank="96" belly="1040" experience="0" gold="0" prestige="358" execution="0" items="" honour="394"/>
  <group_battle_ranking id="97" rank="97" belly="1030" experience="0" gold="0" prestige="356" execution="0" items="" honour="393"/>
  <group_battle_ranking id="98" rank="98" belly="1020" experience="0" gold="0" prestige="354" execution="0" items="" honour="392"/>
  <group_battle_ranking id="99" rank="99" belly="1010" experience="0" gold="0" prestige="352" execution="0" items="" honour="391"/>
  <group_battle_ranking id="100" rank="100" belly="1000" experience="0" gold="0" prestige="350" execution="0" items="" honour="391"/>
  <group_battle_ranking id="101" rank="101" belly="990" experience="0" gold="0" prestige="349" execution="0" items="" honour="390"/>
  <group_battle_ranking id="102" rank="102" belly="985" experience="0" gold="0" prestige="349" execution="0" items="" honour="390"/>
  <group_battle_ranking id="103" rank="103" belly="980" experience="0" gold="0" prestige="348" execution="0" items="" honour="389"/>
  <group_battle_ranking id="104" rank="104" belly="975" experience="0" gold="0" prestige="348" execution="0" items="" honour="389"/>
  <group_battle_ranking id="105" rank="105" belly="970" experience="0" gold="0" prestige="347" execution="0" items="" honour="388"/>
  <group_battle_ranking id="106" rank="106" belly="965" experience="0" gold="0" prestige="347" execution="0" items="" honour="388"/>
  <group_battle_ranking id="107" rank="107" belly="960" experience="0" gold="0" prestige="346" execution="0" items="" honour="387"/>
  <group_battle_ranking id="108" rank="108" belly="955" experience="0" gold="0" prestige="346" execution="0" items="" honour="387"/>
  <group_battle_ranking id="109" rank="109" belly="950" experience="0" gold="0" prestige="345" execution="0" items="" honour="386"/>
  <group_battle_ranking id="110" rank="110" belly="945" experience="0" gold="0" prestige="345" execution="0" items="" honour="386"/>
  <group_battle_ranking id="111" rank="111" belly="940" experience="0" gold="0" prestige="344" execution="0" items="" honour="385"/>
  <group_battle_ranking id="112" rank="112" belly="935" experience="0" gold="0" prestige="344" execution="0" items="" honour="385"/>
  <group_battle_ranking id="113" rank="113" belly="930" experience="0" gold="0" prestige="343" execution="0" items="" honour="384"/>
  <group_battle_ranking id="114" rank="114" belly="925" experience="0" gold="0" prestige="343" execution="0" items="" honour="384"/>
  <group_battle_ranking id="115" rank="115" belly="920" experience="0" gold="0" prestige="342" execution="0" items="" honour="383"/>
  <group_battle_ranking id="116" rank="116" belly="915" experience="0" gold="0" prestige="342" execution="0" items="" honour="383"/>
  <group_battle_ranking id="117" rank="117" belly="910" experience="0" gold="0" prestige="341" execution="0" items="" honour="382"/>
  <group_battle_ranking id="118" rank="118" belly="905" experience="0" gold="0" prestige="341" execution="0" items="" honour="382"/>
  <group_battle_ranking id="119" rank="119" belly="900" experience="0" gold="0" prestige="340" execution="0" items="" honour="381"/>
  <group_battle_ranking id="120" rank="120" belly="895" experience="0" gold="0" prestige="340" execution="0" items="" honour="381"/>
  <group_battle_ranking id="121" rank="121" belly="890" experience="0" gold="0" prestige="339" execution="0" items="" honour="380"/>
  <group_battle_ranking id="122" rank="122" belly="885" experience="0" gold="0" prestige="339" execution="0" items="" honour="380"/>
  <group_battle_ranking id="123" rank="123" belly="880" experience="0" gold="0" prestige="338" execution="0" items="" honour="379"/>
  <group_battle_ranking id="124" rank="124" belly="875" experience="0" gold="0" prestige="338" execution="0" items="" honour="379"/>
  <group_battle_ranking id="125" rank="125" belly="870" experience="0" gold="0" prestige="337" execution="0" items="" honour="378"/>
  <group_battle_ranking id="126" rank="126" belly="865" experience="0" gold="0" prestige="337" execution="0" items="" honour="378"/>
  <group_battle_ranking id="127" rank="127" belly="860" experience="0" gold="0" prestige="336" execution="0" items="" honour="377"/>
  <group_battle_ranking id="128" rank="128" belly="855" experience="0" gold="0" prestige="336" execution="0" items="" honour="377"/>
  <group_battle_ranking id="129" rank="129" belly="850" experience="0" gold="0" prestige="335" execution="0" items="" honour="376"/>
  <group_battle_ranking id="130" rank="130" belly="845" experience="0" gold="0" prestige="335" execution="0" items="" honour="376"/>
  <group_battle_ranking id="131" rank="131" belly="840" experience="0" gold="0" prestige="334" execution="0" items="" honour="375"/>
  <group_battle_ranking id="132" rank="132" belly="835" experience="0" gold="0" prestige="334" execution="0" items="" honour="375"/>
  <group_battle_ranking id="133" rank="133" belly="830" experience="0" gold="0" prestige="333" execution="0" items="" honour="374"/>
  <group_battle_ranking id="134" rank="134" belly="825" experience="0" gold="0" prestige="333" execution="0" items="" honour="374"/>
  <group_battle_ranking id="135" rank="135" belly="820" experience="0" gold="0" prestige="332" execution="0" items="" honour="373"/>
  <group_battle_ranking id="136" rank="136" belly="815" experience="0" gold="0" prestige="332" execution="0" items="" honour="373"/>
  <group_battle_ranking id="137" rank="137" belly="810" experience="0" gold="0" prestige="331" execution="0" items="" honour="372"/>
  <group_battle_ranking id="138" rank="138" belly="805" experience="0" gold="0" prestige="331" execution="0" items="" honour="372"/>
  <group_battle_ranking id="139" rank="139" belly="800" experience="0" gold="0" prestige="330" execution="0" items="" honour="371"/>
  <group_battle_ranking id="140" rank="140" belly="795" experience="0" gold="0" prestige="330" execution="0" items="" honour="371"/>
  <group_battle_ranking id="141" rank="141" belly="790" experience="0" gold="0" prestige="329" execution="0" items="" honour="370"/>
  <group_battle_ranking id="142" rank="142" belly="785" experience="0" gold="0" prestige="329" execution="0" items="" honour="370"/>
  <group_battle_ranking id="143" rank="143" belly="780" experience="0" gold="0" prestige="328" execution="0" items="" honour="369"/>
  <group_battle_ranking id="144" rank="144" belly="775" experience="0" gold="0" prestige="328" execution="0" items="" honour="369"/>
  <group_battle_ranking id="145" rank="145" belly="770" experience="0" gold="0" prestige="327" execution="0" items="" honour="368"/>
  <group_battle_ranking id="146" rank="146" belly="765" experience="0" gold="0" prestige="327" execution="0" items="" honour="368"/>
  <group_battle_ranking id="147" rank="147" belly="760" experience="0" gold="0" prestige="326" execution="0" items="" honour="367"/>
  <group_battle_ranking id="148" rank="148" belly="755" experience="0" gold="0" prestige="326" execution="0" items="" honour="367"/>
  <group_battle_ranking id="149" rank="149" belly="750" experience="0" gold="0" prestige="325" execution="0" items="" honour="366"/>
  <group_battle_ranking id="150" rank="150" belly="745" experience="0" gold="0" prestige="325" execution="0" items="" honour="366"/>
  <group_battle_ranking id="151" rank="151" belly="740" experience="0" gold="0" prestige="324" execution="0" items="" honour="365"/>
  <group_battle_ranking id="152" rank="152" belly="735" experience="0" gold="0" prestige="324" execution="0" items="" honour="365"/>
  <group_battle_ranking id="153" rank="153" belly="730" experience="0" gold="0" prestige="323" execution="0" items="" honour="364"/>
  <group_battle_ranking id="154" rank="154" belly="725" experience="0" gold="0" prestige="323" execution="0" items="" honour="364"/>
  <group_battle_ranking id="155" rank="155" belly="720" experience="0" gold="0" prestige="322" execution="0" items="" honour="363"/>
  <group_battle_ranking id="156" rank="156" belly="715" experience="0" gold="0" prestige="322" execution="0" items="" honour="363"/>
  <group_battle_ranking id="157" rank="157" belly="710" experience="0" gold="0" prestige="321" execution="0" items="" honour="362"/>
  <group_battle_ranking id="158" rank="158" belly="705" experience="0" gold="0" prestige="321" execution="0" items="" honour="362"/>
  <group_battle_ranking id="159" rank="159" belly="700" experience="0" gold="0" prestige="320" execution="0" items="" honour="361"/>
  <group_battle_ranking id="160" rank="160" belly="695" experience="0" gold="0" prestige="320" execution="0" items="" honour="361"/>
  <group_battle_ranking id="161" rank="161" belly="690" experience="0" gold="0" prestige="319" execution="0" items="" honour="360"/>
  <group_battle_ranking id="162" rank="162" belly="685" experience="0" gold="0" prestige="319" execution="0" items="" honour="360"/>
  <group_battle_ranking id="163" rank="163" belly="680" experience="0" gold="0" prestige="318" execution="0" items="" honour="359"/>
  <group_battle_ranking id="164" rank="164" belly="675" experience="0" gold="0" prestige="318" execution="0" items="" honour="359"/>
  <group_battle_ranking id="165" rank="165" belly="670" experience="0" gold="0" prestige="317" execution="0" items="" honour="358"/>
  <group_battle_ranking id="166" rank="166" belly="665" experience="0" gold="0" prestige="317" execution="0" items="" honour="358"/>
  <group_battle_ranking id="167" rank="167" belly="660" experience="0" gold="0" prestige="316" execution="0" items="" honour="357"/>
  <group_battle_ranking id="168" rank="168" belly="655" experience="0" gold="0" prestige="316" execution="0" items="" honour="357"/>
  <group_battle_ranking id="169" rank="169" belly="650" experience="0" gold="0" prestige="315" execution="0" items="" honour="356"/>
  <group_battle_ranking id="170" rank="170" belly="645" experience="0" gold="0" prestige="315" execution="0" items="" honour="356"/>
  <group_battle_ranking id="171" rank="171" belly="640" experience="0" gold="0" prestige="314" execution="0" items="" honour="355"/>
  <group_battle_ranking id="172" rank="172" belly="635" experience="0" gold="0" prestige="314" execution="0" items="" honour="355"/>
  <group_battle_ranking id="173" rank="173" belly="630" experience="0" gold="0" prestige="313" execution="0" items="" honour="354"/>
  <group_battle_ranking id="174" rank="174" belly="625" experience="0" gold="0" prestige="313" execution="0" items="" honour="354"/>
  <group_battle_ranking id="175" rank="175" belly="620" experience="0" gold="0" prestige="312" execution="0" items="" honour="353"/>
  <group_battle_ranking id="176" rank="176" belly="615" experience="0" gold="0" prestige="312" execution="0" items="" honour="353"/>
  <group_battle_ranking id="177" rank="177" belly="610" experience="0" gold="0" prestige="311" execution="0" items="" honour="352"/>
  <group_battle_ranking id="178" rank="178" belly="605" experience="0" gold="0" prestige="311" execution="0" items="" honour="352"/>
  <group_battle_ranking id="179" rank="179" belly="600" experience="0" gold="0" prestige="310" execution="0" items="" honour="351"/>
  <group_battle_ranking id="180" rank="180" belly="595" experience="0" gold="0" prestige="310" execution="0" items="" honour="351"/>
  <group_battle_ranking id="181" rank="181" belly="590" experience="0" gold="0" prestige="309" execution="0" items="" honour="350"/>
  <group_battle_ranking id="182" rank="182" belly="585" experience="0" gold="0" prestige="309" execution="0" items="" honour="350"/>
  <group_battle_ranking id="183" rank="183" belly="580" experience="0" gold="0" prestige="308" execution="0" items="" honour="349"/>
  <group_battle_ranking id="184" rank="184" belly="575" experience="0" gold="0" prestige="308" execution="0" items="" honour="349"/>
  <group_battle_ranking id="185" rank="185" belly="570" experience="0" gold="0" prestige="307" execution="0" items="" honour="348"/>
  <group_battle_ranking id="186" rank="186" belly="565" experience="0" gold="0" prestige="307" execution="0" items="" honour="348"/>
  <group_battle_ranking id="187" rank="187" belly="560" experience="0" gold="0" prestige="306" execution="0" items="" honour="347"/>
  <group_battle_ranking id="188" rank="188" belly="555" experience="0" gold="0" prestige="306" execution="0" items="" honour="347"/>
  <group_battle_ranking id="189" rank="189" belly="550" experience="0" gold="0" prestige="305" execution="0" items="" honour="346"/>
  <group_battle_ranking id="190" rank="190" belly="545" experience="0" gold="0" prestige="305" execution="0" items="" honour="346"/>
  <group_battle_ranking id="191" rank="191" belly="540" experience="0" gold="0" prestige="304" execution="0" items="" honour="345"/>
  <group_battle_ranking id="192" rank="192" belly="535" experience="0" gold="0" prestige="304" execution="0" items="" honour="345"/>
  <group_battle_ranking id="193" rank="193" belly="530" experience="0" gold="0" prestige="303" execution="0" items="" honour="344"/>
  <group_battle_ranking id="194" rank="194" belly="525" experience="0" gold="0" prestige="303" execution="0" items="" honour="344"/>
  <group_battle_ranking id="195" rank="195" belly="520" experience="0" gold="0" prestige="302" execution="0" items="" honour="343"/>
  <group_battle_ranking id="196" rank="196" belly="515" experience="0" gold="0" prestige="302" execution="0" items="" honour="343"/>
  <group_battle_ranking id="197" rank="197" belly="510" experience="0" gold="0" prestige="301" execution="0" items="" honour="342"/>
  <group_battle_ranking id="198" rank="198" belly="505" experience="0" gold="0" prestige="301" execution="0" items="" honour="342"/>
  <group_battle_ranking id="199" rank="199" belly="500" experience="0" gold="0" prestige="300" execution="0" items="" honour="341"/>
  <group_battle_ranking id="200" rank="200" belly="495" experience="0" gold="0" prestige="300" execution="0" items="" honour="341"/>
  <group_battle_ranking id="201" rank="201" belly="445" experience="0" gold="0" prestige="299" execution="0" items="" honour="341"/>
  <group_battle_ranking id="202" rank="202" belly="494" experience="0" gold="0" prestige="299" execution="0" items="" honour="341"/>
  <group_battle_ranking id="203" rank="203" belly="494" experience="0" gold="0" prestige="299" execution="0" items="" honour="341"/>
  <group_battle_ranking id="204" rank="204" belly="494" experience="0" gold="0" prestige="299" execution="0" items="" honour="340"/>
  <group_battle_ranking id="205" rank="205" belly="494" experience="0" gold="0" prestige="299" execution="0" items="" honour="340"/>
  <group_battle_ranking id="206" rank="206" belly="493" experience="0" gold="0" prestige="298" execution="0" items="" honour="340"/>
  <group_battle_ranking id="207" rank="207" belly="493" experience="0" gold="0" prestige="298" execution="0" items="" honour="340"/>
  <group_battle_ranking id="208" rank="208" belly="493" experience="0" gold="0" prestige="298" execution="0" items="" honour="340"/>
  <group_battle_ranking id="209" rank="209" belly="493" experience="0" gold="0" prestige="298" execution="0" items="" honour="339"/>
  <group_battle_ranking id="210" rank="210" belly="493" experience="0" gold="0" prestige="298" execution="0" items="" honour="339"/>
  <group_battle_ranking id="211" rank="211" belly="492" experience="0" gold="0" prestige="297" execution="0" items="" honour="339"/>
  <group_battle_ranking id="212" rank="212" belly="492" experience="0" gold="0" prestige="297" execution="0" items="" honour="339"/>
  <group_battle_ranking id="213" rank="213" belly="492" experience="0" gold="0" prestige="297" execution="0" items="" honour="339"/>
  <group_battle_ranking id="214" rank="214" belly="492" experience="0" gold="0" prestige="297" execution="0" items="" honour="338"/>
  <group_battle_ranking id="215" rank="215" belly="492" experience="0" gold="0" prestige="297" execution="0" items="" honour="338"/>
  <group_battle_ranking id="216" rank="216" belly="491" experience="0" gold="0" prestige="296" execution="0" items="" honour="338"/>
  <group_battle_ranking id="217" rank="217" belly="491" experience="0" gold="0" prestige="296" execution="0" items="" honour="338"/>
  <group_battle_ranking id="218" rank="218" belly="491" experience="0" gold="0" prestige="296" execution="0" items="" honour="338"/>
  <group_battle_ranking id="219" rank="219" belly="491" experience="0" gold="0" prestige="296" execution="0" items="" honour="337"/>
  <group_battle_ranking id="220" rank="220" belly="491" experience="0" gold="0" prestige="296" execution="0" items="" honour="337"/>
  <group_battle_ranking id="221" rank="221" belly="490" experience="0" gold="0" prestige="295" execution="0" items="" honour="337"/>
  <group_battle_ranking id="222" rank="222" belly="490" experience="0" gold="0" prestige="295" execution="0" items="" honour="337"/>
  <group_battle_ranking id="223" rank="223" belly="490" experience="0" gold="0" prestige="295" execution="0" items="" honour="337"/>
  <group_battle_ranking id="224" rank="224" belly="490" experience="0" gold="0" prestige="295" execution="0" items="" honour="336"/>
  <group_battle_ranking id="225" rank="225" belly="490" experience="0" gold="0" prestige="295" execution="0" items="" honour="336"/>
  <group_battle_ranking id="226" rank="226" belly="489" experience="0" gold="0" prestige="294" execution="0" items="" honour="336"/>
  <group_battle_ranking id="227" rank="227" belly="489" experience="0" gold="0" prestige="294" execution="0" items="" honour="336"/>
  <group_battle_ranking id="228" rank="228" belly="489" experience="0" gold="0" prestige="294" execution="0" items="" honour="336"/>
  <group_battle_ranking id="229" rank="229" belly="489" experience="0" gold="0" prestige="294" execution="0" items="" honour="335"/>
  <group_battle_ranking id="230" rank="230" belly="489" experience="0" gold="0" prestige="294" execution="0" items="" honour="335"/>
  <group_battle_ranking id="231" rank="231" belly="488" experience="0" gold="0" prestige="293" execution="0" items="" honour="335"/>
  <group_battle_ranking id="232" rank="232" belly="488" experience="0" gold="0" prestige="293" execution="0" items="" honour="335"/>
  <group_battle_ranking id="233" rank="233" belly="488" experience="0" gold="0" prestige="293" execution="0" items="" honour="335"/>
  <group_battle_ranking id="234" rank="234" belly="488" experience="0" gold="0" prestige="293" execution="0" items="" honour="334"/>
  <group_battle_ranking id="235" rank="235" belly="488" experience="0" gold="0" prestige="293" execution="0" items="" honour="334"/>
  <group_battle_ranking id="236" rank="236" belly="487" experience="0" gold="0" prestige="292" execution="0" items="" honour="334"/>
  <group_battle_ranking id="237" rank="237" belly="487" experience="0" gold="0" prestige="292" execution="0" items="" honour="334"/>
  <group_battle_ranking id="238" rank="238" belly="487" experience="0" gold="0" prestige="292" execution="0" items="" honour="334"/>
  <group_battle_ranking id="239" rank="239" belly="487" experience="0" gold="0" prestige="292" execution="0" items="" honour="333"/>
  <group_battle_ranking id="240" rank="240" belly="487" experience="0" gold="0" prestige="292" execution="0" items="" honour="333"/>
  <group_battle_ranking id="241" rank="241" belly="486" experience="0" gold="0" prestige="291" execution="0" items="" honour="333"/>
  <group_battle_ranking id="242" rank="242" belly="486" experience="0" gold="0" prestige="291" execution="0" items="" honour="333"/>
  <group_battle_ranking id="243" rank="243" belly="486" experience="0" gold="0" prestige="291" execution="0" items="" honour="333"/>
  <group_battle_ranking id="244" rank="244" belly="486" experience="0" gold="0" prestige="291" execution="0" items="" honour="332"/>
  <group_battle_ranking id="245" rank="245" belly="486" experience="0" gold="0" prestige="291" execution="0" items="" honour="332"/>
  <group_battle_ranking id="246" rank="246" belly="485" experience="0" gold="0" prestige="290" execution="0" items="" honour="332"/>
  <group_battle_ranking id="247" rank="247" belly="485" experience="0" gold="0" prestige="290" execution="0" items="" honour="332"/>
  <group_battle_ranking id="248" rank="248" belly="485" experience="0" gold="0" prestige="290" execution="0" items="" honour="332"/>
  <group_battle_ranking id="249" rank="249" belly="485" experience="0" gold="0" prestige="290" execution="0" items="" honour="331"/>
  <group_battle_ranking id="250" rank="250" belly="485" experience="0" gold="0" prestige="290" execution="0" items="" honour="331"/>
  <group_battle_ranking id="251" rank="251" belly="484" experience="0" gold="0" prestige="289" execution="0" items="" honour="331"/>
  <group_battle_ranking id="252" rank="252" belly="484" experience="0" gold="0" prestige="289" execution="0" items="" honour="330"/>
  <group_battle_ranking id="253" rank="253" belly="484" experience="0" gold="0" prestige="289" execution="0" items="" honour="330"/>
  <group_battle_ranking id="254" rank="254" belly="484" experience="0" gold="0" prestige="289" execution="0" items="" honour="330"/>
  <group_battle_ranking id="255" rank="255" belly="484" experience="0" gold="0" prestige="289" execution="0" items="" honour="330"/>
  <group_battle_ranking id="256" rank="256" belly="483" experience="0" gold="0" prestige="288" execution="0" items="" honour="329"/>
  <group_battle_ranking id="257" rank="257" belly="483" experience="0" gold="0" prestige="288" execution="0" items="" honour="329"/>
  <group_battle_ranking id="258" rank="258" belly="483" experience="0" gold="0" prestige="288" execution="0" items="" honour="329"/>
  <group_battle_ranking id="259" rank="259" belly="483" experience="0" gold="0" prestige="288" execution="0" items="" honour="329"/>
  <group_battle_ranking id="260" rank="260" belly="483" experience="0" gold="0" prestige="288" execution="0" items="" honour="329"/>
  <group_battle_ranking id="261" rank="261" belly="482" experience="0" gold="0" prestige="287" execution="0" items="" honour="328"/>
  <group_battle_ranking id="262" rank="262" belly="482" experience="0" gold="0" prestige="287" execution="0" items="" honour="328"/>
  <group_battle_ranking id="263" rank="263" belly="482" experience="0" gold="0" prestige="287" execution="0" items="" honour="328"/>
  <group_battle_ranking id="264" rank="264" belly="482" experience="0" gold="0" prestige="287" execution="0" items="" honour="328"/>
  <group_battle_ranking id="265" rank="265" belly="482" experience="0" gold="0" prestige="287" execution="0" items="" honour="328"/>
  <group_battle_ranking id="266" rank="266" belly="481" experience="0" gold="0" prestige="286" execution="0" items="" honour="327"/>
  <group_battle_ranking id="267" rank="267" belly="481" experience="0" gold="0" prestige="286" execution="0" items="" honour="327"/>
  <group_battle_ranking id="268" rank="268" belly="481" experience="0" gold="0" prestige="286" execution="0" items="" honour="327"/>
  <group_battle_ranking id="269" rank="269" belly="481" experience="0" gold="0" prestige="286" execution="0" items="" honour="327"/>
  <group_battle_ranking id="270" rank="270" belly="481" experience="0" gold="0" prestige="286" execution="0" items="" honour="327"/>
  <group_battle_ranking id="271" rank="271" belly="480" experience="0" gold="0" prestige="285" execution="0" items="" honour="326"/>
  <group_battle_ranking id="272" rank="272" belly="480" experience="0" gold="0" prestige="285" execution="0" items="" honour="326"/>
  <group_battle_ranking id="273" rank="273" belly="480" experience="0" gold="0" prestige="285" execution="0" items="" honour="326"/>
  <group_battle_ranking id="274" rank="274" belly="480" experience="0" gold="0" prestige="285" execution="0" items="" honour="326"/>
  <group_battle_ranking id="275" rank="275" belly="480" experience="0" gold="0" prestige="285" execution="0" items="" honour="326"/>
  <group_battle_ranking id="276" rank="276" belly="479" experience="0" gold="0" prestige="284" execution="0" items="" honour="325"/>
  <group_battle_ranking id="277" rank="277" belly="479" experience="0" gold="0" prestige="284" execution="0" items="" honour="325"/>
  <group_battle_ranking id="278" rank="278" belly="479" experience="0" gold="0" prestige="284" execution="0" items="" honour="325"/>
  <group_battle_ranking id="279" rank="279" belly="479" experience="0" gold="0" prestige="284" execution="0" items="" honour="325"/>
  <group_battle_ranking id="280" rank="280" belly="479" experience="0" gold="0" prestige="284" execution="0" items="" honour="325"/>
  <group_battle_ranking id="281" rank="281" belly="478" experience="0" gold="0" prestige="283" execution="0" items="" honour="324"/>
  <group_battle_ranking id="282" rank="282" belly="478" experience="0" gold="0" prestige="283" execution="0" items="" honour="324"/>
  <group_battle_ranking id="283" rank="283" belly="478" experience="0" gold="0" prestige="283" execution="0" items="" honour="324"/>
  <group_battle_ranking id="284" rank="284" belly="478" experience="0" gold="0" prestige="283" execution="0" items="" honour="324"/>
  <group_battle_ranking id="285" rank="285" belly="478" experience="0" gold="0" prestige="283" execution="0" items="" honour="324"/>
  <group_battle_ranking id="286" rank="286" belly="477" experience="0" gold="0" prestige="282" execution="0" items="" honour="323"/>
  <group_battle_ranking id="287" rank="287" belly="477" experience="0" gold="0" prestige="282" execution="0" items="" honour="323"/>
  <group_battle_ranking id="288" rank="288" belly="477" experience="0" gold="0" prestige="282" execution="0" items="" honour="323"/>
  <group_battle_ranking id="289" rank="289" belly="477" experience="0" gold="0" prestige="282" execution="0" items="" honour="323"/>
  <group_battle_ranking id="290" rank="290" belly="477" experience="0" gold="0" prestige="282" execution="0" items="" honour="323"/>
  <group_battle_ranking id="291" rank="291" belly="476" experience="0" gold="0" prestige="281" execution="0" items="" honour="322"/>
  <group_battle_ranking id="292" rank="292" belly="476" experience="0" gold="0" prestige="281" execution="0" items="" honour="322"/>
  <group_battle_ranking id="293" rank="293" belly="476" experience="0" gold="0" prestige="281" execution="0" items="" honour="322"/>
  <group_battle_ranking id="294" rank="294" belly="476" experience="0" gold="0" prestige="281" execution="0" items="" honour="322"/>
  <group_battle_ranking id="295" rank="295" belly="476" experience="0" gold="0" prestige="281" execution="0" items="" honour="322"/>
  <group_battle_ranking id="296" rank="296" belly="475" experience="0" gold="0" prestige="280" execution="0" items="" honour="321"/>
  <group_battle_ranking id="297" rank="297" belly="475" experience="0" gold="0" prestige="280" execution="0" items="" honour="321"/>
  <group_battle_ranking id="298" rank="298" belly="475" experience="0" gold="0" prestige="280" execution="0" items="" honour="321"/>
  <group_battle_ranking id="299" rank="299" belly="475" experience="0" gold="0" prestige="280" execution="0" items="" honour="321"/>
  <group_battle_ranking id="300" rank="300" belly="475" experience="0" gold="0" prestige="280" execution="0" items="" honour="321"/>
  <group_battle_ranking id="301" rank="301" belly="474" experience="0" gold="0" prestige="279" execution="0" items="" honour="320"/>
  <group_battle_ranking id="302" rank="302" belly="474" experience="0" gold="0" prestige="279" execution="0" items="" honour="320"/>
  <group_battle_ranking id="303" rank="303" belly="474" experience="0" gold="0" prestige="279" execution="0" items="" honour="320"/>
  <group_battle_ranking id="304" rank="304" belly="474" experience="0" gold="0" prestige="279" execution="0" items="" honour="320"/>
  <group_battle_ranking id="305" rank="305" belly="474" experience="0" gold="0" prestige="279" execution="0" items="" honour="320"/>
  <group_battle_ranking id="306" rank="306" belly="473" experience="0" gold="0" prestige="278" execution="0" items="" honour="319"/>
  <group_battle_ranking id="307" rank="307" belly="473" experience="0" gold="0" prestige="278" execution="0" items="" honour="319"/>
  <group_battle_ranking id="308" rank="308" belly="473" experience="0" gold="0" prestige="278" execution="0" items="" honour="319"/>
  <group_battle_ranking id="309" rank="309" belly="473" experience="0" gold="0" prestige="278" execution="0" items="" honour="319"/>
  <group_battle_ranking id="310" rank="310" belly="473" experience="0" gold="0" prestige="278" execution="0" items="" honour="319"/>
  <group_battle_ranking id="311" rank="311" belly="472" experience="0" gold="0" prestige="277" execution="0" items="" honour="318"/>
  <group_battle_ranking id="312" rank="312" belly="472" experience="0" gold="0" prestige="277" execution="0" items="" honour="318"/>
  <group_battle_ranking id="313" rank="313" belly="472" experience="0" gold="0" prestige="277" execution="0" items="" honour="318"/>
  <group_battle_ranking id="314" rank="314" belly="472" experience="0" gold="0" prestige="277" execution="0" items="" honour="318"/>
  <group_battle_ranking id="315" rank="315" belly="472" experience="0" gold="0" prestige="277" execution="0" items="" honour="318"/>
  <group_battle_ranking id="316" rank="316" belly="471" experience="0" gold="0" prestige="276" execution="0" items="" honour="317"/>
  <group_battle_ranking id="317" rank="317" belly="471" experience="0" gold="0" prestige="276" execution="0" items="" honour="317"/>
  <group_battle_ranking id="318" rank="318" belly="471" experience="0" gold="0" prestige="276" execution="0" items="" honour="317"/>
  <group_battle_ranking id="319" rank="319" belly="471" experience="0" gold="0" prestige="276" execution="0" items="" honour="317"/>
  <group_battle_ranking id="320" rank="320" belly="471" experience="0" gold="0" prestige="276" execution="0" items="" honour="317"/>
  <group_battle_ranking id="321" rank="321" belly="470" experience="0" gold="0" prestige="275" execution="0" items="" honour="316"/>
  <group_battle_ranking id="322" rank="322" belly="470" experience="0" gold="0" prestige="275" execution="0" items="" honour="316"/>
  <group_battle_ranking id="323" rank="323" belly="470" experience="0" gold="0" prestige="275" execution="0" items="" honour="316"/>
  <group_battle_ranking id="324" rank="324" belly="470" experience="0" gold="0" prestige="275" execution="0" items="" honour="316"/>
  <group_battle_ranking id="325" rank="325" belly="470" experience="0" gold="0" prestige="275" execution="0" items="" honour="316"/>
  <group_battle_ranking id="326" rank="326" belly="469" experience="0" gold="0" prestige="274" execution="0" items="" honour="315"/>
  <group_battle_ranking id="327" rank="327" belly="469" experience="0" gold="0" prestige="274" execution="0" items="" honour="315"/>
  <group_battle_ranking id="328" rank="328" belly="469" experience="0" gold="0" prestige="274" execution="0" items="" honour="315"/>
  <group_battle_ranking id="329" rank="329" belly="469" experience="0" gold="0" prestige="274" execution="0" items="" honour="315"/>
  <group_battle_ranking id="330" rank="330" belly="469" experience="0" gold="0" prestige="274" execution="0" items="" honour="315"/>
  <group_battle_ranking id="331" rank="331" belly="468" experience="0" gold="0" prestige="273" execution="0" items="" honour="314"/>
  <group_battle_ranking id="332" rank="332" belly="468" experience="0" gold="0" prestige="273" execution="0" items="" honour="314"/>
  <group_battle_ranking id="333" rank="333" belly="468" experience="0" gold="0" prestige="273" execution="0" items="" honour="314"/>
  <group_battle_ranking id="334" rank="334" belly="468" experience="0" gold="0" prestige="273" execution="0" items="" honour="314"/>
  <group_battle_ranking id="335" rank="335" belly="468" experience="0" gold="0" prestige="273" execution="0" items="" honour="314"/>
  <group_battle_ranking id="336" rank="336" belly="467" experience="0" gold="0" prestige="272" execution="0" items="" honour="313"/>
  <group_battle_ranking id="337" rank="337" belly="467" experience="0" gold="0" prestige="272" execution="0" items="" honour="313"/>
  <group_battle_ranking id="338" rank="338" belly="467" experience="0" gold="0" prestige="272" execution="0" items="" honour="313"/>
  <group_battle_ranking id="339" rank="339" belly="467" experience="0" gold="0" prestige="272" execution="0" items="" honour="313"/>
  <group_battle_ranking id="340" rank="340" belly="467" experience="0" gold="0" prestige="272" execution="0" items="" honour="313"/>
  <group_battle_ranking id="341" rank="341" belly="466" experience="0" gold="0" prestige="271" execution="0" items="" honour="312"/>
  <group_battle_ranking id="342" rank="342" belly="466" experience="0" gold="0" prestige="271" execution="0" items="" honour="312"/>
  <group_battle_ranking id="343" rank="343" belly="466" experience="0" gold="0" prestige="271" execution="0" items="" honour="312"/>
  <group_battle_ranking id="344" rank="344" belly="466" experience="0" gold="0" prestige="271" execution="0" items="" honour="312"/>
  <group_battle_ranking id="345" rank="345" belly="466" experience="0" gold="0" prestige="271" execution="0" items="" honour="312"/>
  <group_battle_ranking id="346" rank="346" belly="465" experience="0" gold="0" prestige="270" execution="0" items="" honour="311"/>
  <group_battle_ranking id="347" rank="347" belly="465" experience="0" gold="0" prestige="270" execution="0" items="" honour="311"/>
  <group_battle_ranking id="348" rank="348" belly="465" experience="0" gold="0" prestige="270" execution="0" items="" honour="311"/>
  <group_battle_ranking id="349" rank="349" belly="465" experience="0" gold="0" prestige="270" execution="0" items="" honour="311"/>
  <group_battle_ranking id="350" rank="350" belly="465" experience="0" gold="0" prestige="270" execution="0" items="" honour="311"/>
  <group_battle_ranking id="351" rank="351" belly="464" experience="0" gold="0" prestige="269" execution="0" items="" honour="310"/>
  <group_battle_ranking id="352" rank="352" belly="464" experience="0" gold="0" prestige="269" execution="0" items="" honour="310"/>
  <group_battle_ranking id="353" rank="353" belly="464" experience="0" gold="0" prestige="269" execution="0" items="" honour="310"/>
  <group_battle_ranking id="354" rank="354" belly="464" experience="0" gold="0" prestige="269" execution="0" items="" honour="310"/>
  <group_battle_ranking id="355" rank="355" belly="464" experience="0" gold="0" prestige="269" execution="0" items="" honour="310"/>
  <group_battle_ranking id="356" rank="356" belly="463" experience="0" gold="0" prestige="268" execution="0" items="" honour="309"/>
  <group_battle_ranking id="357" rank="357" belly="463" experience="0" gold="0" prestige="268" execution="0" items="" honour="309"/>
  <group_battle_ranking id="358" rank="358" belly="463" experience="0" gold="0" prestige="268" execution="0" items="" honour="309"/>
  <group_battle_ranking id="359" rank="359" belly="463" experience="0" gold="0" prestige="268" execution="0" items="" honour="309"/>
  <group_battle_ranking id="360" rank="360" belly="463" experience="0" gold="0" prestige="268" execution="0" items="" honour="309"/>
  <group_battle_ranking id="361" rank="361" belly="462" experience="0" gold="0" prestige="267" execution="0" items="" honour="308"/>
  <group_battle_ranking id="362" rank="362" belly="462" experience="0" gold="0" prestige="267" execution="0" items="" honour="308"/>
  <group_battle_ranking id="363" rank="363" belly="462" experience="0" gold="0" prestige="267" execution="0" items="" honour="308"/>
  <group_battle_ranking id="364" rank="364" belly="462" experience="0" gold="0" prestige="267" execution="0" items="" honour="308"/>
  <group_battle_ranking id="365" rank="365" belly="462" experience="0" gold="0" prestige="267" execution="0" items="" honour="308"/>
  <group_battle_ranking id="366" rank="366" belly="461" experience="0" gold="0" prestige="266" execution="0" items="" honour="307"/>
  <group_battle_ranking id="367" rank="367" belly="461" experience="0" gold="0" prestige="266" execution="0" items="" honour="307"/>
  <group_battle_ranking id="368" rank="368" belly="461" experience="0" gold="0" prestige="266" execution="0" items="" honour="307"/>
  <group_battle_ranking id="369" rank="369" belly="461" experience="0" gold="0" prestige="266" execution="0" items="" honour="307"/>
  <group_battle_ranking id="370" rank="370" belly="461" experience="0" gold="0" prestige="266" execution="0" items="" honour="307"/>
  <group_battle_ranking id="371" rank="371" belly="460" experience="0" gold="0" prestige="265" execution="0" items="" honour="306"/>
  <group_battle_ranking id="372" rank="372" belly="460" experience="0" gold="0" prestige="265" execution="0" items="" honour="306"/>
  <group_battle_ranking id="373" rank="373" belly="460" experience="0" gold="0" prestige="265" execution="0" items="" honour="306"/>
  <group_battle_ranking id="374" rank="374" belly="460" experience="0" gold="0" prestige="265" execution="0" items="" honour="306"/>
  <group_battle_ranking id="375" rank="375" belly="460" experience="0" gold="0" prestige="265" execution="0" items="" honour="306"/>
  <group_battle_ranking id="376" rank="376" belly="459" experience="0" gold="0" prestige="264" execution="0" items="" honour="305"/>
  <group_battle_ranking id="377" rank="377" belly="459" experience="0" gold="0" prestige="264" execution="0" items="" honour="305"/>
  <group_battle_ranking id="378" rank="378" belly="459" experience="0" gold="0" prestige="264" execution="0" items="" honour="305"/>
  <group_battle_ranking id="379" rank="379" belly="459" experience="0" gold="0" prestige="264" execution="0" items="" honour="305"/>
  <group_battle_ranking id="380" rank="380" belly="459" experience="0" gold="0" prestige="264" execution="0" items="" honour="305"/>
  <group_battle_ranking id="381" rank="381" belly="458" experience="0" gold="0" prestige="263" execution="0" items="" honour="304"/>
  <group_battle_ranking id="382" rank="382" belly="458" experience="0" gold="0" prestige="263" execution="0" items="" honour="304"/>
  <group_battle_ranking id="383" rank="383" belly="458" experience="0" gold="0" prestige="263" execution="0" items="" honour="304"/>
  <group_battle_ranking id="384" rank="384" belly="458" experience="0" gold="0" prestige="263" execution="0" items="" honour="304"/>
  <group_battle_ranking id="385" rank="385" belly="458" experience="0" gold="0" prestige="263" execution="0" items="" honour="304"/>
  <group_battle_ranking id="386" rank="386" belly="457" experience="0" gold="0" prestige="262" execution="0" items="" honour="303"/>
  <group_battle_ranking id="387" rank="387" belly="457" experience="0" gold="0" prestige="262" execution="0" items="" honour="303"/>
  <group_battle_ranking id="388" rank="388" belly="457" experience="0" gold="0" prestige="262" execution="0" items="" honour="303"/>
  <group_battle_ranking id="389" rank="389" belly="457" experience="0" gold="0" prestige="262" execution="0" items="" honour="303"/>
  <group_battle_ranking id="390" rank="390" belly="457" experience="0" gold="0" prestige="262" execution="0" items="" honour="303"/>
  <group_battle_ranking id="391" rank="391" belly="456" experience="0" gold="0" prestige="261" execution="0" items="" honour="302"/>
  <group_battle_ranking id="392" rank="392" belly="456" experience="0" gold="0" prestige="261" execution="0" items="" honour="302"/>
  <group_battle_ranking id="393" rank="393" belly="456" experience="0" gold="0" prestige="261" execution="0" items="" honour="302"/>
  <group_battle_ranking id="394" rank="394" belly="456" experience="0" gold="0" prestige="261" execution="0" items="" honour="302"/>
  <group_battle_ranking id="395" rank="395" belly="456" experience="0" gold="0" prestige="261" execution="0" items="" honour="302"/>
  <group_battle_ranking id="396" rank="396" belly="455" experience="0" gold="0" prestige="260" execution="0" items="" honour="301"/>
  <group_battle_ranking id="397" rank="397" belly="455" experience="0" gold="0" prestige="260" execution="0" items="" honour="301"/>
  <group_battle_ranking id="398" rank="398" belly="455" experience="0" gold="0" prestige="260" execution="0" items="" honour="301"/>
  <group_battle_ranking id="399" rank="399" belly="455" experience="0" gold="0" prestige="260" execution="0" items="" honour="301"/>
  <group_battle_ranking id="400" rank="400" belly="455" experience="0" gold="0" prestige="260" execution="0" items="" honour="301"/>
  <group_battle_ranking id="401" rank="401" belly="454" experience="0" gold="0" prestige="259" execution="0" items="" honour="300"/>
  <group_battle_ranking id="402" rank="402" belly="454" experience="0" gold="0" prestige="259" execution="0" items="" honour="300"/>
  <group_battle_ranking id="403" rank="403" belly="454" experience="0" gold="0" prestige="259" execution="0" items="" honour="300"/>
  <group_battle_ranking id="404" rank="404" belly="454" experience="0" gold="0" prestige="259" execution="0" items="" honour="300"/>
  <group_battle_ranking id="405" rank="405" belly="454" experience="0" gold="0" prestige="259" execution="0" items="" honour="300"/>
  <group_battle_ranking id="406" rank="406" belly="453" experience="0" gold="0" prestige="258" execution="0" items="" honour="300"/>
  <group_battle_ranking id="407" rank="407" belly="453" experience="0" gold="0" prestige="258" execution="0" items="" honour="300"/>
  <group_battle_ranking id="408" rank="408" belly="453" experience="0" gold="0" prestige="258" execution="0" items="" honour="300"/>
  <group_battle_ranking id="409" rank="409" belly="453" experience="0" gold="0" prestige="258" execution="0" items="" honour="300"/>
  <group_battle_ranking id="410" rank="410" belly="453" experience="0" gold="0" prestige="258" execution="0" items="" honour="300"/>
  <group_battle_ranking id="411" rank="411" belly="452" experience="0" gold="0" prestige="257" execution="0" items="" honour="300"/>
  <group_battle_ranking id="412" rank="412" belly="452" experience="0" gold="0" prestige="257" execution="0" items="" honour="300"/>
  <group_battle_ranking id="413" rank="413" belly="452" experience="0" gold="0" prestige="257" execution="0" items="" honour="300"/>
  <group_battle_ranking id="414" rank="414" belly="452" experience="0" gold="0" prestige="257" execution="0" items="" honour="300"/>
  <group_battle_ranking id="415" rank="415" belly="452" experience="0" gold="0" prestige="257" execution="0" items="" honour="300"/>
  <group_battle_ranking id="416" rank="416" belly="451" experience="0" gold="0" prestige="256" execution="0" items="" honour="300"/>
  <group_battle_ranking id="417" rank="417" belly="451" experience="0" gold="0" prestige="256" execution="0" items="" honour="300"/>
  <group_battle_ranking id="418" rank="418" belly="451" experience="0" gold="0" prestige="256" execution="0" items="" honour="300"/>
  <group_battle_ranking id="419" rank="419" belly="451" experience="0" gold="0" prestige="256" execution="0" items="" honour="300"/>
  <group_battle_ranking id="420" rank="420" belly="451" experience="0" gold="0" prestige="256" execution="0" items="" honour="300"/>
  <group_battle_ranking id="421" rank="421" belly="450" experience="0" gold="0" prestige="255" execution="0" items="" honour="300"/>
  <group_battle_ranking id="422" rank="422" belly="450" experience="0" gold="0" prestige="255" execution="0" items="" honour="300"/>
  <group_battle_ranking id="423" rank="423" belly="450" experience="0" gold="0" prestige="255" execution="0" items="" honour="300"/>
  <group_battle_ranking id="424" rank="424" belly="450" experience="0" gold="0" prestige="255" execution="0" items="" honour="300"/>
  <group_battle_ranking id="425" rank="425" belly="450" experience="0" gold="0" prestige="255" execution="0" items="" honour="300"/>
  <group_battle_ranking id="426" rank="426" belly="449" experience="0" gold="0" prestige="254" execution="0" items="" honour="300"/>
  <group_battle_ranking id="427" rank="427" belly="449" experience="0" gold="0" prestige="254" execution="0" items="" honour="300"/>
  <group_battle_ranking id="428" rank="428" belly="449" experience="0" gold="0" prestige="254" execution="0" items="" honour="300"/>
  <group_battle_ranking id="429" rank="429" belly="449" experience="0" gold="0" prestige="254" execution="0" items="" honour="300"/>
  <group_battle_ranking id="430" rank="430" belly="449" experience="0" gold="0" prestige="254" execution="0" items="" honour="300"/>
  <group_battle_ranking id="431" rank="431" belly="448" experience="0" gold="0" prestige="253" execution="0" items="" honour="300"/>
  <group_battle_ranking id="432" rank="432" belly="448" experience="0" gold="0" prestige="253" execution="0" items="" honour="300"/>
  <group_battle_ranking id="433" rank="433" belly="448" experience="0" gold="0" prestige="253" execution="0" items="" honour="300"/>
  <group_battle_ranking id="434" rank="434" belly="448" experience="0" gold="0" prestige="253" execution="0" items="" honour="300"/>
  <group_battle_ranking id="435" rank="435" belly="448" experience="0" gold="0" prestige="253" execution="0" items="" honour="300"/>
  <group_battle_ranking id="436" rank="436" belly="447" experience="0" gold="0" prestige="252" execution="0" items="" honour="300"/>
  <group_battle_ranking id="437" rank="437" belly="447" experience="0" gold="0" prestige="252" execution="0" items="" honour="300"/>
  <group_battle_ranking id="438" rank="438" belly="447" experience="0" gold="0" prestige="252" execution="0" items="" honour="300"/>
  <group_battle_ranking id="439" rank="439" belly="447" experience="0" gold="0" prestige="252" execution="0" items="" honour="300"/>
  <group_battle_ranking id="440" rank="440" belly="447" experience="0" gold="0" prestige="252" execution="0" items="" honour="300"/>
  <group_battle_ranking id="441" rank="441" belly="446" experience="0" gold="0" prestige="251" execution="0" items="" honour="300"/>
  <group_battle_ranking id="442" rank="442" belly="446" experience="0" gold="0" prestige="251" execution="0" items="" honour="300"/>
  <group_battle_ranking id="443" rank="443" belly="446" experience="0" gold="0" prestige="251" execution="0" items="" honour="300"/>
  <group_battle_ranking id="444" rank="444" belly="446" experience="0" gold="0" prestige="251" execution="0" items="" honour="300"/>
  <group_battle_ranking id="445" rank="445" belly="446" experience="0" gold="0" prestige="251" execution="0" items="" honour="300"/>
  <group_battle_ranking id="446" rank="446" belly="445" experience="0" gold="0" prestige="250" execution="0" items="" honour="300"/>
  <group_battle_ranking id="447" rank="447" belly="445" experience="0" gold="0" prestige="250" execution="0" items="" honour="300"/>
  <group_battle_ranking id="448" rank="448" belly="445" experience="0" gold="0" prestige="250" execution="0" items="" honour="300"/>
  <group_battle_ranking id="449" rank="449" belly="445" experience="0" gold="0" prestige="250" execution="0" items="" honour="300"/>
  <group_battle_ranking id="450" rank="450" belly="445" experience="0" gold="0" prestige="250" execution="0" items="" honour="300"/>
  <group_battle_ranking id="451" rank="451" belly="444" experience="0" gold="0" prestige="250" execution="0" items="" honour="300"/>
  <group_battle_ranking id="452" rank="452" belly="444" experience="0" gold="0" prestige="250" execution="0" items="" honour="300"/>
  <group_battle_ranking id="453" rank="453" belly="444" experience="0" gold="0" prestige="250" execution="0" items="" honour="300"/>
  <group_battle_ranking id="454" rank="454" belly="444" experience="0" gold="0" prestige="250" execution="0" items="" honour="300"/>
  <group_battle_ranking id="455" rank="455" belly="444" experience="0" gold="0" prestige="250" execution="0" items="" honour="300"/>
  <group_battle_ranking id="456" rank="456" belly="443" experience="0" gold="0" prestige="250" execution="0" items="" honour="300"/>
  <group_battle_ranking id="457" rank="457" belly="443" experience="0" gold="0" prestige="250" execution="0" items="" honour="300"/>
  <group_battle_ranking id="458" rank="458" belly="443" experience="0" gold="0" prestige="250" execution="0" items="" honour="300"/>
  <group_battle_ranking id="459" rank="459" belly="443" experience="0" gold="0" prestige="250" execution="0" items="" honour="300"/>
  <group_battle_ranking id="460" rank="460" belly="443" experience="0" gold="0" prestige="250" execution="0" items="" honour="300"/>
  <group_battle_ranking id="461" rank="461" belly="442" experience="0" gold="0" prestige="250" execution="0" items="" honour="300"/>
  <group_battle_ranking id="462" rank="462" belly="442" experience="0" gold="0" prestige="250" execution="0" items="" honour="300"/>
  <group_battle_ranking id="463" rank="463" belly="442" experience="0" gold="0" prestige="250" execution="0" items="" honour="300"/>
  <group_battle_ranking id="464" rank="464" belly="442" experience="0" gold="0" prestige="250" execution="0" items="" honour="300"/>
  <group_battle_ranking id="465" rank="465" belly="442" experience="0" gold="0" prestige="250" execution="0" items="" honour="300"/>
  <group_battle_ranking id="466" rank="466" belly="441" experience="0" gold="0" prestige="250" execution="0" items="" honour="300"/>
  <group_battle_ranking id="467" rank="467" belly="441" experience="0" gold="0" prestige="250" execution="0" items="" honour="300"/>
  <group_battle_ranking id="468" rank="468" belly="441" experience="0" gold="0" prestige="250" execution="0" items="" honour="300"/>
  <group_battle_ranking id="469" rank="469" belly="441" experience="0" gold="0" prestige="250" execution="0" items="" honour="300"/>
  <group_battle_ranking id="470" rank="470" belly="441" experience="0" gold="0" prestige="250" execution="0" items="" honour="300"/>
  <group_battle_ranking id="471" rank="471" belly="440" experience="0" gold="0" prestige="250" execution="0" items="" honour="300"/>
  <group_battle_ranking id="472" rank="472" belly="440" experience="0" gold="0" prestige="250" execution="0" items="" honour="300"/>
  <group_battle_ranking id="473" rank="473" belly="440" experience="0" gold="0" prestige="250" execution="0" items="" honour="300"/>
  <group_battle_ranking id="474" rank="474" belly="440" experience="0" gold="0" prestige="250" execution="0" items="" honour="300"/>
  <group_battle_ranking id="475" rank="475" belly="440" experience="0" gold="0" prestige="250" execution="0" items="" honour="300"/>
  <group_battle_ranking id="476" rank="476" belly="439" experience="0" gold="0" prestige="250" execution="0" items="" honour="300"/>
  <group_battle_ranking id="477" rank="477" belly="439" experience="0" gold="0" prestige="250" execution="0" items="" honour="300"/>
  <group_battle_ranking id="478" rank="478" belly="439" experience="0" gold="0" prestige="250" execution="0" items="" honour="300"/>
  <group_battle_ranking id="479" rank="479" belly="439" experience="0" gold="0" prestige="250" execution="0" items="" honour="300"/>
  <group_battle_ranking id="480" rank="480" belly="439" experience="0" gold="0" prestige="250" execution="0" items="" honour="300"/>
  <group_battle_ranking id="481" rank="481" belly="438" experience="0" gold="0" prestige="250" execution="0" items="" honour="300"/>
  <group_battle_ranking id="482" rank="482" belly="438" experience="0" gold="0" prestige="250" execution="0" items="" honour="300"/>
  <group_battle_ranking id="483" rank="483" belly="438" experience="0" gold="0" prestige="250" execution="0" items="" honour="300"/>
  <group_battle_ranking id="484" rank="484" belly="438" experience="0" gold="0" prestige="250" execution="0" items="" honour="300"/>
  <group_battle_ranking id="485" rank="485" belly="438" experience="0" gold="0" prestige="250" execution="0" items="" honour="300"/>
  <group_battle_ranking id="486" rank="486" belly="437" experience="0" gold="0" prestige="250" execution="0" items="" honour="300"/>
  <group_battle_ranking id="487" rank="487" belly="437" experience="0" gold="0" prestige="250" execution="0" items="" honour="300"/>
  <group_battle_ranking id="488" rank="488" belly="437" experience="0" gold="0" prestige="250" execution="0" items="" honour="300"/>
  <group_battle_ranking id="489" rank="489" belly="437" experience="0" gold="0" prestige="250" execution="0" items="" honour="300"/>
  <group_battle_ranking id="490" rank="490" belly="437" experience="0" gold="0" prestige="250" execution="0" items="" honour="300"/>
  <group_battle_ranking id="491" rank="491" belly="436" experience="0" gold="0" prestige="250" execution="0" items="" honour="300"/>
  <group_battle_ranking id="492" rank="492" belly="436" experience="0" gold="0" prestige="250" execution="0" items="" honour="300"/>
  <group_battle_ranking id="493" rank="493" belly="436" experience="0" gold="0" prestige="250" execution="0" items="" honour="300"/>
  <group_battle_ranking id="494" rank="494" belly="436" experience="0" gold="0" prestige="250" execution="0" items="" honour="300"/>
  <group_battle_ranking id="495" rank="495" belly="436" experience="0" gold="0" prestige="250" execution="0" items="" honour="300"/>
  <group_battle_ranking id="496" rank="496" belly="435" experience="0" gold="0" prestige="250" execution="0" items="" honour="300"/>
  <group_battle_ranking id="497" rank="497" belly="435" experience="0" gold="0" prestige="250" execution="0" items="" honour="300"/>
  <group_battle_ranking id="498" rank="498" belly="435" experience="0" gold="0" prestige="250" execution="0" items="" honour="300"/>
  <group_battle_ranking id="499" rank="499" belly="435" experience="0" gold="0" prestige="250" execution="0" items="" honour="300"/>
  <group_battle_ranking id="500" rank="500" belly="435" experience="0" gold="0" prestige="250" execution="0" items="" honour="300"/>
</root>