<root>
  <guide id="1" url="1.jpg" type="Giao diện Đ.đội " width="522" height="352"/>
  <guide id="2" url="2.jpg" type="Giao diện C.hóa " width="522" height="352"/>
  <guide id="4" url="4.jpg" type="Giao diện Trận hình " width="522" height="352"/>
  <guide id="7" url="7.jpg" type="Giao diện Bến cảng" width="522" height="352"/>
  <guide id="6" url="6.jpg" type="Tàu chính " width="522" height="352"/>
  <guide id="8" url="8.jpg" type="Tính năng hữu hảo" width="522" height="352"/>
  <guide id="19" url="19.jpg" type="Tính năng đấu trường" width="522" height="352"/>
  <guide id="14" url="14.jpg" type="Tu luyện " width="522" height="352"/>
  <guide id="15" url="15.jpg" type="Tấn công liên tiếp" width="522" height="352"/>
  <guide id="12" url="12.jpg" type="Viện nghiên cứu" width="522" height="352"/>
  <guide id="9" url="9.jpg" type="Phòng huấn luyện" width="522" height="352"/>
  <guide id="20" url="20.jpg" type="Tổ đội " width="522" height="352"/>
  <guide id="22" url="22.jpg" type="Công hội " width="522" height="352"/>
  <guide id="10" url="10.jpg" type="Phòng điều trị " width="522" height="352"/>
  <guide id="13" url="13.jpg" type="Hội đàm" width="522" height="352"/>
  <guide id="21" url="21.jpg" type="Hoạt động " width="522" height="352"/>
  <guide id="24" url="24.jpg" type="Tìm kiếm B.thạch" width="522" height="352"/>
  <guide id="25" url="25.jpg" type="Dung hợp B.thạch" width="522" height="352"/>
  <guide id="26" url="26.jpg" type="Chế đồ" width="522" height="352"/>
  <guide id="27" url="27.jpg" type="Hệ thống Tầm bảo" width="522" height="352"/>
  <guide id="28" url="28.jpg" type="NV hàng ngày" width="522" height="352"/>
  <guide id="29" url="29.jpg" type="Người chơi tấn công" width="522" height="352"/>
  <guide id="31" url="31.jpg" type="Mở Đặt hàng" width="522" height="352"/>
  <guide id="23" url="23.jpg" type="Mở tài nguyên" width="522" height="352"/>
  <guide id="38" url="38.jpg" type="Nâng cấp trận hình " width="522" height="352"/>
  <guide id="39" url="39.jpg" type="Lần đầu qua ải" width="522" height="352"/>
  <guide id="11" url="11.jpg" type="Chiến đấu mất máu" width="522" height="352"/>
  <guide id="16" url="16.jpg" type="Pet" width="522" height="352"/>
  <guide id="36" url="36.jpg" type="Mở phòng bếp" width="522" height="352"/>
  <guide id="41" url="41.jpg" type="Mở Allblue" width="522" height="352"/>
  <guide id="40" url="40.jpg" type="Mở Tinh bàn" width="522" height="352"/>
  <guide id="43" url="43.jpg" type="Mở Allblue nuôi cá" width="522" height="352"/>
  <guide id="48" url="48.jpg" type="Đ.ngục Dung luyện" width="522" height="352"/>
  <guide id="49" url="49.jpg" type="Mê trận B.thạch" width="522" height="352"/>
  <guide id="101" url="101.jpg" type="Lần đầu vào phụ bản" width="522" height="352"/>
  <guide id="45" url="baowu.jpg" type="Bảo vật" width="522" height="352"/>
  <guide id="44" url="tuijincheng.jpg" type="Nhà ngục biển sâu" width="522" height="352"/>
  <guide id="46" url="baowuqianghua.jpg" type="Cường hóa bảo vật" width="522" height="352"/>
  <guide id="47" url="shenyuanfuben.jpg" type="PB Vực sâu" width="522" height="352"/>
  <guide id="50" url="dingshangxuezhan2.jpg" type="Huyết chiến đến cùng" width="522" height="352"/>
  <guide id="51" url="zhenxingshengjie.jpg" type="Nâng cấp trận hình" width="522" height="352"/>
  <guide id="52" url="jinjidehaijun.jpg" type="Tấn công Hải quân" width="522" height="352"/>
  <guide id="53" url="shenmihaiyu2.jpg" type="Đảo Thần bí" width="522" height="352"/>
  <guide id="54" url="baqi.jpg" type="Hệ thống Haki" width="522" height="352"/>
  <guide id="55" url="shenmifuchong55.jpg" type="Hệ thống Pet phụ" width="522" height="352"/>
  <guide id="56" url="haihun.jpg" type="Hệ thống Hải hồn" width="522" height="352"/>
  <guide id="60" url="baqitupo.jpg" type="Đột phá Haki" width="522" height="352"/>
  <guide id="61" url="yuansuxitong.jpg" type="Hệ thống Nguyên tố" width="522" height="352"/>
  <guide id="62" url="jiujitiaozhan.jpg" type="Khiêu chiến cuối cùng" width="522" height="352"/>
  <newhero id="1" heroID="10022" goto="12" text="" heroName="Kent" step="1"/>
  <newhero id="2" heroID="10023" goto="107" text="" heroName="Lena"/>
  <newhero id="3" heroID="10021" goto="107" text="" heroName="Yorki"/>
  <girl id="1" text="Hãy chọn trang bị cần cường hóa trước, rồi nhấn vào nút Cường hóa để cường hóa!" type="1" next="0" step="7"/>
  <girl id="2" text="Bến cảng là nơi mọi người đỗ tàu chính, trong giao diện bến cảng có thể thay đổi lời nhắn của bạn" type="2" next="3"/>
  <girl id="3" text="Hơn nữa có thể nhấn vào tàu chính của người chơi khác để xem lời nhắn của họ" type="1" next="0" step="17"/>
  <girl id="4" text="Trong giao diện tài nguyên có thể chiếm lĩnh tài nguyên, sau khi thời gian chiếm lĩnh kết thúc sẽ nhận được Beri" type="1" next="0" step="28"/>
  <girl id="5" text="Hãy chọn phe phái, sau khi chọn phe phái có thể tham gia Công hội cùng người chơi khác bắt đầu phiêu lưu~" type="1" next="0"/>
  <girl id="6" text="Chúc mừng bạn, phòng giấu vàng đã mở, có thể xem phòng giấu vàng trong giao diện tàu chính." type="2" next="7"/>
  <girl id="7" text="Phòng giấu vàng có thể tăng xác suất nhận được vàng khi ra khơi." type="1" next="0"/>
  <girl id="8" text="Nâng cấp cabin sẽ có thời gian Cd" type="1" next="0" step="32"/>
  <girl id="10" text="Sau khi nâng cấp Pet sẽ nhận được điểm số kỹ năng, tiêu hao điểm số kỹ năng có thể lĩnh ngộ kỹ năng của Pet" type="1" next="0" step="24"/>
  <girl id="11" text="Ở đảo thú lạ có thể huấn luyện Pet, chọn Pet, nhấn huấn luyện là có thể huấn luyện Pet rồi!" type="1" next="0" step="24"/>
  <girl id="12" text="Có thể tiến hành trang bị cho Pet, sau khi trang bị Pet sẽ được hiển thị ở trong thành phố" type="1" next="0" step="24"/>
  <petegg id="1" eggID="110001" text="Gâu gâu..." eggName="Chou Chou"/>
</root>