<root>
  <guildboss_level level="1" levelupCondition1="40" levelupCondition2="60" levelupCondition3="80" levelupCondition4="100" levelupCondition5="120" levelupCondition6="140" levelupCondition7="160" levelupCondition8="180" levelupCondition9="200" levelupCondition10="220" hpRate="3" strengthRate="1" agileRate="1" intelligenceRate="1" phyAttackRate="4" killAttackRate="4" mgcAttackRate="4" phyDefendRate="2" killDefendRate="2" mgcDefendRate="2"/>
  <guildboss_level level="2" levelupCondition1="40" levelupCondition2="60" levelupCondition3="80" levelupCondition4="100" levelupCondition5="120" levelupCondition6="140" levelupCondition7="160" levelupCondition8="180" levelupCondition9="200" levelupCondition10="220" hpRate="3" strengthRate="1" agileRate="1" intelligenceRate="1" phyAttackRate="4" killAttackRate="4" mgcAttackRate="4" phyDefendRate="2" killDefendRate="2" mgcDefendRate="2"/>
  <guildboss_level level="3" levelupCondition1="40" levelupCondition2="60" levelupCondition3="80" levelupCondition4="100" levelupCondition5="120" levelupCondition6="140" levelupCondition7="160" levelupCondition8="180" levelupCondition9="200" levelupCondition10="220" hpRate="3" strengthRate="1" agileRate="1" intelligenceRate="1" phyAttackRate="4" killAttackRate="4" mgcAttackRate="4" phyDefendRate="2" killDefendRate="2" mgcDefendRate="2"/>
  <guildboss_level level="4" levelupCondition1="40" levelupCondition2="60" levelupCondition3="80" levelupCondition4="100" levelupCondition5="120" levelupCondition6="140" levelupCondition7="160" levelupCondition8="180" levelupCondition9="200" levelupCondition10="220" hpRate="3" strengthRate="1" agileRate="1" intelligenceRate="1" phyAttackRate="4" killAttackRate="4" mgcAttackRate="4" phyDefendRate="2" killDefendRate="2" mgcDefendRate="2"/>
  <guildboss_level level="5" levelupCondition1="40" levelupCondition2="60" levelupCondition3="80" levelupCondition4="100" levelupCondition5="120" levelupCondition6="140" levelupCondition7="160" levelupCondition8="180" levelupCondition9="200" levelupCondition10="220" hpRate="1" strengthRate="1" agileRate="1" intelligenceRate="1" phyAttackRate="4" killAttackRate="4" mgcAttackRate="4" phyDefendRate="2" killDefendRate="2" mgcDefendRate="2"/>
  <guildboss_level level="6" levelupCondition1="40" levelupCondition2="60" levelupCondition3="80" levelupCondition4="100" levelupCondition5="120" levelupCondition6="140" levelupCondition7="160" levelupCondition8="180" levelupCondition9="200" levelupCondition10="220" hpRate="6" strengthRate="1" agileRate="1" intelligenceRate="1" phyAttackRate="4.24" killAttackRate="4.24" mgcAttackRate="4.24" phyDefendRate="2.12" killDefendRate="2.12" mgcDefendRate="2.12"/>
  <guildboss_level level="7" levelupCondition1="40" levelupCondition2="60" levelupCondition3="80" levelupCondition4="100" levelupCondition5="120" levelupCondition6="140" levelupCondition7="160" levelupCondition8="180" levelupCondition9="200" levelupCondition10="220" hpRate="6" strengthRate="1" agileRate="1" intelligenceRate="1" phyAttackRate="4.48" killAttackRate="4.48" mgcAttackRate="4.48" phyDefendRate="2.24" killDefendRate="2.24" mgcDefendRate="2.24"/>
  <guildboss_level level="8" levelupCondition1="40" levelupCondition2="60" levelupCondition3="80" levelupCondition4="100" levelupCondition5="120" levelupCondition6="140" levelupCondition7="160" levelupCondition8="180" levelupCondition9="200" levelupCondition10="220" hpRate="6" strengthRate="1" agileRate="1" intelligenceRate="1" phyAttackRate="4.72" killAttackRate="4.72" mgcAttackRate="4.72" phyDefendRate="2.36" killDefendRate="2.36" mgcDefendRate="2.36"/>
  <guildboss_level level="9" levelupCondition1="40" levelupCondition2="60" levelupCondition3="80" levelupCondition4="100" levelupCondition5="120" levelupCondition6="140" levelupCondition7="160" levelupCondition8="180" levelupCondition9="200" levelupCondition10="220" hpRate="6" strengthRate="1" agileRate="1" intelligenceRate="1" phyAttackRate="4.96" killAttackRate="4.96" mgcAttackRate="4.96" phyDefendRate="2.48" killDefendRate="2.48" mgcDefendRate="2.48"/>
  <guildboss_level level="10" levelupCondition1="40" levelupCondition2="60" levelupCondition3="80" levelupCondition4="100" levelupCondition5="120" levelupCondition6="140" levelupCondition7="160" levelupCondition8="180" levelupCondition9="200" levelupCondition10="220" hpRate="2" strengthRate="1" agileRate="1" intelligenceRate="1" phyAttackRate="5.2" killAttackRate="5.2" mgcAttackRate="5.2" phyDefendRate="2.6" killDefendRate="2.6" mgcDefendRate="2.6"/>
  <guildboss_level level="11" levelupCondition1="40" levelupCondition2="60" levelupCondition3="80" levelupCondition4="100" levelupCondition5="120" levelupCondition6="140" levelupCondition7="160" levelupCondition8="180" levelupCondition9="200" levelupCondition10="220" hpRate="9" strengthRate="1" agileRate="1" intelligenceRate="1" phyAttackRate="5.44" killAttackRate="5.44" mgcAttackRate="5.44" phyDefendRate="2.72" killDefendRate="2.72" mgcDefendRate="2.72"/>
  <guildboss_level level="12" levelupCondition1="40" levelupCondition2="60" levelupCondition3="80" levelupCondition4="100" levelupCondition5="120" levelupCondition6="140" levelupCondition7="160" levelupCondition8="180" levelupCondition9="200" levelupCondition10="220" hpRate="9" strengthRate="1" agileRate="1" intelligenceRate="1" phyAttackRate="5.68" killAttackRate="5.68" mgcAttackRate="5.68" phyDefendRate="2.84" killDefendRate="2.84" mgcDefendRate="2.84"/>
  <guildboss_level level="13" levelupCondition1="40" levelupCondition2="60" levelupCondition3="80" levelupCondition4="100" levelupCondition5="120" levelupCondition6="140" levelupCondition7="160" levelupCondition8="180" levelupCondition9="200" levelupCondition10="220" hpRate="9" strengthRate="1" agileRate="1" intelligenceRate="1" phyAttackRate="5.92" killAttackRate="5.92" mgcAttackRate="5.92" phyDefendRate="2.96" killDefendRate="2.96" mgcDefendRate="2.96"/>
  <guildboss_level level="14" levelupCondition1="40" levelupCondition2="60" levelupCondition3="80" levelupCondition4="100" levelupCondition5="120" levelupCondition6="140" levelupCondition7="160" levelupCondition8="180" levelupCondition9="200" levelupCondition10="220" hpRate="9" strengthRate="1" agileRate="1" intelligenceRate="1" phyAttackRate="6.16" killAttackRate="6.16" mgcAttackRate="6.16" phyDefendRate="3.08" killDefendRate="3.08" mgcDefendRate="3.08"/>
  <guildboss_level level="15" levelupCondition1="40" levelupCondition2="60" levelupCondition3="80" levelupCondition4="100" levelupCondition5="120" levelupCondition6="140" levelupCondition7="160" levelupCondition8="180" levelupCondition9="200" levelupCondition10="220" hpRate="3" strengthRate="1" agileRate="1" intelligenceRate="1" phyAttackRate="6.4" killAttackRate="6.4" mgcAttackRate="6.4" phyDefendRate="3.2" killDefendRate="3.2" mgcDefendRate="3.2"/>
  <guildboss_level level="16" levelupCondition1="40" levelupCondition2="60" levelupCondition3="80" levelupCondition4="100" levelupCondition5="120" levelupCondition6="140" levelupCondition7="160" levelupCondition8="180" levelupCondition9="200" levelupCondition10="220" hpRate="12" strengthRate="1" agileRate="1" intelligenceRate="1" phyAttackRate="6.64" killAttackRate="6.64" mgcAttackRate="6.64" phyDefendRate="3.32" killDefendRate="3.32" mgcDefendRate="3.32"/>
  <guildboss_level level="17" levelupCondition1="40" levelupCondition2="60" levelupCondition3="80" levelupCondition4="100" levelupCondition5="120" levelupCondition6="140" levelupCondition7="160" levelupCondition8="180" levelupCondition9="200" levelupCondition10="220" hpRate="12" strengthRate="1" agileRate="1" intelligenceRate="1" phyAttackRate="6.88" killAttackRate="6.88" mgcAttackRate="6.88" phyDefendRate="3.44" killDefendRate="3.44" mgcDefendRate="3.44"/>
  <guildboss_level level="18" levelupCondition1="40" levelupCondition2="60" levelupCondition3="80" levelupCondition4="100" levelupCondition5="120" levelupCondition6="140" levelupCondition7="160" levelupCondition8="180" levelupCondition9="200" levelupCondition10="220" hpRate="12" strengthRate="1" agileRate="1" intelligenceRate="1" phyAttackRate="7.12" killAttackRate="7.12" mgcAttackRate="7.12" phyDefendRate="3.56" killDefendRate="3.56" mgcDefendRate="3.56"/>
  <guildboss_level level="19" levelupCondition1="40" levelupCondition2="60" levelupCondition3="80" levelupCondition4="100" levelupCondition5="120" levelupCondition6="140" levelupCondition7="160" levelupCondition8="180" levelupCondition9="200" levelupCondition10="220" hpRate="12" strengthRate="1" agileRate="1" intelligenceRate="1" phyAttackRate="7.36" killAttackRate="7.36" mgcAttackRate="7.36" phyDefendRate="3.68" killDefendRate="3.68" mgcDefendRate="3.68"/>
  <guildboss_level level="20" levelupCondition1="40" levelupCondition2="60" levelupCondition3="80" levelupCondition4="100" levelupCondition5="120" levelupCondition6="140" levelupCondition7="160" levelupCondition8="180" levelupCondition9="200" levelupCondition10="220" hpRate="4" strengthRate="1" agileRate="1" intelligenceRate="1" phyAttackRate="7.6" killAttackRate="7.6" mgcAttackRate="7.6" phyDefendRate="3.8" killDefendRate="3.8" mgcDefendRate="3.8"/>
  <guildboss_level level="21" levelupCondition1="33" levelupCondition2="50" levelupCondition3="66" levelupCondition4="83" levelupCondition5="100" levelupCondition6="116" levelupCondition7="133" levelupCondition8="150" levelupCondition9="166" levelupCondition10="183" hpRate="15" strengthRate="1" agileRate="1" intelligenceRate="1" phyAttackRate="7.84" killAttackRate="7.84" mgcAttackRate="7.84" phyDefendRate="3.92" killDefendRate="3.92" mgcDefendRate="3.92"/>
  <guildboss_level level="22" levelupCondition1="33" levelupCondition2="50" levelupCondition3="66" levelupCondition4="83" levelupCondition5="100" levelupCondition6="116" levelupCondition7="133" levelupCondition8="150" levelupCondition9="166" levelupCondition10="183" hpRate="15" strengthRate="1" agileRate="1" intelligenceRate="1" phyAttackRate="8.08" killAttackRate="8.08" mgcAttackRate="8.08" phyDefendRate="4.04" killDefendRate="4.04" mgcDefendRate="4.04"/>
  <guildboss_level level="23" levelupCondition1="33" levelupCondition2="50" levelupCondition3="66" levelupCondition4="83" levelupCondition5="100" levelupCondition6="116" levelupCondition7="133" levelupCondition8="150" levelupCondition9="166" levelupCondition10="183" hpRate="15" strengthRate="1" agileRate="1" intelligenceRate="1" phyAttackRate="8.32" killAttackRate="8.32" mgcAttackRate="8.32" phyDefendRate="4.16" killDefendRate="4.16" mgcDefendRate="4.16"/>
  <guildboss_level level="24" levelupCondition1="33" levelupCondition2="50" levelupCondition3="66" levelupCondition4="83" levelupCondition5="100" levelupCondition6="116" levelupCondition7="133" levelupCondition8="150" levelupCondition9="166" levelupCondition10="183" hpRate="15" strengthRate="1" agileRate="1" intelligenceRate="1" phyAttackRate="8.56" killAttackRate="8.56" mgcAttackRate="8.56" phyDefendRate="4.28" killDefendRate="4.28" mgcDefendRate="4.28"/>
  <guildboss_level level="25" levelupCondition1="33" levelupCondition2="50" levelupCondition3="66" levelupCondition4="83" levelupCondition5="100" levelupCondition6="116" levelupCondition7="133" levelupCondition8="150" levelupCondition9="166" levelupCondition10="183" hpRate="5" strengthRate="1" agileRate="1" intelligenceRate="1" phyAttackRate="8.8" killAttackRate="8.8" mgcAttackRate="8.8" phyDefendRate="4.4" killDefendRate="4.4" mgcDefendRate="4.4"/>
  <guildboss_level level="26" levelupCondition1="33" levelupCondition2="50" levelupCondition3="66" levelupCondition4="83" levelupCondition5="100" levelupCondition6="116" levelupCondition7="133" levelupCondition8="150" levelupCondition9="166" levelupCondition10="183" hpRate="18" strengthRate="1" agileRate="1" intelligenceRate="1" phyAttackRate="9.04" killAttackRate="9.04" mgcAttackRate="9.04" phyDefendRate="4.52" killDefendRate="4.52" mgcDefendRate="4.52"/>
  <guildboss_level level="27" levelupCondition1="33" levelupCondition2="50" levelupCondition3="66" levelupCondition4="83" levelupCondition5="100" levelupCondition6="116" levelupCondition7="133" levelupCondition8="150" levelupCondition9="166" levelupCondition10="183" hpRate="18" strengthRate="1" agileRate="1" intelligenceRate="1" phyAttackRate="9.28" killAttackRate="9.28" mgcAttackRate="9.28" phyDefendRate="4.64" killDefendRate="4.64" mgcDefendRate="4.64"/>
  <guildboss_level level="28" levelupCondition1="33" levelupCondition2="50" levelupCondition3="66" levelupCondition4="83" levelupCondition5="100" levelupCondition6="116" levelupCondition7="133" levelupCondition8="150" levelupCondition9="166" levelupCondition10="183" hpRate="18" strengthRate="1" agileRate="1" intelligenceRate="1" phyAttackRate="9.52" killAttackRate="9.52" mgcAttackRate="9.52" phyDefendRate="4.76" killDefendRate="4.76" mgcDefendRate="4.76"/>
  <guildboss_level level="29" levelupCondition1="33" levelupCondition2="50" levelupCondition3="66" levelupCondition4="83" levelupCondition5="100" levelupCondition6="116" levelupCondition7="133" levelupCondition8="150" levelupCondition9="166" levelupCondition10="183" hpRate="18" strengthRate="1" agileRate="1" intelligenceRate="1" phyAttackRate="9.76" killAttackRate="9.76" mgcAttackRate="9.76" phyDefendRate="4.88" killDefendRate="4.88" mgcDefendRate="4.88"/>
  <guildboss_level level="30" levelupCondition1="33" levelupCondition2="50" levelupCondition3="66" levelupCondition4="83" levelupCondition5="100" levelupCondition6="116" levelupCondition7="133" levelupCondition8="150" levelupCondition9="166" levelupCondition10="183" hpRate="6" strengthRate="1" agileRate="1" intelligenceRate="1" phyAttackRate="10" killAttackRate="10" mgcAttackRate="10" phyDefendRate="5" killDefendRate="5" mgcDefendRate="5"/>
  <guildboss_level level="31" levelupCondition1="33" levelupCondition2="50" levelupCondition3="66" levelupCondition4="83" levelupCondition5="100" levelupCondition6="116" levelupCondition7="133" levelupCondition8="150" levelupCondition9="166" levelupCondition10="183" hpRate="21" strengthRate="1" agileRate="1" intelligenceRate="1" phyAttackRate="10.24" killAttackRate="10.24" mgcAttackRate="10.24" phyDefendRate="5.12" killDefendRate="5.12" mgcDefendRate="5.12"/>
  <guildboss_level level="32" levelupCondition1="33" levelupCondition2="50" levelupCondition3="66" levelupCondition4="83" levelupCondition5="100" levelupCondition6="116" levelupCondition7="133" levelupCondition8="150" levelupCondition9="166" levelupCondition10="183" hpRate="21" strengthRate="1" agileRate="1" intelligenceRate="1" phyAttackRate="10.48" killAttackRate="10.48" mgcAttackRate="10.48" phyDefendRate="5.24" killDefendRate="5.24" mgcDefendRate="5.24"/>
  <guildboss_level level="33" levelupCondition1="33" levelupCondition2="50" levelupCondition3="66" levelupCondition4="83" levelupCondition5="100" levelupCondition6="116" levelupCondition7="133" levelupCondition8="150" levelupCondition9="166" levelupCondition10="183" hpRate="21" strengthRate="1" agileRate="1" intelligenceRate="1" phyAttackRate="10.72" killAttackRate="10.72" mgcAttackRate="10.72" phyDefendRate="5.36" killDefendRate="5.36" mgcDefendRate="5.36"/>
  <guildboss_level level="34" levelupCondition1="33" levelupCondition2="50" levelupCondition3="66" levelupCondition4="83" levelupCondition5="100" levelupCondition6="116" levelupCondition7="133" levelupCondition8="150" levelupCondition9="166" levelupCondition10="183" hpRate="21" strengthRate="1" agileRate="1" intelligenceRate="1" phyAttackRate="10.96" killAttackRate="10.96" mgcAttackRate="10.96" phyDefendRate="5.48" killDefendRate="5.48" mgcDefendRate="5.48"/>
  <guildboss_level level="35" levelupCondition1="33" levelupCondition2="50" levelupCondition3="66" levelupCondition4="83" levelupCondition5="100" levelupCondition6="116" levelupCondition7="133" levelupCondition8="150" levelupCondition9="166" levelupCondition10="183" hpRate="7" strengthRate="1" agileRate="1" intelligenceRate="1" phyAttackRate="11.2" killAttackRate="11.2" mgcAttackRate="11.2" phyDefendRate="5.6" killDefendRate="5.6" mgcDefendRate="5.6"/>
  <guildboss_level level="36" levelupCondition1="33" levelupCondition2="50" levelupCondition3="66" levelupCondition4="83" levelupCondition5="100" levelupCondition6="116" levelupCondition7="133" levelupCondition8="150" levelupCondition9="166" levelupCondition10="183" hpRate="24" strengthRate="1" agileRate="1" intelligenceRate="1" phyAttackRate="11.44" killAttackRate="11.44" mgcAttackRate="11.44" phyDefendRate="5.72" killDefendRate="5.72" mgcDefendRate="5.72"/>
  <guildboss_level level="37" levelupCondition1="33" levelupCondition2="50" levelupCondition3="66" levelupCondition4="83" levelupCondition5="100" levelupCondition6="116" levelupCondition7="133" levelupCondition8="150" levelupCondition9="166" levelupCondition10="183" hpRate="24" strengthRate="1" agileRate="1" intelligenceRate="1" phyAttackRate="11.68" killAttackRate="11.68" mgcAttackRate="11.68" phyDefendRate="5.84" killDefendRate="5.84" mgcDefendRate="5.84"/>
  <guildboss_level level="38" levelupCondition1="33" levelupCondition2="50" levelupCondition3="66" levelupCondition4="83" levelupCondition5="100" levelupCondition6="116" levelupCondition7="133" levelupCondition8="150" levelupCondition9="166" levelupCondition10="183" hpRate="24" strengthRate="1" agileRate="1" intelligenceRate="1" phyAttackRate="11.92" killAttackRate="11.92" mgcAttackRate="11.92" phyDefendRate="5.96" killDefendRate="5.96" mgcDefendRate="5.96"/>
  <guildboss_level level="39" levelupCondition1="33" levelupCondition2="50" levelupCondition3="66" levelupCondition4="83" levelupCondition5="100" levelupCondition6="116" levelupCondition7="133" levelupCondition8="150" levelupCondition9="166" levelupCondition10="183" hpRate="24" strengthRate="1" agileRate="1" intelligenceRate="1" phyAttackRate="12.16" killAttackRate="12.16" mgcAttackRate="12.16" phyDefendRate="6.08" killDefendRate="6.08" mgcDefendRate="6.08"/>
  <guildboss_level level="40" levelupCondition1="33" levelupCondition2="50" levelupCondition3="66" levelupCondition4="83" levelupCondition5="100" levelupCondition6="96" levelupCondition7="110" levelupCondition8="125" levelupCondition9="138" levelupCondition10="152" hpRate="8" strengthRate="1" agileRate="1" intelligenceRate="1" phyAttackRate="12.4" killAttackRate="12.4" mgcAttackRate="12.4" phyDefendRate="6.2" killDefendRate="6.2" mgcDefendRate="6.2"/>
  <guildboss_level level="41" levelupCondition1="27" levelupCondition2="41" levelupCondition3="55" levelupCondition4="69" levelupCondition5="83" levelupCondition6="96" levelupCondition7="110" levelupCondition8="125" levelupCondition9="138" levelupCondition10="152" hpRate="27" strengthRate="1" agileRate="1" intelligenceRate="1" phyAttackRate="12.64" killAttackRate="12.64" mgcAttackRate="12.64" phyDefendRate="6.32" killDefendRate="6.32" mgcDefendRate="6.32"/>
  <guildboss_level level="42" levelupCondition1="27" levelupCondition2="41" levelupCondition3="55" levelupCondition4="69" levelupCondition5="83" levelupCondition6="96" levelupCondition7="110" levelupCondition8="125" levelupCondition9="138" levelupCondition10="152" hpRate="27" strengthRate="1" agileRate="1" intelligenceRate="1" phyAttackRate="12.88" killAttackRate="12.88" mgcAttackRate="12.88" phyDefendRate="6.44" killDefendRate="6.44" mgcDefendRate="6.44"/>
  <guildboss_level level="43" levelupCondition1="27" levelupCondition2="41" levelupCondition3="55" levelupCondition4="69" levelupCondition5="83" levelupCondition6="96" levelupCondition7="110" levelupCondition8="125" levelupCondition9="138" levelupCondition10="152" hpRate="27" strengthRate="1" agileRate="1" intelligenceRate="1" phyAttackRate="13.12" killAttackRate="13.12" mgcAttackRate="13.12" phyDefendRate="6.56" killDefendRate="6.56" mgcDefendRate="6.56"/>
  <guildboss_level level="44" levelupCondition1="27" levelupCondition2="41" levelupCondition3="55" levelupCondition4="69" levelupCondition5="83" levelupCondition6="96" levelupCondition7="110" levelupCondition8="125" levelupCondition9="138" levelupCondition10="152" hpRate="27" strengthRate="1" agileRate="1" intelligenceRate="1" phyAttackRate="13.36" killAttackRate="13.36" mgcAttackRate="13.36" phyDefendRate="6.68" killDefendRate="6.68" mgcDefendRate="6.68"/>
  <guildboss_level level="45" levelupCondition1="27" levelupCondition2="41" levelupCondition3="55" levelupCondition4="69" levelupCondition5="83" levelupCondition6="96" levelupCondition7="110" levelupCondition8="125" levelupCondition9="138" levelupCondition10="152" hpRate="9" strengthRate="1" agileRate="1" intelligenceRate="1" phyAttackRate="13.6" killAttackRate="13.6" mgcAttackRate="13.6" phyDefendRate="6.8" killDefendRate="6.8" mgcDefendRate="6.8"/>
  <guildboss_level level="46" levelupCondition1="27" levelupCondition2="41" levelupCondition3="55" levelupCondition4="69" levelupCondition5="83" levelupCondition6="96" levelupCondition7="110" levelupCondition8="125" levelupCondition9="138" levelupCondition10="152" hpRate="30" strengthRate="1" agileRate="1" intelligenceRate="1" phyAttackRate="13.84" killAttackRate="13.84" mgcAttackRate="13.84" phyDefendRate="6.92" killDefendRate="6.92" mgcDefendRate="6.92"/>
  <guildboss_level level="47" levelupCondition1="27" levelupCondition2="41" levelupCondition3="55" levelupCondition4="69" levelupCondition5="83" levelupCondition6="96" levelupCondition7="110" levelupCondition8="125" levelupCondition9="138" levelupCondition10="152" hpRate="30" strengthRate="1" agileRate="1" intelligenceRate="1" phyAttackRate="14.08" killAttackRate="14.08" mgcAttackRate="14.08" phyDefendRate="7.04" killDefendRate="7.04" mgcDefendRate="7.04"/>
  <guildboss_level level="48" levelupCondition1="27" levelupCondition2="41" levelupCondition3="55" levelupCondition4="69" levelupCondition5="83" levelupCondition6="96" levelupCondition7="110" levelupCondition8="125" levelupCondition9="138" levelupCondition10="152" hpRate="30" strengthRate="1" agileRate="1" intelligenceRate="1" phyAttackRate="14.32" killAttackRate="14.32" mgcAttackRate="14.32" phyDefendRate="7.16" killDefendRate="7.16" mgcDefendRate="7.16"/>
  <guildboss_level level="49" levelupCondition1="27" levelupCondition2="41" levelupCondition3="55" levelupCondition4="69" levelupCondition5="83" levelupCondition6="96" levelupCondition7="110" levelupCondition8="125" levelupCondition9="138" levelupCondition10="152" hpRate="30" strengthRate="1" agileRate="1" intelligenceRate="1" phyAttackRate="14.56" killAttackRate="14.56" mgcAttackRate="14.56" phyDefendRate="7.28" killDefendRate="7.28" mgcDefendRate="7.28"/>
  <guildboss_level level="50" levelupCondition1="27" levelupCondition2="41" levelupCondition3="55" levelupCondition4="69" levelupCondition5="83" levelupCondition6="96" levelupCondition7="110" levelupCondition8="125" levelupCondition9="138" levelupCondition10="152" hpRate="10" strengthRate="1" agileRate="1" intelligenceRate="1" phyAttackRate="14.8" killAttackRate="14.8" mgcAttackRate="14.8" phyDefendRate="7.4" killDefendRate="7.4" mgcDefendRate="7.4"/>
  <guildboss_level level="51" levelupCondition1="27" levelupCondition2="41" levelupCondition3="55" levelupCondition4="69" levelupCondition5="83" levelupCondition6="96" levelupCondition7="110" levelupCondition8="125" levelupCondition9="138" levelupCondition10="152" hpRate="33" strengthRate="1" agileRate="1" intelligenceRate="1" phyAttackRate="15.04" killAttackRate="15.04" mgcAttackRate="15.04" phyDefendRate="7.52" killDefendRate="7.52" mgcDefendRate="7.52"/>
  <guildboss_level level="52" levelupCondition1="27" levelupCondition2="41" levelupCondition3="55" levelupCondition4="69" levelupCondition5="83" levelupCondition6="96" levelupCondition7="110" levelupCondition8="125" levelupCondition9="138" levelupCondition10="152" hpRate="33" strengthRate="1" agileRate="1" intelligenceRate="1" phyAttackRate="15.28" killAttackRate="15.28" mgcAttackRate="15.28" phyDefendRate="7.64" killDefendRate="7.64" mgcDefendRate="7.64"/>
  <guildboss_level level="53" levelupCondition1="27" levelupCondition2="41" levelupCondition3="55" levelupCondition4="69" levelupCondition5="83" levelupCondition6="96" levelupCondition7="110" levelupCondition8="125" levelupCondition9="138" levelupCondition10="152" hpRate="33" strengthRate="1" agileRate="1" intelligenceRate="1" phyAttackRate="15.52" killAttackRate="15.52" mgcAttackRate="15.52" phyDefendRate="7.76" killDefendRate="7.76" mgcDefendRate="7.76"/>
  <guildboss_level level="54" levelupCondition1="27" levelupCondition2="41" levelupCondition3="55" levelupCondition4="69" levelupCondition5="83" levelupCondition6="96" levelupCondition7="110" levelupCondition8="125" levelupCondition9="138" levelupCondition10="152" hpRate="33" strengthRate="1" agileRate="1" intelligenceRate="1" phyAttackRate="15.76" killAttackRate="15.76" mgcAttackRate="15.76" phyDefendRate="7.88" killDefendRate="7.88" mgcDefendRate="7.88"/>
  <guildboss_level level="55" levelupCondition1="27" levelupCondition2="41" levelupCondition3="55" levelupCondition4="69" levelupCondition5="83" levelupCondition6="96" levelupCondition7="110" levelupCondition8="125" levelupCondition9="138" levelupCondition10="152" hpRate="11" strengthRate="1" agileRate="1" intelligenceRate="1" phyAttackRate="16" killAttackRate="16" mgcAttackRate="16" phyDefendRate="8" killDefendRate="8" mgcDefendRate="8"/>
  <guildboss_level level="56" levelupCondition1="27" levelupCondition2="41" levelupCondition3="55" levelupCondition4="69" levelupCondition5="83" levelupCondition6="96" levelupCondition7="110" levelupCondition8="125" levelupCondition9="138" levelupCondition10="152" hpRate="36" strengthRate="1" agileRate="1" intelligenceRate="1" phyAttackRate="16.24" killAttackRate="16.24" mgcAttackRate="16.24" phyDefendRate="8.12" killDefendRate="8.12" mgcDefendRate="8.12"/>
  <guildboss_level level="57" levelupCondition1="27" levelupCondition2="41" levelupCondition3="55" levelupCondition4="69" levelupCondition5="83" levelupCondition6="96" levelupCondition7="110" levelupCondition8="125" levelupCondition9="138" levelupCondition10="152" hpRate="36" strengthRate="1" agileRate="1" intelligenceRate="1" phyAttackRate="16.48" killAttackRate="16.48" mgcAttackRate="16.48" phyDefendRate="8.24" killDefendRate="8.24" mgcDefendRate="8.24"/>
  <guildboss_level level="58" levelupCondition1="27" levelupCondition2="41" levelupCondition3="55" levelupCondition4="69" levelupCondition5="83" levelupCondition6="96" levelupCondition7="110" levelupCondition8="125" levelupCondition9="138" levelupCondition10="152" hpRate="36" strengthRate="1" agileRate="1" intelligenceRate="1" phyAttackRate="16.72" killAttackRate="16.72" mgcAttackRate="16.72" phyDefendRate="8.36" killDefendRate="8.36" mgcDefendRate="8.36"/>
  <guildboss_level level="59" levelupCondition1="27" levelupCondition2="41" levelupCondition3="55" levelupCondition4="69" levelupCondition5="83" levelupCondition6="80" levelupCondition7="91" levelupCondition8="104" levelupCondition9="115" levelupCondition10="126" hpRate="36" strengthRate="1" agileRate="1" intelligenceRate="1" phyAttackRate="16.96" killAttackRate="16.96" mgcAttackRate="16.96" phyDefendRate="8.48" killDefendRate="8.48" mgcDefendRate="8.48"/>
  <guildboss_level level="60" levelupCondition1="27" levelupCondition2="41" levelupCondition3="55" levelupCondition4="69" levelupCondition5="83" levelupCondition6="80" levelupCondition7="91" levelupCondition8="104" levelupCondition9="115" levelupCondition10="126" hpRate="12" strengthRate="1" agileRate="1" intelligenceRate="1" phyAttackRate="17.2" killAttackRate="17.2" mgcAttackRate="17.2" phyDefendRate="8.6" killDefendRate="8.6" mgcDefendRate="8.6"/>
  <guildboss_level level="61" levelupCondition1="22" levelupCondition2="34" levelupCondition3="45" levelupCondition4="57" levelupCondition5="69" levelupCondition6="80" levelupCondition7="91" levelupCondition8="104" levelupCondition9="115" levelupCondition10="126" hpRate="39" strengthRate="1" agileRate="1" intelligenceRate="1" phyAttackRate="17.44" killAttackRate="17.44" mgcAttackRate="17.44" phyDefendRate="8.72" killDefendRate="8.72" mgcDefendRate="8.72"/>
  <guildboss_level level="62" levelupCondition1="22" levelupCondition2="34" levelupCondition3="45" levelupCondition4="57" levelupCondition5="69" levelupCondition6="80" levelupCondition7="91" levelupCondition8="104" levelupCondition9="115" levelupCondition10="126" hpRate="39" strengthRate="1" agileRate="1" intelligenceRate="1" phyAttackRate="17.68" killAttackRate="17.68" mgcAttackRate="17.68" phyDefendRate="8.84" killDefendRate="8.84" mgcDefendRate="8.84"/>
  <guildboss_level level="63" levelupCondition1="22" levelupCondition2="34" levelupCondition3="45" levelupCondition4="57" levelupCondition5="69" levelupCondition6="80" levelupCondition7="91" levelupCondition8="104" levelupCondition9="115" levelupCondition10="126" hpRate="39" strengthRate="1" agileRate="1" intelligenceRate="1" phyAttackRate="17.92" killAttackRate="17.92" mgcAttackRate="17.92" phyDefendRate="8.96" killDefendRate="8.96" mgcDefendRate="8.96"/>
  <guildboss_level level="64" levelupCondition1="22" levelupCondition2="34" levelupCondition3="45" levelupCondition4="57" levelupCondition5="69" levelupCondition6="80" levelupCondition7="91" levelupCondition8="104" levelupCondition9="115" levelupCondition10="126" hpRate="39" strengthRate="1" agileRate="1" intelligenceRate="1" phyAttackRate="18.16" killAttackRate="18.16" mgcAttackRate="18.16" phyDefendRate="9.08" killDefendRate="9.08" mgcDefendRate="9.08"/>
  <guildboss_level level="65" levelupCondition1="22" levelupCondition2="34" levelupCondition3="45" levelupCondition4="57" levelupCondition5="69" levelupCondition6="80" levelupCondition7="91" levelupCondition8="104" levelupCondition9="115" levelupCondition10="126" hpRate="13" strengthRate="1" agileRate="1" intelligenceRate="1" phyAttackRate="18.4" killAttackRate="18.4" mgcAttackRate="18.4" phyDefendRate="9.2" killDefendRate="9.2" mgcDefendRate="9.2"/>
  <guildboss_level level="66" levelupCondition1="22" levelupCondition2="34" levelupCondition3="45" levelupCondition4="57" levelupCondition5="69" levelupCondition6="80" levelupCondition7="91" levelupCondition8="104" levelupCondition9="115" levelupCondition10="126" hpRate="42" strengthRate="1" agileRate="1" intelligenceRate="1" phyAttackRate="18.64" killAttackRate="18.64" mgcAttackRate="18.64" phyDefendRate="9.32" killDefendRate="9.32" mgcDefendRate="9.32"/>
  <guildboss_level level="67" levelupCondition1="22" levelupCondition2="34" levelupCondition3="45" levelupCondition4="57" levelupCondition5="69" levelupCondition6="80" levelupCondition7="91" levelupCondition8="104" levelupCondition9="115" levelupCondition10="126" hpRate="42" strengthRate="1" agileRate="1" intelligenceRate="1" phyAttackRate="18.88" killAttackRate="18.88" mgcAttackRate="18.88" phyDefendRate="9.44" killDefendRate="9.44" mgcDefendRate="9.44"/>
  <guildboss_level level="68" levelupCondition1="22" levelupCondition2="34" levelupCondition3="45" levelupCondition4="57" levelupCondition5="69" levelupCondition6="80" levelupCondition7="91" levelupCondition8="104" levelupCondition9="115" levelupCondition10="126" hpRate="42" strengthRate="1" agileRate="1" intelligenceRate="1" phyAttackRate="19.12" killAttackRate="19.12" mgcAttackRate="19.12" phyDefendRate="9.56" killDefendRate="9.56" mgcDefendRate="9.56"/>
  <guildboss_level level="69" levelupCondition1="22" levelupCondition2="34" levelupCondition3="45" levelupCondition4="57" levelupCondition5="69" levelupCondition6="80" levelupCondition7="91" levelupCondition8="104" levelupCondition9="115" levelupCondition10="126" hpRate="42" strengthRate="1" agileRate="1" intelligenceRate="1" phyAttackRate="19.36" killAttackRate="19.36" mgcAttackRate="19.36" phyDefendRate="9.68" killDefendRate="9.68" mgcDefendRate="9.68"/>
  <guildboss_level level="70" levelupCondition1="22" levelupCondition2="34" levelupCondition3="45" levelupCondition4="57" levelupCondition5="69" levelupCondition6="80" levelupCondition7="91" levelupCondition8="104" levelupCondition9="115" levelupCondition10="126" hpRate="14" strengthRate="1" agileRate="1" intelligenceRate="1" phyAttackRate="19.6" killAttackRate="19.6" mgcAttackRate="19.6" phyDefendRate="9.8" killDefendRate="9.8" mgcDefendRate="9.8"/>
  <guildboss_level level="71" levelupCondition1="22" levelupCondition2="34" levelupCondition3="45" levelupCondition4="57" levelupCondition5="69" levelupCondition6="80" levelupCondition7="91" levelupCondition8="104" levelupCondition9="115" levelupCondition10="126" hpRate="45" strengthRate="1" agileRate="1" intelligenceRate="1" phyAttackRate="19.84" killAttackRate="19.84" mgcAttackRate="19.84" phyDefendRate="9.92" killDefendRate="9.92" mgcDefendRate="9.92"/>
  <guildboss_level level="72" levelupCondition1="22" levelupCondition2="34" levelupCondition3="45" levelupCondition4="57" levelupCondition5="69" levelupCondition6="80" levelupCondition7="91" levelupCondition8="104" levelupCondition9="115" levelupCondition10="126" hpRate="45" strengthRate="1" agileRate="1" intelligenceRate="1" phyAttackRate="20.08" killAttackRate="20.08" mgcAttackRate="20.08" phyDefendRate="10.04" killDefendRate="10.04" mgcDefendRate="10.04"/>
  <guildboss_level level="73" levelupCondition1="22" levelupCondition2="34" levelupCondition3="45" levelupCondition4="57" levelupCondition5="69" levelupCondition6="80" levelupCondition7="91" levelupCondition8="104" levelupCondition9="115" levelupCondition10="126" hpRate="45" strengthRate="1" agileRate="1" intelligenceRate="1" phyAttackRate="20.32" killAttackRate="20.32" mgcAttackRate="20.32" phyDefendRate="10.16" killDefendRate="10.16" mgcDefendRate="10.16"/>
  <guildboss_level level="74" levelupCondition1="22" levelupCondition2="34" levelupCondition3="45" levelupCondition4="57" levelupCondition5="69" levelupCondition6="80" levelupCondition7="91" levelupCondition8="104" levelupCondition9="115" levelupCondition10="126" hpRate="45" strengthRate="1" agileRate="1" intelligenceRate="1" phyAttackRate="20.56" killAttackRate="20.56" mgcAttackRate="20.56" phyDefendRate="10.28" killDefendRate="10.28" mgcDefendRate="10.28"/>
  <guildboss_level level="75" levelupCondition1="22" levelupCondition2="34" levelupCondition3="45" levelupCondition4="57" levelupCondition5="69" levelupCondition6="80" levelupCondition7="91" levelupCondition8="104" levelupCondition9="115" levelupCondition10="126" hpRate="15" strengthRate="1" agileRate="1" intelligenceRate="1" phyAttackRate="20.8" killAttackRate="20.8" mgcAttackRate="20.8" phyDefendRate="10.4" killDefendRate="10.4" mgcDefendRate="10.4"/>
  <guildboss_level level="76" levelupCondition1="22" levelupCondition2="34" levelupCondition3="45" levelupCondition4="57" levelupCondition5="69" levelupCondition6="80" levelupCondition7="91" levelupCondition8="104" levelupCondition9="115" levelupCondition10="126" hpRate="48" strengthRate="1" agileRate="1" intelligenceRate="1" phyAttackRate="21.04" killAttackRate="21.04" mgcAttackRate="21.04" phyDefendRate="10.52" killDefendRate="10.52" mgcDefendRate="10.52"/>
  <guildboss_level level="77" levelupCondition1="22" levelupCondition2="34" levelupCondition3="45" levelupCondition4="57" levelupCondition5="69" levelupCondition6="80" levelupCondition7="91" levelupCondition8="104" levelupCondition9="115" levelupCondition10="126" hpRate="48" strengthRate="1" agileRate="1" intelligenceRate="1" phyAttackRate="21.28" killAttackRate="21.28" mgcAttackRate="21.28" phyDefendRate="10.64" killDefendRate="10.64" mgcDefendRate="10.64"/>
  <guildboss_level level="78" levelupCondition1="22" levelupCondition2="34" levelupCondition3="45" levelupCondition4="57" levelupCondition5="69" levelupCondition6="66" levelupCondition7="75" levelupCondition8="86" levelupCondition9="95" levelupCondition10="105" hpRate="48" strengthRate="1" agileRate="1" intelligenceRate="1" phyAttackRate="21.52" killAttackRate="21.52" mgcAttackRate="21.52" phyDefendRate="10.76" killDefendRate="10.76" mgcDefendRate="10.76"/>
  <guildboss_level level="79" levelupCondition1="22" levelupCondition2="34" levelupCondition3="45" levelupCondition4="57" levelupCondition5="69" levelupCondition6="66" levelupCondition7="75" levelupCondition8="86" levelupCondition9="95" levelupCondition10="105" hpRate="48" strengthRate="1" agileRate="1" intelligenceRate="1" phyAttackRate="21.76" killAttackRate="21.76" mgcAttackRate="21.76" phyDefendRate="10.88" killDefendRate="10.88" mgcDefendRate="10.88"/>
  <guildboss_level level="80" levelupCondition1="22" levelupCondition2="34" levelupCondition3="45" levelupCondition4="57" levelupCondition5="69" levelupCondition6="66" levelupCondition7="75" levelupCondition8="86" levelupCondition9="95" levelupCondition10="105" hpRate="16" strengthRate="1" agileRate="1" intelligenceRate="1" phyAttackRate="22" killAttackRate="22" mgcAttackRate="22" phyDefendRate="11" killDefendRate="11" mgcDefendRate="11"/>
  <guildboss_level level="81" levelupCondition1="18" levelupCondition2="28" levelupCondition3="37" levelupCondition4="47" levelupCondition5="57" levelupCondition6="66" levelupCondition7="75" levelupCondition8="86" levelupCondition9="95" levelupCondition10="105" hpRate="51" strengthRate="1" agileRate="1" intelligenceRate="1" phyAttackRate="22.24" killAttackRate="22.24" mgcAttackRate="22.24" phyDefendRate="11.12" killDefendRate="11.12" mgcDefendRate="11.12"/>
  <guildboss_level level="82" levelupCondition1="18" levelupCondition2="28" levelupCondition3="37" levelupCondition4="47" levelupCondition5="57" levelupCondition6="66" levelupCondition7="75" levelupCondition8="86" levelupCondition9="95" levelupCondition10="105" hpRate="51" strengthRate="1" agileRate="1" intelligenceRate="1" phyAttackRate="22.48" killAttackRate="22.48" mgcAttackRate="22.48" phyDefendRate="11.24" killDefendRate="11.24" mgcDefendRate="11.24"/>
  <guildboss_level level="83" levelupCondition1="18" levelupCondition2="28" levelupCondition3="37" levelupCondition4="47" levelupCondition5="57" levelupCondition6="66" levelupCondition7="75" levelupCondition8="86" levelupCondition9="95" levelupCondition10="105" hpRate="51" strengthRate="1" agileRate="1" intelligenceRate="1" phyAttackRate="22.72" killAttackRate="22.72" mgcAttackRate="22.72" phyDefendRate="11.36" killDefendRate="11.36" mgcDefendRate="11.36"/>
  <guildboss_level level="84" levelupCondition1="18" levelupCondition2="28" levelupCondition3="37" levelupCondition4="47" levelupCondition5="57" levelupCondition6="66" levelupCondition7="75" levelupCondition8="86" levelupCondition9="95" levelupCondition10="105" hpRate="51" strengthRate="1" agileRate="1" intelligenceRate="1" phyAttackRate="22.96" killAttackRate="22.96" mgcAttackRate="22.96" phyDefendRate="11.48" killDefendRate="11.48" mgcDefendRate="11.48"/>
  <guildboss_level level="85" levelupCondition1="18" levelupCondition2="28" levelupCondition3="37" levelupCondition4="47" levelupCondition5="57" levelupCondition6="66" levelupCondition7="75" levelupCondition8="86" levelupCondition9="95" levelupCondition10="105" hpRate="17" strengthRate="1" agileRate="1" intelligenceRate="1" phyAttackRate="23.2" killAttackRate="23.2" mgcAttackRate="23.2" phyDefendRate="11.6" killDefendRate="11.6" mgcDefendRate="11.6"/>
  <guildboss_level level="86" levelupCondition1="18" levelupCondition2="28" levelupCondition3="37" levelupCondition4="47" levelupCondition5="57" levelupCondition6="66" levelupCondition7="75" levelupCondition8="86" levelupCondition9="95" levelupCondition10="105" hpRate="54" strengthRate="1" agileRate="1" intelligenceRate="1" phyAttackRate="23.44" killAttackRate="23.44" mgcAttackRate="23.44" phyDefendRate="11.72" killDefendRate="11.72" mgcDefendRate="11.72"/>
  <guildboss_level level="87" levelupCondition1="18" levelupCondition2="28" levelupCondition3="37" levelupCondition4="47" levelupCondition5="57" levelupCondition6="66" levelupCondition7="75" levelupCondition8="86" levelupCondition9="95" levelupCondition10="105" hpRate="54" strengthRate="1" agileRate="1" intelligenceRate="1" phyAttackRate="23.68" killAttackRate="23.68" mgcAttackRate="23.68" phyDefendRate="11.84" killDefendRate="11.84" mgcDefendRate="11.84"/>
  <guildboss_level level="88" levelupCondition1="18" levelupCondition2="28" levelupCondition3="37" levelupCondition4="47" levelupCondition5="57" levelupCondition6="66" levelupCondition7="75" levelupCondition8="86" levelupCondition9="95" levelupCondition10="105" hpRate="54" strengthRate="1" agileRate="1" intelligenceRate="1" phyAttackRate="23.92" killAttackRate="23.92" mgcAttackRate="23.92" phyDefendRate="11.96" killDefendRate="11.96" mgcDefendRate="11.96"/>
  <guildboss_level level="89" levelupCondition1="18" levelupCondition2="28" levelupCondition3="37" levelupCondition4="47" levelupCondition5="57" levelupCondition6="66" levelupCondition7="75" levelupCondition8="86" levelupCondition9="95" levelupCondition10="105" hpRate="54" strengthRate="1" agileRate="1" intelligenceRate="1" phyAttackRate="24.16" killAttackRate="24.16" mgcAttackRate="24.16" phyDefendRate="12.08" killDefendRate="12.08" mgcDefendRate="12.08"/>
  <guildboss_level level="90" levelupCondition1="18" levelupCondition2="28" levelupCondition3="37" levelupCondition4="47" levelupCondition5="57" levelupCondition6="66" levelupCondition7="75" levelupCondition8="86" levelupCondition9="95" levelupCondition10="105" hpRate="18" strengthRate="1" agileRate="1" intelligenceRate="1" phyAttackRate="24.4" killAttackRate="24.4" mgcAttackRate="24.4" phyDefendRate="12.2" killDefendRate="12.2" mgcDefendRate="12.2"/>
  <guildboss_level level="91" levelupCondition1="18" levelupCondition2="28" levelupCondition3="37" levelupCondition4="47" levelupCondition5="57" levelupCondition6="66" levelupCondition7="75" levelupCondition8="86" levelupCondition9="95" levelupCondition10="105" hpRate="57" strengthRate="1" agileRate="1" intelligenceRate="1" phyAttackRate="24.64" killAttackRate="24.64" mgcAttackRate="24.64" phyDefendRate="12.32" killDefendRate="12.32" mgcDefendRate="12.32"/>
  <guildboss_level level="92" levelupCondition1="18" levelupCondition2="28" levelupCondition3="37" levelupCondition4="47" levelupCondition5="57" levelupCondition6="66" levelupCondition7="75" levelupCondition8="86" levelupCondition9="95" levelupCondition10="105" hpRate="57" strengthRate="1" agileRate="1" intelligenceRate="1" phyAttackRate="24.88" killAttackRate="24.88" mgcAttackRate="24.88" phyDefendRate="12.44" killDefendRate="12.44" mgcDefendRate="12.44"/>
  <guildboss_level level="93" levelupCondition1="18" levelupCondition2="28" levelupCondition3="37" levelupCondition4="47" levelupCondition5="57" levelupCondition6="66" levelupCondition7="75" levelupCondition8="86" levelupCondition9="95" levelupCondition10="105" hpRate="57" strengthRate="1" agileRate="1" intelligenceRate="1" phyAttackRate="25.12" killAttackRate="25.12" mgcAttackRate="25.12" phyDefendRate="12.56" killDefendRate="12.56" mgcDefendRate="12.56"/>
  <guildboss_level level="94" levelupCondition1="18" levelupCondition2="28" levelupCondition3="37" levelupCondition4="47" levelupCondition5="57" levelupCondition6="66" levelupCondition7="75" levelupCondition8="86" levelupCondition9="95" levelupCondition10="105" hpRate="57" strengthRate="1" agileRate="1" intelligenceRate="1" phyAttackRate="25.36" killAttackRate="25.36" mgcAttackRate="25.36" phyDefendRate="12.68" killDefendRate="12.68" mgcDefendRate="12.68"/>
  <guildboss_level level="95" levelupCondition1="18" levelupCondition2="28" levelupCondition3="37" levelupCondition4="47" levelupCondition5="57" levelupCondition6="66" levelupCondition7="75" levelupCondition8="86" levelupCondition9="95" levelupCondition10="105" hpRate="19" strengthRate="1" agileRate="1" intelligenceRate="1" phyAttackRate="25.6" killAttackRate="25.6" mgcAttackRate="25.6" phyDefendRate="12.8" killDefendRate="12.8" mgcDefendRate="12.8"/>
  <guildboss_level level="96" levelupCondition1="18" levelupCondition2="28" levelupCondition3="37" levelupCondition4="47" levelupCondition5="57" levelupCondition6="66" levelupCondition7="75" levelupCondition8="86" levelupCondition9="95" levelupCondition10="105" hpRate="60" strengthRate="1" agileRate="1" intelligenceRate="1" phyAttackRate="25.84" killAttackRate="25.84" mgcAttackRate="25.84" phyDefendRate="12.92" killDefendRate="12.92" mgcDefendRate="12.92"/>
  <guildboss_level level="97" levelupCondition1="18" levelupCondition2="28" levelupCondition3="37" levelupCondition4="47" levelupCondition5="57" levelupCondition6="55" levelupCondition7="62" levelupCondition8="71" levelupCondition9="79" levelupCondition10="87" hpRate="60" strengthRate="1" agileRate="1" intelligenceRate="1" phyAttackRate="26.08" killAttackRate="26.08" mgcAttackRate="26.08" phyDefendRate="13.04" killDefendRate="13.04" mgcDefendRate="13.04"/>
  <guildboss_level level="98" levelupCondition1="18" levelupCondition2="28" levelupCondition3="37" levelupCondition4="47" levelupCondition5="57" levelupCondition6="55" levelupCondition7="62" levelupCondition8="71" levelupCondition9="79" levelupCondition10="87" hpRate="60" strengthRate="1" agileRate="1" intelligenceRate="1" phyAttackRate="26.32" killAttackRate="26.32" mgcAttackRate="26.32" phyDefendRate="13.16" killDefendRate="13.16" mgcDefendRate="13.16"/>
  <guildboss_level level="99" levelupCondition1="18" levelupCondition2="28" levelupCondition3="37" levelupCondition4="47" levelupCondition5="57" levelupCondition6="55" levelupCondition7="62" levelupCondition8="71" levelupCondition9="79" levelupCondition10="87" hpRate="60" strengthRate="1" agileRate="1" intelligenceRate="1" phyAttackRate="26.56" killAttackRate="26.56" mgcAttackRate="26.56" phyDefendRate="13.28" killDefendRate="13.28" mgcDefendRate="13.28"/>
  <guildboss_level level="100" levelupCondition1="18" levelupCondition2="28" levelupCondition3="37" levelupCondition4="47" levelupCondition5="57" levelupCondition6="55" levelupCondition7="62" levelupCondition8="71" levelupCondition9="79" levelupCondition10="87" hpRate="20" strengthRate="1" agileRate="1" intelligenceRate="1" phyAttackRate="26.8" killAttackRate="26.8" mgcAttackRate="26.8" phyDefendRate="13.4" killDefendRate="13.4" mgcDefendRate="13.4"/>
  <guildboss_level level="101" levelupCondition1="15" levelupCondition2="23" levelupCondition3="30" levelupCondition4="39" levelupCondition5="47" levelupCondition6="55" levelupCondition7="62" levelupCondition8="71" levelupCondition9="79" levelupCondition10="87" hpRate="63" strengthRate="1" agileRate="1" intelligenceRate="1" phyAttackRate="27.04" killAttackRate="27.04" mgcAttackRate="27.04" phyDefendRate="13.52" killDefendRate="13.52" mgcDefendRate="13.52"/>
  <guildboss_level level="102" levelupCondition1="15" levelupCondition2="23" levelupCondition3="30" levelupCondition4="39" levelupCondition5="47" levelupCondition6="55" levelupCondition7="62" levelupCondition8="71" levelupCondition9="79" levelupCondition10="87" hpRate="63" strengthRate="1" agileRate="1" intelligenceRate="1" phyAttackRate="27.28" killAttackRate="27.28" mgcAttackRate="27.28" phyDefendRate="13.64" killDefendRate="13.64" mgcDefendRate="13.64"/>
  <guildboss_level level="103" levelupCondition1="15" levelupCondition2="23" levelupCondition3="30" levelupCondition4="39" levelupCondition5="47" levelupCondition6="55" levelupCondition7="62" levelupCondition8="71" levelupCondition9="79" levelupCondition10="87" hpRate="63" strengthRate="1" agileRate="1" intelligenceRate="1" phyAttackRate="27.52" killAttackRate="27.52" mgcAttackRate="27.52" phyDefendRate="13.76" killDefendRate="13.76" mgcDefendRate="13.76"/>
  <guildboss_level level="104" levelupCondition1="15" levelupCondition2="23" levelupCondition3="30" levelupCondition4="39" levelupCondition5="47" levelupCondition6="55" levelupCondition7="62" levelupCondition8="71" levelupCondition9="79" levelupCondition10="87" hpRate="63" strengthRate="1" agileRate="1" intelligenceRate="1" phyAttackRate="27.76" killAttackRate="27.76" mgcAttackRate="27.76" phyDefendRate="13.88" killDefendRate="13.88" mgcDefendRate="13.88"/>
  <guildboss_level level="105" levelupCondition1="15" levelupCondition2="23" levelupCondition3="30" levelupCondition4="39" levelupCondition5="47" levelupCondition6="55" levelupCondition7="62" levelupCondition8="71" levelupCondition9="79" levelupCondition10="87" hpRate="21" strengthRate="1" agileRate="1" intelligenceRate="1" phyAttackRate="28" killAttackRate="28" mgcAttackRate="28" phyDefendRate="14" killDefendRate="14" mgcDefendRate="14"/>
  <guildboss_level level="106" levelupCondition1="15" levelupCondition2="23" levelupCondition3="30" levelupCondition4="39" levelupCondition5="47" levelupCondition6="55" levelupCondition7="62" levelupCondition8="71" levelupCondition9="79" levelupCondition10="87" hpRate="66" strengthRate="1" agileRate="1" intelligenceRate="1" phyAttackRate="28.24" killAttackRate="28.24" mgcAttackRate="28.24" phyDefendRate="14.12" killDefendRate="14.12" mgcDefendRate="14.12"/>
  <guildboss_level level="107" levelupCondition1="15" levelupCondition2="23" levelupCondition3="30" levelupCondition4="39" levelupCondition5="47" levelupCondition6="55" levelupCondition7="62" levelupCondition8="71" levelupCondition9="79" levelupCondition10="87" hpRate="66" strengthRate="1" agileRate="1" intelligenceRate="1" phyAttackRate="28.48" killAttackRate="28.48" mgcAttackRate="28.48" phyDefendRate="14.24" killDefendRate="14.24" mgcDefendRate="14.24"/>
  <guildboss_level level="108" levelupCondition1="15" levelupCondition2="23" levelupCondition3="30" levelupCondition4="39" levelupCondition5="47" levelupCondition6="55" levelupCondition7="62" levelupCondition8="71" levelupCondition9="79" levelupCondition10="87" hpRate="66" strengthRate="1" agileRate="1" intelligenceRate="1" phyAttackRate="28.72" killAttackRate="28.72" mgcAttackRate="28.72" phyDefendRate="14.36" killDefendRate="14.36" mgcDefendRate="14.36"/>
  <guildboss_level level="109" levelupCondition1="15" levelupCondition2="23" levelupCondition3="30" levelupCondition4="39" levelupCondition5="47" levelupCondition6="55" levelupCondition7="62" levelupCondition8="71" levelupCondition9="79" levelupCondition10="87" hpRate="66" strengthRate="1" agileRate="1" intelligenceRate="1" phyAttackRate="28.96" killAttackRate="28.96" mgcAttackRate="28.96" phyDefendRate="14.48" killDefendRate="14.48" mgcDefendRate="14.48"/>
  <guildboss_level level="110" levelupCondition1="15" levelupCondition2="23" levelupCondition3="30" levelupCondition4="39" levelupCondition5="47" levelupCondition6="55" levelupCondition7="62" levelupCondition8="71" levelupCondition9="79" levelupCondition10="87" hpRate="22" strengthRate="1" agileRate="1" intelligenceRate="1" phyAttackRate="29.2" killAttackRate="29.2" mgcAttackRate="29.2" phyDefendRate="14.6" killDefendRate="14.6" mgcDefendRate="14.6"/>
  <guildboss_level level="111" levelupCondition1="15" levelupCondition2="23" levelupCondition3="30" levelupCondition4="39" levelupCondition5="47" levelupCondition6="55" levelupCondition7="62" levelupCondition8="71" levelupCondition9="79" levelupCondition10="87" hpRate="69" strengthRate="1" agileRate="1" intelligenceRate="1" phyAttackRate="29.44" killAttackRate="29.44" mgcAttackRate="29.44" phyDefendRate="14.72" killDefendRate="14.72" mgcDefendRate="14.72"/>
  <guildboss_level level="112" levelupCondition1="15" levelupCondition2="23" levelupCondition3="30" levelupCondition4="39" levelupCondition5="47" levelupCondition6="55" levelupCondition7="62" levelupCondition8="71" levelupCondition9="79" levelupCondition10="87" hpRate="69" strengthRate="1" agileRate="1" intelligenceRate="1" phyAttackRate="29.68" killAttackRate="29.68" mgcAttackRate="29.68" phyDefendRate="14.84" killDefendRate="14.84" mgcDefendRate="14.84"/>
  <guildboss_level level="113" levelupCondition1="15" levelupCondition2="23" levelupCondition3="30" levelupCondition4="39" levelupCondition5="47" levelupCondition6="55" levelupCondition7="62" levelupCondition8="71" levelupCondition9="79" levelupCondition10="87" hpRate="69" strengthRate="1" agileRate="1" intelligenceRate="1" phyAttackRate="29.92" killAttackRate="29.92" mgcAttackRate="29.92" phyDefendRate="14.96" killDefendRate="14.96" mgcDefendRate="14.96"/>
  <guildboss_level level="114" levelupCondition1="15" levelupCondition2="23" levelupCondition3="30" levelupCondition4="39" levelupCondition5="47" levelupCondition6="55" levelupCondition7="62" levelupCondition8="71" levelupCondition9="79" levelupCondition10="87" hpRate="69" strengthRate="1" agileRate="1" intelligenceRate="1" phyAttackRate="30.16" killAttackRate="30.16" mgcAttackRate="30.16" phyDefendRate="15.08" killDefendRate="15.08" mgcDefendRate="15.08"/>
  <guildboss_level level="115" levelupCondition1="15" levelupCondition2="23" levelupCondition3="30" levelupCondition4="39" levelupCondition5="47" levelupCondition6="55" levelupCondition7="62" levelupCondition8="71" levelupCondition9="79" levelupCondition10="87" hpRate="23" strengthRate="1" agileRate="1" intelligenceRate="1" phyAttackRate="30.4" killAttackRate="30.4" mgcAttackRate="30.4" phyDefendRate="15.2" killDefendRate="15.2" mgcDefendRate="15.2"/>
  <guildboss_level level="116" levelupCondition1="15" levelupCondition2="23" levelupCondition3="30" levelupCondition4="39" levelupCondition5="47" levelupCondition6="45" levelupCondition7="51" levelupCondition8="59" levelupCondition9="65" levelupCondition10="72" hpRate="72" strengthRate="1" agileRate="1" intelligenceRate="1" phyAttackRate="30.64" killAttackRate="30.64" mgcAttackRate="30.64" phyDefendRate="15.32" killDefendRate="15.32" mgcDefendRate="15.32"/>
  <guildboss_level level="117" levelupCondition1="15" levelupCondition2="23" levelupCondition3="30" levelupCondition4="39" levelupCondition5="47" levelupCondition6="45" levelupCondition7="51" levelupCondition8="59" levelupCondition9="65" levelupCondition10="72" hpRate="72" strengthRate="1" agileRate="1" intelligenceRate="1" phyAttackRate="30.88" killAttackRate="30.88" mgcAttackRate="30.88" phyDefendRate="15.44" killDefendRate="15.44" mgcDefendRate="15.44"/>
  <guildboss_level level="118" levelupCondition1="15" levelupCondition2="23" levelupCondition3="30" levelupCondition4="39" levelupCondition5="47" levelupCondition6="45" levelupCondition7="51" levelupCondition8="59" levelupCondition9="65" levelupCondition10="72" hpRate="72" strengthRate="1" agileRate="1" intelligenceRate="1" phyAttackRate="31.12" killAttackRate="31.12" mgcAttackRate="31.12" phyDefendRate="15.56" killDefendRate="15.56" mgcDefendRate="15.56"/>
  <guildboss_level level="119" levelupCondition1="15" levelupCondition2="23" levelupCondition3="30" levelupCondition4="39" levelupCondition5="47" levelupCondition6="45" levelupCondition7="51" levelupCondition8="59" levelupCondition9="65" levelupCondition10="72" hpRate="72" strengthRate="1" agileRate="1" intelligenceRate="1" phyAttackRate="31.36" killAttackRate="31.36" mgcAttackRate="31.36" phyDefendRate="15.68" killDefendRate="15.68" mgcDefendRate="15.68"/>
  <guildboss_level level="120" levelupCondition1="15" levelupCondition2="23" levelupCondition3="30" levelupCondition4="39" levelupCondition5="47" levelupCondition6="45" levelupCondition7="51" levelupCondition8="59" levelupCondition9="65" levelupCondition10="72" hpRate="24" strengthRate="1" agileRate="1" intelligenceRate="1" phyAttackRate="31.6" killAttackRate="31.6" mgcAttackRate="31.6" phyDefendRate="15.8" killDefendRate="15.8" mgcDefendRate="15.8"/>
  <guildboss_level level="121" levelupCondition1="12" levelupCondition2="19" levelupCondition3="25" levelupCondition4="32" levelupCondition5="39" levelupCondition6="45" levelupCondition7="51" levelupCondition8="59" levelupCondition9="65" levelupCondition10="72" hpRate="75" strengthRate="1" agileRate="1" intelligenceRate="1" phyAttackRate="31.84" killAttackRate="31.84" mgcAttackRate="31.84" phyDefendRate="15.92" killDefendRate="15.92" mgcDefendRate="15.92"/>
  <guildboss_level level="122" levelupCondition1="12" levelupCondition2="19" levelupCondition3="25" levelupCondition4="32" levelupCondition5="39" levelupCondition6="45" levelupCondition7="51" levelupCondition8="59" levelupCondition9="65" levelupCondition10="72" hpRate="75" strengthRate="1" agileRate="1" intelligenceRate="1" phyAttackRate="32.08" killAttackRate="32.08" mgcAttackRate="32.08" phyDefendRate="16.04" killDefendRate="16.04" mgcDefendRate="16.04"/>
  <guildboss_level level="123" levelupCondition1="12" levelupCondition2="19" levelupCondition3="25" levelupCondition4="32" levelupCondition5="39" levelupCondition6="45" levelupCondition7="51" levelupCondition8="59" levelupCondition9="65" levelupCondition10="72" hpRate="75" strengthRate="1" agileRate="1" intelligenceRate="1" phyAttackRate="32.32" killAttackRate="32.32" mgcAttackRate="32.32" phyDefendRate="16.16" killDefendRate="16.16" mgcDefendRate="16.16"/>
  <guildboss_level level="124" levelupCondition1="12" levelupCondition2="19" levelupCondition3="25" levelupCondition4="32" levelupCondition5="39" levelupCondition6="45" levelupCondition7="51" levelupCondition8="59" levelupCondition9="65" levelupCondition10="72" hpRate="75" strengthRate="1" agileRate="1" intelligenceRate="1" phyAttackRate="32.56" killAttackRate="32.56" mgcAttackRate="32.56" phyDefendRate="16.28" killDefendRate="16.28" mgcDefendRate="16.28"/>
  <guildboss_level level="125" levelupCondition1="12" levelupCondition2="19" levelupCondition3="25" levelupCondition4="32" levelupCondition5="39" levelupCondition6="45" levelupCondition7="51" levelupCondition8="59" levelupCondition9="65" levelupCondition10="72" hpRate="25" strengthRate="1" agileRate="1" intelligenceRate="1" phyAttackRate="32.8" killAttackRate="32.8" mgcAttackRate="32.8" phyDefendRate="16.4" killDefendRate="16.4" mgcDefendRate="16.4"/>
  <guildboss_level level="126" levelupCondition1="12" levelupCondition2="19" levelupCondition3="25" levelupCondition4="32" levelupCondition5="39" levelupCondition6="45" levelupCondition7="51" levelupCondition8="59" levelupCondition9="65" levelupCondition10="72" hpRate="78" strengthRate="1" agileRate="1" intelligenceRate="1" phyAttackRate="33.04" killAttackRate="33.04" mgcAttackRate="33.04" phyDefendRate="16.52" killDefendRate="16.52" mgcDefendRate="16.52"/>
  <guildboss_level level="127" levelupCondition1="12" levelupCondition2="19" levelupCondition3="25" levelupCondition4="32" levelupCondition5="39" levelupCondition6="45" levelupCondition7="51" levelupCondition8="59" levelupCondition9="65" levelupCondition10="72" hpRate="78" strengthRate="1" agileRate="1" intelligenceRate="1" phyAttackRate="33.28" killAttackRate="33.28" mgcAttackRate="33.28" phyDefendRate="16.64" killDefendRate="16.64" mgcDefendRate="16.64"/>
  <guildboss_level level="128" levelupCondition1="12" levelupCondition2="19" levelupCondition3="25" levelupCondition4="32" levelupCondition5="39" levelupCondition6="45" levelupCondition7="51" levelupCondition8="59" levelupCondition9="65" levelupCondition10="72" hpRate="78" strengthRate="1" agileRate="1" intelligenceRate="1" phyAttackRate="33.52" killAttackRate="33.52" mgcAttackRate="33.52" phyDefendRate="16.76" killDefendRate="16.76" mgcDefendRate="16.76"/>
  <guildboss_level level="129" levelupCondition1="12" levelupCondition2="19" levelupCondition3="25" levelupCondition4="32" levelupCondition5="39" levelupCondition6="45" levelupCondition7="51" levelupCondition8="59" levelupCondition9="65" levelupCondition10="72" hpRate="78" strengthRate="1" agileRate="1" intelligenceRate="1" phyAttackRate="33.76" killAttackRate="33.76" mgcAttackRate="33.76" phyDefendRate="16.88" killDefendRate="16.88" mgcDefendRate="16.88"/>
  <guildboss_level level="130" levelupCondition1="12" levelupCondition2="19" levelupCondition3="25" levelupCondition4="32" levelupCondition5="39" levelupCondition6="45" levelupCondition7="51" levelupCondition8="59" levelupCondition9="65" levelupCondition10="72" hpRate="26" strengthRate="1" agileRate="1" intelligenceRate="1" phyAttackRate="34" killAttackRate="34" mgcAttackRate="34" phyDefendRate="17" killDefendRate="17" mgcDefendRate="17"/>
  <guildboss_level level="131" levelupCondition1="12" levelupCondition2="19" levelupCondition3="25" levelupCondition4="32" levelupCondition5="39" levelupCondition6="45" levelupCondition7="51" levelupCondition8="59" levelupCondition9="65" levelupCondition10="72" hpRate="81" strengthRate="1" agileRate="1" intelligenceRate="1" phyAttackRate="34.24" killAttackRate="34.24" mgcAttackRate="34.24" phyDefendRate="17.12" killDefendRate="17.12" mgcDefendRate="17.12"/>
  <guildboss_level level="132" levelupCondition1="12" levelupCondition2="19" levelupCondition3="25" levelupCondition4="32" levelupCondition5="39" levelupCondition6="45" levelupCondition7="51" levelupCondition8="59" levelupCondition9="65" levelupCondition10="72" hpRate="81" strengthRate="1" agileRate="1" intelligenceRate="1" phyAttackRate="34.48" killAttackRate="34.48" mgcAttackRate="34.48" phyDefendRate="17.24" killDefendRate="17.24" mgcDefendRate="17.24"/>
  <guildboss_level level="133" levelupCondition1="12" levelupCondition2="19" levelupCondition3="25" levelupCondition4="32" levelupCondition5="39" levelupCondition6="45" levelupCondition7="51" levelupCondition8="59" levelupCondition9="65" levelupCondition10="72" hpRate="81" strengthRate="1" agileRate="1" intelligenceRate="1" phyAttackRate="34.72" killAttackRate="34.72" mgcAttackRate="34.72" phyDefendRate="17.36" killDefendRate="17.36" mgcDefendRate="17.36"/>
  <guildboss_level level="134" levelupCondition1="12" levelupCondition2="19" levelupCondition3="25" levelupCondition4="32" levelupCondition5="39" levelupCondition6="45" levelupCondition7="51" levelupCondition8="59" levelupCondition9="65" levelupCondition10="72" hpRate="81" strengthRate="1" agileRate="1" intelligenceRate="1" phyAttackRate="34.96" killAttackRate="34.96" mgcAttackRate="34.96" phyDefendRate="17.48" killDefendRate="17.48" mgcDefendRate="17.48"/>
  <guildboss_level level="135" levelupCondition1="12" levelupCondition2="19" levelupCondition3="25" levelupCondition4="32" levelupCondition5="39" levelupCondition6="37" levelupCondition7="42" levelupCondition8="49" levelupCondition9="54" levelupCondition10="60" hpRate="27" strengthRate="1" agileRate="1" intelligenceRate="1" phyAttackRate="35.2" killAttackRate="35.2" mgcAttackRate="35.2" phyDefendRate="17.6" killDefendRate="17.6" mgcDefendRate="17.6"/>
  <guildboss_level level="136" levelupCondition1="12" levelupCondition2="19" levelupCondition3="25" levelupCondition4="32" levelupCondition5="39" levelupCondition6="37" levelupCondition7="42" levelupCondition8="49" levelupCondition9="54" levelupCondition10="60" hpRate="84" strengthRate="1" agileRate="1" intelligenceRate="1" phyAttackRate="35.44" killAttackRate="35.44" mgcAttackRate="35.44" phyDefendRate="17.72" killDefendRate="17.72" mgcDefendRate="17.72"/>
  <guildboss_level level="137" levelupCondition1="12" levelupCondition2="19" levelupCondition3="25" levelupCondition4="32" levelupCondition5="39" levelupCondition6="37" levelupCondition7="42" levelupCondition8="49" levelupCondition9="54" levelupCondition10="60" hpRate="84" strengthRate="1" agileRate="1" intelligenceRate="1" phyAttackRate="35.68" killAttackRate="35.68" mgcAttackRate="35.68" phyDefendRate="17.84" killDefendRate="17.84" mgcDefendRate="17.84"/>
  <guildboss_level level="138" levelupCondition1="12" levelupCondition2="19" levelupCondition3="25" levelupCondition4="32" levelupCondition5="39" levelupCondition6="37" levelupCondition7="42" levelupCondition8="49" levelupCondition9="54" levelupCondition10="60" hpRate="84" strengthRate="1" agileRate="1" intelligenceRate="1" phyAttackRate="35.92" killAttackRate="35.92" mgcAttackRate="35.92" phyDefendRate="17.96" killDefendRate="17.96" mgcDefendRate="17.96"/>
  <guildboss_level level="139" levelupCondition1="12" levelupCondition2="19" levelupCondition3="25" levelupCondition4="32" levelupCondition5="39" levelupCondition6="37" levelupCondition7="42" levelupCondition8="49" levelupCondition9="54" levelupCondition10="60" hpRate="84" strengthRate="1" agileRate="1" intelligenceRate="1" phyAttackRate="36.16" killAttackRate="36.16" mgcAttackRate="36.16" phyDefendRate="18.08" killDefendRate="18.08" mgcDefendRate="18.08"/>
  <guildboss_level level="140" levelupCondition1="12" levelupCondition2="19" levelupCondition3="25" levelupCondition4="32" levelupCondition5="39" levelupCondition6="37" levelupCondition7="42" levelupCondition8="49" levelupCondition9="54" levelupCondition10="60" hpRate="28" strengthRate="1" agileRate="1" intelligenceRate="1" phyAttackRate="36.4" killAttackRate="36.4" mgcAttackRate="36.4" phyDefendRate="18.2" killDefendRate="18.2" mgcDefendRate="18.2"/>
  <guildboss_level level="141" levelupCondition1="10" levelupCondition2="15" levelupCondition3="20" levelupCondition4="26" levelupCondition5="32" levelupCondition6="37" levelupCondition7="42" levelupCondition8="49" levelupCondition9="54" levelupCondition10="60" hpRate="87" strengthRate="1" agileRate="1" intelligenceRate="1" phyAttackRate="36.64" killAttackRate="36.64" mgcAttackRate="36.64" phyDefendRate="18.32" killDefendRate="18.32" mgcDefendRate="18.32"/>
  <guildboss_level level="142" levelupCondition1="10" levelupCondition2="15" levelupCondition3="20" levelupCondition4="26" levelupCondition5="32" levelupCondition6="37" levelupCondition7="42" levelupCondition8="49" levelupCondition9="54" levelupCondition10="60" hpRate="87" strengthRate="1" agileRate="1" intelligenceRate="1" phyAttackRate="36.88" killAttackRate="36.88" mgcAttackRate="36.88" phyDefendRate="18.44" killDefendRate="18.44" mgcDefendRate="18.44"/>
  <guildboss_level level="143" levelupCondition1="10" levelupCondition2="15" levelupCondition3="20" levelupCondition4="26" levelupCondition5="32" levelupCondition6="37" levelupCondition7="42" levelupCondition8="49" levelupCondition9="54" levelupCondition10="60" hpRate="87" strengthRate="1" agileRate="1" intelligenceRate="1" phyAttackRate="37.12" killAttackRate="37.12" mgcAttackRate="37.12" phyDefendRate="18.56" killDefendRate="18.56" mgcDefendRate="18.56"/>
  <guildboss_level level="144" levelupCondition1="10" levelupCondition2="15" levelupCondition3="20" levelupCondition4="26" levelupCondition5="32" levelupCondition6="37" levelupCondition7="42" levelupCondition8="49" levelupCondition9="54" levelupCondition10="60" hpRate="87" strengthRate="1" agileRate="1" intelligenceRate="1" phyAttackRate="37.36" killAttackRate="37.36" mgcAttackRate="37.36" phyDefendRate="18.68" killDefendRate="18.68" mgcDefendRate="18.68"/>
  <guildboss_level level="145" levelupCondition1="10" levelupCondition2="15" levelupCondition3="20" levelupCondition4="26" levelupCondition5="32" levelupCondition6="37" levelupCondition7="42" levelupCondition8="49" levelupCondition9="54" levelupCondition10="60" hpRate="29" strengthRate="1" agileRate="1" intelligenceRate="1" phyAttackRate="37.6" killAttackRate="37.6" mgcAttackRate="37.6" phyDefendRate="18.8" killDefendRate="18.8" mgcDefendRate="18.8"/>
  <guildboss_level level="146" levelupCondition1="10" levelupCondition2="15" levelupCondition3="20" levelupCondition4="26" levelupCondition5="32" levelupCondition6="37" levelupCondition7="42" levelupCondition8="49" levelupCondition9="54" levelupCondition10="60" hpRate="90" strengthRate="1" agileRate="1" intelligenceRate="1" phyAttackRate="37.84" killAttackRate="37.84" mgcAttackRate="37.84" phyDefendRate="18.92" killDefendRate="18.92" mgcDefendRate="18.92"/>
  <guildboss_level level="147" levelupCondition1="10" levelupCondition2="15" levelupCondition3="20" levelupCondition4="26" levelupCondition5="32" levelupCondition6="37" levelupCondition7="42" levelupCondition8="49" levelupCondition9="54" levelupCondition10="60" hpRate="90" strengthRate="1" agileRate="1" intelligenceRate="1" phyAttackRate="38.08" killAttackRate="38.08" mgcAttackRate="38.08" phyDefendRate="19.04" killDefendRate="19.04" mgcDefendRate="19.04"/>
  <guildboss_level level="148" levelupCondition1="10" levelupCondition2="15" levelupCondition3="20" levelupCondition4="26" levelupCondition5="32" levelupCondition6="37" levelupCondition7="42" levelupCondition8="49" levelupCondition9="54" levelupCondition10="60" hpRate="90" strengthRate="1" agileRate="1" intelligenceRate="1" phyAttackRate="38.32" killAttackRate="38.32" mgcAttackRate="38.32" phyDefendRate="19.16" killDefendRate="19.16" mgcDefendRate="19.16"/>
  <guildboss_level level="149" levelupCondition1="10" levelupCondition2="15" levelupCondition3="20" levelupCondition4="26" levelupCondition5="32" levelupCondition6="37" levelupCondition7="42" levelupCondition8="49" levelupCondition9="54" levelupCondition10="60" hpRate="90" strengthRate="1" agileRate="1" intelligenceRate="1" phyAttackRate="38.56" killAttackRate="38.56" mgcAttackRate="38.56" phyDefendRate="19.28" killDefendRate="19.28" mgcDefendRate="19.28"/>
  <guildboss_level level="150" levelupCondition1="10" levelupCondition2="15" levelupCondition3="20" levelupCondition4="26" levelupCondition5="32" levelupCondition6="37" levelupCondition7="42" levelupCondition8="49" levelupCondition9="54" levelupCondition10="60" hpRate="30" strengthRate="1" agileRate="1" intelligenceRate="1" phyAttackRate="38.8" killAttackRate="38.8" mgcAttackRate="38.8" phyDefendRate="19.4" killDefendRate="19.4" mgcDefendRate="19.4"/>
  <guildboss_level level="151" levelupCondition1="10" levelupCondition2="15" levelupCondition3="20" levelupCondition4="26" levelupCondition5="32" levelupCondition6="37" levelupCondition7="42" levelupCondition8="49" levelupCondition9="54" levelupCondition10="60" hpRate="93" strengthRate="1" agileRate="1" intelligenceRate="1" phyAttackRate="39.04" killAttackRate="39.04" mgcAttackRate="39.04" phyDefendRate="19.52" killDefendRate="19.52" mgcDefendRate="19.52"/>
  <guildboss_level level="152" levelupCondition1="10" levelupCondition2="15" levelupCondition3="20" levelupCondition4="26" levelupCondition5="32" levelupCondition6="37" levelupCondition7="42" levelupCondition8="49" levelupCondition9="54" levelupCondition10="60" hpRate="93" strengthRate="1" agileRate="1" intelligenceRate="1" phyAttackRate="39.28" killAttackRate="39.28" mgcAttackRate="39.28" phyDefendRate="19.64" killDefendRate="19.64" mgcDefendRate="19.64"/>
  <guildboss_level level="153" levelupCondition1="10" levelupCondition2="15" levelupCondition3="20" levelupCondition4="26" levelupCondition5="32" levelupCondition6="37" levelupCondition7="42" levelupCondition8="49" levelupCondition9="54" levelupCondition10="60" hpRate="93" strengthRate="1" agileRate="1" intelligenceRate="1" phyAttackRate="39.52" killAttackRate="39.52" mgcAttackRate="39.52" phyDefendRate="19.76" killDefendRate="19.76" mgcDefendRate="19.76"/>
  <guildboss_level level="154" levelupCondition1="10" levelupCondition2="15" levelupCondition3="20" levelupCondition4="26" levelupCondition5="32" levelupCondition6="30" levelupCondition7="35" levelupCondition8="40" levelupCondition9="45" levelupCondition10="50" hpRate="93" strengthRate="1" agileRate="1" intelligenceRate="1" phyAttackRate="39.76" killAttackRate="39.76" mgcAttackRate="39.76" phyDefendRate="19.88" killDefendRate="19.88" mgcDefendRate="19.88"/>
  <guildboss_level level="155" levelupCondition1="10" levelupCondition2="15" levelupCondition3="20" levelupCondition4="26" levelupCondition5="32" levelupCondition6="30" levelupCondition7="35" levelupCondition8="40" levelupCondition9="45" levelupCondition10="50" hpRate="31" strengthRate="1" agileRate="1" intelligenceRate="1" phyAttackRate="40" killAttackRate="40" mgcAttackRate="40" phyDefendRate="20" killDefendRate="20" mgcDefendRate="20"/>
  <guildboss_level level="156" levelupCondition1="10" levelupCondition2="15" levelupCondition3="20" levelupCondition4="26" levelupCondition5="32" levelupCondition6="30" levelupCondition7="35" levelupCondition8="40" levelupCondition9="45" levelupCondition10="50" hpRate="96" strengthRate="1" agileRate="1" intelligenceRate="1" phyAttackRate="40.24" killAttackRate="40.24" mgcAttackRate="40.24" phyDefendRate="20.12" killDefendRate="20.12" mgcDefendRate="20.12"/>
  <guildboss_level level="157" levelupCondition1="10" levelupCondition2="15" levelupCondition3="20" levelupCondition4="26" levelupCondition5="32" levelupCondition6="30" levelupCondition7="35" levelupCondition8="40" levelupCondition9="45" levelupCondition10="50" hpRate="96" strengthRate="1" agileRate="1" intelligenceRate="1" phyAttackRate="40.48" killAttackRate="40.48" mgcAttackRate="40.48" phyDefendRate="20.24" killDefendRate="20.24" mgcDefendRate="20.24"/>
  <guildboss_level level="158" levelupCondition1="10" levelupCondition2="15" levelupCondition3="20" levelupCondition4="26" levelupCondition5="32" levelupCondition6="30" levelupCondition7="35" levelupCondition8="40" levelupCondition9="45" levelupCondition10="50" hpRate="96" strengthRate="1" agileRate="1" intelligenceRate="1" phyAttackRate="40.72" killAttackRate="40.72" mgcAttackRate="40.72" phyDefendRate="20.36" killDefendRate="20.36" mgcDefendRate="20.36"/>
  <guildboss_level level="159" levelupCondition1="10" levelupCondition2="15" levelupCondition3="20" levelupCondition4="26" levelupCondition5="32" levelupCondition6="30" levelupCondition7="35" levelupCondition8="40" levelupCondition9="45" levelupCondition10="50" hpRate="96" strengthRate="1" agileRate="1" intelligenceRate="1" phyAttackRate="40.96" killAttackRate="40.96" mgcAttackRate="40.96" phyDefendRate="20.48" killDefendRate="20.48" mgcDefendRate="20.48"/>
  <guildboss_level level="160" levelupCondition1="10" levelupCondition2="15" levelupCondition3="20" levelupCondition4="26" levelupCondition5="32" levelupCondition6="30" levelupCondition7="35" levelupCondition8="40" levelupCondition9="45" levelupCondition10="50" hpRate="32" strengthRate="1" agileRate="1" intelligenceRate="1" phyAttackRate="41.2" killAttackRate="41.2" mgcAttackRate="41.2" phyDefendRate="20.6" killDefendRate="20.6" mgcDefendRate="20.6"/>
  <guildboss_level level="161" levelupCondition1="8" levelupCondition2="12" levelupCondition3="16" levelupCondition4="21" levelupCondition5="26" levelupCondition6="30" levelupCondition7="35" levelupCondition8="40" levelupCondition9="45" levelupCondition10="50" hpRate="99" strengthRate="1" agileRate="1" intelligenceRate="1" phyAttackRate="41.44" killAttackRate="41.44" mgcAttackRate="41.44" phyDefendRate="20.72" killDefendRate="20.72" mgcDefendRate="20.72"/>
  <guildboss_level level="162" levelupCondition1="8" levelupCondition2="12" levelupCondition3="16" levelupCondition4="21" levelupCondition5="26" levelupCondition6="30" levelupCondition7="35" levelupCondition8="40" levelupCondition9="45" levelupCondition10="50" hpRate="99" strengthRate="1" agileRate="1" intelligenceRate="1" phyAttackRate="41.68" killAttackRate="41.68" mgcAttackRate="41.68" phyDefendRate="20.84" killDefendRate="20.84" mgcDefendRate="20.84"/>
  <guildboss_level level="163" levelupCondition1="8" levelupCondition2="12" levelupCondition3="16" levelupCondition4="21" levelupCondition5="26" levelupCondition6="30" levelupCondition7="35" levelupCondition8="40" levelupCondition9="45" levelupCondition10="50" hpRate="99" strengthRate="1" agileRate="1" intelligenceRate="1" phyAttackRate="41.92" killAttackRate="41.92" mgcAttackRate="41.92" phyDefendRate="20.96" killDefendRate="20.96" mgcDefendRate="20.96"/>
  <guildboss_level level="164" levelupCondition1="8" levelupCondition2="12" levelupCondition3="16" levelupCondition4="21" levelupCondition5="26" levelupCondition6="30" levelupCondition7="35" levelupCondition8="40" levelupCondition9="45" levelupCondition10="50" hpRate="99" strengthRate="1" agileRate="1" intelligenceRate="1" phyAttackRate="42.16" killAttackRate="42.16" mgcAttackRate="42.16" phyDefendRate="21.08" killDefendRate="21.08" mgcDefendRate="21.08"/>
  <guildboss_level level="165" levelupCondition1="8" levelupCondition2="12" levelupCondition3="16" levelupCondition4="21" levelupCondition5="26" levelupCondition6="30" levelupCondition7="35" levelupCondition8="40" levelupCondition9="45" levelupCondition10="50" hpRate="33" strengthRate="1" agileRate="1" intelligenceRate="1" phyAttackRate="42.4" killAttackRate="42.4" mgcAttackRate="42.4" phyDefendRate="21.2" killDefendRate="21.2" mgcDefendRate="21.2"/>
  <guildboss_level level="166" levelupCondition1="8" levelupCondition2="12" levelupCondition3="16" levelupCondition4="21" levelupCondition5="26" levelupCondition6="30" levelupCondition7="35" levelupCondition8="40" levelupCondition9="45" levelupCondition10="50" hpRate="102" strengthRate="1" agileRate="1" intelligenceRate="1" phyAttackRate="42.64" killAttackRate="42.64" mgcAttackRate="42.64" phyDefendRate="21.32" killDefendRate="21.32" mgcDefendRate="21.32"/>
  <guildboss_level level="167" levelupCondition1="8" levelupCondition2="12" levelupCondition3="16" levelupCondition4="21" levelupCondition5="26" levelupCondition6="30" levelupCondition7="35" levelupCondition8="40" levelupCondition9="45" levelupCondition10="50" hpRate="102" strengthRate="1" agileRate="1" intelligenceRate="1" phyAttackRate="42.88" killAttackRate="42.88" mgcAttackRate="42.88" phyDefendRate="21.44" killDefendRate="21.44" mgcDefendRate="21.44"/>
  <guildboss_level level="168" levelupCondition1="8" levelupCondition2="12" levelupCondition3="16" levelupCondition4="21" levelupCondition5="26" levelupCondition6="30" levelupCondition7="35" levelupCondition8="40" levelupCondition9="45" levelupCondition10="50" hpRate="102" strengthRate="1" agileRate="1" intelligenceRate="1" phyAttackRate="43.12" killAttackRate="43.12" mgcAttackRate="43.12" phyDefendRate="21.56" killDefendRate="21.56" mgcDefendRate="21.56"/>
  <guildboss_level level="169" levelupCondition1="8" levelupCondition2="12" levelupCondition3="16" levelupCondition4="21" levelupCondition5="26" levelupCondition6="30" levelupCondition7="35" levelupCondition8="40" levelupCondition9="45" levelupCondition10="50" hpRate="102" strengthRate="1" agileRate="1" intelligenceRate="1" phyAttackRate="43.36" killAttackRate="43.36" mgcAttackRate="43.36" phyDefendRate="21.68" killDefendRate="21.68" mgcDefendRate="21.68"/>
  <guildboss_level level="170" levelupCondition1="8" levelupCondition2="12" levelupCondition3="16" levelupCondition4="21" levelupCondition5="26" levelupCondition6="30" levelupCondition7="35" levelupCondition8="40" levelupCondition9="45" levelupCondition10="50" hpRate="34" strengthRate="1" agileRate="1" intelligenceRate="1" phyAttackRate="43.6" killAttackRate="43.6" mgcAttackRate="43.6" phyDefendRate="21.8" killDefendRate="21.8" mgcDefendRate="21.8"/>
  <guildboss_level level="171" levelupCondition1="8" levelupCondition2="12" levelupCondition3="16" levelupCondition4="21" levelupCondition5="26" levelupCondition6="30" levelupCondition7="35" levelupCondition8="40" levelupCondition9="45" levelupCondition10="50" hpRate="105" strengthRate="1" agileRate="1" intelligenceRate="1" phyAttackRate="43.84" killAttackRate="43.84" mgcAttackRate="43.84" phyDefendRate="21.92" killDefendRate="21.92" mgcDefendRate="21.92"/>
  <guildboss_level level="172" levelupCondition1="8" levelupCondition2="12" levelupCondition3="16" levelupCondition4="21" levelupCondition5="26" levelupCondition6="30" levelupCondition7="35" levelupCondition8="40" levelupCondition9="45" levelupCondition10="50" hpRate="105" strengthRate="1" agileRate="1" intelligenceRate="1" phyAttackRate="44.08" killAttackRate="44.08" mgcAttackRate="44.08" phyDefendRate="22.04" killDefendRate="22.04" mgcDefendRate="22.04"/>
  <guildboss_level level="173" levelupCondition1="8" levelupCondition2="12" levelupCondition3="16" levelupCondition4="21" levelupCondition5="26" levelupCondition6="25" levelupCondition7="29" levelupCondition8="33" levelupCondition9="37" levelupCondition10="41" hpRate="105" strengthRate="1" agileRate="1" intelligenceRate="1" phyAttackRate="44.32" killAttackRate="44.32" mgcAttackRate="44.32" phyDefendRate="22.16" killDefendRate="22.16" mgcDefendRate="22.16"/>
  <guildboss_level level="174" levelupCondition1="8" levelupCondition2="12" levelupCondition3="16" levelupCondition4="21" levelupCondition5="26" levelupCondition6="25" levelupCondition7="29" levelupCondition8="33" levelupCondition9="37" levelupCondition10="41" hpRate="105" strengthRate="1" agileRate="1" intelligenceRate="1" phyAttackRate="44.56" killAttackRate="44.56" mgcAttackRate="44.56" phyDefendRate="22.28" killDefendRate="22.28" mgcDefendRate="22.28"/>
  <guildboss_level level="175" levelupCondition1="8" levelupCondition2="12" levelupCondition3="16" levelupCondition4="21" levelupCondition5="26" levelupCondition6="25" levelupCondition7="29" levelupCondition8="33" levelupCondition9="37" levelupCondition10="41" hpRate="35" strengthRate="1" agileRate="1" intelligenceRate="1" phyAttackRate="44.8" killAttackRate="44.8" mgcAttackRate="44.8" phyDefendRate="22.4" killDefendRate="22.4" mgcDefendRate="22.4"/>
  <guildboss_level level="176" levelupCondition1="8" levelupCondition2="12" levelupCondition3="16" levelupCondition4="21" levelupCondition5="26" levelupCondition6="25" levelupCondition7="29" levelupCondition8="33" levelupCondition9="37" levelupCondition10="41" hpRate="108" strengthRate="1" agileRate="1" intelligenceRate="1" phyAttackRate="45.04" killAttackRate="45.04" mgcAttackRate="45.04" phyDefendRate="22.52" killDefendRate="22.52" mgcDefendRate="22.52"/>
  <guildboss_level level="177" levelupCondition1="8" levelupCondition2="12" levelupCondition3="16" levelupCondition4="21" levelupCondition5="26" levelupCondition6="25" levelupCondition7="29" levelupCondition8="33" levelupCondition9="37" levelupCondition10="41" hpRate="108" strengthRate="1" agileRate="1" intelligenceRate="1" phyAttackRate="45.28" killAttackRate="45.28" mgcAttackRate="45.28" phyDefendRate="22.64" killDefendRate="22.64" mgcDefendRate="22.64"/>
  <guildboss_level level="178" levelupCondition1="8" levelupCondition2="12" levelupCondition3="16" levelupCondition4="21" levelupCondition5="26" levelupCondition6="25" levelupCondition7="29" levelupCondition8="33" levelupCondition9="37" levelupCondition10="41" hpRate="108" strengthRate="1" agileRate="1" intelligenceRate="1" phyAttackRate="45.52" killAttackRate="45.52" mgcAttackRate="45.52" phyDefendRate="22.76" killDefendRate="22.76" mgcDefendRate="22.76"/>
  <guildboss_level level="179" levelupCondition1="8" levelupCondition2="12" levelupCondition3="16" levelupCondition4="21" levelupCondition5="26" levelupCondition6="25" levelupCondition7="29" levelupCondition8="33" levelupCondition9="37" levelupCondition10="41" hpRate="108" strengthRate="1" agileRate="1" intelligenceRate="1" phyAttackRate="45.76" killAttackRate="45.76" mgcAttackRate="45.76" phyDefendRate="22.88" killDefendRate="22.88" mgcDefendRate="22.88"/>
  <guildboss_level level="180" levelupCondition1="8" levelupCondition2="12" levelupCondition3="16" levelupCondition4="21" levelupCondition5="26" levelupCondition6="25" levelupCondition7="29" levelupCondition8="33" levelupCondition9="37" levelupCondition10="41" hpRate="36" strengthRate="1" agileRate="1" intelligenceRate="1" phyAttackRate="46" killAttackRate="46" mgcAttackRate="46" phyDefendRate="23" killDefendRate="23" mgcDefendRate="23"/>
  <guildboss_level level="181" levelupCondition1="6" levelupCondition2="10" levelupCondition3="13" levelupCondition4="17" levelupCondition5="21" levelupCondition6="25" levelupCondition7="29" levelupCondition8="33" levelupCondition9="37" levelupCondition10="41" hpRate="111" strengthRate="1" agileRate="1" intelligenceRate="1" phyAttackRate="46.24" killAttackRate="46.24" mgcAttackRate="46.24" phyDefendRate="23.12" killDefendRate="23.12" mgcDefendRate="23.12"/>
  <guildboss_level level="182" levelupCondition1="6" levelupCondition2="10" levelupCondition3="13" levelupCondition4="17" levelupCondition5="21" levelupCondition6="25" levelupCondition7="29" levelupCondition8="33" levelupCondition9="37" levelupCondition10="41" hpRate="111" strengthRate="1" agileRate="1" intelligenceRate="1" phyAttackRate="46.48" killAttackRate="46.48" mgcAttackRate="46.48" phyDefendRate="23.24" killDefendRate="23.24" mgcDefendRate="23.24"/>
  <guildboss_level level="183" levelupCondition1="6" levelupCondition2="10" levelupCondition3="13" levelupCondition4="17" levelupCondition5="21" levelupCondition6="25" levelupCondition7="29" levelupCondition8="33" levelupCondition9="37" levelupCondition10="41" hpRate="111" strengthRate="1" agileRate="1" intelligenceRate="1" phyAttackRate="46.72" killAttackRate="46.72" mgcAttackRate="46.72" phyDefendRate="23.36" killDefendRate="23.36" mgcDefendRate="23.36"/>
  <guildboss_level level="184" levelupCondition1="6" levelupCondition2="10" levelupCondition3="13" levelupCondition4="17" levelupCondition5="21" levelupCondition6="25" levelupCondition7="29" levelupCondition8="33" levelupCondition9="37" levelupCondition10="41" hpRate="111" strengthRate="1" agileRate="1" intelligenceRate="1" phyAttackRate="46.96" killAttackRate="46.96" mgcAttackRate="46.96" phyDefendRate="23.48" killDefendRate="23.48" mgcDefendRate="23.48"/>
  <guildboss_level level="185" levelupCondition1="6" levelupCondition2="10" levelupCondition3="13" levelupCondition4="17" levelupCondition5="21" levelupCondition6="25" levelupCondition7="29" levelupCondition8="33" levelupCondition9="37" levelupCondition10="41" hpRate="37" strengthRate="1" agileRate="1" intelligenceRate="1" phyAttackRate="47.2" killAttackRate="47.2" mgcAttackRate="47.2" phyDefendRate="23.6" killDefendRate="23.6" mgcDefendRate="23.6"/>
  <guildboss_level level="186" levelupCondition1="6" levelupCondition2="10" levelupCondition3="13" levelupCondition4="17" levelupCondition5="21" levelupCondition6="25" levelupCondition7="29" levelupCondition8="33" levelupCondition9="37" levelupCondition10="41" hpRate="114" strengthRate="1" agileRate="1" intelligenceRate="1" phyAttackRate="47.44" killAttackRate="47.44" mgcAttackRate="47.44" phyDefendRate="23.72" killDefendRate="23.72" mgcDefendRate="23.72"/>
  <guildboss_level level="187" levelupCondition1="6" levelupCondition2="10" levelupCondition3="13" levelupCondition4="17" levelupCondition5="21" levelupCondition6="25" levelupCondition7="29" levelupCondition8="33" levelupCondition9="37" levelupCondition10="41" hpRate="114" strengthRate="1" agileRate="1" intelligenceRate="1" phyAttackRate="47.68" killAttackRate="47.68" mgcAttackRate="47.68" phyDefendRate="23.84" killDefendRate="23.84" mgcDefendRate="23.84"/>
  <guildboss_level level="188" levelupCondition1="6" levelupCondition2="10" levelupCondition3="13" levelupCondition4="17" levelupCondition5="21" levelupCondition6="25" levelupCondition7="29" levelupCondition8="33" levelupCondition9="37" levelupCondition10="41" hpRate="114" strengthRate="1" agileRate="1" intelligenceRate="1" phyAttackRate="47.92" killAttackRate="47.92" mgcAttackRate="47.92" phyDefendRate="23.96" killDefendRate="23.96" mgcDefendRate="23.96"/>
  <guildboss_level level="189" levelupCondition1="6" levelupCondition2="10" levelupCondition3="13" levelupCondition4="17" levelupCondition5="21" levelupCondition6="25" levelupCondition7="29" levelupCondition8="33" levelupCondition9="37" levelupCondition10="41" hpRate="114" strengthRate="1" agileRate="1" intelligenceRate="1" phyAttackRate="48.16" killAttackRate="48.16" mgcAttackRate="48.16" phyDefendRate="24.08" killDefendRate="24.08" mgcDefendRate="24.08"/>
  <guildboss_level level="190" levelupCondition1="6" levelupCondition2="10" levelupCondition3="13" levelupCondition4="17" levelupCondition5="21" levelupCondition6="25" levelupCondition7="29" levelupCondition8="33" levelupCondition9="37" levelupCondition10="41" hpRate="38" strengthRate="1" agileRate="1" intelligenceRate="1" phyAttackRate="48.4" killAttackRate="48.4" mgcAttackRate="48.4" phyDefendRate="24.2" killDefendRate="24.2" mgcDefendRate="24.2"/>
  <guildboss_level level="191" levelupCondition1="6" levelupCondition2="10" levelupCondition3="13" levelupCondition4="17" levelupCondition5="21" levelupCondition6="25" levelupCondition7="29" levelupCondition8="33" levelupCondition9="37" levelupCondition10="41" hpRate="117" strengthRate="1" agileRate="1" intelligenceRate="1" phyAttackRate="48.64" killAttackRate="48.64" mgcAttackRate="48.64" phyDefendRate="24.32" killDefendRate="24.32" mgcDefendRate="24.32"/>
  <guildboss_level level="192" levelupCondition1="6" levelupCondition2="10" levelupCondition3="13" levelupCondition4="17" levelupCondition5="21" levelupCondition6="20" levelupCondition7="24" levelupCondition8="27" levelupCondition9="30" levelupCondition10="34" hpRate="117" strengthRate="1" agileRate="1" intelligenceRate="1" phyAttackRate="48.88" killAttackRate="48.88" mgcAttackRate="48.88" phyDefendRate="24.44" killDefendRate="24.44" mgcDefendRate="24.44"/>
  <guildboss_level level="193" levelupCondition1="6" levelupCondition2="10" levelupCondition3="13" levelupCondition4="17" levelupCondition5="21" levelupCondition6="20" levelupCondition7="24" levelupCondition8="27" levelupCondition9="30" levelupCondition10="34" hpRate="117" strengthRate="1" agileRate="1" intelligenceRate="1" phyAttackRate="49.12" killAttackRate="49.12" mgcAttackRate="49.12" phyDefendRate="24.56" killDefendRate="24.56" mgcDefendRate="24.56"/>
  <guildboss_level level="194" levelupCondition1="6" levelupCondition2="10" levelupCondition3="13" levelupCondition4="17" levelupCondition5="21" levelupCondition6="20" levelupCondition7="24" levelupCondition8="27" levelupCondition9="30" levelupCondition10="34" hpRate="117" strengthRate="1" agileRate="1" intelligenceRate="1" phyAttackRate="49.36" killAttackRate="49.36" mgcAttackRate="49.36" phyDefendRate="24.68" killDefendRate="24.68" mgcDefendRate="24.68"/>
  <guildboss_level level="195" levelupCondition1="6" levelupCondition2="10" levelupCondition3="13" levelupCondition4="17" levelupCondition5="21" levelupCondition6="20" levelupCondition7="24" levelupCondition8="27" levelupCondition9="30" levelupCondition10="34" hpRate="39" strengthRate="1" agileRate="1" intelligenceRate="1" phyAttackRate="49.6" killAttackRate="49.6" mgcAttackRate="49.6" phyDefendRate="24.8" killDefendRate="24.8" mgcDefendRate="24.8"/>
  <guildboss_level level="196" levelupCondition1="6" levelupCondition2="10" levelupCondition3="13" levelupCondition4="17" levelupCondition5="21" levelupCondition6="20" levelupCondition7="24" levelupCondition8="27" levelupCondition9="30" levelupCondition10="34" hpRate="120" strengthRate="1" agileRate="1" intelligenceRate="1" phyAttackRate="49.84" killAttackRate="49.84" mgcAttackRate="49.84" phyDefendRate="24.92" killDefendRate="24.92" mgcDefendRate="24.92"/>
  <guildboss_level level="197" levelupCondition1="6" levelupCondition2="10" levelupCondition3="13" levelupCondition4="17" levelupCondition5="21" levelupCondition6="20" levelupCondition7="24" levelupCondition8="27" levelupCondition9="30" levelupCondition10="34" hpRate="120" strengthRate="1" agileRate="1" intelligenceRate="1" phyAttackRate="50.08" killAttackRate="50.08" mgcAttackRate="50.08" phyDefendRate="25.04" killDefendRate="25.04" mgcDefendRate="25.04"/>
  <guildboss_level level="198" levelupCondition1="6" levelupCondition2="10" levelupCondition3="13" levelupCondition4="17" levelupCondition5="21" levelupCondition6="20" levelupCondition7="24" levelupCondition8="27" levelupCondition9="30" levelupCondition10="34" hpRate="120" strengthRate="1" agileRate="1" intelligenceRate="1" phyAttackRate="50.32" killAttackRate="50.32" mgcAttackRate="50.32" phyDefendRate="25.16" killDefendRate="25.16" mgcDefendRate="25.16"/>
  <guildboss_level level="199" levelupCondition1="6" levelupCondition2="10" levelupCondition3="13" levelupCondition4="17" levelupCondition5="21" levelupCondition6="20" levelupCondition7="24" levelupCondition8="27" levelupCondition9="30" levelupCondition10="34" hpRate="120" strengthRate="1" agileRate="1" intelligenceRate="1" phyAttackRate="50.56" killAttackRate="50.56" mgcAttackRate="50.56" phyDefendRate="25.28" killDefendRate="25.28" mgcDefendRate="25.28"/>
  <guildboss_level level="200" levelupCondition1="6" levelupCondition2="10" levelupCondition3="13" levelupCondition4="17" levelupCondition5="21" levelupCondition6="20" levelupCondition7="24" levelupCondition8="27" levelupCondition9="30" levelupCondition10="34" hpRate="40" strengthRate="1" agileRate="1" intelligenceRate="1" phyAttackRate="50.8" killAttackRate="50.8" mgcAttackRate="50.8" phyDefendRate="25.4" killDefendRate="25.4" mgcDefendRate="25.4"/>
</root>