<root>
  <gulidboss_monster batchNum="1" hp="94122" strength="6366" agile="7250" intelligence="7250" phyAttack="4765" killAttack="4766" mgcAttack="4765" phyDefend="981" killDefend="981" mgcDefend="981"/>
  <gulidboss_monster batchNum="2" hp="100000" strength="6366" agile="7250" intelligence="7250" phyAttack="5000" killAttack="5000" mgcAttack="5000" phyDefend="1000" killDefend="1000" mgcDefend="1000"/>
  <gulidboss_monster batchNum="3" hp="105877" strength="6366" agile="7250" intelligence="7250" phyAttack="5234" killAttack="5233" mgcAttack="5234" phyDefend="1018" killDefend="1018" mgcDefend="1018"/>
  <gulidboss_monster batchNum="4" hp="111754" strength="6366" agile="7250" intelligence="7250" phyAttack="5468" killAttack="5466" mgcAttack="5468" phyDefend="1036" killDefend="1036" mgcDefend="1036"/>
  <gulidboss_monster batchNum="5" hp="2352620" strength="14000" agile="14000" intelligence="14000" phyAttack="999999" killAttack="999999" mgcAttack="999999" phyDefend="0" killDefend="0" mgcDefend="0"/>
  <gulidboss_monster batchNum="6" hp="123508" strength="6366" agile="7250" intelligence="7250" phyAttack="5936" killAttack="5932" mgcAttack="5936" phyDefend="1072" killDefend="1072" mgcDefend="1072"/>
  <gulidboss_monster batchNum="7" hp="129385" strength="6366" agile="7250" intelligence="7250" phyAttack="6170" killAttack="6165" mgcAttack="6170" phyDefend="1090" killDefend="1090" mgcDefend="1090"/>
  <gulidboss_monster batchNum="8" hp="135262" strength="6366" agile="7250" intelligence="7250" phyAttack="6404" killAttack="6398" mgcAttack="6404" phyDefend="1108" killDefend="1108" mgcDefend="1108"/>
  <gulidboss_monster batchNum="9" hp="141139" strength="6366" agile="7250" intelligence="7250" phyAttack="6638" killAttack="6631" mgcAttack="6638" phyDefend="1126" killDefend="1126" mgcDefend="1126"/>
  <gulidboss_monster batchNum="10" hp="2940320" strength="14000" agile="14000" intelligence="14000" phyAttack="999999" killAttack="999999" mgcAttack="999999" phyDefend="0" killDefend="0" mgcDefend="0"/>
  <gulidboss_monster batchNum="11" hp="152893" strength="6366" agile="7250" intelligence="7250" phyAttack="7106" killAttack="7097" mgcAttack="7106" phyDefend="1162" killDefend="1162" mgcDefend="1162"/>
  <gulidboss_monster batchNum="12" hp="158770" strength="6366" agile="7250" intelligence="7250" phyAttack="7340" killAttack="7330" mgcAttack="7340" phyDefend="1180" killDefend="1180" mgcDefend="1180"/>
  <gulidboss_monster batchNum="13" hp="164647" strength="6366" agile="7250" intelligence="7250" phyAttack="7574" killAttack="7563" mgcAttack="7574" phyDefend="1198" killDefend="1198" mgcDefend="1198"/>
  <gulidboss_monster batchNum="14" hp="170524" strength="6366" agile="7250" intelligence="7250" phyAttack="7808" killAttack="7796" mgcAttack="7808" phyDefend="1216" killDefend="1216" mgcDefend="1216"/>
  <gulidboss_monster batchNum="15" hp="3528020" strength="14000" agile="14000" intelligence="14000" phyAttack="999999" killAttack="999999" mgcAttack="999999" phyDefend="0" killDefend="0" mgcDefend="0"/>
  <gulidboss_monster batchNum="16" hp="182278" strength="6366" agile="7250" intelligence="7250" phyAttack="8276" killAttack="8262" mgcAttack="8276" phyDefend="1252" killDefend="1252" mgcDefend="1252"/>
  <gulidboss_monster batchNum="17" hp="188155" strength="6366" agile="7250" intelligence="7250" phyAttack="8510" killAttack="8495" mgcAttack="8510" phyDefend="1270" killDefend="1270" mgcDefend="1270"/>
  <gulidboss_monster batchNum="18" hp="194032" strength="6366" agile="7250" intelligence="7250" phyAttack="8744" killAttack="8728" mgcAttack="8744" phyDefend="1288" killDefend="1288" mgcDefend="1288"/>
  <gulidboss_monster batchNum="19" hp="199909" strength="6366" agile="7250" intelligence="7250" phyAttack="8978" killAttack="8961" mgcAttack="8978" phyDefend="1306" killDefend="1306" mgcDefend="1306"/>
  <gulidboss_monster batchNum="20" hp="4115720" strength="14000" agile="14000" intelligence="14000" phyAttack="999999" killAttack="999999" mgcAttack="999999" phyDefend="0" killDefend="0" mgcDefend="0"/>
  <gulidboss_monster batchNum="21" hp="211663" strength="6366" agile="7250" intelligence="7250" phyAttack="9446" killAttack="9427" mgcAttack="9446" phyDefend="1342" killDefend="1342" mgcDefend="1342"/>
  <gulidboss_monster batchNum="22" hp="217540" strength="6366" agile="7250" intelligence="7250" phyAttack="9680" killAttack="9660" mgcAttack="9680" phyDefend="1360" killDefend="1360" mgcDefend="1360"/>
  <gulidboss_monster batchNum="23" hp="223417" strength="6366" agile="7250" intelligence="7250" phyAttack="9914" killAttack="9893" mgcAttack="9914" phyDefend="1378" killDefend="1378" mgcDefend="1378"/>
  <gulidboss_monster batchNum="24" hp="229294" strength="6366" agile="7250" intelligence="7250" phyAttack="10148" killAttack="10126" mgcAttack="10148" phyDefend="1396" killDefend="1396" mgcDefend="1396"/>
  <gulidboss_monster batchNum="25" hp="4703420" strength="14000" agile="14000" intelligence="14000" phyAttack="999999" killAttack="999999" mgcAttack="999999" phyDefend="0" killDefend="0" mgcDefend="0"/>
  <gulidboss_monster batchNum="26" hp="241048" strength="6366" agile="7250" intelligence="7250" phyAttack="10616" killAttack="10592" mgcAttack="10616" phyDefend="1432" killDefend="1432" mgcDefend="1432"/>
  <gulidboss_monster batchNum="27" hp="246925" strength="6366" agile="7250" intelligence="7250" phyAttack="10850" killAttack="10825" mgcAttack="10850" phyDefend="1450" killDefend="1450" mgcDefend="1450"/>
  <gulidboss_monster batchNum="28" hp="252802" strength="6366" agile="7250" intelligence="7250" phyAttack="11084" killAttack="11058" mgcAttack="11084" phyDefend="1468" killDefend="1468" mgcDefend="1468"/>
  <gulidboss_monster batchNum="29" hp="258679" strength="6366" agile="7250" intelligence="7250" phyAttack="11318" killAttack="11291" mgcAttack="11318" phyDefend="1486" killDefend="1486" mgcDefend="1486"/>
  <gulidboss_monster batchNum="30" hp="5291120" strength="14000" agile="14000" intelligence="14000" phyAttack="999999" killAttack="999999" mgcAttack="999999" phyDefend="0" killDefend="0" mgcDefend="0"/>
  <gulidboss_monster batchNum="31" hp="270433" strength="6366" agile="7250" intelligence="7250" phyAttack="11786" killAttack="11757" mgcAttack="11786" phyDefend="1522" killDefend="1522" mgcDefend="1522"/>
  <gulidboss_monster batchNum="32" hp="276310" strength="6366" agile="7250" intelligence="7250" phyAttack="12020" killAttack="11990" mgcAttack="12020" phyDefend="1540" killDefend="1540" mgcDefend="1540"/>
  <gulidboss_monster batchNum="33" hp="282187" strength="6366" agile="7250" intelligence="7250" phyAttack="12254" killAttack="12223" mgcAttack="12254" phyDefend="1558" killDefend="1558" mgcDefend="1558"/>
  <gulidboss_monster batchNum="34" hp="288064" strength="6366" agile="7250" intelligence="7250" phyAttack="12488" killAttack="12456" mgcAttack="12488" phyDefend="1576" killDefend="1576" mgcDefend="1576"/>
  <gulidboss_monster batchNum="35" hp="5878820" strength="14000" agile="14000" intelligence="14000" phyAttack="999999" killAttack="999999" mgcAttack="999999" phyDefend="0" killDefend="0" mgcDefend="0"/>
  <gulidboss_monster batchNum="36" hp="299818" strength="6366" agile="7250" intelligence="7250" phyAttack="12956" killAttack="12922" mgcAttack="12956" phyDefend="1612" killDefend="1612" mgcDefend="1612"/>
  <gulidboss_monster batchNum="37" hp="305695" strength="6366" agile="7250" intelligence="7250" phyAttack="13190" killAttack="13155" mgcAttack="13190" phyDefend="1630" killDefend="1630" mgcDefend="1630"/>
  <gulidboss_monster batchNum="38" hp="311572" strength="6366" agile="7250" intelligence="7250" phyAttack="13424" killAttack="13388" mgcAttack="13424" phyDefend="1648" killDefend="1648" mgcDefend="1648"/>
  <gulidboss_monster batchNum="39" hp="317449" strength="6366" agile="7250" intelligence="7250" phyAttack="13658" killAttack="13621" mgcAttack="13658" phyDefend="1666" killDefend="1666" mgcDefend="1666"/>
  <gulidboss_monster batchNum="40" hp="6466520" strength="14000" agile="14000" intelligence="14000" phyAttack="999999" killAttack="999999" mgcAttack="999999" phyDefend="0" killDefend="0" mgcDefend="0"/>
  <gulidboss_monster batchNum="41" hp="329203" strength="6366" agile="7250" intelligence="7250" phyAttack="14126" killAttack="14087" mgcAttack="14126" phyDefend="1702" killDefend="1702" mgcDefend="1702"/>
  <gulidboss_monster batchNum="42" hp="335080" strength="6366" agile="7250" intelligence="7250" phyAttack="14360" killAttack="14320" mgcAttack="14360" phyDefend="1720" killDefend="1720" mgcDefend="1720"/>
  <gulidboss_monster batchNum="43" hp="340957" strength="6366" agile="7250" intelligence="7250" phyAttack="14594" killAttack="14553" mgcAttack="14594" phyDefend="1738" killDefend="1738" mgcDefend="1738"/>
  <gulidboss_monster batchNum="44" hp="346834" strength="6366" agile="7250" intelligence="7250" phyAttack="14828" killAttack="14786" mgcAttack="14828" phyDefend="1756" killDefend="1756" mgcDefend="1756"/>
  <gulidboss_monster batchNum="45" hp="7054220" strength="14000" agile="14000" intelligence="14000" phyAttack="999999" killAttack="999999" mgcAttack="999999" phyDefend="0" killDefend="0" mgcDefend="0"/>
  <gulidboss_monster batchNum="46" hp="358588" strength="6366" agile="7250" intelligence="7250" phyAttack="15296" killAttack="15252" mgcAttack="15296" phyDefend="1792" killDefend="1792" mgcDefend="1792"/>
  <gulidboss_monster batchNum="47" hp="364465" strength="6366" agile="7250" intelligence="7250" phyAttack="15530" killAttack="15485" mgcAttack="15530" phyDefend="1810" killDefend="1810" mgcDefend="1810"/>
  <gulidboss_monster batchNum="48" hp="370342" strength="6366" agile="7250" intelligence="7250" phyAttack="15764" killAttack="15718" mgcAttack="15764" phyDefend="1828" killDefend="1828" mgcDefend="1828"/>
  <gulidboss_monster batchNum="49" hp="376219" strength="6366" agile="7250" intelligence="7250" phyAttack="15998" killAttack="15951" mgcAttack="15998" phyDefend="1846" killDefend="1846" mgcDefend="1846"/>
  <gulidboss_monster batchNum="50" hp="7642000" strength="14000" agile="14000" intelligence="14000" phyAttack="999999" killAttack="999999" mgcAttack="999999" phyDefend="0" killDefend="0" mgcDefend="0"/>
  <gulidboss_monster batchNum="51" hp="389200" strength="6577" agile="7363" intelligence="7363" phyAttack="17440" killAttack="17420" mgcAttack="17470" phyDefend="1891" killDefend="1890" mgcDefend="1894"/>
  <gulidboss_monster batchNum="52" hp="396300" strength="6788" agile="7476" intelligence="7476" phyAttack="18640" killAttack="18610" mgcAttack="18690" phyDefend="1912" killDefend="1911" mgcDefend="1917"/>
  <gulidboss_monster batchNum="53" hp="403400" strength="7000" agile="7589" intelligence="7589" phyAttack="19840" killAttack="19800" mgcAttack="19910" phyDefend="1933" killDefend="1931" mgcDefend="1939"/>
  <gulidboss_monster batchNum="54" hp="410500" strength="7211" agile="7702" intelligence="7702" phyAttack="21040" killAttack="21000" mgcAttack="21130" phyDefend="1954" killDefend="1952" mgcDefend="1962"/>
  <gulidboss_monster batchNum="55" hp="8352000" strength="14000" agile="14000" intelligence="14000" phyAttack="999999" killAttack="999999" mgcAttack="999999" phyDefend="0" killDefend="0" mgcDefend="0"/>
  <gulidboss_monster batchNum="56" hp="424700" strength="7634" agile="7928" intelligence="7928" phyAttack="23440" killAttack="23380" mgcAttack="23560" phyDefend="1996" killDefend="1993" mgcDefend="2007"/>
  <gulidboss_monster batchNum="57" hp="431800" strength="7845" agile="8041" intelligence="8041" phyAttack="24640" killAttack="24570" mgcAttack="24780" phyDefend="2017" killDefend="2013" mgcDefend="2029"/>
  <gulidboss_monster batchNum="58" hp="438900" strength="8056" agile="8154" intelligence="8154" phyAttack="25840" killAttack="25760" mgcAttack="26000" phyDefend="2038" killDefend="2034" mgcDefend="2052"/>
  <gulidboss_monster batchNum="59" hp="446000" strength="8268" agile="8268" intelligence="8268" phyAttack="27040" killAttack="26960" mgcAttack="27220" phyDefend="2059" killDefend="2055" mgcDefend="2074"/>
  <gulidboss_monster batchNum="60" hp="8920000" strength="14000" agile="14000" intelligence="14000" phyAttack="999999" killAttack="999999" mgcAttack="999999" phyDefend="0" killDefend="0" mgcDefend="0"/>
  <gulidboss_monster batchNum="61" hp="478150" strength="8630" agile="8630" intelligence="8630" phyAttack="29630" killAttack="29610" mgcAttack="29810" phyDefend="2256" killDefend="2256" mgcDefend="2271"/>
  <gulidboss_monster batchNum="62" hp="510350" strength="8811" agile="8811" intelligence="8811" phyAttack="30920" killAttack="30930" mgcAttack="31110" phyDefend="2355" killDefend="2356" mgcDefend="2370"/>
  <gulidboss_monster batchNum="63" hp="542500" strength="8992" agile="8992" intelligence="8992" phyAttack="32220" killAttack="32260" mgcAttack="32410" phyDefend="2453" killDefend="2457" mgcDefend="2468"/>
  <gulidboss_monster batchNum="64" hp="574700" strength="9173" agile="9173" intelligence="9173" phyAttack="33520" killAttack="33590" mgcAttack="33710" phyDefend="2552" killDefend="2558" mgcDefend="2567"/>
  <gulidboss_monster batchNum="65" hp="12137000" strength="14000" agile="14000" intelligence="14000" phyAttack="999999" killAttack="999999" mgcAttack="999999" phyDefend="0" killDefend="0" mgcDefend="0"/>
  <gulidboss_monster batchNum="66" hp="639050" strength="9535" agile="9535" intelligence="9535" phyAttack="36110" killAttack="36240" mgcAttack="36300" phyDefend="2749" killDefend="2759" mgcDefend="2764"/>
  <gulidboss_monster batchNum="67" hp="671200" strength="9716" agile="9716" intelligence="9716" phyAttack="37400" killAttack="37560" mgcAttack="37600" phyDefend="2847" killDefend="2860" mgcDefend="2862"/>
  <gulidboss_monster batchNum="68" hp="703400" strength="9897" agile="9897" intelligence="9897" phyAttack="38700" killAttack="38890" mgcAttack="38900" phyDefend="2946" killDefend="2960" mgcDefend="2961"/>
  <gulidboss_monster batchNum="69" hp="735550" strength="10079" agile="10079" intelligence="10079" phyAttack="40000" killAttack="40220" mgcAttack="40200" phyDefend="3045" killDefend="3061" mgcDefend="3060"/>
  <gulidboss_monster batchNum="70" hp="15355000" strength="14000" agile="14000" intelligence="14000" phyAttack="999999" killAttack="999999" mgcAttack="999999" phyDefend="0" killDefend="0" mgcDefend="0"/>
  <gulidboss_monster batchNum="71" hp="865800" strength="10114" agile="10114" intelligence="10114" phyAttack="41960" killAttack="42180" mgcAttack="42160" phyDefend="3241" killDefend="3258" mgcDefend="3210"/>
  <gulidboss_monster batchNum="72" hp="963850" strength="10149" agile="10149" intelligence="10149" phyAttack="43920" killAttack="44140" mgcAttack="44120" phyDefend="3438" killDefend="3454" mgcDefend="3360"/>
  <gulidboss_monster batchNum="73" hp="1061900" strength="10184" agile="10184" intelligence="10184" phyAttack="45880" killAttack="46100" mgcAttack="46080" phyDefend="3634" killDefend="3651" mgcDefend="3510"/>
  <gulidboss_monster batchNum="74" hp="1159950" strength="10219" agile="10219" intelligence="10219" phyAttack="47840" killAttack="48060" mgcAttack="48040" phyDefend="3831" killDefend="3848" mgcDefend="3660"/>
  <gulidboss_monster batchNum="75" hp="25160000" strength="14000" agile="14000" intelligence="14000" phyAttack="999999" killAttack="999999" mgcAttack="999999" phyDefend="0" killDefend="0" mgcDefend="0"/>
  <gulidboss_monster batchNum="76" hp="1356050" strength="10289" agile="10289" intelligence="10289" phyAttack="51760" killAttack="51980" mgcAttack="51960" phyDefend="4224" killDefend="4241" mgcDefend="3960"/>
  <gulidboss_monster batchNum="77" hp="1454100" strength="10324" agile="10324" intelligence="10324" phyAttack="53720" killAttack="53940" mgcAttack="53920" phyDefend="4421" killDefend="4438" mgcDefend="4111"/>
  <gulidboss_monster batchNum="78" hp="1552150" strength="10359" agile="10359" intelligence="10359" phyAttack="55680" killAttack="55900" mgcAttack="55880" phyDefend="4618" killDefend="4634" mgcDefend="4261"/>
  <gulidboss_monster batchNum="79" hp="1650200" strength="10394" agile="10394" intelligence="10394" phyAttack="57640" killAttack="57860" mgcAttack="57840" phyDefend="4814" killDefend="4831" mgcDefend="4411"/>
  <gulidboss_monster batchNum="80" hp="34965000" strength="14000" agile="14000" intelligence="14000" phyAttack="999999" killAttack="999999" mgcAttack="999999" phyDefend="0" killDefend="0" mgcDefend="0"/>
  <gulidboss_monster batchNum="81" hp="1857700" strength="10430" agile="10430" intelligence="10430" phyAttack="61130" killAttack="61310" mgcAttack="61280" phyDefend="5252" killDefend="5266" mgcDefend="4845"/>
  <gulidboss_monster batchNum="82" hp="1967150" strength="10430" agile="10430" intelligence="10430" phyAttack="62650" killAttack="62800" mgcAttack="62760" phyDefend="5493" killDefend="5504" mgcDefend="5129"/>
  <gulidboss_monster batchNum="83" hp="2076600" strength="10430" agile="10430" intelligence="10430" phyAttack="64170" killAttack="64290" mgcAttack="64240" phyDefend="5733" killDefend="5742" mgcDefend="5413"/>
  <gulidboss_monster batchNum="84" hp="2186050" strength="10430" agile="10430" intelligence="10430" phyAttack="65690" killAttack="65770" mgcAttack="65720" phyDefend="5974" killDefend="5980" mgcDefend="5697"/>
  <gulidboss_monster batchNum="85" hp="45910000" strength="14000" agile="14000" intelligence="14000" phyAttack="999999" killAttack="999999" mgcAttack="999999" phyDefend="0" killDefend="0" mgcDefend="0"/>
  <gulidboss_monster batchNum="86" hp="2404950" strength="10430" agile="10430" intelligence="10430" phyAttack="68730" killAttack="68750" mgcAttack="68680" phyDefend="6456" killDefend="6457" mgcDefend="6266"/>
  <gulidboss_monster batchNum="87" hp="2514400" strength="10430" agile="10430" intelligence="10430" phyAttack="70250" killAttack="70230" mgcAttack="70160" phyDefend="6696" killDefend="6695" mgcDefend="6550"/>
  <gulidboss_monster batchNum="88" hp="2623850" strength="10430" agile="10430" intelligence="10430" phyAttack="71770" killAttack="71720" mgcAttack="71640" phyDefend="6937" killDefend="6933" mgcDefend="6834"/>
  <gulidboss_monster batchNum="89" hp="2733300" strength="10430" agile="10430" intelligence="10430" phyAttack="73290" killAttack="73210" mgcAttack="73120" phyDefend="7178" killDefend="7171" mgcDefend="7118"/>
  <gulidboss_monster batchNum="90" hp="46410000" strength="14000" agile="14000" intelligence="14000" phyAttack="999999" killAttack="999999" mgcAttack="999999" phyDefend="0" killDefend="0" mgcDefend="0"/>
  <gulidboss_monster batchNum="91" hp="2454950" strength="10750" agile="10750" intelligence="10750" phyAttack="83540" killAttack="83390" mgcAttack="83340" phyDefend="8375" killDefend="8364" mgcDefend="8360"/>
  <gulidboss_monster batchNum="92" hp="2564400" strength="11070" agile="11070" intelligence="11070" phyAttack="92270" killAttack="92090" mgcAttack="92080" phyDefend="9332" killDefend="9319" mgcDefend="9318"/>
  <gulidboss_monster batchNum="93" hp="2673850" strength="11390" agile="11390" intelligence="11390" phyAttack="100990" killAttack="100790" mgcAttack="100820" phyDefend="10289" killDefend="10274" mgcDefend="10276"/>
  <gulidboss_monster batchNum="94" hp="2783300" strength="11710" agile="11710" intelligence="11710" phyAttack="109720" killAttack="109490" mgcAttack="109560" phyDefend="11246" killDefend="11229" mgcDefend="11234"/>
  <gulidboss_monster batchNum="95" hp="46610000" strength="14000" agile="14000" intelligence="14000" phyAttack="999999" killAttack="999999" mgcAttack="999999" phyDefend="0" killDefend="0" mgcDefend="0"/>
  <gulidboss_monster batchNum="96" hp="2484950" strength="12350" agile="12350" intelligence="12350" phyAttack="127170" killAttack="126880" mgcAttack="127050" phyDefend="13160" killDefend="13138" mgcDefend="13150"/>
  <gulidboss_monster batchNum="97" hp="2594400" strength="12670" agile="12670" intelligence="12670" phyAttack="135900" killAttack="135580" mgcAttack="135790" phyDefend="14116" killDefend="14093" mgcDefend="14108"/>
  <gulidboss_monster batchNum="98" hp="2703850" strength="12990" agile="12990" intelligence="12990" phyAttack="144620" killAttack="144280" mgcAttack="144530" phyDefend="15073" killDefend="15048" mgcDefend="15066"/>
  <gulidboss_monster batchNum="99" hp="2813300" strength="13310" agile="13310" intelligence="13310" phyAttack="153350" killAttack="152980" mgcAttack="153270" phyDefend="16030" killDefend="16002" mgcDefend="16024"/>
  <gulidboss_monster batchNum="100" hp="46810000" strength="14000" agile="14000" intelligence="14000" phyAttack="999999" killAttack="999999" mgcAttack="999999" phyDefend="0" killDefend="0" mgcDefend="0"/>
  <gulidboss_monster batchNum="101" hp="2514950" strength="13700" agile="13700" intelligence="13700" phyAttack="169950" killAttack="169620" mgcAttack="169860" phyDefend="17641" killDefend="17616" mgcDefend="17634"/>
  <gulidboss_monster batchNum="102" hp="2624400" strength="13770" agile="13770" intelligence="13770" phyAttack="177820" killAttack="177560" mgcAttack="177700" phyDefend="18294" killDefend="18276" mgcDefend="18286"/>
  <gulidboss_monster batchNum="103" hp="2733850" strength="13840" agile="13840" intelligence="13840" phyAttack="185690" killAttack="185500" mgcAttack="185550" phyDefend="18948" killDefend="18935" mgcDefend="18938"/>
  <gulidboss_monster batchNum="104" hp="2843300" strength="13910" agile="13910" intelligence="13910" phyAttack="193560" killAttack="193440" mgcAttack="193390" phyDefend="19602" killDefend="19594" mgcDefend="19590"/>
  <gulidboss_monster batchNum="105" hp="47010000" strength="14000" agile="14000" intelligence="14000" phyAttack="999999" killAttack="999999" mgcAttack="999999" phyDefend="0" killDefend="0" mgcDefend="0"/>
  <gulidboss_monster batchNum="106" hp="2544950" strength="14050" agile="14050" intelligence="14050" phyAttack="209300" killAttack="209330" mgcAttack="209080" phyDefend="20909" killDefend="20913" mgcDefend="20894"/>
  <gulidboss_monster batchNum="107" hp="2654400" strength="14120" agile="14120" intelligence="14120" phyAttack="217170" killAttack="217270" mgcAttack="216920" phyDefend="21563" killDefend="21572" mgcDefend="21546"/>
  <gulidboss_monster batchNum="108" hp="2763850" strength="14190" agile="14190" intelligence="14190" phyAttack="225040" killAttack="225210" mgcAttack="224770" phyDefend="22217" killDefend="22231" mgcDefend="22198"/>
  <gulidboss_monster batchNum="109" hp="2873300" strength="14260" agile="14260" intelligence="14260" phyAttack="232910" killAttack="233150" mgcAttack="232610" phyDefend="22870" killDefend="22890" mgcDefend="22850"/>
  <gulidboss_monster batchNum="110" hp="47210000" strength="14000" agile="14000" intelligence="14000" phyAttack="999999" killAttack="999999" mgcAttack="999999" phyDefend="0" killDefend="0" mgcDefend="0"/>
  <gulidboss_monster batchNum="111" hp="2574950" strength="14330" agile="14330" intelligence="14330" phyAttack="257430" killAttack="257750" mgcAttack="257110" phyDefend="24796" killDefend="24821" mgcDefend="24773"/>
  <gulidboss_monster batchNum="112" hp="2684400" strength="14330" agile="14330" intelligence="14330" phyAttack="274090" killAttack="274400" mgcAttack="273770" phyDefend="26067" killDefend="26092" mgcDefend="26045"/>
  <gulidboss_monster batchNum="113" hp="2793850" strength="14330" agile="14330" intelligence="14330" phyAttack="290740" killAttack="291050" mgcAttack="290420" phyDefend="27339" killDefend="27363" mgcDefend="27316"/>
  <gulidboss_monster batchNum="114" hp="2903300" strength="14330" agile="14330" intelligence="14330" phyAttack="307400" killAttack="307700" mgcAttack="307080" phyDefend="28611" killDefend="28634" mgcDefend="28588"/>
  <gulidboss_monster batchNum="115" hp="47410000" strength="14000" agile="14000" intelligence="14000" phyAttack="999999" killAttack="999999" mgcAttack="999999" phyDefend="0" killDefend="0" mgcDefend="0"/>
  <gulidboss_monster batchNum="116" hp="2604950" strength="14330" agile="14330" intelligence="14330" phyAttack="340710" killAttack="341010" mgcAttack="340390" phyDefend="31154" killDefend="31176" mgcDefend="31131"/>
  <gulidboss_monster batchNum="117" hp="2714400" strength="14330" agile="14330" intelligence="14330" phyAttack="357370" killAttack="357660" mgcAttack="357050" phyDefend="32426" killDefend="32447" mgcDefend="32402"/>
  <gulidboss_monster batchNum="118" hp="2823850" strength="14330" agile="14330" intelligence="14330" phyAttack="374020" killAttack="374310" mgcAttack="373700" phyDefend="33698" killDefend="33718" mgcDefend="33674"/>
  <gulidboss_monster batchNum="119" hp="2933300" strength="14330" agile="14330" intelligence="14330" phyAttack="390680" killAttack="390960" mgcAttack="390360" phyDefend="34969" killDefend="34989" mgcDefend="34945"/>
  <gulidboss_monster batchNum="120" hp="47610000" strength="14000" agile="14000" intelligence="14000" phyAttack="999999" killAttack="999999" mgcAttack="999999" phyDefend="0" killDefend="0" mgcDefend="0"/>
  <gulidboss_monster batchNum="121" hp="2634950" strength="14330" agile="14330" intelligence="14330" phyAttack="409590" killAttack="409850" mgcAttack="409310" phyDefend="36415" killDefend="36432" mgcDefend="36394"/>
  <gulidboss_monster batchNum="122" hp="2744400" strength="14330" agile="14330" intelligence="14330" phyAttack="411850" killAttack="412080" mgcAttack="411600" phyDefend="36588" killDefend="36604" mgcDefend="36570"/>
  <gulidboss_monster batchNum="123" hp="2853850" strength="14330" agile="14330" intelligence="14330" phyAttack="414110" killAttack="414310" mgcAttack="413890" phyDefend="36762" killDefend="36776" mgcDefend="36747"/>
  <gulidboss_monster batchNum="124" hp="2963300" strength="14330" agile="14330" intelligence="14330" phyAttack="416360" killAttack="416540" mgcAttack="416190" phyDefend="36936" killDefend="36948" mgcDefend="36923"/>
  <gulidboss_monster batchNum="125" hp="47810000" strength="14000" agile="14000" intelligence="14000" phyAttack="999999" killAttack="999999" mgcAttack="999999" phyDefend="0" killDefend="0" mgcDefend="0"/>
  <gulidboss_monster batchNum="126" hp="2664950" strength="14330" agile="14330" intelligence="14330" phyAttack="420880" killAttack="421000" mgcAttack="420770" phyDefend="37283" killDefend="37292" mgcDefend="37276"/>
  <gulidboss_monster batchNum="127" hp="2774400" strength="14330" agile="14330" intelligence="14330" phyAttack="423130" killAttack="423230" mgcAttack="423070" phyDefend="37457" killDefend="37464" mgcDefend="37453"/>
  <gulidboss_monster batchNum="128" hp="2883850" strength="14330" agile="14330" intelligence="14330" phyAttack="425390" killAttack="425460" mgcAttack="425360" phyDefend="37631" killDefend="37636" mgcDefend="37629"/>
  <gulidboss_monster batchNum="129" hp="2993300" strength="14330" agile="14330" intelligence="14330" phyAttack="427650" killAttack="427690" mgcAttack="427650" phyDefend="37804" killDefend="37808" mgcDefend="37806"/>
  <gulidboss_monster batchNum="130" hp="48010000" strength="14000" agile="14000" intelligence="14000" phyAttack="999999" killAttack="999999" mgcAttack="999999" phyDefend="0" killDefend="0" mgcDefend="0"/>
  <gulidboss_monster batchNum="131" hp="2694950" strength="14330" agile="14330" intelligence="14330" phyAttack="455540" killAttack="455550" mgcAttack="455580" phyDefend="39816" killDefend="39818" mgcDefend="39821"/>
  <gulidboss_monster batchNum="132" hp="2804400" strength="14330" agile="14330" intelligence="14330" phyAttack="481170" killAttack="481180" mgcAttack="481210" phyDefend="41655" killDefend="41656" mgcDefend="41659"/>
  <gulidboss_monster batchNum="133" hp="2913850" strength="14330" agile="14330" intelligence="14330" phyAttack="506800" killAttack="506810" mgcAttack="506840" phyDefend="43493" killDefend="43494" mgcDefend="43497"/>
  <gulidboss_monster batchNum="134" hp="3023300" strength="14330" agile="14330" intelligence="14330" phyAttack="532430" killAttack="532440" mgcAttack="532470" phyDefend="45332" killDefend="45333" mgcDefend="45336"/>
  <gulidboss_monster batchNum="135" hp="48210000" strength="14000" agile="14000" intelligence="14000" phyAttack="999999" killAttack="999999" mgcAttack="999999" phyDefend="0" killDefend="0" mgcDefend="0"/>
  <gulidboss_monster batchNum="136" hp="2724950" strength="14330" agile="14330" intelligence="14330" phyAttack="583700" killAttack="583700" mgcAttack="583740" phyDefend="49008" killDefend="49009" mgcDefend="49012"/>
  <gulidboss_monster batchNum="137" hp="2834400" strength="14330" agile="14330" intelligence="14330" phyAttack="609330" killAttack="609330" mgcAttack="609370" phyDefend="50847" killDefend="50847" mgcDefend="50850"/>
  <gulidboss_monster batchNum="138" hp="2943850" strength="14330" agile="14330" intelligence="14330" phyAttack="634960" killAttack="634960" mgcAttack="635000" phyDefend="52685" killDefend="52686" mgcDefend="52689"/>
  <gulidboss_monster batchNum="139" hp="3053300" strength="14330" agile="14330" intelligence="14330" phyAttack="660590" killAttack="660590" mgcAttack="660630" phyDefend="54524" killDefend="54524" mgcDefend="54527"/>
  <gulidboss_monster batchNum="140" hp="48410000" strength="14000" agile="14000" intelligence="14000" phyAttack="999999" killAttack="999999" mgcAttack="999999" phyDefend="0" killDefend="0" mgcDefend="0"/>
  <gulidboss_monster batchNum="141" hp="2754950" strength="14330" agile="14330" intelligence="14330" phyAttack="737430" killAttack="737430" mgcAttack="737450" phyDefend="60219" killDefend="60219" mgcDefend="60221"/>
  <gulidboss_monster batchNum="142" hp="2864400" strength="14330" agile="14330" intelligence="14330" phyAttack="788630" killAttack="788630" mgcAttack="788640" phyDefend="64075" killDefend="64075" mgcDefend="64077"/>
  <gulidboss_monster batchNum="143" hp="2973850" strength="14330" agile="14330" intelligence="14330" phyAttack="839830" killAttack="839830" mgcAttack="839830" phyDefend="67932" killDefend="67932" mgcDefend="67932"/>
  <gulidboss_monster batchNum="144" hp="3083300" strength="14330" agile="14330" intelligence="14330" phyAttack="891030" killAttack="891030" mgcAttack="891020" phyDefend="71788" killDefend="71789" mgcDefend="71788"/>
  <gulidboss_monster batchNum="145" hp="48610000" strength="14000" agile="14000" intelligence="14000" phyAttack="999999" killAttack="999999" mgcAttack="999999" phyDefend="0" killDefend="0" mgcDefend="0"/>
  <gulidboss_monster batchNum="146" hp="2784950" strength="14330" agile="14330" intelligence="14330" phyAttack="993440" killAttack="993440" mgcAttack="993400" phyDefend="79501" killDefend="79502" mgcDefend="79500"/>
  <gulidboss_monster batchNum="147" hp="2894400" strength="14330" agile="14330" intelligence="14330" phyAttack="1044640" killAttack="1044640" mgcAttack="1044590" phyDefend="83358" killDefend="83359" mgcDefend="83355"/>
  <gulidboss_monster batchNum="148" hp="3003850" strength="14330" agile="14330" intelligence="14330" phyAttack="1095840" killAttack="1095840" mgcAttack="1095780" phyDefend="87214" killDefend="87215" mgcDefend="87211"/>
  <gulidboss_monster batchNum="149" hp="3113300" strength="14330" agile="14330" intelligence="14330" phyAttack="1147040" killAttack="1147040" mgcAttack="1146970" phyDefend="91071" killDefend="91072" mgcDefend="91067"/>
  <gulidboss_monster batchNum="150" hp="48810000" strength="14000" agile="14000" intelligence="14000" phyAttack="999999" killAttack="999999" mgcAttack="999999" phyDefend="0" killDefend="0" mgcDefend="0"/>
  <gulidboss_monster batchNum="151" hp="2814950" strength="14401" agile="14401" intelligence="14401" phyAttack="1204240" killAttack="1204240" mgcAttack="1204150" phyDefend="95402" killDefend="95403" mgcDefend="95397"/>
  <gulidboss_monster batchNum="152" hp="2924400" strength="14473" agile="14473" intelligence="14473" phyAttack="1210260" killAttack="1210260" mgcAttack="1210170" phyDefend="95879" killDefend="95880" mgcDefend="95874"/>
  <gulidboss_monster batchNum="153" hp="3033850" strength="14546" agile="14546" intelligence="14546" phyAttack="1216310" killAttack="1216310" mgcAttack="1216220" phyDefend="96358" killDefend="96360" mgcDefend="96353"/>
  <gulidboss_monster batchNum="154" hp="3143300" strength="14618" agile="14618" intelligence="14618" phyAttack="1222390" killAttack="1222390" mgcAttack="1222300" phyDefend="96840" killDefend="96841" mgcDefend="96835"/>
  <gulidboss_monster batchNum="155" hp="49010000" strength="14000" agile="14000" intelligence="14000" phyAttack="999999" killAttack="999999" mgcAttack="999999" phyDefend="0" killDefend="0" mgcDefend="0"/>
  <gulidboss_monster batchNum="156" hp="2844950" strength="14765" agile="14765" intelligence="14765" phyAttack="1234640" killAttack="1234640" mgcAttack="1234550" phyDefend="97811" killDefend="97812" mgcDefend="97806"/>
  <gulidboss_monster batchNum="157" hp="2954400" strength="14839" agile="14839" intelligence="14839" phyAttack="1240820" killAttack="1240820" mgcAttack="1240720" phyDefend="98300" killDefend="98301" mgcDefend="98295"/>
  <gulidboss_monster batchNum="158" hp="3063850" strength="14913" agile="14913" intelligence="14913" phyAttack="1247020" killAttack="1247020" mgcAttack="1246930" phyDefend="98791" killDefend="98793" mgcDefend="98787"/>
  <gulidboss_monster batchNum="159" hp="3173300" strength="14987" agile="14987" intelligence="14987" phyAttack="1253260" killAttack="1253260" mgcAttack="1253160" phyDefend="99285" killDefend="99287" mgcDefend="99280"/>
  <gulidboss_monster batchNum="160" hp="49210000" strength="14000" agile="14000" intelligence="14000" phyAttack="999999" killAttack="999999" mgcAttack="999999" phyDefend="0" killDefend="0" mgcDefend="0"/>
  <gulidboss_monster batchNum="161" hp="2874950" strength="15138" agile="15138" intelligence="15138" phyAttack="1265820" killAttack="1265820" mgcAttack="1265730" phyDefend="100281" killDefend="100282" mgcDefend="100276"/>
  <gulidboss_monster batchNum="162" hp="2984400" strength="15213" agile="15213" intelligence="15213" phyAttack="1272150" killAttack="1272150" mgcAttack="1272050" phyDefend="100782" killDefend="100784" mgcDefend="100777"/>
  <gulidboss_monster batchNum="163" hp="3093850" strength="15289" agile="15289" intelligence="15289" phyAttack="1278510" killAttack="1278510" mgcAttack="1278420" phyDefend="101286" killDefend="101287" mgcDefend="101281"/>
  <gulidboss_monster batchNum="164" hp="3203300" strength="15366" agile="15366" intelligence="15366" phyAttack="1284900" killAttack="1284900" mgcAttack="1284810" phyDefend="101792" killDefend="101794" mgcDefend="101787"/>
  <gulidboss_monster batchNum="165" hp="49410000" strength="14000" agile="14000" intelligence="14000" phyAttack="999999" killAttack="999999" mgcAttack="999999" phyDefend="0" killDefend="0" mgcDefend="0"/>
  <gulidboss_monster batchNum="166" hp="2904950" strength="15520" agile="15520" intelligence="15520" phyAttack="1297790" killAttack="1297790" mgcAttack="1297690" phyDefend="102813" killDefend="102814" mgcDefend="102808"/>
  <gulidboss_monster batchNum="167" hp="3014400" strength="15598" agile="15598" intelligence="15598" phyAttack="1304270" killAttack="1304270" mgcAttack="1304180" phyDefend="103327" killDefend="103328" mgcDefend="103322"/>
  <gulidboss_monster batchNum="168" hp="3123850" strength="15676" agile="15676" intelligence="15676" phyAttack="1310800" killAttack="1310800" mgcAttack="1310700" phyDefend="103843" killDefend="103845" mgcDefend="103839"/>
  <gulidboss_monster batchNum="169" hp="3233300" strength="15754" agile="15754" intelligence="15754" phyAttack="1317350" killAttack="1317350" mgcAttack="1317250" phyDefend="104363" killDefend="104364" mgcDefend="104358"/>
  <gulidboss_monster batchNum="170" hp="49610000" strength="14000" agile="14000" intelligence="14000" phyAttack="999999" killAttack="999999" mgcAttack="999999" phyDefend="0" killDefend="0" mgcDefend="0"/>
  <gulidboss_monster batchNum="171" hp="2934950" strength="15912" agile="15912" intelligence="15912" phyAttack="1330560" killAttack="1330560" mgcAttack="1330460" phyDefend="105409" killDefend="105411" mgcDefend="105404"/>
  <gulidboss_monster batchNum="172" hp="3044400" strength="15991" agile="15991" intelligence="15991" phyAttack="1337210" killAttack="1337210" mgcAttack="1337110" phyDefend="105936" killDefend="105938" mgcDefend="105931"/>
  <gulidboss_monster batchNum="173" hp="3153850" strength="16071" agile="16071" intelligence="16071" phyAttack="1343890" killAttack="1343890" mgcAttack="1343790" phyDefend="106466" killDefend="106467" mgcDefend="106461"/>
  <gulidboss_monster batchNum="174" hp="3263300" strength="16152" agile="16152" intelligence="16152" phyAttack="1350610" killAttack="1350610" mgcAttack="1350510" phyDefend="106998" killDefend="107000" mgcDefend="106993"/>
  <gulidboss_monster batchNum="175" hp="49810000" strength="14000" agile="14000" intelligence="14000" phyAttack="999999" killAttack="999999" mgcAttack="999999" phyDefend="0" killDefend="0" mgcDefend="0"/>
  <gulidboss_monster batchNum="176" hp="2964950" strength="16314" agile="16314" intelligence="16314" phyAttack="1364150" killAttack="1364150" mgcAttack="1364050" phyDefend="108071" killDefend="108072" mgcDefend="108065"/>
  <gulidboss_monster batchNum="177" hp="3074400" strength="16395" agile="16395" intelligence="16395" phyAttack="1370970" killAttack="1370970" mgcAttack="1370870" phyDefend="108611" killDefend="108613" mgcDefend="108606"/>
  <gulidboss_monster batchNum="178" hp="3183850" strength="16477" agile="16477" intelligence="16477" phyAttack="1377830" killAttack="1377830" mgcAttack="1377730" phyDefend="109154" killDefend="109156" mgcDefend="109149"/>
  <gulidboss_monster batchNum="179" hp="3293300" strength="16560" agile="16560" intelligence="16560" phyAttack="1384720" killAttack="1384720" mgcAttack="1384620" phyDefend="109700" killDefend="109702" mgcDefend="109695"/>
  <gulidboss_monster batchNum="180" hp="50010000" strength="14000" agile="14000" intelligence="14000" phyAttack="999999" killAttack="999999" mgcAttack="999999" phyDefend="0" killDefend="0" mgcDefend="0"/>
  <gulidboss_monster batchNum="181" hp="2994950" strength="16726" agile="16726" intelligence="16726" phyAttack="1398600" killAttack="1398600" mgcAttack="1398500" phyDefend="110800" killDefend="110801" mgcDefend="110794"/>
  <gulidboss_monster batchNum="182" hp="3104400" strength="16809" agile="16809" intelligence="16809" phyAttack="1405590" killAttack="1405590" mgcAttack="1405490" phyDefend="111354" killDefend="111355" mgcDefend="111348"/>
  <gulidboss_monster batchNum="183" hp="3213850" strength="16893" agile="16893" intelligence="16893" phyAttack="1412620" killAttack="1412620" mgcAttack="1412520" phyDefend="111910" killDefend="111912" mgcDefend="111905"/>
  <gulidboss_monster batchNum="184" hp="3323300" strength="16978" agile="16978" intelligence="16978" phyAttack="1419690" killAttack="1419690" mgcAttack="1419580" phyDefend="112470" killDefend="112472" mgcDefend="112465"/>
  <gulidboss_monster batchNum="185" hp="50210000" strength="14000" agile="14000" intelligence="14000" phyAttack="999999" killAttack="999999" mgcAttack="999999" phyDefend="0" killDefend="0" mgcDefend="0"/>
  <gulidboss_monster batchNum="186" hp="3024950" strength="17148" agile="17148" intelligence="17148" phyAttack="1433920" killAttack="1433920" mgcAttack="1433810" phyDefend="113597" killDefend="113599" mgcDefend="113592"/>
  <gulidboss_monster batchNum="187" hp="3134400" strength="17234" agile="17234" intelligence="17234" phyAttack="1441090" killAttack="1441090" mgcAttack="1440980" phyDefend="114165" killDefend="114167" mgcDefend="114160"/>
  <gulidboss_monster batchNum="188" hp="3243850" strength="17320" agile="17320" intelligence="17320" phyAttack="1448290" killAttack="1448290" mgcAttack="1448180" phyDefend="114736" killDefend="114738" mgcDefend="114731"/>
  <gulidboss_monster batchNum="189" hp="3353300" strength="17406" agile="17406" intelligence="17406" phyAttack="1455530" killAttack="1455530" mgcAttack="1455420" phyDefend="115310" killDefend="115312" mgcDefend="115304"/>
  <gulidboss_monster batchNum="190" hp="50410000" strength="14000" agile="14000" intelligence="14000" phyAttack="999999" killAttack="999999" mgcAttack="999999" phyDefend="0" killDefend="0" mgcDefend="0"/>
  <gulidboss_monster batchNum="191" hp="3054950" strength="17581" agile="17581" intelligence="17581" phyAttack="1470130" killAttack="1470130" mgcAttack="1470020" phyDefend="116466" killDefend="116468" mgcDefend="116460"/>
  <gulidboss_monster batchNum="192" hp="3164400" strength="17669" agile="17669" intelligence="17669" phyAttack="1477480" killAttack="1477480" mgcAttack="1477370" phyDefend="117048" killDefend="117050" mgcDefend="117043"/>
  <gulidboss_monster batchNum="193" hp="3273850" strength="17757" agile="17757" intelligence="17757" phyAttack="1484860" killAttack="1484860" mgcAttack="1484750" phyDefend="117633" killDefend="117635" mgcDefend="117628"/>
  <gulidboss_monster batchNum="194" hp="3383300" strength="17846" agile="17846" intelligence="17846" phyAttack="1492290" killAttack="1492290" mgcAttack="1492180" phyDefend="118222" killDefend="118223" mgcDefend="118216"/>
  <gulidboss_monster batchNum="195" hp="50610000" strength="14000" agile="14000" intelligence="14000" phyAttack="999999" killAttack="999999" mgcAttack="999999" phyDefend="0" killDefend="0" mgcDefend="0"/>
  <gulidboss_monster batchNum="196" hp="3084950" strength="18025" agile="18025" intelligence="18025" phyAttack="1507250" killAttack="1507250" mgcAttack="1507140" phyDefend="119407" killDefend="119409" mgcDefend="119401"/>
  <gulidboss_monster batchNum="197" hp="3194400" strength="18115" agile="18115" intelligence="18115" phyAttack="1514780" killAttack="1514780" mgcAttack="1514670" phyDefend="120004" killDefend="120006" mgcDefend="119998"/>
  <gulidboss_monster batchNum="198" hp="3303850" strength="18206" agile="18206" intelligence="18206" phyAttack="1522360" killAttack="1522360" mgcAttack="1522240" phyDefend="120604" killDefend="120606" mgcDefend="120598"/>
  <gulidboss_monster batchNum="199" hp="3413300" strength="18297" agile="18297" intelligence="18297" phyAttack="1529970" killAttack="1529970" mgcAttack="1529860" phyDefend="121207" killDefend="121209" mgcDefend="121201"/>
  <gulidboss_monster batchNum="200" hp="50810000" strength="14000" agile="14000" intelligence="14000" phyAttack="999999" killAttack="999999" mgcAttack="999999" phyDefend="0" killDefend="0" mgcDefend="0"/>
</root>