<root>
  <hefu_activity ID="1" name="登录奖励" type="1" time="3" info1="连续登录礼包等你拿！合服活动期间，连续登陆三天即可领取合服登录礼包！" info2="合服后3天，连续登录即可领奖。" goods="500000|1,1000000|3,2000000|5" rewardInfo="累计1天&amp;50万贝里、1行动力|累计2天&amp;100万贝里、3行动力|累计3天&amp;200万贝里、5行动力" times="1"/>
  <hefu_activity ID="2" name="竞技给力" type="2" time="3" info1="竞技双倍大奖等你领！合服活动期间，第一次竞技场奖励双倍发放，领取海量声望、海量贝里！" info2="合服后第1次竞技场奖励，双倍发放。" goods="10000" rewardInfo="竞技场奖励加倍" times="1"/>
  <hefu_activity ID="3" name="厨房出航" type="3" time="3" info1="出航厨房更给力！开心出航！麻辣厨房！合服活动期间，出航、制作料理贝里获得提高至1.5倍！" info2="合服后3天内，出航厨房获得贝里1.5倍。" goods="5000" rewardInfo="厨房、出航1.5倍奖励" times="1"/>
  <hefu_activity ID="4" name="充值返还" type="4" time="7" info1="充得多返得多！合服活动期间，将会开启充值返还活动！" info2="合服后7天内，充值返还再次开放。" goods="1000|70601*1@3000|70602*1*1@5000|70603*1@10000|70604*1,120010*1@30000|70605*1,120010*3@50000|70606*1,120010*5@100000|70607*1,120010*10" rewardInfo="1000金币&amp;金币*100|3000金币&amp;金币*300|5000金币&amp;金币*550|10000金币&amp;金币*1200、爱心之箭*1|30000金币&amp;金币*3900、爱心之箭*3|50000金币&amp;金币*7000、爱心之箭*5|100000金币&amp;金币*15000、爱心之箭*10" times="1"/>
  <hefu_activity ID="5" name="合服礼包" type="5" time="0" info1="合服礼包大放送！合服活动期间，将会对所有人发放合服礼包，其中较晚开放的服务器更有额外奖励！" info2="服务器合并后，所有人可以领取合服礼包。" goods="1|1000*1,2|0*0,3|20*1,4|1000000*2,5|50000*2" rewardInfo="多种奖励等你拿" times="1"/>
  <hefu_activity ID="6" name="登录奖励" type="1" time="3" info1="连续登录礼包等你拿！合服活动期间，连续登陆三天即可领取合服登录礼包！" info2="合服后3天，连续登录即可领奖。" goods="500000|1,1000000|3,2000000|5" rewardInfo="累计1天&amp;50万贝里、1行动力|累计2天&amp;100万贝里、3行动力|累计3天&amp;200万贝里、5行动力" times="2"/>
  <hefu_activity ID="7" name="竞技给力" type="2" time="3" info1="竞技双倍大奖等你领！合服活动期间，第一次竞技场奖励双倍发放，领取海量声望、海量贝里！" info2="合服后第1次竞技场奖励，双倍发放。" goods="10000" rewardInfo="竞技场奖励加倍" times="2"/>
  <hefu_activity ID="8" name="厨房出航" type="3" time="3" info1="出航厨房更给力！开心出航！麻辣厨房！合服活动期间，出航、制作料理贝里获得提高至1.5倍！" info2="合服后3天内，出航厨房获得贝里1.5倍。" goods="5000" rewardInfo="厨房、出航1.5倍奖励" times="2"/>
  <hefu_activity ID="9" name="充值返还" type="4" time="7" info1="充得多返得多！合服活动期间，将会开启充值返还活动！" info2="合服后7天内，充值返还再次开放。" goods="1000|70601*1@3000|70602*1*1@5000|70603*1@10000|70604*1,120010*1@30000|70605*1,120010*3@50000|70606*1,120010*5@100000|70607*1,120010*10" rewardInfo="1000金币&amp;金币*100|3000金币&amp;金币*300|5000金币&amp;金币*550|10000金币&amp;金币*1200、爱心之箭*1|30000金币&amp;金币*3900、爱心之箭*3|50000金币&amp;金币*7000、爱心之箭*5|100000金币&amp;金币*15000、爱心之箭*10" times="2"/>
  <hefu_activity ID="10" name="合服礼包" type="5" time="0" info1="合服礼包大放送！合服活动期间，将会对所有人发放合服礼包，其中较晚开放的服务器更有额外奖励！" info2="服务器合并后，所有人可以领取合服礼包。" goods="1|1000*1,2|0*0,3|20*1,4|1000000*2,5|50000*2,6|50*1,7|200*1,8|60024*3*1_70520*1*1" rewardInfo="多种奖励等你拿" times="2"/>
  <hefu_activity ID="11" name="登录奖励" type="1" time="3" info1="连续登录礼包等你拿！合服活动期间，连续登陆三天即可领取合服登录礼包！" info2="合服后3天，连续登录即可领奖。" goods="500000|1,1000000|3,2000000|5" rewardInfo="累计1天&amp;50万贝里、1行动力|累计2天&amp;100万贝里、3行动力|累计3天&amp;200万贝里、5行动力" times="3"/>
  <hefu_activity ID="12" name="竞技给力" type="2" time="3" info1="竞技双倍大奖等你领！合服活动期间，第一次竞技场奖励双倍发放，领取海量声望、海量贝里！" info2="合服后第1次竞技场奖励，双倍发放。" goods="10000" rewardInfo="竞技场奖励加倍" times="3"/>
  <hefu_activity ID="13" name="厨房出航" type="3" time="3" info1="出航厨房更给力！开心出航！麻辣厨房！合服活动期间，出航、制作料理贝里获得提高至1.5倍！" info2="合服后3天内，出航厨房获得贝里1.5倍。" goods="5000" rewardInfo="厨房、出航1.5倍奖励" times="3"/>
  <hefu_activity ID="14" name="充值返还" type="4" time="7" info1="充得多返得多！合服活动期间，将会开启充值返还活动！" info2="合服后7天内，充值返还再次开放。" goods="1000|70601*1@3000|70602*1*1@5000|70603*1@10000|70604*1,120010*1@30000|70605*1,120010*3@50000|70606*1,120010*5@100000|70607*1,120010*10" rewardInfo="1000金币&amp;金币*100|3000金币&amp;金币*300|5000金币&amp;金币*550|10000金币&amp;金币*1200、爱心之箭*1|30000金币&amp;金币*3900、爱心之箭*3|50000金币&amp;金币*7000、爱心之箭*5|100000金币&amp;金币*15000、爱心之箭*10" times="3"/>
  <hefu_activity ID="15" name="合服礼包" type="5" time="0" info1="合服礼包大放送！合服活动期间，将会对所有人发放合服礼包，其中较晚开放的服务器更有额外奖励！" info2="服务器合并后，所有人可以领取合服礼包。" goods="1|1000*1,2|0*0,3|20*1,4|1000000*2,5|50000*2,6|50*1,7|200*1,8|60024*3*1_70520*1*1,9|200*1,10|200*1,11|50*1,12|300*1" rewardInfo="多种奖励等你拿" times="3"/>
</root>