<root>
  <herocopy id="300001" hcopyName="Ác mộng.Chiến dịch trên biển" numArmies="10" hidRequired="10022" heroFace="headbig/big_10022.png" army_1="300001" army_2="300002" army_3="300003" army_4="300004" army_5="300005" army_6="300006" army_7="300007" army_8="300008" army_9="300009" army_10="300010" army_11="" army_12="" army_13="" army_14="" army_15="" army_16="" army_17="" army_18="" army_19="" army_20="" army_21="" army_22="" army_23="" army_24="" army_25="" army_26="" army_27="" army_28="" army_29="" army_30="" army_31="" army_32="" army_33="" army_34="" army_35="" army_36="" army_37="" army_38="" army_39="" army_40="" talkID="1176" bgm="3"/>
  <herocopy id="300002" hcopyName="Ác mộng.Thành phố Rainbase" numArmies="10" hidRequired="10023" heroFace="headbig/big_10023.png" army_1="300101" army_2="300102" army_3="300103" army_4="300104" army_5="300105" army_6="300106" army_7="300107" army_8="300108" army_9="300109" army_10="300110" army_11="" army_12="" army_13="" army_14="" army_15="" army_16="" army_17="" army_18="" army_19="" army_20="" army_21="" army_22="" army_23="" army_24="" army_25="" army_26="" army_27="" army_28="" army_29="" army_30="" army_31="" army_32="" army_33="" army_34="" army_35="" army_36="" army_37="" army_38="" army_39="" army_40="" talkID="1182" bgm="23"/>
  <herocopy id="300003" hcopyName="Ác mộng.Làng Syrup" numArmies="10" hidRequired="10010" heroFace="headbig/big_10010.png" army_1="300201" army_2="300202" army_3="300203" army_4="300204" army_5="300205" army_6="300206" army_7="300207" army_8="300208" army_9="300209" army_10="300210" army_11="" army_12="" army_13="" army_14="" army_15="" army_16="" army_17="" army_18="" army_19="" army_20="" army_21="" army_22="" army_23="" army_24="" army_25="" army_26="" army_27="" army_28="" army_29="" army_30="" army_31="" army_32="" army_33="" army_34="" army_35="" army_36="" army_37="" army_38="" army_39="" army_40="" talkID="1187" bgm="11"/>
  <herocopy id="300004" hcopyName="Ác mộng.Hoàng Cung" numArmies="8" hidRequired="10016" heroFace="headbig/big_10016.png" army_1="300301" army_2="300302" army_3="300303" army_4="300304" army_5="300305" army_6="300306" army_7="300307" army_8="300308" army_9="" army_10="" army_11="" army_12="" army_13="" army_14="" army_15="" army_16="" army_17="" army_18="" army_19="" army_20="" army_21="" army_22="" army_23="" army_24="" army_25="" army_26="" army_27="" army_28="" army_29="" army_30="" army_31="" army_32="" army_33="" army_34="" army_35="" army_36="" army_37="" army_38="" army_39="" army_40="" talkID="1193" bgm="3"/>
  <herocopy id="300005" hcopyName="Ác mộng.Đảo Drum" numArmies="8" hidRequired="10003" heroFace="headbig/big_10003.png" army_1="300401" army_2="300402" army_3="300403" army_4="300404" army_5="300405" army_6="300406" army_7="300407" army_8="300408" army_9="" army_10="" army_11="" army_12="" army_13="" army_14="" army_15="" army_16="" army_17="" army_18="" army_19="" army_20="" army_21="" army_22="" army_23="" army_24="" army_25="" army_26="" army_27="" army_28="" army_29="" army_30="" army_31="" army_32="" army_33="" army_34="" army_35="" army_36="" army_37="" army_38="" army_39="" army_40="" talkID="1199" bgm="18"/>
  <herocopy id="300006" hcopyName="Ác mộng.Tàu hỏa trên biển" numArmies="9" hidRequired="10001" heroFace="headbig/big_10001.png" army_1="300501" army_2="300502" army_3="300503" army_4="300504" army_5="300505" army_6="300506" army_7="300507" army_8="300508" army_9="300509" army_10="" army_11="" army_12="" army_13="" army_14="" army_15="" army_16="" army_17="" army_18="" army_19="" army_20="" army_21="" army_22="" army_23="" army_24="" army_25="" army_26="" army_27="" army_28="" army_29="" army_30="" army_31="" army_32="" army_33="" army_34="" army_35="" army_36="" army_37="" army_38="" army_39="" army_40="" talkID="1205" bgm="3"/>
  <herocopy id="300007" hcopyName="Ác mộng.Konomi" numArmies="10" hidRequired="10002" heroFace="headbig/big_10002.png" army_1="300601" army_2="300602" army_3="300603" army_4="300604" army_5="300605" army_6="300606" army_7="300607" army_8="300608" army_9="300609" army_10="300610" army_11="" army_12="" army_13="" army_14="" army_15="" army_16="" army_17="" army_18="" army_19="" army_20="" army_21="" army_22="" army_23="" army_24="" army_25="" army_26="" army_27="" army_28="" army_29="" army_30="" army_31="" army_32="" army_33="" army_34="" army_35="" army_36="" army_37="" army_38="" army_39="" army_40="" talkID="1210" bgm="11"/>
  <herocopy id="300008" hcopyName="Ác mộng.Alubarna " numArmies="10" hidRequired="10042" heroFace="headbig/big_10042.png" army_1="300701" army_2="300702" army_3="300703" army_4="300704" army_5="300705" army_6="300706" army_7="300707" army_8="300708" army_9="300709" army_10="300710" army_11="" army_12="" army_13="" army_14="" army_15="" army_16="" army_17="" army_18="" army_19="" army_20="" army_21="" army_22="" army_23="" army_24="" army_25="" army_26="" army_27="" army_28="" army_29="" army_30="" army_31="" army_32="" army_33="" army_34="" army_35="" army_36="" army_37="" army_38="" army_39="" army_40="" talkID="1315" bgm="23"/>
  <herocopy id="300009" hcopyName="Ác mộng.Trấn Logue" numArmies="10" hidRequired="10013" heroFace="headbig/big_10013.png" army_1="300801" army_2="300802" army_3="300803" army_4="300804" army_5="300805" army_6="300806" army_7="300807" army_8="300808" army_9="300809" army_10="300810" army_11="" army_12="" army_13="" army_14="" army_15="" army_16="" army_17="" army_18="" army_19="" army_20="" army_21="" army_22="" army_23="" army_24="" army_25="" army_26="" army_27="" army_28="" army_29="" army_30="" army_31="" army_32="" army_33="" army_34="" army_35="" army_36="" army_37="" army_38="" army_39="" army_40="" talkID="1320" bgm="15"/>
  <herocopy id="300010" hcopyName="Ác mộng.Trên tháp Công Lý" numArmies="10" hidRequired="10004" heroFace="headbig/big_10004.png" army_1="300901" army_2="300902" army_3="300903" army_4="300904" army_5="300905" army_6="300906" army_7="300907" army_8="300908" army_9="300909" army_10="300910" army_11="" army_12="" army_13="" army_14="" army_15="" army_16="" army_17="" army_18="" army_19="" army_20="" army_21="" army_22="" army_23="" army_24="" army_25="" army_26="" army_27="" army_28="" army_29="" army_30="" army_31="" army_32="" army_33="" army_34="" army_35="" army_36="" army_37="" army_38="" army_39="" army_40="" talkID="1325" bgm="1"/>
  <herocopy id="300011" hcopyName="Ác mộng.Dưới tháp Công Lý" numArmies="10" hidRequired="10006" heroFace="headbig/big_10006.png" army_1="301001" army_2="301002" army_3="301003" army_4="301004" army_5="301005" army_6="301006" army_7="301007" army_8="301008" army_9="301009" army_10="301010" army_11="" army_12="" army_13="" army_14="" army_15="" army_16="" army_17="" army_18="" army_19="" army_20="" army_21="" army_22="" army_23="" army_24="" army_25="" army_26="" army_27="" army_28="" army_29="" army_30="" army_31="" army_32="" army_33="" army_34="" army_35="" army_36="" army_37="" army_38="" army_39="" army_40="" talkID="1331" bgm="1"/>
  <herocopy id="300012" hcopyName="Ác mộng.Iceburg" numArmies="10" hidRequired="10005" heroFace="headbig/big_10005.png" army_1="301101" army_2="301102" army_3="301103" army_4="301104" army_5="301105" army_6="301106" army_7="301107" army_8="301108" army_9="301109" army_10="301110" army_11="" army_12="" army_13="" army_14="" army_15="" army_16="" army_17="" army_18="" army_19="" army_20="" army_21="" army_22="" army_23="" army_24="" army_25="" army_26="" army_27="" army_28="" army_29="" army_30="" army_31="" army_32="" army_33="" army_34="" army_35="" army_36="" army_37="" army_38="" army_39="" army_40="" talkID="1438" bgm="19"/>
  <herocopy id="300013" hcopyName="Ác mộng.Xưởng đóng tàu số 1" numArmies="10" hidRequired="30011" heroFace="headbig/big_fulanqi.png" army_1="301201" army_2="301202" army_3="301203" army_4="301204" army_5="301205" army_6="301206" army_7="301207" army_8="301208" army_9="301209" army_10="301210" army_11="" army_12="" army_13="" army_14="" army_15="" army_16="" army_17="" army_18="" army_19="" army_20="" army_21="" army_22="" army_23="" army_24="" army_25="" army_26="" army_27="" army_28="" army_29="" army_30="" army_31="" army_32="" army_33="" army_34="" army_35="" army_36="" army_37="" army_38="" army_39="" army_40="" talkID="1452" bgm="15"/>
  <herocopy id="300014" hcopyName="Ác mộng.Cổng Công Lý" numArmies="10" hidRequired="10007" heroFace="headbig/big_10007.png" army_1="301301" army_2="301302" army_3="301303" army_4="301304" army_5="301305" army_6="301306" army_7="301307" army_8="301308" army_9="301309" army_10="301310" army_11="" army_12="" army_13="" army_14="" army_15="" army_16="" army_17="" army_18="" army_19="" army_20="" army_21="" army_22="" army_23="" army_24="" army_25="" army_26="" army_27="" army_28="" army_29="" army_30="" army_31="" army_32="" army_33="" army_34="" army_35="" army_36="" army_37="" army_38="" army_39="" army_40="" talkID="1456" bgm="34"/>
</root>