<root>
  <heros_talent id="1001" level="1" name="Cao su cường lực" icon="qianglixiangjiao.png" propertyType1="7|600,1|5000,26|1500,28|1500,30|1500" skillId="" skillDepict="" promotion1="" promotion1Dis="" promotion2="" promotion2Dis="" promotionSkill1="" promotionSkill1Dis="" preview="&quot;Giảm sát thương đánh thường +3% (Cấp 3 mở)|Nộ công +5% (Cấp 5 mở)|Giảm tất cả sát thương chịu phải 5%, lúc tấn công Nộ có tỷ lệ 50% loại bỏ hiệu quả miễn dịch TC của mục tiêu (Cấp 7 mở)&quot;"/>
  <heros_talent id="1002" level="1" name="Đạo lý Kiếm Sỹ" icon="jianshiaoyi.png" propertyType1="7|500,1|4500" skillId="20009404" skillDepict="&quot;Khi đánh mục tấn lượng máu nhỏ hơn 75%, s.thương gây ra cho địch tăng 25%&quot;" promotion1="" promotion1Dis="" promotion2="" promotion2Dis="" promotionSkill1="" promotionSkill1Dis="" preview="&quot;Giảm sát thương đánh thường +3% (Cấp 3 mở)|TC +5% (Cấp 5 mở)|Mỗi khi có 1 đồng đội bị chết, sát thương bản thân tạo ra tăng 25% (Cấp 7 mở)&quot;"/>
  <heros_talent id="1003" level="1" name="BBQ thịt dê" icon="yangroubabiq.png" propertyType1="10|800,1|5000" skillId="20009405" skillDepict="Mỗi lần hành động hồi thêm cho bản thân 15 nộ" promotion1="" promotion1Dis="" promotion2="" promotion2Dis="" promotionSkill1="" promotionSkill1Dis="" preview="&quot;Giảm sát thương đánh thường +3% (Cấp 3 mở)|TC +5% (Cấp 5 mở)|Mỗi lần tấn công, nếu Nộ của bản thân cao hơn 80 điểm, sát thương tạo ra của lần này tăng 25% (Cấp 7 mở)&quot;"/>
  <heros_talent id="1004" level="1" name="Lôi Vân Thiên Hầu" icon="leiyuntianhou.png" propertyType1="8|500,1|4500" skillId="20009406" skillDepict="" promotion1="" promotion1Dis="" promotion2="" promotion2Dis="" promotionSkill1="" promotionSkill1Dis="" preview="&quot;Giảm sát thương đánh thường +3% (Cấp 3 mở)|MC +5% (Cấp 5 mở)|Nộ của mục tiêu thấp hơn 50 điểm, sát thương tạo ra cho mục tiêu tăng 50% (Cấp 7 mở)&quot;"/>
  <heros_talent id="1005" level="1" name="Hoa hoa liêu loạn" icon="huahualiaoluan.png" propertyType1="8|500,1|4500" skillId="20009407" skillDepict="&quot;Khi đánh thường, nếu ma phòng của phe bị tấn công nhỏ hơn 75% ma phòng của phe tấn công thì chắc chắn bị choáng&quot;" promotion1="" promotion1Dis="" promotion2="" promotion2Dis="" promotionSkill1="" promotionSkill1Dis="" preview="&quot;Giảm sát thương đánh thường +3% (Cấp 3 mở)|MC +5% (Cấp 5 mở)|Giảm tất cả sát thương chịu phải 5%, sau khi ra trận mỗi hiệp có tỷ lệ 35% miễn dịch trạng thái đóng băng (Cấp 7 mở)&quot;"/>
  <heros_talent id="1006" level="1" name="Hiểu rõ nhược điểm" icon="dongcharuodian.png" propertyType1="6|500,1|4500,25|2000" skillId="" skillDepict="" promotion1="" promotion1Dis="" promotion2="" promotion2Dis="" promotionSkill1="" promotionSkill1Dis="" preview="&quot;Giảm sát thương đánh thường +3% (Cấp 3 mở)|VC +5% (Cấp 5 mở)|Lúc mỗi lần tấn công, có tỷ lệ 50% khiến sát thương bản thân tạo ra tăng 40% (Cấp 7 mở)&quot;"/>
  <heros_talent id="1007" level="1" name="Man of Steel" icon="gangtiezhiqu.png" propertyType1="9|800,1|5000" skillId="20009408" skillDepict="Miễn giảm 20% s.thương vật lý gặp phải" promotion1="" promotion1Dis="" promotion2="" promotion2Dis="" promotionSkill1="" promotionSkill1Dis="" preview="&quot;Giảm sát thương đánh thường +3% (Cấp 3 mở)|TC +5% (Cấp 5 mở)|Khi máu bản thân thấp hơn 35%, tất cả sát thương phải chịu giảm 25% (Cấp 7 mở)&quot;"/>
  <heros_talent id="1008" level="1" name="Hoàng tuyền chi tức" icon="huangqunzhixi.png" propertyType1="9|800,1|5000" skillId="20009409" skillDepict="&quot;Mỗi lần hành động hồi 1% lượng máu lớn nhất&quot;" promotion1="" promotion1Dis="" promotion2="" promotion2Dis="" promotionSkill1="" promotionSkill1Dis="" preview="&quot;Giảm sát thương đánh thường +3% (Cấp 3 mở)|TC +5% (Cấp 5 mở)|Tăng toàn đội 10% miễn giảm sát thương, sau khi Brook chết sẽ mất đi hiệu quả (Cấp 7 mở)&quot;"/>
  <heros_talent id="1009" level="1" name="Cường hóa Bạo tẩu" icon="baozouqianghua.png" propertyType1="9|800,1|4500" skillId="20009410" skillDepict="" promotion1="" promotion1Dis="" promotion2="" promotion2Dis="" promotionSkill1="" promotionSkill1Dis="" preview="&quot;Giảm sát thương đánh thường +3% (Cấp 3 mở)|MC +5% (Cấp 5 mở)|Giảm tất cả sát thương chịu phải 5%, sau khi ra trận mỗi hiệp có tỷ lệ 25% miễn dịch trạng thái choáng (Cấp 7 mở)&quot;"/>
  <heros_talent id="1010" level="1" name="Thủ thuật bất lão" icon="bulaoshoushu.png" propertyType1="8|800,1|5000" skillId="20010797,20010806" skillDepict="&quot;Tấn công thường có 30% sác xuất tê liệt đối phương, nếu phòng thủ pháp thuật của đối phương nhỏ hơn 75% tấn công pháp thuật của bên công sẽ nhất định bị tê liệt (Tê liệt: khiến đối phương không thể sử dụng tấn cong thường)&quot;" promotion1="" promotion1Dis="" promotion2="" promotion2Dis="" promotionSkill1="" promotionSkill1Dis="" preview="&quot;Giảm sát thương đánh thường +3% (Cấp 3 mở)|MC +5% (Cấp 5 mở)|Sau khi ra trận cho đồng đội có máu thấp nhất (trừ bản thân) trạng thái hồi sinh, người đó sau khi chết sẽ có thể hồi sinh với 70% máu (Cấp 7 mở)&quot;"/>
  <heros_talent id="1011" level="1" name="Thiên phú 11" icon="baozouqianghua.png" propertyType1="6|100,7|100,8|100" skillId="" skillDepict="Thiên phú dự bị 11" promotion1="" promotion1Dis="" promotion2="" promotion2Dis="" promotionSkill1="" promotionSkill1Dis="" preview=""/>
  <heros_talent id="1012" level="1" name="Thiên phú 12" icon="baozouqianghua.png" propertyType1="6|100,7|100,8|100" skillId="" skillDepict="Thiên phú dự bị 12" promotion1="" promotion1Dis="" promotion2="" promotion2Dis="" promotionSkill1="" promotionSkill1Dis="" preview=""/>
  <heros_talent id="1013" level="1" name="Thiên phú 13" icon="baozouqianghua.png" propertyType1="6|100,7|100,8|100" skillId="" skillDepict="Thiên phú dự bị 13" promotion1="" promotion1Dis="" promotion2="" promotion2Dis="" promotionSkill1="" promotionSkill1Dis="" preview=""/>
  <heros_talent id="1014" level="1" name="Thiên phú 14" icon="baozouqianghua.png" propertyType1="6|100,7|100,8|100" skillId="" skillDepict="Thiên phú dự bị 14" promotion1="" promotion1Dis="" promotion2="" promotion2Dis="" promotionSkill1="" promotionSkill1Dis="" preview=""/>
  <heros_talent id="1015" level="1" name="Thiên phú 15" icon="baozouqianghua.png" propertyType1="6|100,7|100,8|100" skillId="" skillDepict="Thiên phú dự bị 15" promotion1="" promotion1Dis="" promotion2="" promotion2Dis="" promotionSkill1="" promotionSkill1Dis="" preview=""/>
  <heros_talent id="1016" level="1" name="Thiên phú 16" icon="baozouqianghua.png" propertyType1="6|100,7|100,8|100" skillId="" skillDepict="Thiên phú dự bị 16" promotion1="" promotion1Dis="" promotion2="" promotion2Dis="" promotionSkill1="" promotionSkill1Dis="" preview=""/>
  <heros_talent id="1017" level="1" name="Thiên phú 17" icon="baozouqianghua.png" propertyType1="6|100,7|100,8|100" skillId="" skillDepict="Thiên phú dự bị 17" promotion1="" promotion1Dis="" promotion2="" promotion2Dis="" promotionSkill1="" promotionSkill1Dis="" preview=""/>
  <heros_talent id="1018" level="1" name="Thiên phú 18" icon="baozouqianghua.png" propertyType1="6|100,7|100,8|100" skillId="" skillDepict="Thiên phú dự bị 18" promotion1="" promotion1Dis="" promotion2="" promotion2Dis="" promotionSkill1="" promotionSkill1Dis="" preview=""/>
  <heros_talent id="1019" level="1" name="Thiên phú 19" icon="baozouqianghua.png" propertyType1="6|100,7|100,8|100" skillId="" skillDepict="Thiên phú dự bị 19" promotion1="" promotion1Dis="" promotion2="" promotion2Dis="" promotionSkill1="" promotionSkill1Dis="" preview=""/>
  <heros_talent id="1020" level="1" name="Thiên phú 20" icon="baozouqianghua.png" propertyType1="6|100,7|100,8|100" skillId="" skillDepict="Thiên phú dự bị 20" promotion1="" promotion1Dis="" promotion2="" promotion2Dis="" promotionSkill1="" promotionSkill1Dis="" preview=""/>
  <heros_talent id="4001" level="2" name="Cao su cường lực" icon="qianglixiangjiao.png" propertyType1="7|650,1|5500,26|1550,28|1550,30|1550" skillId="" skillDepict="" promotion1="" promotion1Dis="" promotion2="" promotion2Dis="" promotionSkill1="" promotionSkill1Dis="" preview="&quot;Giảm sát thương đánh thường +3% (Cấp 3 mở)|Nộ công +5% (Cấp 5 mở)|Giảm tất cả sát thương chịu phải 5%, lúc tấn công Nộ có tỷ lệ 50% loại bỏ hiệu quả miễn dịch TC của mục tiêu (Cấp 7 mở)&quot;"/>
  <heros_talent id="4002" level="2" name="Đạo lý Kiếm Sỹ" icon="jianshiaoyi.png" propertyType1="7|550,1|5000" skillId="20009404" skillDepict="&quot;Khi đánh mục tấn lượng máu nhỏ hơn 75%, s.thương gây ra cho địch tăng 25%&quot;" promotion1="" promotion1Dis="" promotion2="" promotion2Dis="" promotionSkill1="" promotionSkill1Dis="" preview="&quot;Giảm sát thương đánh thường +3% (Cấp 3 mở)|TC +5% (Cấp 5 mở)|Mỗi khi có 1 đồng đội bị chết, sát thương bản thân tạo ra tăng 25% (Cấp 7 mở)&quot;"/>
  <heros_talent id="4003" level="2" name="BBQ thịt dê" icon="yangroubabiq.png" propertyType1="10|850,1|5500" skillId="20009405" skillDepict="Mỗi lần hành động hồi thêm cho bản thân 15 nộ" promotion1="" promotion1Dis="" promotion2="" promotion2Dis="" promotionSkill1="" promotionSkill1Dis="" preview="&quot;Giảm sát thương đánh thường +3% (Cấp 3 mở)|TC +5% (Cấp 5 mở)|Mỗi lần tấn công, nếu Nộ của bản thân cao hơn 80 điểm, sát thương tạo ra của lần này tăng 25% (Cấp 7 mở)&quot;"/>
  <heros_talent id="4004" level="2" name="Lôi Vân Thiên Hầu" icon="leiyuntianhou.png" propertyType1="8|550,1|5000" skillId="20009406" skillDepict="" promotion1="" promotion1Dis="" promotion2="" promotion2Dis="" promotionSkill1="" promotionSkill1Dis="" preview="&quot;Giảm sát thương đánh thường +3% (Cấp 3 mở)|MC +5% (Cấp 5 mở)|Nộ của mục tiêu thấp hơn 50 điểm, sát thương tạo ra cho mục tiêu tăng 50% (Cấp 7 mở)&quot;"/>
  <heros_talent id="4005" level="2" name="Hoa hoa liêu loạn" icon="huahualiaoluan.png" propertyType1="8|550,1|5000" skillId="20009407" skillDepict="&quot;Khi đánh thường, nếu ma phòng của phe bị tấn công nhỏ hơn 75% ma phòng của phe tấn công thì chắc chắn bị choáng&quot;" promotion1="" promotion1Dis="" promotion2="" promotion2Dis="" promotionSkill1="" promotionSkill1Dis="" preview="&quot;Giảm sát thương đánh thường +3% (Cấp 3 mở)|MC +5% (Cấp 5 mở)|Giảm tất cả sát thương chịu phải 5%, sau khi ra trận mỗi hiệp có tỷ lệ 35% miễn dịch trạng thái đóng băng (Cấp 7 mở)&quot;"/>
  <heros_talent id="4006" level="2" name="Hiểu rõ nhược điểm" icon="dongcharuodian.png" propertyType1="6|550,1|5000,25|2050" skillId="" skillDepict="" promotion1="" promotion1Dis="" promotion2="" promotion2Dis="" promotionSkill1="" promotionSkill1Dis="" preview="&quot;Giảm sát thương đánh thường +3% (Cấp 3 mở)|VC +5% (Cấp 5 mở)|Lúc mỗi lần tấn công, có tỷ lệ 50% khiến sát thương bản thân tạo ra tăng 40% (Cấp 7 mở)&quot;"/>
  <heros_talent id="4007" level="2" name="Man of Steel" icon="gangtiezhiqu.png" propertyType1="9|850,1|5500" skillId="20009408" skillDepict="Miễn giảm 20% s.thương vật lý gặp phải" promotion1="" promotion1Dis="" promotion2="" promotion2Dis="" promotionSkill1="" promotionSkill1Dis="" preview="&quot;Giảm sát thương đánh thường +3% (Cấp 3 mở)|TC +5% (Cấp 5 mở)|Khi máu bản thân thấp hơn 35%, tất cả sát thương phải chịu giảm 25% (Cấp 7 mở)&quot;"/>
  <heros_talent id="4008" level="2" name="Hoàng tuyền chi tức" icon="huangqunzhixi.png" propertyType1="9|850,1|5500" skillId="20009409" skillDepict="&quot;Mỗi lần hành động hồi 1% lượng máu lớn nhất&quot;" promotion1="" promotion1Dis="" promotion2="" promotion2Dis="" promotionSkill1="" promotionSkill1Dis="" preview="&quot;Giảm sát thương đánh thường +3% (Cấp 3 mở)|TC +5% (Cấp 5 mở)|Tăng toàn đội 10% miễn giảm sát thương, sau khi Brook chết sẽ mất đi hiệu quả (Cấp 7 mở)&quot;"/>
  <heros_talent id="4009" level="2" name="Cường hóa Bạo tẩu" icon="baozouqianghua.png" propertyType1="9|850,1|5000" skillId="20009410" skillDepict="&quot;Khi gặp nộ công, giới hạn lượng máu tăng 10%, có thể ghép chồng 5 lần&quot;" promotion1="" promotion1Dis="" promotion2="" promotion2Dis="" promotionSkill1="" promotionSkill1Dis="" preview="&quot;Giảm sát thương đánh thường +3% (Cấp 3 mở)|MC +5% (Cấp 5 mở)|Giảm tất cả sát thương chịu phải 5%, sau khi ra trận mỗi hiệp có tỷ lệ 25% miễn dịch trạng thái choáng (Cấp 7 mở)&quot;"/>
  <heros_talent id="4010" level="2" name="Thủ thuật bất lão" icon="bulaoshoushu.png" propertyType1="8|850,1|5500" skillId="20010797,20010806" skillDepict="&quot;Tấn công thường có 30% sác xuất tê liệt đối phương, nếu phòng thủ pháp thuật của đối phương nhỏ hơn 75% tấn công pháp thuật của bên công sẽ nhất định bị tê liệt (Tê liệt: khiến đối phương không thể sử dụng tấn cong thường)&quot;" promotion1="" promotion1Dis="" promotion2="" promotion2Dis="" promotionSkill1="" promotionSkill1Dis="" preview="&quot;Giảm sát thương đánh thường +3% (Cấp 3 mở)|MC +5% (Cấp 5 mở)|Sau khi ra trận cho đồng đội có máu thấp nhất (trừ bản thân) trạng thái hồi sinh, người đó sau khi chết sẽ có thể hồi sinh với 70% máu (Cấp 7 mở)&quot;"/>
  <heros_talent id="4011" level="2" name="Thiên phú 11" icon="baozouqianghua.png" propertyType1="6|100,7|100,8|100" skillId="" skillDepict="Thiên phú dự bị 11" promotion1="" promotion1Dis="" promotion2="" promotion2Dis="" promotionSkill1="" promotionSkill1Dis="" preview=""/>
  <heros_talent id="4012" level="2" name="Thiên phú 12" icon="baozouqianghua.png" propertyType1="6|100,7|100,8|100" skillId="" skillDepict="Thiên phú dự bị 12" promotion1="" promotion1Dis="" promotion2="" promotion2Dis="" promotionSkill1="" promotionSkill1Dis="" preview=""/>
  <heros_talent id="4013" level="2" name="Thiên phú 13" icon="baozouqianghua.png" propertyType1="6|100,7|100,8|100" skillId="" skillDepict="Thiên phú dự bị 13" promotion1="" promotion1Dis="" promotion2="" promotion2Dis="" promotionSkill1="" promotionSkill1Dis="" preview=""/>
  <heros_talent id="4014" level="2" name="Thiên phú 14" icon="baozouqianghua.png" propertyType1="6|100,7|100,8|100" skillId="" skillDepict="Thiên phú dự bị 14" promotion1="" promotion1Dis="" promotion2="" promotion2Dis="" promotionSkill1="" promotionSkill1Dis="" preview=""/>
  <heros_talent id="4015" level="2" name="Thiên phú 15" icon="baozouqianghua.png" propertyType1="6|100,7|100,8|100" skillId="" skillDepict="Thiên phú dự bị 15" promotion1="" promotion1Dis="" promotion2="" promotion2Dis="" promotionSkill1="" promotionSkill1Dis="" preview=""/>
  <heros_talent id="4016" level="2" name="Thiên phú 16" icon="baozouqianghua.png" propertyType1="6|100,7|100,8|100" skillId="" skillDepict="Thiên phú dự bị 16" promotion1="" promotion1Dis="" promotion2="" promotion2Dis="" promotionSkill1="" promotionSkill1Dis="" preview=""/>
  <heros_talent id="4017" level="2" name="Thiên phú 17" icon="baozouqianghua.png" propertyType1="6|100,7|100,8|100" skillId="" skillDepict="Thiên phú dự bị 17" promotion1="" promotion1Dis="" promotion2="" promotion2Dis="" promotionSkill1="" promotionSkill1Dis="" preview=""/>
  <heros_talent id="4018" level="2" name="Thiên phú 18" icon="baozouqianghua.png" propertyType1="6|100,7|100,8|100" skillId="" skillDepict="Thiên phú dự bị 18" promotion1="" promotion1Dis="" promotion2="" promotion2Dis="" promotionSkill1="" promotionSkill1Dis="" preview=""/>
  <heros_talent id="4019" level="2" name="Thiên phú 19" icon="baozouqianghua.png" propertyType1="6|100,7|100,8|100" skillId="" skillDepict="Thiên phú dự bị 19" promotion1="" promotion1Dis="" promotion2="" promotion2Dis="" promotionSkill1="" promotionSkill1Dis="" preview=""/>
  <heros_talent id="4020" level="2" name="Thiên phú 20" icon="baozouqianghua.png" propertyType1="6|100,7|100,8|100" skillId="" skillDepict="Thiên phú dự bị 20" promotion1="" promotion1Dis="" promotion2="" promotion2Dis="" promotionSkill1="" promotionSkill1Dis="" preview=""/>
  <heros_talent id="7001" level="3" name="Cao su cường lực" icon="qianglixiangjiao.png" propertyType1="7|700,1|6000,26|1600,28|1600,30|1600" skillId="" skillDepict="" promotion1="54|300" promotion1Dis="Miễn thương tấn công thường +3%" promotion2="" promotion2Dis="" promotionSkill1="" promotionSkill1Dis="" preview="&quot;Nộ công +5% (Cấp 5 mở)|Giảm tất cả sát thương chịu phải 5%, lúc tấn công Nộ có tỷ lệ 50% loại bỏ hiệu quả miễn dịch TC của mục tiêu (Cấp 7 mở)&quot;"/>
  <heros_talent id="7002" level="3" name="Đạo lý Kiếm Sỹ" icon="jianshiaoyi.png" propertyType1="7|600,1|5500" skillId="20009404" skillDepict="&quot;Khi đánh mục tấn lượng máu nhỏ hơn 75%, s.thương gây ra cho địch tăng 25%&quot;" promotion1="54|300" promotion1Dis="Miễn thương tấn công thường +3%" promotion2="" promotion2Dis="" promotionSkill1="" promotionSkill1Dis="" preview="&quot;TC +5% (Cấp 5 mở)|Mỗi khi có 1 đồng đội bị chết, sát thương bản thân tạo ra tăng 25% (Cấp 7 mở)&quot;"/>
  <heros_talent id="7003" level="3" name="BBQ thịt dê" icon="yangroubabiq.png" propertyType1="10|900,1|6000" skillId="20009405" skillDepict="Mỗi lần hành động hồi thêm cho bản thân 15 nộ" promotion1="54|300" promotion1Dis="Miễn thương tấn công thường +3%" promotion2="" promotion2Dis="" promotionSkill1="" promotionSkill1Dis="" preview="&quot;TC +5% (Cấp 5 mở)|Mỗi lần tấn công, nếu Nộ của bản thân cao hơn 80 điểm, sát thương tạo ra của lần này tăng 25% (Cấp 7 mở)&quot;"/>
  <heros_talent id="7004" level="3" name="Lôi Vân Thiên Hầu" icon="leiyuntianhou.png" propertyType1="8|600,1|5500" skillId="20009406" skillDepict="&quot;Khi bị đánh thường, giảm mục tiêu 10 nộ&quot;" promotion1="54|300" promotion1Dis="Miễn thương tấn công thường +3%" promotion2="" promotion2Dis="" promotionSkill1="" promotionSkill1Dis="" preview="&quot;MC +5% (Cấp 5 mở)|Nộ của mục tiêu thấp hơn 50 điểm, sát thương tạo ra cho mục tiêu tăng 50% (Cấp 7 mở)&quot;"/>
  <heros_talent id="7005" level="3" name="Hoa hoa liêu loạn" icon="huahualiaoluan.png" propertyType1="8|600,1|5500" skillId="20009407" skillDepict="&quot;Khi đánh thường, nếu ma phòng của phe bị tấn công nhỏ hơn 75% ma phòng của phe tấn công thì chắc chắn bị choáng&quot;" promotion1="54|300" promotion1Dis="Miễn thương tấn công thường +3%" promotion2="" promotion2Dis="" promotionSkill1="" promotionSkill1Dis="" preview="&quot;MC +5% (Cấp 5 mở)|Giảm tất cả sát thương chịu phải 5%, sau khi ra trận mỗi hiệp có tỷ lệ 35% miễn dịch trạng thái đóng băng (Cấp 7 mở)&quot;"/>
  <heros_talent id="7006" level="3" name="Hiểu rõ nhược điểm" icon="dongcharuodian.png" propertyType1="6|600,1|5500,25|2100" skillId="" skillDepict="" promotion1="54|300" promotion1Dis="Miễn thương tấn công thường +3%" promotion2="" promotion2Dis="" promotionSkill1="" promotionSkill1Dis="" preview="&quot;VC +5% (Cấp 5 mở)|Lúc mỗi lần tấn công, có tỷ lệ 50% khiến sát thương bản thân tạo ra tăng 40% (Cấp 7 mở)&quot;"/>
  <heros_talent id="7007" level="3" name="Man of Steel" icon="gangtiezhiqu.png" propertyType1="9|900,1|6000" skillId="20009408" skillDepict="Miễn giảm 20% s.thương vật lý gặp phải" promotion1="54|300" promotion1Dis="Miễn thương tấn công thường +3%" promotion2="" promotion2Dis="" promotionSkill1="" promotionSkill1Dis="" preview="&quot;TC +5% (Cấp 5 mở)|Khi máu bản thân thấp hơn 35%, tất cả sát thương phải chịu giảm 25% (Cấp 7 mở)&quot;"/>
  <heros_talent id="7008" level="3" name="Hoàng tuyền chi tức" icon="huangqunzhixi.png" propertyType1="9|900,1|6000" skillId="20009409" skillDepict="&quot;Mỗi lần hành động hồi 1% lượng máu lớn nhất&quot;" promotion1="54|300" promotion1Dis="Miễn thương tấn công thường +3%" promotion2="" promotion2Dis="" promotionSkill1="" promotionSkill1Dis="" preview="&quot;TC +5% (Cấp 5 mở)|Tăng toàn đội 10% miễn giảm sát thương, sau khi Brook chết sẽ mất đi hiệu quả (Cấp 7 mở)&quot;"/>
  <heros_talent id="7009" level="3" name="Cường hóa Bạo tẩu" icon="baozouqianghua.png" propertyType1="9|900,1|5500" skillId="20009410" skillDepict="&quot;Khi gặp nộ công, giới hạn lượng máu tăng 10%, có thể ghép chồng 5 lần&quot;" promotion1="54|300" promotion1Dis="Miễn thương tấn công thường +3%" promotion2="" promotion2Dis="" promotionSkill1="" promotionSkill1Dis="" preview="&quot;MC +5% (Cấp 5 mở)|Giảm tất cả sát thương chịu phải 5%, sau khi ra trận mỗi hiệp có tỷ lệ 25% miễn dịch trạng thái choáng (Cấp 7 mở)&quot;"/>
  <heros_talent id="7010" level="3" name="Thủ thuật bất lão" icon="bulaoshoushu.png" propertyType1="8|900,1|6000" skillId="20010797,20010806" skillDepict="&quot;Tấn công thường có 30% sác xuất tê liệt đối phương, nếu phòng thủ pháp thuật của đối phương nhỏ hơn 75% tấn công pháp thuật của bên công sẽ nhất định bị tê liệt (Tê liệt: khiến đối phương không thể sử dụng tấn cong thường)&quot;" promotion1="54|300" promotion1Dis="Miễn thương tấn công thường +3%" promotion2="" promotion2Dis="" promotionSkill1="" promotionSkill1Dis="" preview="&quot;MC +5% (Cấp 5 mở)|Sau khi ra trận cho đồng đội có máu thấp nhất (trừ bản thân) trạng thái hồi sinh, người đó sau khi chết sẽ có thể hồi sinh với 70% máu (Cấp 7 mở)&quot;"/>
  <heros_talent id="7011" level="3" name="Thiên phú 11" icon="baozouqianghua.png" propertyType1="6|100,7|100,8|100" skillId="" skillDepict="Thiên phú dự bị 11" promotion1="" promotion1Dis="" promotion2="" promotion2Dis="" promotionSkill1="" promotionSkill1Dis="" preview=""/>
  <heros_talent id="7012" level="3" name="Thiên phú 12" icon="baozouqianghua.png" propertyType1="6|100,7|100,8|100" skillId="" skillDepict="Thiên phú dự bị 12" promotion1="" promotion1Dis="" promotion2="" promotion2Dis="" promotionSkill1="" promotionSkill1Dis="" preview=""/>
  <heros_talent id="7013" level="3" name="Thiên phú 13" icon="baozouqianghua.png" propertyType1="6|100,7|100,8|100" skillId="" skillDepict="Thiên phú dự bị 13" promotion1="" promotion1Dis="" promotion2="" promotion2Dis="" promotionSkill1="" promotionSkill1Dis="" preview=""/>
  <heros_talent id="7014" level="3" name="Thiên phú 14" icon="baozouqianghua.png" propertyType1="6|100,7|100,8|100" skillId="" skillDepict="Thiên phú dự bị 14" promotion1="" promotion1Dis="" promotion2="" promotion2Dis="" promotionSkill1="" promotionSkill1Dis="" preview=""/>
  <heros_talent id="7015" level="3" name="Thiên phú 15" icon="baozouqianghua.png" propertyType1="6|100,7|100,8|100" skillId="" skillDepict="Thiên phú dự bị 15" promotion1="" promotion1Dis="" promotion2="" promotion2Dis="" promotionSkill1="" promotionSkill1Dis="" preview=""/>
  <heros_talent id="7016" level="3" name="Thiên phú 16" icon="baozouqianghua.png" propertyType1="6|100,7|100,8|100" skillId="" skillDepict="Thiên phú dự bị 16" promotion1="" promotion1Dis="" promotion2="" promotion2Dis="" promotionSkill1="" promotionSkill1Dis="" preview=""/>
  <heros_talent id="7017" level="3" name="Thiên phú 17" icon="baozouqianghua.png" propertyType1="6|100,7|100,8|100" skillId="" skillDepict="Thiên phú dự bị 17" promotion1="" promotion1Dis="" promotion2="" promotion2Dis="" promotionSkill1="" promotionSkill1Dis="" preview=""/>
  <heros_talent id="7018" level="3" name="Thiên phú 18" icon="baozouqianghua.png" propertyType1="6|100,7|100,8|100" skillId="" skillDepict="Thiên phú dự bị 18" promotion1="" promotion1Dis="" promotion2="" promotion2Dis="" promotionSkill1="" promotionSkill1Dis="" preview=""/>
  <heros_talent id="7019" level="3" name="Thiên phú 19" icon="baozouqianghua.png" propertyType1="6|100,7|100,8|100" skillId="" skillDepict="Thiên phú dự bị 19" promotion1="" promotion1Dis="" promotion2="" promotion2Dis="" promotionSkill1="" promotionSkill1Dis="" preview=""/>
  <heros_talent id="7020" level="3" name="Thiên phú 20" icon="baozouqianghua.png" propertyType1="6|100,7|100,8|100" skillId="" skillDepict="Thiên phú dự bị 20" promotion1="" promotion1Dis="" promotion2="" promotion2Dis="" promotionSkill1="" promotionSkill1Dis="" preview=""/>
  <heros_talent id="10001" level="4" name="Cao su cường lực" icon="qianglixiangjiao.png" propertyType1="7|750,1|6500,26|1650,28|1650,30|1650" skillId="" skillDepict="" promotion1="54|400" promotion1Dis="Miễn thương tấn công thường +4%" promotion2="" promotion2Dis="" promotionSkill1="" promotionSkill1Dis="" preview="&quot;Nộ công +5% (Cấp 5 mở)|Giảm tất cả sát thương chịu phải 5%, lúc tấn công Nộ có tỷ lệ 50% loại bỏ hiệu quả miễn dịch TC của mục tiêu (Cấp 7 mở)&quot;"/>
  <heros_talent id="10002" level="4" name="Đạo lý Kiếm Sỹ" icon="jianshiaoyi.png" propertyType1="7|650,1|6000" skillId="20009404" skillDepict="&quot;Khi đánh mục tấn lượng máu nhỏ hơn 75%, s.thương gây ra cho địch tăng 25%&quot;" promotion1="54|400" promotion1Dis="Miễn thương tấn công thường +4%" promotion2="" promotion2Dis="" promotionSkill1="" promotionSkill1Dis="" preview="&quot;TC +5% (Cấp 5 mở)|Mỗi khi có 1 đồng đội bị chết, sát thương bản thân tạo ra tăng 25% (Cấp 7 mở)&quot;"/>
  <heros_talent id="10003" level="4" name="BBQ thịt dê" icon="yangroubabiq.png" propertyType1="10|950,1|6500" skillId="20009405" skillDepict="Mỗi lần hành động hồi thêm cho bản thân 15 nộ" promotion1="54|400" promotion1Dis="Miễn thương tấn công thường +4%" promotion2="" promotion2Dis="" promotionSkill1="" promotionSkill1Dis="" preview="&quot;TC +5% (Cấp 5 mở)|Mỗi lần tấn công, nếu Nộ của bản thân cao hơn 80 điểm, sát thương tạo ra của lần này tăng 25% (Cấp 7 mở)&quot;"/>
  <heros_talent id="10004" level="4" name="Lôi Vân Thiên Hầu" icon="leiyuntianhou.png" propertyType1="8|650,1|6000" skillId="20009406" skillDepict="&quot;Khi bị đánh thường, giảm mục tiêu 10 nộ&quot;" promotion1="54|400" promotion1Dis="Miễn thương tấn công thường +4%" promotion2="" promotion2Dis="" promotionSkill1="" promotionSkill1Dis="" preview="&quot;MC +5% (Cấp 5 mở)|Nộ của mục tiêu thấp hơn 50 điểm, sát thương tạo ra cho mục tiêu tăng 50% (Cấp 7 mở)&quot;"/>
  <heros_talent id="10005" level="4" name="Hoa hoa liêu loạn" icon="huahualiaoluan.png" propertyType1="8|650,1|6000" skillId="20009407" skillDepict="&quot;Khi đánh thường, nếu ma phòng của phe bị tấn công nhỏ hơn 75% ma phòng của phe tấn công thì chắc chắn bị choáng&quot;" promotion1="54|400" promotion1Dis="Miễn thương tấn công thường +4%" promotion2="" promotion2Dis="" promotionSkill1="" promotionSkill1Dis="" preview="&quot;MC +5% (Cấp 5 mở)|Giảm tất cả sát thương chịu phải 5%, sau khi ra trận mỗi hiệp có tỷ lệ 35% miễn dịch trạng thái đóng băng (Cấp 7 mở)&quot;"/>
  <heros_talent id="10006" level="4" name="Hiểu rõ nhược điểm" icon="dongcharuodian.png" propertyType1="6|650,1|6000,25|2150" skillId="" skillDepict="" promotion1="54|400" promotion1Dis="Miễn thương tấn công thường +4%" promotion2="" promotion2Dis="" promotionSkill1="" promotionSkill1Dis="" preview="&quot;VC +5% (Cấp 5 mở)|Lúc mỗi lần tấn công, có tỷ lệ 50% khiến sát thương bản thân tạo ra tăng 40% (Cấp 7 mở)&quot;"/>
  <heros_talent id="10007" level="4" name="Man of Steel" icon="gangtiezhiqu.png" propertyType1="9|950,1|6500" skillId="20009408" skillDepict="Miễn giảm 20% s.thương vật lý gặp phải" promotion1="54|400" promotion1Dis="Miễn thương tấn công thường +4%" promotion2="" promotion2Dis="" promotionSkill1="" promotionSkill1Dis="" preview="&quot;TC +5% (Cấp 5 mở)|Khi máu bản thân thấp hơn 35%, tất cả sát thương phải chịu giảm 25% (Cấp 7 mở)&quot;"/>
  <heros_talent id="10008" level="4" name="Hoàng tuyền chi tức" icon="huangqunzhixi.png" propertyType1="9|950,1|6500" skillId="20009409" skillDepict="&quot;Mỗi lần hành động hồi 1% lượng máu lớn nhất&quot;" promotion1="54|400" promotion1Dis="Miễn thương tấn công thường +4%" promotion2="" promotion2Dis="" promotionSkill1="" promotionSkill1Dis="" preview="&quot;TC +5% (Cấp 5 mở)|Tăng toàn đội 10% miễn giảm sát thương, sau khi Brook chết sẽ mất đi hiệu quả (Cấp 7 mở)&quot;"/>
  <heros_talent id="10009" level="4" name="Cường hóa Bạo tẩu" icon="baozouqianghua.png" propertyType1="9|950,1|6000" skillId="20009410" skillDepict="&quot;Khi gặp nộ công, giới hạn lượng máu tăng 10%, có thể ghép chồng 5 lần&quot;" promotion1="54|400" promotion1Dis="Miễn thương tấn công thường +4%" promotion2="" promotion2Dis="" promotionSkill1="" promotionSkill1Dis="" preview="&quot;MC +5% (Cấp 5 mở)|Giảm tất cả sát thương chịu phải 5%, sau khi ra trận mỗi hiệp có tỷ lệ 25% miễn dịch trạng thái choáng (Cấp 7 mở)&quot;"/>
  <heros_talent id="10010" level="4" name="Thủ thuật bất lão" icon="bulaoshoushu.png" propertyType1="8|950,1|6500" skillId="20010797,20010806" skillDepict="&quot;Tấn công thường có 30% sác xuất tê liệt đối phương, nếu phòng thủ pháp thuật của đối phương nhỏ hơn 75% tấn công pháp thuật của bên công sẽ nhất định bị tê liệt (Tê liệt: khiến đối phương không thể sử dụng tấn cong thường)&quot;" promotion1="54|400" promotion1Dis="Miễn thương tấn công thường +4%" promotion2="" promotion2Dis="" promotionSkill1="" promotionSkill1Dis="" preview="&quot;MC +5% (Cấp 5 mở)|Sau khi ra trận cho đồng đội có máu thấp nhất (trừ bản thân) trạng thái hồi sinh, người đó sau khi chết sẽ có thể hồi sinh với 70% máu (Cấp 7 mở)&quot;"/>
  <heros_talent id="10011" level="4" name="Thiên phú 11" icon="baozouqianghua.png" propertyType1="6|100,7|100,8|100" skillId="" skillDepict="Thiên phú dự bị 11" promotion1="" promotion1Dis="" promotion2="" promotion2Dis="" promotionSkill1="" promotionSkill1Dis="" preview=""/>
  <heros_talent id="10012" level="4" name="Thiên phú 12" icon="baozouqianghua.png" propertyType1="6|100,7|100,8|100" skillId="" skillDepict="Thiên phú dự bị 12" promotion1="" promotion1Dis="" promotion2="" promotion2Dis="" promotionSkill1="" promotionSkill1Dis="" preview=""/>
  <heros_talent id="10013" level="4" name="Thiên phú 13" icon="baozouqianghua.png" propertyType1="6|100,7|100,8|100" skillId="" skillDepict="Thiên phú dự bị 13" promotion1="" promotion1Dis="" promotion2="" promotion2Dis="" promotionSkill1="" promotionSkill1Dis="" preview=""/>
  <heros_talent id="10014" level="4" name="Thiên phú 14" icon="baozouqianghua.png" propertyType1="6|100,7|100,8|100" skillId="" skillDepict="Thiên phú dự bị 14" promotion1="" promotion1Dis="" promotion2="" promotion2Dis="" promotionSkill1="" promotionSkill1Dis="" preview=""/>
  <heros_talent id="10015" level="4" name="Thiên phú 15" icon="baozouqianghua.png" propertyType1="6|100,7|100,8|100" skillId="" skillDepict="Thiên phú dự bị 15" promotion1="" promotion1Dis="" promotion2="" promotion2Dis="" promotionSkill1="" promotionSkill1Dis="" preview=""/>
  <heros_talent id="10016" level="4" name="Thiên phú 16" icon="baozouqianghua.png" propertyType1="6|100,7|100,8|100" skillId="" skillDepict="Thiên phú dự bị 16" promotion1="" promotion1Dis="" promotion2="" promotion2Dis="" promotionSkill1="" promotionSkill1Dis="" preview=""/>
  <heros_talent id="10017" level="4" name="Thiên phú 17" icon="baozouqianghua.png" propertyType1="6|100,7|100,8|100" skillId="" skillDepict="Thiên phú dự bị 17" promotion1="" promotion1Dis="" promotion2="" promotion2Dis="" promotionSkill1="" promotionSkill1Dis="" preview=""/>
  <heros_talent id="10018" level="4" name="Thiên phú 18" icon="baozouqianghua.png" propertyType1="6|100,7|100,8|100" skillId="" skillDepict="Thiên phú dự bị 18" promotion1="" promotion1Dis="" promotion2="" promotion2Dis="" promotionSkill1="" promotionSkill1Dis="" preview=""/>
  <heros_talent id="10019" level="4" name="Thiên phú 19" icon="baozouqianghua.png" propertyType1="6|100,7|100,8|100" skillId="" skillDepict="Thiên phú dự bị 19" promotion1="" promotion1Dis="" promotion2="" promotion2Dis="" promotionSkill1="" promotionSkill1Dis="" preview=""/>
  <heros_talent id="10020" level="4" name="Thiên phú 20" icon="baozouqianghua.png" propertyType1="6|100,7|100,8|100" skillId="" skillDepict="Thiên phú dự bị 20" promotion1="" promotion1Dis="" promotion2="" promotion2Dis="" promotionSkill1="" promotionSkill1Dis="" preview=""/>
  <heros_talent id="13001" level="5" name="Cao su cường lực" icon="qianglixiangjiao.png" propertyType1="7|800,1|7000,26|1700,28|1700,30|1700" skillId="" skillDepict="" promotion1="54|500" promotion1Dis="Miễn thương tấn công thường +5%" promotion2="55|500" promotion2Dis="Nộ công +5%" promotionSkill1="" promotionSkill1Dis="" preview="&quot;Giảm tất cả sát thương chịu phải 5%, lúc tấn công Nộ có tỷ lệ 50% loại bỏ hiệu quả miễn dịch TC của mục tiêu (Cấp 7 mở)&quot;"/>
  <heros_talent id="13002" level="5" name="Đạo lý Kiếm Sỹ" icon="jianshiaoyi.png" propertyType1="7|700,1|6500" skillId="20009404" skillDepict="&quot;Khi đánh mục tấn lượng máu nhỏ hơn 75%, s.thương gây ra cho địch tăng 25%&quot;" promotion1="54|500" promotion1Dis="Miễn thương tấn công thường +5%" promotion2="27|500" promotion2Dis="TC +5%" promotionSkill1="" promotionSkill1Dis="" preview="&quot;Mỗi khi có 1 đồng đội bị chết, sát thương bản thân tạo ra tăng 25% (Cấp 7 mở)&quot;"/>
  <heros_talent id="13003" level="5" name="BBQ thịt dê" icon="yangroubabiq.png" propertyType1="10|1000,1|7000" skillId="20009405" skillDepict="Mỗi lần hành động hồi thêm cho bản thân 15 nộ" promotion1="54|500" promotion1Dis="Miễn thương tấn công thường +5%" promotion2="27|500" promotion2Dis="TC +5%" promotionSkill1="" promotionSkill1Dis="" preview="&quot;Mỗi lần tấn công, nếu Nộ của bản thân cao hơn 80 điểm, sát thương tạo ra của lần này tăng 25% (Cấp 7 mở)&quot;"/>
  <heros_talent id="13004" level="5" name="Lôi Vân Thiên Hầu" icon="leiyuntianhou.png" propertyType1="8|700,1|6500" skillId="20009406" skillDepict="&quot;Khi bị đánh thường, giảm mục tiêu 10 nộ&quot;" promotion1="54|500" promotion1Dis="Miễn thương tấn công thường +5%" promotion2="29|500" promotion2Dis="MC +5%" promotionSkill1="" promotionSkill1Dis="" preview="&quot;Nộ của mục tiêu thấp hơn 50 điểm, sát thương tạo ra cho mục tiêu tăng 50% (Cấp 7 mở)&quot;"/>
  <heros_talent id="13005" level="5" name="Hoa hoa liêu loạn" icon="huahualiaoluan.png" propertyType1="8|700,1|6500" skillId="20009407" skillDepict="&quot;Khi đánh thường, nếu ma phòng của phe bị tấn công nhỏ hơn 75% ma phòng của phe tấn công thì chắc chắn bị choáng&quot;" promotion1="54|500" promotion1Dis="Miễn thương tấn công thường +5%" promotion2="29|500" promotion2Dis="MC +5%" promotionSkill1="" promotionSkill1Dis="" preview="&quot;Giảm tất cả sát thương chịu phải 5%, sau khi ra trận mỗi hiệp có tỷ lệ 35% miễn dịch trạng thái đóng băng (Cấp 7 mở)&quot;"/>
  <heros_talent id="13006" level="5" name="Hiểu rõ nhược điểm" icon="dongcharuodian.png" propertyType1="6|700,1|6500,25|2200" skillId="" skillDepict="" promotion1="54|500" promotion1Dis="Miễn thương tấn công thường +5%" promotion2="25|500" promotion2Dis="VC +5%" promotionSkill1="" promotionSkill1Dis="" preview="&quot;Lúc mỗi lần tấn công, có tỷ lệ 50% khiến sát thương bản thân tạo ra tăng 40% (Cấp 7 mở)&quot;"/>
  <heros_talent id="13007" level="5" name="Man of Steel" icon="gangtiezhiqu.png" propertyType1="9|1000,1|7000" skillId="20009408" skillDepict="Miễn giảm 20% s.thương vật lý gặp phải" promotion1="54|500" promotion1Dis="Miễn thương tấn công thường +5%" promotion2="27|500" promotion2Dis="TC +5%" promotionSkill1="" promotionSkill1Dis="" preview="&quot;Khi máu bản thân thấp hơn 35%, tất cả sát thương phải chịu giảm 25% (Cấp 7 mở)&quot;"/>
  <heros_talent id="13008" level="5" name="Hoàng tuyền chi tức" icon="huangqunzhixi.png" propertyType1="9|1000,1|7000" skillId="20009409" skillDepict="&quot;Mỗi lần hành động hồi 1% lượng máu lớn nhất&quot;" promotion1="54|500" promotion1Dis="Miễn thương tấn công thường +5%" promotion2="27|500" promotion2Dis="TC +5%" promotionSkill1="" promotionSkill1Dis="" preview="&quot;Tăng toàn đội 10% miễn giảm sát thương, sau khi Brook chết sẽ mất đi hiệu quả (Cấp 7 mở)&quot;"/>
  <heros_talent id="13009" level="5" name="Cường hóa Bạo tẩu" icon="baozouqianghua.png" propertyType1="9|1000,1|6500" skillId="20009410" skillDepict="&quot;Khi gặp nộ công, giới hạn lượng máu tăng 10%, có thể ghép chồng 5 lần&quot;" promotion1="54|500" promotion1Dis="Miễn thương tấn công thường +5%" promotion2="29|500" promotion2Dis="MC +5%" promotionSkill1="" promotionSkill1Dis="" preview="&quot;Giảm tất cả sát thương chịu phải 5%, sau khi ra trận mỗi hiệp có tỷ lệ 25% miễn dịch trạng thái choáng (Cấp 7 mở)&quot;"/>
  <heros_talent id="13010" level="5" name="Thủ thuật bất lão" icon="bulaoshoushu.png" propertyType1="8|1000,1|7000" skillId="20010797,20010806" skillDepict="&quot;Tấn công thường có 30% sác xuất tê liệt đối phương, nếu phòng thủ pháp thuật của đối phương nhỏ hơn 75% tấn công pháp thuật của bên công sẽ nhất định bị tê liệt (Tê liệt: khiến đối phương không thể sử dụng tấn cong thường)&quot;" promotion1="54|500" promotion1Dis="Miễn thương tấn công thường +5%" promotion2="29|500" promotion2Dis="MC +5%" promotionSkill1="" promotionSkill1Dis="" preview="&quot;Sau khi ra trận cho đồng đội có máu thấp nhất (trừ bản thân) trạng thái hồi sinh, người đó sau khi chết sẽ có thể hồi sinh với 70% máu (Cấp 7 mở)&quot;"/>
  <heros_talent id="13011" level="5" name="Thiên phú 11" icon="baozouqianghua.png" propertyType1="6|100,7|100,8|100" skillId="" skillDepict="Thiên phú dự bị 11" promotion1="" promotion1Dis="" promotion2="" promotion2Dis="" promotionSkill1="" promotionSkill1Dis="" preview=""/>
  <heros_talent id="13012" level="5" name="Thiên phú 12" icon="baozouqianghua.png" propertyType1="6|100,7|100,8|100" skillId="" skillDepict="Thiên phú dự bị 12" promotion1="" promotion1Dis="" promotion2="" promotion2Dis="" promotionSkill1="" promotionSkill1Dis="" preview=""/>
  <heros_talent id="13013" level="5" name="Thiên phú 13" icon="baozouqianghua.png" propertyType1="6|100,7|100,8|100" skillId="" skillDepict="Thiên phú dự bị 13" promotion1="" promotion1Dis="" promotion2="" promotion2Dis="" promotionSkill1="" promotionSkill1Dis="" preview=""/>
  <heros_talent id="13014" level="5" name="Thiên phú 14" icon="baozouqianghua.png" propertyType1="6|100,7|100,8|100" skillId="" skillDepict="Thiên phú dự bị 14" promotion1="" promotion1Dis="" promotion2="" promotion2Dis="" promotionSkill1="" promotionSkill1Dis="" preview=""/>
  <heros_talent id="13015" level="5" name="Thiên phú 15" icon="baozouqianghua.png" propertyType1="6|100,7|100,8|100" skillId="" skillDepict="Thiên phú dự bị 15" promotion1="" promotion1Dis="" promotion2="" promotion2Dis="" promotionSkill1="" promotionSkill1Dis="" preview=""/>
  <heros_talent id="13016" level="5" name="Thiên phú 16" icon="baozouqianghua.png" propertyType1="6|100,7|100,8|100" skillId="" skillDepict="Thiên phú dự bị 16" promotion1="" promotion1Dis="" promotion2="" promotion2Dis="" promotionSkill1="" promotionSkill1Dis="" preview=""/>
  <heros_talent id="13017" level="5" name="Thiên phú 17" icon="baozouqianghua.png" propertyType1="6|100,7|100,8|100" skillId="" skillDepict="Thiên phú dự bị 17" promotion1="" promotion1Dis="" promotion2="" promotion2Dis="" promotionSkill1="" promotionSkill1Dis="" preview=""/>
  <heros_talent id="13018" level="5" name="Thiên phú 18" icon="baozouqianghua.png" propertyType1="6|100,7|100,8|100" skillId="" skillDepict="Thiên phú dự bị 18" promotion1="" promotion1Dis="" promotion2="" promotion2Dis="" promotionSkill1="" promotionSkill1Dis="" preview=""/>
  <heros_talent id="13019" level="5" name="Thiên phú 19" icon="baozouqianghua.png" propertyType1="6|100,7|100,8|100" skillId="" skillDepict="Thiên phú dự bị 19" promotion1="" promotion1Dis="" promotion2="" promotion2Dis="" promotionSkill1="" promotionSkill1Dis="" preview=""/>
  <heros_talent id="13020" level="5" name="Thiên phú 20" icon="baozouqianghua.png" propertyType1="6|100,7|100,8|100" skillId="" skillDepict="Thiên phú dự bị 20" promotion1="" promotion1Dis="" promotion2="" promotion2Dis="" promotionSkill1="" promotionSkill1Dis="" preview=""/>
  <heros_talent id="16001" level="6" name="Cao su cường lực" icon="qianglixiangjiao.png" propertyType1="7|850,1|7500,26|1750,28|1750,30|1750" skillId="" skillDepict="" promotion1="54|600" promotion1Dis="Miễn thương tấn công thường +6%" promotion2="55|600" promotion2Dis="Nộ công +6%" promotionSkill1="" promotionSkill1Dis="" preview="&quot;Giảm tất cả sát thương chịu phải 5%, lúc tấn công Nộ có tỷ lệ 50% loại bỏ hiệu quả miễn dịch TC của mục tiêu (Cấp 7 mở)&quot;"/>
  <heros_talent id="16002" level="6" name="Đạo lý Kiếm Sỹ" icon="jianshiaoyi.png" propertyType1="7|750,1|7000" skillId="20009404" skillDepict="&quot;Khi đánh mục tấn lượng máu nhỏ hơn 75%, s.thương gây ra cho địch tăng 25%&quot;" promotion1="54|600" promotion1Dis="Miễn thương tấn công thường +6%" promotion2="27|600" promotion2Dis="TC +6%" promotionSkill1="" promotionSkill1Dis="" preview="&quot;Mỗi khi có 1 đồng đội bị chết, sát thương bản thân tạo ra tăng 25% (Cấp 7 mở)&quot;"/>
  <heros_talent id="16003" level="6" name="BBQ thịt dê" icon="yangroubabiq.png" propertyType1="10|1050,1|7500" skillId="20009405" skillDepict="Mỗi lần hành động hồi thêm cho bản thân 15 nộ" promotion1="54|600" promotion1Dis="Miễn thương tấn công thường +6%" promotion2="27|600" promotion2Dis="TC +6%" promotionSkill1="" promotionSkill1Dis="" preview="&quot;Mỗi lần tấn công, nếu Nộ của bản thân cao hơn 80 điểm, sát thương tạo ra của lần này tăng 25% (Cấp 7 mở)&quot;"/>
  <heros_talent id="16004" level="6" name="Lôi Vân Thiên Hầu" icon="leiyuntianhou.png" propertyType1="8|750,1|7000" skillId="20009406" skillDepict="&quot;Khi bị đánh thường, giảm mục tiêu 10 nộ&quot;" promotion1="54|600" promotion1Dis="Miễn thương tấn công thường +6%" promotion2="29|600" promotion2Dis="MC +6%" promotionSkill1="" promotionSkill1Dis="" preview="&quot;Nộ của mục tiêu thấp hơn 50 điểm, sát thương tạo ra cho mục tiêu tăng 50% (Cấp 7 mở)&quot;"/>
  <heros_talent id="16005" level="6" name="Hoa hoa liêu loạn" icon="huahualiaoluan.png" propertyType1="8|750,1|7000" skillId="20009407" skillDepict="&quot;Khi đánh thường, nếu ma phòng của phe bị tấn công nhỏ hơn 75% ma phòng của phe tấn công thì chắc chắn bị choáng&quot;" promotion1="54|600" promotion1Dis="Miễn thương tấn công thường +6%" promotion2="29|600" promotion2Dis="MC +6%" promotionSkill1="" promotionSkill1Dis="" preview="&quot;Giảm tất cả sát thương chịu phải 5%, sau khi ra trận mỗi hiệp có tỷ lệ 35% miễn dịch trạng thái đóng băng (Cấp 7 mở)&quot;"/>
  <heros_talent id="16006" level="6" name="Hiểu rõ nhược điểm" icon="dongcharuodian.png" propertyType1="6|750,1|7000,25|2250" skillId="" skillDepict="" promotion1="54|600" promotion1Dis="Miễn thương tấn công thường +6%" promotion2="25|600" promotion2Dis="VC +6%" promotionSkill1="" promotionSkill1Dis="" preview="&quot;Lúc mỗi lần tấn công, có tỷ lệ 50% khiến sát thương bản thân tạo ra tăng 40% (Cấp 7 mở)&quot;"/>
  <heros_talent id="16007" level="6" name="Man of Steel" icon="gangtiezhiqu.png" propertyType1="9|1050,1|7500" skillId="20009408" skillDepict="Miễn giảm 20% s.thương vật lý gặp phải" promotion1="54|600" promotion1Dis="Miễn thương tấn công thường +6%" promotion2="27|600" promotion2Dis="TC +6%" promotionSkill1="" promotionSkill1Dis="" preview="&quot;Khi máu bản thân thấp hơn 35%, tất cả sát thương phải chịu giảm 25% (Cấp 7 mở)&quot;"/>
  <heros_talent id="16008" level="6" name="Hoàng tuyền chi tức" icon="huangqunzhixi.png" propertyType1="9|1050,1|7500" skillId="20009409" skillDepict="&quot;Mỗi lần hành động hồi 1% lượng máu lớn nhất&quot;" promotion1="54|600" promotion1Dis="Miễn thương tấn công thường +6%" promotion2="27|600" promotion2Dis="TC +6%" promotionSkill1="" promotionSkill1Dis="" preview="&quot;Tăng toàn đội 10% miễn giảm sát thương, sau khi Brook chết sẽ mất đi hiệu quả (Cấp 7 mở)&quot;"/>
  <heros_talent id="16009" level="6" name="Cường hóa Bạo tẩu" icon="baozouqianghua.png" propertyType1="9|1050,1|7000" skillId="20009410" skillDepict="&quot;Khi gặp nộ công, giới hạn lượng máu tăng 10%, có thể ghép chồng 5 lần&quot;" promotion1="54|600" promotion1Dis="Miễn thương tấn công thường +6%" promotion2="29|600" promotion2Dis="MC +6%" promotionSkill1="" promotionSkill1Dis="" preview="&quot;Giảm tất cả sát thương chịu phải 5%, sau khi ra trận mỗi hiệp có tỷ lệ 25% miễn dịch trạng thái choáng (Cấp 7 mở)&quot;"/>
  <heros_talent id="16010" level="6" name="Thủ thuật bất lão" icon="bulaoshoushu.png" propertyType1="8|1050,1|7500" skillId="20010797,20010806" skillDepict="&quot;Tấn công thường có 30% sác xuất tê liệt đối phương, nếu phòng thủ pháp thuật của đối phương nhỏ hơn 75% tấn công pháp thuật của bên công sẽ nhất định bị tê liệt (Tê liệt: khiến đối phương không thể sử dụng tấn cong thường)&quot;" promotion1="54|600" promotion1Dis="Miễn thương tấn công thường +6%" promotion2="29|600" promotion2Dis="MC +6%" promotionSkill1="" promotionSkill1Dis="" preview="&quot;Sau khi ra trận cho đồng đội có máu thấp nhất (trừ bản thân) trạng thái hồi sinh, người đó sau khi chết sẽ có thể hồi sinh với 70% máu (Cấp 7 mở)&quot;"/>
  <heros_talent id="16011" level="6" name="Thiên phú 11" icon="baozouqianghua.png" propertyType1="6|100,7|100,8|100" skillId="" skillDepict="Thiên phú dự bị 11" promotion1="" promotion1Dis="" promotion2="" promotion2Dis="" promotionSkill1="" promotionSkill1Dis="" preview=""/>
  <heros_talent id="16012" level="6" name="Thiên phú 12" icon="baozouqianghua.png" propertyType1="6|100,7|100,8|100" skillId="" skillDepict="Thiên phú dự bị 12" promotion1="" promotion1Dis="" promotion2="" promotion2Dis="" promotionSkill1="" promotionSkill1Dis="" preview=""/>
  <heros_talent id="16013" level="6" name="Thiên phú 13" icon="baozouqianghua.png" propertyType1="6|100,7|100,8|100" skillId="" skillDepict="Thiên phú dự bị 13" promotion1="" promotion1Dis="" promotion2="" promotion2Dis="" promotionSkill1="" promotionSkill1Dis="" preview=""/>
  <heros_talent id="16014" level="6" name="Thiên phú 14" icon="baozouqianghua.png" propertyType1="6|100,7|100,8|100" skillId="" skillDepict="Thiên phú dự bị 14" promotion1="" promotion1Dis="" promotion2="" promotion2Dis="" promotionSkill1="" promotionSkill1Dis="" preview=""/>
  <heros_talent id="16015" level="6" name="Thiên phú 15" icon="baozouqianghua.png" propertyType1="6|100,7|100,8|100" skillId="" skillDepict="Thiên phú dự bị 15" promotion1="" promotion1Dis="" promotion2="" promotion2Dis="" promotionSkill1="" promotionSkill1Dis="" preview=""/>
  <heros_talent id="16016" level="6" name="Thiên phú 16" icon="baozouqianghua.png" propertyType1="6|100,7|100,8|100" skillId="" skillDepict="Thiên phú dự bị 16" promotion1="" promotion1Dis="" promotion2="" promotion2Dis="" promotionSkill1="" promotionSkill1Dis="" preview=""/>
  <heros_talent id="16017" level="6" name="Thiên phú 17" icon="baozouqianghua.png" propertyType1="6|100,7|100,8|100" skillId="" skillDepict="Thiên phú dự bị 17" promotion1="" promotion1Dis="" promotion2="" promotion2Dis="" promotionSkill1="" promotionSkill1Dis="" preview=""/>
  <heros_talent id="16018" level="6" name="Thiên phú 18" icon="baozouqianghua.png" propertyType1="6|100,7|100,8|100" skillId="" skillDepict="Thiên phú dự bị 18" promotion1="" promotion1Dis="" promotion2="" promotion2Dis="" promotionSkill1="" promotionSkill1Dis="" preview=""/>
  <heros_talent id="16019" level="6" name="Thiên phú 19" icon="baozouqianghua.png" propertyType1="6|100,7|100,8|100" skillId="" skillDepict="Thiên phú dự bị 19" promotion1="" promotion1Dis="" promotion2="" promotion2Dis="" promotionSkill1="" promotionSkill1Dis="" preview=""/>
  <heros_talent id="16020" level="6" name="Thiên phú 20" icon="baozouqianghua.png" propertyType1="6|100,7|100,8|100" skillId="" skillDepict="Thiên phú dự bị 20" promotion1="" promotion1Dis="" promotion2="" promotion2Dis="" promotionSkill1="" promotionSkill1Dis="" preview=""/>
  <heros_talent id="19001" level="7" name="Cao su cường lực" icon="qianglixiangjiao.png" propertyType1="7|900,1|8000,26|1800,28|1800,30|1800" skillId="" skillDepict="" promotion1="54|700" promotion1Dis="Miễn thương tấn công thường +7%" promotion2="55|700" promotion2Dis="Nộ công +7%" promotionSkill1="20010304,20010280" promotionSkill1Dis="&quot;Giảm tất cả sát thương chịu phải 5%, lúc tấn công Nộ có tỷ lệ 50% loại bỏ hiệu quả miễn dịch TC của mục tiêu&quot;" preview=""/>
  <heros_talent id="19002" level="7" name="Đạo lý Kiếm Sỹ" icon="jianshiaoyi.png" propertyType1="7|800,1|7500" skillId="20009404" skillDepict="&quot;Khi đánh mục tấn lượng máu nhỏ hơn 75%, s.thương gây ra cho địch tăng 25%&quot;" promotion1="54|700" promotion1Dis="Miễn thương tấn công thường +7%" promotion2="27|700" promotion2Dis="TC +7%" promotionSkill1="20010283" promotionSkill1Dis="&quot;Mỗi khi có 1 đồng đội bị chết, sát thương bản thân tạo ra tăng 25%&quot;" preview=""/>
  <heros_talent id="19003" level="7" name="BBQ thịt dê" icon="yangroubabiq.png" propertyType1="10|1100,1|8000" skillId="20009405" skillDepict="Mỗi lần hành động hồi thêm cho bản thân 15 nộ" promotion1="54|700" promotion1Dis="Miễn thương tấn công thường +7%" promotion2="27|700" promotion2Dis="TC +7%" promotionSkill1="20010286" promotionSkill1Dis="&quot;Mỗi lần tấn công, nếu Nộ của bản thân cao hơn 80 điểm, sát thương tạo ra của lần này tăng 25%&quot;" preview=""/>
  <heros_talent id="19004" level="7" name="Lôi Vân Thiên Hầu" icon="leiyuntianhou.png" propertyType1="8|800,1|7500" skillId="20009406" skillDepict="&quot;Khi bị đánh thường, giảm mục tiêu 10 nộ&quot;" promotion1="54|700" promotion1Dis="Miễn thương tấn công thường +7%" promotion2="29|700" promotion2Dis="MC +7%" promotionSkill1="20010289" promotionSkill1Dis="&quot;Nộ của mục tiêu thấp hơn 50 điểm, sát thương tạo ra cho mục tiêu tăng 50%&quot;" preview=""/>
  <heros_talent id="19005" level="7" name="Hoa hoa liêu loạn" icon="huahualiaoluan.png" propertyType1="8|800,1|7500" skillId="20009407" skillDepict="&quot;Khi đánh thường, nếu ma phòng của phe bị tấn công nhỏ hơn 75% ma phòng của phe tấn công thì chắc chắn bị choáng&quot;" promotion1="54|700" promotion1Dis="Miễn thương tấn công thường +7%" promotion2="29|700" promotion2Dis="MC +7%" promotionSkill1="20010304,20010293" promotionSkill1Dis="&quot;Giảm tất cả sát thương chịu phải 5%, sau khi ra trận mỗi hiệp có tỷ lệ 35% miễn dịch trạng thái đóng băng&quot;" preview=""/>
  <heros_talent id="19006" level="7" name="Hiểu rõ nhược điểm" icon="dongcharuodian.png" propertyType1="6|800,1|7500,25|2300" skillId="" skillDepict="" promotion1="54|700" promotion1Dis="Miễn thương tấn công thường +7%" promotion2="25|700" promotion2Dis="VC +7%" promotionSkill1="20010295" promotionSkill1Dis="&quot;Lúc mỗi lần tấn công, có tỷ lệ 50% khiến sát thương bản thân tạo ra tăng 40%&quot;" preview=""/>
  <heros_talent id="19007" level="7" name="Man of Steel" icon="gangtiezhiqu.png" propertyType1="9|1100,1|8000" skillId="20009408" skillDepict="Miễn giảm 20% s.thương vật lý gặp phải" promotion1="54|700" promotion1Dis="Miễn thương tấn công thường +7%" promotion2="27|700" promotion2Dis="TC +7%" promotionSkill1="20010298" promotionSkill1Dis="&quot;Khi máu bản thân thấp hơn 35%, tất cả sát thương phải chịu giảm 25%&quot;" preview=""/>
  <heros_talent id="19008" level="7" name="Hoàng tuyền chi tức" icon="huangqunzhixi.png" propertyType1="9|1100,1|8000" skillId="20009409" skillDepict="&quot;Mỗi lần hành động hồi 1% lượng máu lớn nhất&quot;" promotion1="54|700" promotion1Dis="Miễn thương tấn công thường +7%" promotion2="27|700" promotion2Dis="TC +7%" promotionSkill1="20010301" promotionSkill1Dis="&quot;Tăng toàn đội 10% miễn giảm sát thương, sau khi Brook chết sẽ mất đi hiệu quả&quot;" preview=""/>
  <heros_talent id="19009" level="7" name="Cường hóa Bạo tẩu" icon="baozouqianghua.png" propertyType1="9|1100,1|7500" skillId="20009410" skillDepict="&quot;Khi gặp nộ công, giới hạn lượng máu tăng 10%, có thể ghép chồng 5 lần&quot;" promotion1="54|700" promotion1Dis="Miễn thương tấn công thường +7%" promotion2="29|700" promotion2Dis="MC +7%" promotionSkill1="20010304,20010305" promotionSkill1Dis="&quot;Giảm tất cả sát thương chịu phải 5%, sau khi ra trận mỗi hiệp có tỷ lệ 25% miễn dịch trạng thái choáng&quot;" preview=""/>
  <heros_talent id="19010" level="7" name="Thủ thuật bất lão" icon="bulaoshoushu.png" propertyType1="8|1100,1|8000" skillId="20010797,20010806" skillDepict="&quot;Tấn công thường có 30% sác xuất tê liệt đối phương, nếu phòng thủ pháp thuật của đối phương nhỏ hơn 75% tấn công pháp thuật của bên công sẽ nhất định bị tê liệt (Tê liệt: khiến đối phương không thể sử dụng tấn cong thường)&quot;" promotion1="54|700" promotion1Dis="Miễn thương tấn công thường +7%" promotion2="29|700" promotion2Dis="MC +7%" promotionSkill1="20010798" promotionSkill1Dis="&quot;Sau khi ra trận cho đồng đội có máu thấp nhất (trừ bản thân) trạng thái hồi sinh, người đó sau khi chết sẽ có thể hồi sinh với 70% máu&quot;" preview=""/>
  <heros_talent id="19011" level="7" name="Thiên phú 11" icon="baozouqianghua.png" propertyType1="6|100,7|100,8|100" skillId="" skillDepict="Thiên phú dự bị 11" promotion1="" promotion1Dis="" promotion2="" promotion2Dis="" promotionSkill1="" promotionSkill1Dis="" preview=""/>
  <heros_talent id="19012" level="7" name="Thiên phú 12" icon="baozouqianghua.png" propertyType1="6|100,7|100,8|100" skillId="" skillDepict="Thiên phú dự bị 12" promotion1="" promotion1Dis="" promotion2="" promotion2Dis="" promotionSkill1="" promotionSkill1Dis="" preview=""/>
  <heros_talent id="19013" level="7" name="Thiên phú 13" icon="baozouqianghua.png" propertyType1="6|100,7|100,8|100" skillId="" skillDepict="Thiên phú dự bị 13" promotion1="" promotion1Dis="" promotion2="" promotion2Dis="" promotionSkill1="" promotionSkill1Dis="" preview=""/>
  <heros_talent id="19014" level="7" name="Thiên phú 14" icon="baozouqianghua.png" propertyType1="6|100,7|100,8|100" skillId="" skillDepict="Thiên phú dự bị 14" promotion1="" promotion1Dis="" promotion2="" promotion2Dis="" promotionSkill1="" promotionSkill1Dis="" preview=""/>
  <heros_talent id="19015" level="7" name="Thiên phú 15" icon="baozouqianghua.png" propertyType1="6|100,7|100,8|100" skillId="" skillDepict="Thiên phú dự bị 15" promotion1="" promotion1Dis="" promotion2="" promotion2Dis="" promotionSkill1="" promotionSkill1Dis="" preview=""/>
  <heros_talent id="19016" level="7" name="Thiên phú 16" icon="baozouqianghua.png" propertyType1="6|100,7|100,8|100" skillId="" skillDepict="Thiên phú dự bị 16" promotion1="" promotion1Dis="" promotion2="" promotion2Dis="" promotionSkill1="" promotionSkill1Dis="" preview=""/>
  <heros_talent id="19017" level="7" name="Thiên phú 17" icon="baozouqianghua.png" propertyType1="6|100,7|100,8|100" skillId="" skillDepict="Thiên phú dự bị 17" promotion1="" promotion1Dis="" promotion2="" promotion2Dis="" promotionSkill1="" promotionSkill1Dis="" preview=""/>
  <heros_talent id="19018" level="7" name="Thiên phú 18" icon="baozouqianghua.png" propertyType1="6|100,7|100,8|100" skillId="" skillDepict="Thiên phú dự bị 18" promotion1="" promotion1Dis="" promotion2="" promotion2Dis="" promotionSkill1="" promotionSkill1Dis="" preview=""/>
  <heros_talent id="19019" level="7" name="Thiên phú 19" icon="baozouqianghua.png" propertyType1="6|100,7|100,8|100" skillId="" skillDepict="Thiên phú dự bị 19" promotion1="" promotion1Dis="" promotion2="" promotion2Dis="" promotionSkill1="" promotionSkill1Dis="" preview=""/>
  <heros_talent id="19020" level="7" name="Thiên phú 20" icon="baozouqianghua.png" propertyType1="6|100,7|100,8|100" skillId="" skillDepict="Thiên phú dự bị 20" promotion1="" promotion1Dis="" promotion2="" promotion2Dis="" promotionSkill1="" promotionSkill1Dis="" preview=""/>
  <heros_talent id="22001" level="8" name="Cao su cường lực" icon="qianglixiangjiao.png" propertyType1="7|950,1|8500,26|1850,28|1850,30|1850" skillId="" skillDepict="" promotion1="54|800" promotion1Dis="Miễn thương tấn công thường +8%" promotion2="55|800" promotion2Dis="Nộ công +8%" promotionSkill1="20010331,20010307" promotionSkill1Dis="&quot;Giảm tất cả sát thương chịu phải 6%, lúc tấn công Nộ có tỷ lệ 60% loại bỏ hiệu quả miễn dịch TC của mục tiêu&quot;" preview=""/>
  <heros_talent id="22002" level="8" name="Đạo lý Kiếm Sỹ" icon="jianshiaoyi.png" propertyType1="7|850,1|8000" skillId="20009404" skillDepict="&quot;Khi đánh mục tấn lượng máu nhỏ hơn 75%, s.thương gây ra cho địch tăng 25%&quot;" promotion1="54|800" promotion1Dis="Miễn thương tấn công thường +8%" promotion2="27|800" promotion2Dis="TC +8%" promotionSkill1="20010310" promotionSkill1Dis="&quot;Mỗi khi có 1 đồng đội bị chết, sát thương bản thân tạo ra tăng 33%&quot;" preview=""/>
  <heros_talent id="22003" level="8" name="BBQ thịt dê" icon="yangroubabiq.png" propertyType1="10|1150,1|8500" skillId="20009405" skillDepict="Mỗi lần hành động hồi thêm cho bản thân 15 nộ" promotion1="54|800" promotion1Dis="Miễn thương tấn công thường +8%" promotion2="27|800" promotion2Dis="TC +8%" promotionSkill1="20010313" promotionSkill1Dis="&quot;Mỗi lần tấn công, nếu Nộ của bản thân cao hơn 75 điểm, sát thương tạo ra của lần này tăng 32%&quot;" preview=""/>
  <heros_talent id="22004" level="8" name="Lôi Vân Thiên Hầu" icon="leiyuntianhou.png" propertyType1="8|850,1|8000" skillId="20009406" skillDepict="&quot;Khi bị đánh thường, giảm mục tiêu 10 nộ&quot;" promotion1="54|800" promotion1Dis="Miễn thương tấn công thường +8%" promotion2="29|800" promotion2Dis="MC +8%" promotionSkill1="20010316" promotionSkill1Dis="&quot;Nộ của mục tiêu thấp hơn 55 điểm, sát thương tạo ra cho mục tiêu tăng 65%&quot;" preview=""/>
  <heros_talent id="22005" level="8" name="Hoa hoa liêu loạn" icon="huahualiaoluan.png" propertyType1="8|850,1|8000" skillId="20009407" skillDepict="&quot;Khi đánh thường, nếu ma phòng của phe bị tấn công nhỏ hơn 75% ma phòng của phe tấn công thì chắc chắn bị choáng&quot;" promotion1="54|800" promotion1Dis="Miễn thương tấn công thường +8%" promotion2="29|800" promotion2Dis="MC +8%" promotionSkill1="20010331,20010320" promotionSkill1Dis="&quot;Giảm tất cả sát thương chịu phải 6%, sau khi ra trận mỗi hiệp có tỷ lệ 40% miễn dịch trạng thái đóng băng&quot;" preview=""/>
  <heros_talent id="22006" level="8" name="Hiểu rõ nhược điểm" icon="dongcharuodian.png" propertyType1="6|850,1|8000,25|2350" skillId="" skillDepict="" promotion1="54|800" promotion1Dis="Miễn thương tấn công thường +8%" promotion2="25|800" promotion2Dis="VC +8%" promotionSkill1="20010322" promotionSkill1Dis="&quot;Lúc mỗi lần tấn công, có tỷ lệ 58% khiến sát thương bản thân tạo ra tăng 53%&quot;" preview=""/>
  <heros_talent id="22007" level="8" name="Man of Steel" icon="gangtiezhiqu.png" propertyType1="9|1150,1|8500" skillId="20009408" skillDepict="Miễn giảm 20% s.thương vật lý gặp phải" promotion1="54|800" promotion1Dis="Miễn thương tấn công thường +8%" promotion2="27|800" promotion2Dis="TC +8%" promotionSkill1="20010325" promotionSkill1Dis="&quot;Khi máu bản thân thấp hơn 46%, tất cả sát thương phải chịu giảm 33%&quot;" preview=""/>
  <heros_talent id="22008" level="8" name="Hoàng tuyền chi tức" icon="huangqunzhixi.png" propertyType1="9|1150,1|8500" skillId="20009409" skillDepict="&quot;Mỗi lần hành động hồi 1% lượng máu lớn nhất&quot;" promotion1="54|800" promotion1Dis="Miễn thương tấn công thường +8%" promotion2="27|800" promotion2Dis="TC +8%" promotionSkill1="20010328" promotionSkill1Dis="&quot;Tăng toàn đội 13% miễn giảm sát thương, sau khi Brook chết sẽ mất đi hiệu quả&quot;" preview=""/>
  <heros_talent id="22009" level="8" name="Cường hóa Bạo tẩu" icon="baozouqianghua.png" propertyType1="9|1150,1|8000" skillId="20009410" skillDepict="&quot;Khi gặp nộ công, giới hạn lượng máu tăng 10%, có thể ghép chồng 5 lần&quot;" promotion1="54|800" promotion1Dis="Miễn thương tấn công thường +8%" promotion2="29|800" promotion2Dis="MC +8%" promotionSkill1="20010331,20010332" promotionSkill1Dis="&quot;Giảm tất cả sát thương chịu phải 6%, sau khi ra trận mỗi hiệp có tỷ lệ 33% miễn dịch trạng thái choáng&quot;" preview=""/>
  <heros_talent id="22010" level="8" name="Thủ thuật bất lão" icon="bulaoshoushu.png" propertyType1="8|1150,1|8500" skillId="20010797,20010806" skillDepict="&quot;Tấn công thường có 30% sác xuất tê liệt đối phương, nếu phòng thủ pháp thuật của đối phương nhỏ hơn 75% tấn công pháp thuật của bên công sẽ nhất định bị tê liệt (Tê liệt: khiến đối phương không thể sử dụng tấn cong thường)&quot;" promotion1="54|800" promotion1Dis="Miễn thương tấn công thường +8%" promotion2="29|800" promotion2Dis="MC +8%" promotionSkill1="20010800" promotionSkill1Dis="&quot;Sau khi ra trận cho đồng đội có máu thấp nhất (trừ bản thân) trạng thái hồi sinh, người đó sau khi chết sẽ có thể hồi sinh với 80% máu&quot;" preview=""/>
  <heros_talent id="22011" level="8" name="Thiên phú 11" icon="baozouqianghua.png" propertyType1="6|100,7|100,8|100" skillId="" skillDepict="Thiên phú dự bị 11" promotion1="" promotion1Dis="" promotion2="" promotion2Dis="" promotionSkill1="" promotionSkill1Dis="" preview=""/>
  <heros_talent id="22012" level="8" name="Thiên phú 12" icon="baozouqianghua.png" propertyType1="6|100,7|100,8|100" skillId="" skillDepict="Thiên phú dự bị 12" promotion1="" promotion1Dis="" promotion2="" promotion2Dis="" promotionSkill1="" promotionSkill1Dis="" preview=""/>
  <heros_talent id="22013" level="8" name="Thiên phú 13" icon="baozouqianghua.png" propertyType1="6|100,7|100,8|100" skillId="" skillDepict="Thiên phú dự bị 13" promotion1="" promotion1Dis="" promotion2="" promotion2Dis="" promotionSkill1="" promotionSkill1Dis="" preview=""/>
  <heros_talent id="22014" level="8" name="Thiên phú 14" icon="baozouqianghua.png" propertyType1="6|100,7|100,8|100" skillId="" skillDepict="Thiên phú dự bị 14" promotion1="" promotion1Dis="" promotion2="" promotion2Dis="" promotionSkill1="" promotionSkill1Dis="" preview=""/>
  <heros_talent id="22015" level="8" name="Thiên phú 15" icon="baozouqianghua.png" propertyType1="6|100,7|100,8|100" skillId="" skillDepict="Thiên phú dự bị 15" promotion1="" promotion1Dis="" promotion2="" promotion2Dis="" promotionSkill1="" promotionSkill1Dis="" preview=""/>
  <heros_talent id="22016" level="8" name="Thiên phú 16" icon="baozouqianghua.png" propertyType1="6|100,7|100,8|100" skillId="" skillDepict="Thiên phú dự bị 16" promotion1="" promotion1Dis="" promotion2="" promotion2Dis="" promotionSkill1="" promotionSkill1Dis="" preview=""/>
  <heros_talent id="22017" level="8" name="Thiên phú 17" icon="baozouqianghua.png" propertyType1="6|100,7|100,8|100" skillId="" skillDepict="Thiên phú dự bị 17" promotion1="" promotion1Dis="" promotion2="" promotion2Dis="" promotionSkill1="" promotionSkill1Dis="" preview=""/>
  <heros_talent id="22018" level="8" name="Thiên phú 18" icon="baozouqianghua.png" propertyType1="6|100,7|100,8|100" skillId="" skillDepict="Thiên phú dự bị 18" promotion1="" promotion1Dis="" promotion2="" promotion2Dis="" promotionSkill1="" promotionSkill1Dis="" preview=""/>
  <heros_talent id="22019" level="8" name="Thiên phú 19" icon="baozouqianghua.png" propertyType1="6|100,7|100,8|100" skillId="" skillDepict="Thiên phú dự bị 19" promotion1="" promotion1Dis="" promotion2="" promotion2Dis="" promotionSkill1="" promotionSkill1Dis="" preview=""/>
  <heros_talent id="22020" level="8" name="Thiên phú 20" icon="baozouqianghua.png" propertyType1="6|100,7|100,8|100" skillId="" skillDepict="Thiên phú dự bị 20" promotion1="" promotion1Dis="" promotion2="" promotion2Dis="" promotionSkill1="" promotionSkill1Dis="" preview=""/>
  <heros_talent id="25001" level="9" name="Cao su cường lực" icon="qianglixiangjiao.png" propertyType1="7|1000,1|9000,26|1900,28|1900,30|1900" skillId="" skillDepict="" promotion1="54|900" promotion1Dis="Miễn thương tấn công thường +9%" promotion2="55|900" promotion2Dis="Nộ công +9%" promotionSkill1="20010358,20010334" promotionSkill1Dis="&quot;Giảm tất cả sát thương chịu phải 8%, lúc tấn công Nộ có tỷ lệ 80% loại bỏ hiệu quả miễn dịch TC của mục tiêu&quot;" preview=""/>
  <heros_talent id="25002" level="9" name="Đạo lý Kiếm Sỹ" icon="jianshiaoyi.png" propertyType1="7|900,1|8500" skillId="20009404" skillDepict="&quot;Khi đánh mục tấn lượng máu nhỏ hơn 75%, s.thương gây ra cho địch tăng 25%&quot;" promotion1="54|900" promotion1Dis="Miễn thương tấn công thường +9%" promotion2="27|900" promotion2Dis="TC +9%" promotionSkill1="20010337" promotionSkill1Dis="&quot;Mỗi khi có 1 đồng đội bị chết, sát thương bản thân tạo ra tăng 41%&quot;" preview=""/>
  <heros_talent id="25003" level="9" name="BBQ thịt dê" icon="yangroubabiq.png" propertyType1="10|1200,1|9000" skillId="20009405" skillDepict="Mỗi lần hành động hồi thêm cho bản thân 15 nộ" promotion1="54|900" promotion1Dis="Miễn thương tấn công thường +9%" promotion2="27|900" promotion2Dis="TC +9%" promotionSkill1="20010340" promotionSkill1Dis="&quot;Mỗi lần tấn công, nếu Nộ của bản thân cao hơn 70 điểm, sát thương tạo ra của lần này tăng 40%&quot;" preview=""/>
  <heros_talent id="25004" level="9" name="Lôi Vân Thiên Hầu" icon="leiyuntianhou.png" propertyType1="8|900,1|8500" skillId="20009406" skillDepict="&quot;Khi bị đánh thường, giảm mục tiêu 10 nộ&quot;" promotion1="54|900" promotion1Dis="Miễn thương tấn công thường +9%" promotion2="29|900" promotion2Dis="MC +9%" promotionSkill1="20010343" promotionSkill1Dis="&quot;Nộ của mục tiêu thấp hơn 65 điểm, sát thương tạo ra cho mục tiêu tăng 80%&quot;" preview=""/>
  <heros_talent id="25005" level="9" name="Hoa hoa liêu loạn" icon="huahualiaoluan.png" propertyType1="8|900,1|8500" skillId="20009407" skillDepict="&quot;Khi đánh thường, nếu ma phòng của phe bị tấn công nhỏ hơn 75% ma phòng của phe tấn công thì chắc chắn bị choáng&quot;" promotion1="54|900" promotion1Dis="Miễn thương tấn công thường +9%" promotion2="29|900" promotion2Dis="MC +9%" promotionSkill1="20010358,20010347" promotionSkill1Dis="&quot;Giảm tất cả sát thương chịu phải 8%, sau khi ra trận mỗi hiệp có tỷ lệ 45% miễn dịch trạng thái đóng băng&quot;" preview=""/>
  <heros_talent id="25006" level="9" name="Hiểu rõ nhược điểm" icon="dongcharuodian.png" propertyType1="6|900,1|8500,25|2400" skillId="" skillDepict="" promotion1="54|900" promotion1Dis="Miễn thương tấn công thường +9%" promotion2="25|900" promotion2Dis="VC +9%" promotionSkill1="20010349" promotionSkill1Dis="&quot;Lúc mỗi lần tấn công, có tỷ lệ 66% khiến sát thương bản thân tạo ra tăng 66%&quot;" preview=""/>
  <heros_talent id="25007" level="9" name="Man of Steel" icon="gangtiezhiqu.png" propertyType1="9|1200,1|9000" skillId="20009408" skillDepict="Miễn giảm 20% s.thương vật lý gặp phải" promotion1="54|900" promotion1Dis="Miễn thương tấn công thường +9%" promotion2="27|900" promotion2Dis="TC +9%" promotionSkill1="20010352" promotionSkill1Dis="&quot;Khi máu bản thân thấp hơn 58%, tất cả sát thương phải chịu giảm 41%&quot;" preview=""/>
  <heros_talent id="25008" level="9" name="Hoàng tuyền chi tức" icon="huangqunzhixi.png" propertyType1="9|1200,1|9000" skillId="20009409" skillDepict="&quot;Mỗi lần hành động hồi 1% lượng máu lớn nhất&quot;" promotion1="54|900" promotion1Dis="Miễn thương tấn công thường +9%" promotion2="27|900" promotion2Dis="TC +9%" promotionSkill1="20010355" promotionSkill1Dis="&quot;Tăng toàn đội 16% miễn giảm sát thương, sau khi Brook chết sẽ mất đi hiệu quả&quot;" preview=""/>
  <heros_talent id="25009" level="9" name="Cường hóa Bạo tẩu" icon="baozouqianghua.png" propertyType1="9|1200,1|8500" skillId="20009410" skillDepict="&quot;Khi gặp nộ công, giới hạn lượng máu tăng 10%, có thể ghép chồng 5 lần&quot;" promotion1="54|900" promotion1Dis="Miễn thương tấn công thường +9%" promotion2="29|900" promotion2Dis="MC +9%" promotionSkill1="20010358,20010359" promotionSkill1Dis="&quot;Giảm tất cả sát thương chịu phải 8%, sau khi ra trận mỗi hiệp có tỷ lệ 41% miễn dịch trạng thái choáng&quot;" preview=""/>
  <heros_talent id="25010" level="9" name="Thủ thuật bất lão" icon="bulaoshoushu.png" propertyType1="8|1200,1|9000" skillId="20010797,20010806" skillDepict="&quot;Tấn công thường có 30% sác xuất tê liệt đối phương, nếu phòng thủ pháp thuật của đối phương nhỏ hơn 75% tấn công pháp thuật của bên công sẽ nhất định bị tê liệt (Tê liệt: khiến đối phương không thể sử dụng tấn cong thường)&quot;" promotion1="54|900" promotion1Dis="Miễn thương tấn công thường +9%" promotion2="29|900" promotion2Dis="MC +9%" promotionSkill1="20010802" promotionSkill1Dis="&quot;Sau khi ra trận cho đồng đội có máu thấp nhất (trừ bản thân) trạng thái hồi sinh, người đó sau khi chết sẽ có thể hồi sinh với 90% máu&quot;" preview=""/>
  <heros_talent id="25011" level="9" name="Thiên phú 11" icon="baozouqianghua.png" propertyType1="6|100,7|100,8|100" skillId="" skillDepict="Thiên phú dự bị 11" promotion1="" promotion1Dis="" promotion2="" promotion2Dis="" promotionSkill1="" promotionSkill1Dis="" preview=""/>
  <heros_talent id="25012" level="9" name="Thiên phú 12" icon="baozouqianghua.png" propertyType1="6|100,7|100,8|100" skillId="" skillDepict="Thiên phú dự bị 12" promotion1="" promotion1Dis="" promotion2="" promotion2Dis="" promotionSkill1="" promotionSkill1Dis="" preview=""/>
  <heros_talent id="25013" level="9" name="Thiên phú 13" icon="baozouqianghua.png" propertyType1="6|100,7|100,8|100" skillId="" skillDepict="Thiên phú dự bị 13" promotion1="" promotion1Dis="" promotion2="" promotion2Dis="" promotionSkill1="" promotionSkill1Dis="" preview=""/>
  <heros_talent id="25014" level="9" name="Thiên phú 14" icon="baozouqianghua.png" propertyType1="6|100,7|100,8|100" skillId="" skillDepict="Thiên phú dự bị 14" promotion1="" promotion1Dis="" promotion2="" promotion2Dis="" promotionSkill1="" promotionSkill1Dis="" preview=""/>
  <heros_talent id="25015" level="9" name="Thiên phú 15" icon="baozouqianghua.png" propertyType1="6|100,7|100,8|100" skillId="" skillDepict="Thiên phú dự bị 15" promotion1="" promotion1Dis="" promotion2="" promotion2Dis="" promotionSkill1="" promotionSkill1Dis="" preview=""/>
  <heros_talent id="25016" level="9" name="Thiên phú 16" icon="baozouqianghua.png" propertyType1="6|100,7|100,8|100" skillId="" skillDepict="Thiên phú dự bị 16" promotion1="" promotion1Dis="" promotion2="" promotion2Dis="" promotionSkill1="" promotionSkill1Dis="" preview=""/>
  <heros_talent id="25017" level="9" name="Thiên phú 17" icon="baozouqianghua.png" propertyType1="6|100,7|100,8|100" skillId="" skillDepict="Thiên phú dự bị 17" promotion1="" promotion1Dis="" promotion2="" promotion2Dis="" promotionSkill1="" promotionSkill1Dis="" preview=""/>
  <heros_talent id="25018" level="9" name="Thiên phú 18" icon="baozouqianghua.png" propertyType1="6|100,7|100,8|100" skillId="" skillDepict="Thiên phú dự bị 18" promotion1="" promotion1Dis="" promotion2="" promotion2Dis="" promotionSkill1="" promotionSkill1Dis="" preview=""/>
  <heros_talent id="25019" level="9" name="Thiên phú 19" icon="baozouqianghua.png" propertyType1="6|100,7|100,8|100" skillId="" skillDepict="Thiên phú dự bị 19" promotion1="" promotion1Dis="" promotion2="" promotion2Dis="" promotionSkill1="" promotionSkill1Dis="" preview=""/>
  <heros_talent id="25020" level="9" name="Thiên phú 20" icon="baozouqianghua.png" propertyType1="6|100,7|100,8|100" skillId="" skillDepict="Thiên phú dự bị 20" promotion1="" promotion1Dis="" promotion2="" promotion2Dis="" promotionSkill1="" promotionSkill1Dis="" preview=""/>
  <heros_talent id="28001" level="10" name="Cao su cường lực" icon="qianglixiangjiao.png" propertyType1="7|1050,1|9500,26|1950,28|1950,30|1950" skillId="" skillDepict="" promotion1="54|1000" promotion1Dis="Miễn thương tấn công thường +10%" promotion2="55|1000" promotion2Dis="Nộ công +10%" promotionSkill1="20010385,20010361" promotionSkill1Dis="&quot;Giảm tất cả sát thương chịu phải 10%, lúc tấn công Nộ có tỷ lệ 100% loại bỏ hiệu quả miễn dịch TC của mục tiêu&quot;" preview=""/>
  <heros_talent id="28002" level="10" name="Đạo lý Kiếm Sỹ" icon="jianshiaoyi.png" propertyType1="7|950,1|9000" skillId="20009404" skillDepict="&quot;Khi đánh mục tấn lượng máu nhỏ hơn 75%, s.thương gây ra cho địch tăng 25%&quot;" promotion1="54|1000" promotion1Dis="Miễn thương tấn công thường +10%" promotion2="27|1000" promotion2Dis="TC +10%" promotionSkill1="20010364" promotionSkill1Dis="&quot;Mỗi khi có 1 đồng đội bị chết, sát thương bản thân tạo ra tăng 50%&quot;" preview=""/>
  <heros_talent id="28003" level="10" name="BBQ thịt dê" icon="yangroubabiq.png" propertyType1="10|1250,1|9500" skillId="20009405" skillDepict="Mỗi lần hành động hồi thêm cho bản thân 15 nộ" promotion1="54|1000" promotion1Dis="Miễn thương tấn công thường +10%" promotion2="27|1000" promotion2Dis="TC +10%" promotionSkill1="20010367" promotionSkill1Dis="&quot;Mỗi lần tấn công, nếu Nộ của bản thân cao hơn 65 điểm, sát thương tạo ra của lần này tăng 50%&quot;" preview=""/>
  <heros_talent id="28004" level="10" name="Lôi Vân Thiên Hầu" icon="leiyuntianhou.png" propertyType1="8|950,1|9000" skillId="20009406" skillDepict="&quot;Khi bị đánh thường, giảm mục tiêu 10 nộ&quot;" promotion1="54|1000" promotion1Dis="Miễn thương tấn công thường +10%" promotion2="29|1000" promotion2Dis="MC +10%" promotionSkill1="20010370" promotionSkill1Dis="&quot;Nộ của mục tiêu thấp hơn 75 điểm, sát thương tạo ra cho mục tiêu tăng 100%&quot;" preview=""/>
  <heros_talent id="28005" level="10" name="Hoa hoa liêu loạn" icon="huahualiaoluan.png" propertyType1="8|950,1|9000" skillId="20009407" skillDepict="&quot;Khi đánh thường, nếu ma phòng của phe bị tấn công nhỏ hơn 75% ma phòng của phe tấn công thì chắc chắn bị choáng&quot;" promotion1="54|1000" promotion1Dis="Miễn thương tấn công thường +10%" promotion2="29|1000" promotion2Dis="MC +10%" promotionSkill1="20010385,20010374" promotionSkill1Dis="&quot;Giảm tất cả sát thương chịu phải 10%, sau khi ra trận mỗi hiệp có tỷ lệ 50% miễn dịch trạng thái đóng băng&quot;" preview=""/>
  <heros_talent id="28006" level="10" name="Hiểu rõ nhược điểm" icon="dongcharuodian.png" propertyType1="6|950,1|9000,25|2450" skillId="" skillDepict="" promotion1="54|1000" promotion1Dis="Miễn thương tấn công thường +10%" promotion2="25|1000" promotion2Dis="VC +10%" promotionSkill1="20010376" promotionSkill1Dis="&quot;Lúc mỗi lần tấn công, có tỷ lệ 75% khiến sát thương bản thân tạo ra tăng 80%&quot;" preview=""/>
  <heros_talent id="28007" level="10" name="Man of Steel" icon="gangtiezhiqu.png" propertyType1="9|1250,1|9500" skillId="20009408" skillDepict="Miễn giảm 20% s.thương vật lý gặp phải" promotion1="54|1000" promotion1Dis="Miễn thương tấn công thường +10%" promotion2="27|1000" promotion2Dis="TC +10%" promotionSkill1="20010379" promotionSkill1Dis="&quot;Khi máu bản thân thấp hơn 70%, tất cả sát thương phải chịu giảm 50%&quot;" preview=""/>
  <heros_talent id="28008" level="10" name="Hoàng tuyền chi tức" icon="huangqunzhixi.png" propertyType1="9|1250,1|9500" skillId="20009409" skillDepict="&quot;Mỗi lần hành động hồi 1% lượng máu lớn nhất&quot;" promotion1="54|1000" promotion1Dis="Miễn thương tấn công thường +10%" promotion2="27|1000" promotion2Dis="TC +10%" promotionSkill1="20010382" promotionSkill1Dis="&quot;Tăng toàn đội 20% miễn giảm sát thương, sau khi Brook chết sẽ mất đi hiệu quả&quot;" preview=""/>
  <heros_talent id="28009" level="10" name="Cường hóa Bạo tẩu" icon="baozouqianghua.png" propertyType1="9|1250,1|9000" skillId="20009410" skillDepict="&quot;Khi gặp nộ công, giới hạn lượng máu tăng 10%, có thể ghép chồng 5 lần&quot;" promotion1="54|1000" promotion1Dis="Miễn thương tấn công thường +10%" promotion2="29|1000" promotion2Dis="MC +10%" promotionSkill1="20010385,20010386" promotionSkill1Dis="&quot;Giảm tất cả sát thương chịu phải 10%, sau khi ra trận mỗi hiệp có tỷ lệ 50% miễn dịch trạng thái choáng&quot;" preview=""/>
  <heros_talent id="28010" level="10" name="Thủ thuật bất lão" icon="bulaoshoushu.png" propertyType1="8|1250,1|9500" skillId="20010797,20010806" skillDepict="&quot;Tấn công thường có 30% sác xuất tê liệt đối phương, nếu phòng thủ pháp thuật của đối phương nhỏ hơn 75% tấn công pháp thuật của bên công sẽ nhất định bị tê liệt (Tê liệt: khiến đối phương không thể sử dụng tấn cong thường)&quot;" promotion1="54|1000" promotion1Dis="Miễn thương tấn công thường +10%" promotion2="29|1000" promotion2Dis="MC +10%" promotionSkill1="20010804" promotionSkill1Dis="&quot;Sau khi ra trận cho đồng đội có máu thấp nhất (trừ bản thân) trạng thái hồi sinh, người đó sau khi chết sẽ có thể hồi sinh với 100% máu&quot;" preview=""/>
  <heros_talent id="28011" level="10" name="Thiên phú 11" icon="baozouqianghua.png" propertyType1="6|100,7|100,8|100" skillId="" skillDepict="Thiên phú dự bị 11" promotion1="" promotion1Dis="" promotion2="" promotion2Dis="" promotionSkill1="" promotionSkill1Dis="" preview=""/>
  <heros_talent id="28012" level="10" name="Thiên phú 12" icon="baozouqianghua.png" propertyType1="6|100,7|100,8|100" skillId="" skillDepict="Thiên phú dự bị 12" promotion1="" promotion1Dis="" promotion2="" promotion2Dis="" promotionSkill1="" promotionSkill1Dis="" preview=""/>
  <heros_talent id="28013" level="10" name="Thiên phú 13" icon="baozouqianghua.png" propertyType1="6|100,7|100,8|100" skillId="" skillDepict="Thiên phú dự bị 13" promotion1="" promotion1Dis="" promotion2="" promotion2Dis="" promotionSkill1="" promotionSkill1Dis="" preview=""/>
  <heros_talent id="28014" level="10" name="Thiên phú 14" icon="baozouqianghua.png" propertyType1="6|100,7|100,8|100" skillId="" skillDepict="Thiên phú dự bị 14" promotion1="" promotion1Dis="" promotion2="" promotion2Dis="" promotionSkill1="" promotionSkill1Dis="" preview=""/>
  <heros_talent id="28015" level="10" name="Thiên phú 15" icon="baozouqianghua.png" propertyType1="6|100,7|100,8|100" skillId="" skillDepict="Thiên phú dự bị 15" promotion1="" promotion1Dis="" promotion2="" promotion2Dis="" promotionSkill1="" promotionSkill1Dis="" preview=""/>
  <heros_talent id="28016" level="10" name="Thiên phú 16" icon="baozouqianghua.png" propertyType1="6|100,7|100,8|100" skillId="" skillDepict="Thiên phú dự bị 16" promotion1="" promotion1Dis="" promotion2="" promotion2Dis="" promotionSkill1="" promotionSkill1Dis="" preview=""/>
  <heros_talent id="28017" level="10" name="Thiên phú 17" icon="baozouqianghua.png" propertyType1="6|100,7|100,8|100" skillId="" skillDepict="Thiên phú dự bị 17" promotion1="" promotion1Dis="" promotion2="" promotion2Dis="" promotionSkill1="" promotionSkill1Dis="" preview=""/>
  <heros_talent id="28018" level="10" name="Thiên phú 18" icon="baozouqianghua.png" propertyType1="6|100,7|100,8|100" skillId="" skillDepict="Thiên phú dự bị 18" promotion1="" promotion1Dis="" promotion2="" promotion2Dis="" promotionSkill1="" promotionSkill1Dis="" preview=""/>
  <heros_talent id="28019" level="10" name="Thiên phú 19" icon="baozouqianghua.png" propertyType1="6|100,7|100,8|100" skillId="" skillDepict="Thiên phú dự bị 19" promotion1="" promotion1Dis="" promotion2="" promotion2Dis="" promotionSkill1="" promotionSkill1Dis="" preview=""/>
  <heros_talent id="28020" level="10" name="Thiên phú 20" icon="baozouqianghua.png" propertyType1="6|100,7|100,8|100" skillId="" skillDepict="Thiên phú dự bị 20" promotion1="" promotion1Dis="" promotion2="" promotion2Dis="" promotionSkill1="" promotionSkill1Dis="" preview=""/>
  <heros_talent id="30001" level="10" name="神使状态" icon="minwangbaqi.png" propertyType1="" skillId="" skillDepict="如同神使降临，提高自身超高属性" promotion1="" promotion1Dis="免疫一切负面状态" promotion2="" promotion2Dis="提高自身100%攻击力，提高自身100%防御能力" promotionSkill1="" promotionSkill1Dis="" preview="" skill_item_Id=""/>
  <heros_talent id="30002" level="15" name="神使状态" icon="minwangbaqi.png" propertyType1="" skillId="" skillDepict="如同神使降临，提高自身超高属性" promotion1="" promotion1Dis="初始怒气+100，免疫一切负面状态" promotion2="" promotion2Dis="提高自身150%攻击力，提高自身150%防御能力" promotionSkill1="" promotionSkill1Dis="" preview="" skill_item_Id=""/>
</root>