<?xml version="1.0" encoding="UTF-8" standalone="yes"?>
<root>
	<honor_shop id="1" itemTempId="70608" getNum="1" consumeHonour="10000" needPrestige="0" neeLevel="100" limitTime="1" canBatch="0"/>
	<honor_shop id="2" itemTempId="70609" getNum="1" consumeHonour="3500" needPrestige="0" neeLevel="1" limitTime="1" canBatch="0"/>
	<honor_shop id="18" itemTempId="70610" getNum="1" consumeHonour="100000" needPrestige="0" neeLevel="115" limitTime="1" canBatch="0"/>
	<honor_shop id="3" itemTempId="2100011" getNum="1" consumeHonour="3000" needPrestige="0" neeLevel="1" limitTime="0" canBatch="0"/>
	<honor_shop id="4" itemTempId="129001" getNum="1" consumeHonour="5000" needPrestige="500000" neeLevel="40" limitTime="1" canBatch="0"/>
	<honor_shop id="5" itemTempId="120011" getNum="1" consumeHonour="2500" needPrestige="0" neeLevel="1" limitTime="0" canBatch="0"/>
	<honor_shop id="6" itemTempId="129010" getNum="1" consumeHonour="1000" needPrestige="0" neeLevel="40" limitTime="0" canBatch="0"/>
	<honor_shop id="7" itemTempId="70110" getNum="1" consumeHonour="5000" needPrestige="500000" neeLevel="1" limitTime="1" canBatch="0"/>
	<honor_shop id="8" itemTempId="70520" getNum="1" consumeHonour="300" needPrestige="0" neeLevel="40" limitTime="0" canBatch="1"/>
	<honor_shop id="9" itemTempId="70523" getNum="1" consumeHonour="650" needPrestige="0" neeLevel="60" limitTime="0" canBatch="1"/>
	<honor_shop id="10" itemTempId="70529" getNum="1" consumeHonour="2350" needPrestige="0" neeLevel="80" limitTime="0" canBatch="1"/>
	<honor_shop id="11" itemTempId="60014" getNum="10" consumeHonour="100" needPrestige="0" neeLevel="1" limitTime="0" canBatch="1"/>
	<honor_shop id="12" itemTempId="120013" getNum="1" consumeHonour="60" needPrestige="0" neeLevel="1" limitTime="0" canBatch="1"/>
	<honor_shop id="13" itemTempId="70117" getNum="1" consumeHonour="750" needPrestige="0" neeLevel="1" limitTime="1" canBatch="0"/>
	<honor_shop id="14" itemTempId="70118" getNum="1" consumeHonour="850" needPrestige="0" neeLevel="1" limitTime="1" canBatch="0"/>
	<honor_shop id="15" itemTempId="70119" getNum="1" consumeHonour="950" needPrestige="0" neeLevel="1" limitTime="1" canBatch="0"/>
	<honor_shop id="16" itemTempId="70120" getNum="1" consumeHonour="1200" needPrestige="0" neeLevel="1" limitTime="1" canBatch="0"/>
	<honor_shop id="17" itemTempId="70121" getNum="1" consumeHonour="1500" needPrestige="0" neeLevel="1" limitTime="1" canBatch="0"/>
	<honor_shop id="19" itemTempId="129002" getNum="1" consumeHonour="30000" needPrestige="1200000" neeLevel="110" limitTime="1" canBatch="0"/>
	<honor_shop id="20" itemTempId="129003" getNum="1" consumeHonour="30000" needPrestige="12000000" neeLevel="110" limitTime="1" canBatch="0"/>
	<honor_shop id="21" itemTempId="129004" getNum="1" consumeHonour="30000" needPrestige="1200000" neeLevel="110" limitTime="1" canBatch="0"/>
	<honor_shop id="22" itemTempId="120010" getNum="1" consumeHonour="100" needPrestige="0" neeLevel="1" limitTime="0" canBatch="1"/>
	<honor_shop id="23" itemTempId="70607" getNum="1" consumeHonour="10000" needPrestige="0" neeLevel="1" limitTime="0" canBatch="1"/>
	<honor_shop id="24" itemTempId="79103" getNum="1" consumeHonour="20000" needPrestige="0" neeLevel="80" limitTime="1" canBatch="0"/>
	<honor_shop id="25" itemTempId="70209" getNum="1" consumeHonour="10000" needPrestige="0" neeLevel="50" limitTime="0" canBatch="1"/>
	<honor_shop id="26" itemTempId="70308" getNum="1" consumeHonour="2000" needPrestige="0" neeLevel="50" limitTime="0" canBatch="1"/>
	<honor_shop id="27" itemTempId="70401" getNum="1" consumeHonour="10" needPrestige="0" neeLevel="50" limitTime="0" canBatch="1"/>
	<honor_shop id="28" itemTempId="70520" getNum="1" consumeHonour="100" needPrestige="0" neeLevel="80" limitTime="0" canBatch="1"/>
	<honor_shop id="29" itemTempId="81119" getNum="1" consumeHonour="200" needPrestige="500000" neeLevel="80" limitTime="0" canBatch="1"/>
	<honor_shop id="30" itemTempId="81125" getNum="1" consumeHonour="80000" needPrestige="1000000" neeLevel="110" limitTime="1" canBatch="0"/>
	<honor_shop id="31" itemTempId="82701" getNum="1" consumeHonour="100000" needPrestige="1000000" neeLevel="110" limitTime="1" canBatch="0"/>
	<honor_shop id="32" itemTempId="120085" getNum="1" consumeHonour="20" needPrestige="1" neeLevel="1" limitTime="1" canBatch="0"/>
	<honor_shop id="33" itemTempId="121456" getNum="1" consumeHonour="20" needPrestige="1" neeLevel="1" limitTime="1" canBatch="0"/>
	<honor_shop id="34" itemTempId="120025" getNum="1" consumeHonour="20" needPrestige="1" neeLevel="1" limitTime="1" canBatch="0"/>
	<honor_shop id="35" itemTempId="120018" getNum="1" consumeHonour="5" needPrestige="1" neeLevel="1" limitTime="1" canBatch="0"/>
	<honor_shop id="36" itemTempId="120019" getNum="1" consumeHonour="5" needPrestige="1" neeLevel="1" limitTime="1" canBatch="0"/>
	<honor_shop id="37" itemTempId="70808" getNum="1" consumeHonour="300" needPrestige="1" neeLevel="1" limitTime="1" canBatch="0"/>
	<honor_shop id="38" itemTempId="81123" getNum="1" consumeHonour="1000" needPrestige="1" neeLevel="1" limitTime="1" canBatch="0"/>
	<honor_shop id="39" itemTempId="2400006" getNum="1" consumeHonour="10000" needPrestige="1000000" neeLevel="100" limitTime="1" canBatch="0"/>
	<honor_shop id="40" itemTempId="2400028" getNum="1" consumeHonour="15000" needPrestige="1000000" neeLevel="100" limitTime="1" canBatch="0"/>
	<honor_shop id="41" itemTempId="91000" getNum="1" consumeHonour="8000" needPrestige="1500000" neeLevel="130" limitTime="1" canBatch="0"/>
	<honor_shop id="42" itemTempId="91001" getNum="1" consumeHonour="8000" needPrestige="1500000" neeLevel="130" limitTime="1" canBatch="0"/>
	<honor_shop id="43" itemTempId="91002" getNum="1" consumeHonour="8000" needPrestige="1500000" neeLevel="130" limitTime="1" canBatch="0"/>
	<honor_shop id="44" itemTempId="91003" getNum="1" consumeHonour="8000" needPrestige="1500000" neeLevel="130" limitTime="1" canBatch="0"/>
	<honor_shop id="45" itemTempId="91004" getNum="1" consumeHonour="8000" needPrestige="1500000" neeLevel="130" limitTime="1" canBatch="0"/>
	<honor_shop id="46" itemTempId="91005" getNum="1" consumeHonour="8000" needPrestige="1500000" neeLevel="130" limitTime="1" canBatch="0"/>
	<honor_shop id="47" itemTempId="91011" getNum="1" consumeHonour="10" needPrestige="1500000" neeLevel="130" limitTime="1" canBatch="0"/>
	<honor_shop id="48" itemTempId="120021" getNum="1" consumeHonour="10" needPrestige="0" neeLevel="50" limitTime="0" canBatch="1"/>
	<honor_shop id="49" itemTempId="120022" getNum="1" consumeHonour="20" needPrestige="0" neeLevel="50" limitTime="0" canBatch="1"/>
	<honor_shop id="50" itemTempId="70733" getNum="1" consumeHonour="300" needPrestige="0" neeLevel="50" limitTime="0" canBatch="1"/>
	<honor_shop id="51" itemTempId="70722" getNum="1" consumeHonour="300" needPrestige="0" neeLevel="50" limitTime="0" canBatch="1"/>
	<honor_shop id="52" itemTempId="71010" getNum="1" consumeHonour="3000" needPrestige="0" neeLevel="50" limitTime="0" canBatch="1"/>
	<honor_shop id="53" itemTempId="50014" getNum="1" consumeHonour="20" needPrestige="0" neeLevel="50" limitTime="0" canBatch="1"/>
	<honor_shop id="54" itemTempId="73002" getNum="1" consumeHonour="300" needPrestige="0" neeLevel="50" limitTime="0" canBatch="1"/>
	<honor_shop id="55" itemTempId="200009" getNum="1" consumeHonour="1" needPrestige="0" neeLevel="50" limitTime="0" canBatch="1"/>
	<honor_shop id="56" itemTempId="200010" getNum="1" consumeHonour="1" needPrestige="0" neeLevel="50" limitTime="0" canBatch="1"/>
	<honor_shop id="57" itemTempId="70628" getNum="1" consumeHonour="60000" needPrestige="0" neeLevel="50" limitTime="0" canBatch="1"/>
	<honor_shop id="58" itemTempId="70629" getNum="1" consumeHonour="80000" needPrestige="0" neeLevel="50" limitTime="0" canBatch="1"/>
	<honor_shop id="59" itemTempId="70633" getNum="1" consumeHonour="90000" needPrestige="0" neeLevel="50" limitTime="0" canBatch="1"/>
	<honor_shop id="60" itemTempId="70634" getNum="1" consumeHonour="100000" needPrestige="0" neeLevel="50" limitTime="0" canBatch="1"/>
	<honor_shop id="61" itemTempId="70636" getNum="1" consumeHonour="100000" needPrestige="0" neeLevel="50" limitTime="0" canBatch="1"/>
	<honor_shop id="62" itemTempId="70612" getNum="1" consumeHonour="100000" needPrestige="0" neeLevel="50" limitTime="0" canBatch="1"/>
	<honor_shop id="63" itemTempId="70611" getNum="1" consumeHonour="100000" needPrestige="0" neeLevel="50" limitTime="0" canBatch="1"/>
</root>