<root>
  <HorseDecorationItem id="101" name="丰之岚木" position="1" suitid="1" quality="2" icon="decoration_feng.png" decomposition="1|1" property="6|90,1|110" type="物攻装饰" description="岚木套装之一，佩戴后对物理攻击有提升作用。（攻打70级以上三人副本或参与活动，有几率获得）" number="2" washid="1,2,3,4,5,6,7,8,9,10,11,12,13,14,15,16" numberlimit="7" expend="85"/>
  <HorseDecorationItem id="102" name="虹之岚木" position="2" suitid="1" quality="2" icon="decoration_hong.png" decomposition="1|1" property="9|72,1|130" type="物防装饰" description="岚木套装之一，佩戴后对物理防御有提升作用。（攻打70级以上三人副本或参与活动，有几率获得）" number="2" washid="1,2,3,4,5,6,7,8,9,10,11,12,13,14,15,16" numberlimit="7" expend="85"/>
  <HorseDecorationItem id="103" name="雾之岚木" position="3" suitid="1" quality="2" icon="decoration_wu.png" decomposition="1|1" property="7|90,1|110" type="必攻装饰" description="岚木套装之一，佩戴后对必杀攻击有提升作用。（攻打70级以上三人副本或参与活动，有几率获得）" number="2" washid="1,2,3,4,5,6,7,8,9,10,11,12,13,14,15,16" numberlimit="7" expend="85"/>
  <HorseDecorationItem id="104" name="森之岚木" position="4" suitid="1" quality="2" icon="decoration_sen.png" decomposition="1|1" property="10|72,1|130" type="必防装饰" description="岚木套装之一，佩戴后对必杀防御有提升作用。（攻打70级以上三人副本或参与活动，有几率获得）" number="2" washid="1,2,3,4,5,6,7,8,9,10,11,12,13,14,15,16" numberlimit="7" expend="85"/>
  <HorseDecorationItem id="105" name="海之岚木" position="5" suitid="1" quality="2" icon="decoration_hai.png" decomposition="1|1" property="8|90,1|110" type="魔攻装饰" description="岚木套装之一，佩戴后对魔法攻击有提升作用。（攻打70级以上三人副本或参与活动，有几率获得）" number="2" washid="1,2,3,4,5,6,7,8,9,10,11,12,13,14,15,16" numberlimit="7" expend="85"/>
  <HorseDecorationItem id="106" name="星之岚木" position="6" suitid="1" quality="2" icon="decoration_xing.png" decomposition="1|1" property="11|72,1|130" type="魔防装饰" description="岚木套装之一，佩戴后对魔法防御有提升作用。（攻打70级以上三人副本或参与活动，有几率获得）" number="2" washid="1,2,3,4,5,6,7,8,9,10,11,12,13,14,15,16" numberlimit="7" expend="85"/>
  <HorseDecorationItem id="111" name="海狮兽牙" position="1" suitid="4" quality="3" icon="decoration_haishi.png" decomposition="1|1" property="6|173,1|245" type="物攻装饰" description="兽牙套装之一，取至于大海凶猛的海兽。佩戴后对物理攻击有提升作用。（参与特殊活动获得）" number="3" washid="1,2,3,4,5,6,7,8,9,10,11,12,13,14,15,16" numberlimit="8" expend="125"/>
  <HorseDecorationItem id="112" name="海牛兽牙" position="2" suitid="4" quality="3" icon="decoration_hainiu.png" decomposition="1|1" property="9|138,1|215" type="物防装饰" description="兽牙套装之一，取至于大海凶猛的海兽。佩戴后对物理防御有提升作用。（参与特殊活动获得）" number="3" washid="1,2,3,4,5,6,7,8,9,10,11,12,13,14,15,16" numberlimit="8" expend="125"/>
  <HorseDecorationItem id="113" name="海猩兽牙" position="3" suitid="4" quality="3" icon="decoration_haixing.png" decomposition="1|1" property="7|173,1|245" type="必攻装饰" description="兽牙套装之一，取至于大海凶猛的海兽。佩戴后对必杀攻击有提升作用。（参与特殊活动获得）" number="3" washid="1,2,3,4,5,6,7,8,9,10,11,12,13,14,15,16" numberlimit="8" expend="125"/>
  <HorseDecorationItem id="114" name="海象兽牙" position="4" suitid="4" quality="3" icon="decoration_haixiang.png" decomposition="1|1" property="10|138,1|215" type="必防装饰" description="兽牙套装之一，取至于大海凶猛的海兽。佩戴后对必杀防御有提升作用。（参与特殊活动获得）" number="3" washid="1,2,3,4,5,6,7,8,9,10,11,12,13,14,15,16" numberlimit="8" expend="125"/>
  <HorseDecorationItem id="115" name="海熊兽牙" position="5" suitid="4" quality="3" icon="decoration_haixiong.png" decomposition="1|1" property="8|173,1|245" type="魔攻装饰" description="兽牙套装之一，取至于大海凶猛的海兽。佩戴后对魔法攻击有提升作用。（参与特殊活动获得）" number="3" washid="1,2,3,4,5,6,7,8,9,10,11,12,13,14,15,16" numberlimit="8" expend="125"/>
  <HorseDecorationItem id="116" name="海猫兽牙" position="6" suitid="4" quality="3" icon="decoration_haimao.png" decomposition="1|1" property="11|138,1|215" type="魔防装饰" description="兽牙套装之一，取至于大海凶猛的海兽。佩戴后对魔法防御有提升作用。（参与特殊活动获得）" number="3" washid="1,2,3,4,5,6,7,8,9,10,11,12,13,14,15,16" numberlimit="8" expend="125"/>
  <HorseDecorationItem id="201" name="月读琉璃" position="1" suitid="2" quality="4" icon="decoration_yuedu.png" decomposition="1|1" property="6|255,1|320" type="物攻装饰" description="琉璃套装之一，制作时融入不同的能量元素，并以该元素特质而命名。佩戴后对物理攻击有提升作用。（参与特殊活动获得）" number="4" washid="1,2,3,4,5,6,7,8,9,10,11,12,13,14,15,16" numberlimit="9" expend="165"/>
  <HorseDecorationItem id="202" name="丰金琉璃" position="2" suitid="2" quality="4" icon="decoration_fengjin.png" decomposition="1|1" property="9|204,1|360" type="物防装饰" description="琉璃套装之一，制作时融入不同的能量元素，并以该元素特质而命名。佩戴后对物理防御有提升作用。（参与特殊活动获得）" number="4" washid="1,2,3,4,5,6,7,8,9,10,11,12,13,14,15,16" numberlimit="9" expend="165"/>
  <HorseDecorationItem id="203" name="缘木琉璃" position="3" suitid="2" quality="4" icon="decoration_yuanmu.png" decomposition="1|1" property="7|255,1|320" type="必攻装饰" description="琉璃套装之一，制作时融入不同的能量元素，并以该元素特质而命名。佩戴后对必杀攻击有提升作用。（参与特殊活动获得）" number="4" washid="1,2,3,4,5,6,7,8,9,10,11,12,13,14,15,16" numberlimit="9" expend="165"/>
  <HorseDecorationItem id="204" name="宇水琉璃" position="4" suitid="2" quality="4" icon="decoration_yushui.png" decomposition="1|1" property="10|204,1|360" type="必防装饰" description="琉璃套装之一，制作时融入不同的能量元素，并以该元素特质而命名。佩戴后对必杀防御有提升作用。（参与特殊活动获得）" number="4" washid="1,2,3,4,5,6,7,8,9,10,11,12,13,14,15,16" numberlimit="9" expend="165"/>
  <HorseDecorationItem id="205" name="流火琉璃" position="5" suitid="2" quality="4" icon="decoration_liuhuo.png" decomposition="1|1" property="8|255,1|320" type="魔攻装饰" description="琉璃套装之一，制作时融入不同的能量元素，并以该元素特质而命名。佩戴后对魔法攻击有提升作用。（参与特殊活动获得）" number="4" washid="1,2,3,4,5,6,7,8,9,10,11,12,13,14,15,16" numberlimit="9" expend="165"/>
  <HorseDecorationItem id="206" name="润土琉璃" position="6" suitid="2" quality="4" icon="decoration_runtu.png" decomposition="1|1" property="11|204,1|360" type="魔防装饰" description="琉璃套装之一，制作时融入不同的能量元素，并以该元素特质而命名。佩戴后对魔法防御有提升作用。（参与特殊活动获得）" number="4" washid="1,2,3,4,5,6,7,8,9,10,11,12,13,14,15,16" numberlimit="9" expend="165"/>
  <HorseDecorationItem id="301" name="巨鹿雕像" position="1" suitid="3" quality="5" icon="decoration_julu.png" decomposition="1|1" property="6|338,1|420" type="物攻装饰" description="神像套装之一，神圣雕像融入不同的圣灵之力制作而成，并以含有的圣灵力量来命名。佩戴后对物理攻击有提升作用。（参与特殊活动获得）" number="5" washid="1,2,3,4,5,6,7,8,9,10,11,12,13,14,15,16" numberlimit="10" expend="205"/>
  <HorseDecorationItem id="302" name="银龙雕像" position="2" suitid="3" quality="5" icon="decoration_yinlong.png" decomposition="1|1" property="9|270,1|480" type="物防装饰" description="神像套装之一，神圣雕像融入不同的圣灵之力制作而成，并以含有的圣灵力量来命名。佩戴后对物理防御有提升作用。（参与特殊活动获得）" number="5" washid="1,2,3,4,5,6,7,8,9,10,11,12,13,14,15,16" numberlimit="10" expend="205"/>
  <HorseDecorationItem id="303" name="海豚雕像" position="3" suitid="3" quality="5" icon="decoration_haitun.png" decomposition="1|1" property="7|338,1|420" type="必攻装饰" description="神像套装之一，神圣雕像融入不同的圣灵之力制作而成，并以含有的圣灵力量来命名。佩戴后对必杀攻击有提升作用。（参与特殊活动获得）" number="5" washid="1,2,3,4,5,6,7,8,9,10,11,12,13,14,15,16" numberlimit="10" expend="205"/>
  <HorseDecorationItem id="304" name="白鲸雕像" position="4" suitid="3" quality="5" icon="decoration_baijing.png" decomposition="1|1" property="10|270,1|480" type="必防装饰" description="神像套装之一，神圣雕像融入不同的圣灵之力制作而成，并以含有的圣灵力量来命名。佩戴后对必杀防御有提升作用。（参与特殊活动获得）" number="5" washid="1,2,3,4,5,6,7,8,9,10,11,12,13,14,15,16" numberlimit="10" expend="205"/>
  <HorseDecorationItem id="305" name="金狮雕像" position="5" suitid="3" quality="5" icon="decoration_jinshi.png" decomposition="1|1" property="8|338,1|420" type="魔攻装饰" description="神像套装之一，神圣雕像融入不同的圣灵之力制作而成，并以含有的圣灵力量来命名。佩戴后对魔法攻击有提升作用。（参与特殊活动获得）" number="5" washid="1,2,3,4,5,6,7,8,9,10,11,12,13,14,15,16" numberlimit="10" expend="205"/>
  <HorseDecorationItem id="306" name="战虎雕像" position="6" suitid="3" quality="5" icon="decoration_zhanhu.png" decomposition="1|1" property="11|270,1|480" type="魔防装饰" description="神像套装之一，神圣雕像融入不同的圣灵之力制作而成，并以含有的圣灵力量来命名。佩戴后对魔法防御有提升作用。（参与特殊活动获得）" number="5" washid="1,2,3,4,5,6,7,8,9,10,11,12,13,14,15,16" numberlimit="10" expend="205"/>
  <HorseDecorationItem id="311" name="战龙兽铃" position="1" suitid="5" quality="5" icon="decoration_zhanlong.png" decomposition="1|1" property="6|339,1|423" type="物攻装饰" description="兽铃套装之一，融入魔兽的血肉，拥有迷惑和催眠动物的魔力。佩戴后对物理攻击有提升作用。（参与特殊活动获得）" number="5" washid="1,2,3,4,5,6,7,8,9,10,11,12,13,14,15,16" numberlimit="10" expend="205"/>
  <HorseDecorationItem id="312" name="牛头兽铃" position="2" suitid="5" quality="5" icon="decoration_niutou.png" decomposition="1|1" property="9|271,1|483" type="物防装饰" description="兽铃套装之一，融入魔兽的血肉，拥有迷惑和催眠动物的魔力。佩戴后对物理防御有提升作用。（参与特殊活动获得）" number="5" washid="1,2,3,4,5,6,7,8,9,10,11,12,13,14,15,16" numberlimit="10" expend="205"/>
  <HorseDecorationItem id="313" name="火鸟兽铃" position="3" suitid="5" quality="5" icon="decoration_huoniao.png" decomposition="1|1" property="7|339,1|423" type="必攻装饰" description="兽铃套装之一，融入魔兽的血肉，拥有迷惑和催眠动物的魔力。佩戴后对必杀攻击有提升作用。（参与特殊活动获得）" number="5" washid="1,2,3,4,5,6,7,8,9,10,11,12,13,14,15,16" numberlimit="10" expend="205"/>
  <HorseDecorationItem id="314" name="翼蛇兽铃" position="4" suitid="5" quality="5" icon="decoration_yishe.png" decomposition="1|1" property="10|271,1|483" type="必防装饰" description="兽铃套装之一，融入魔兽的血肉，拥有迷惑和催眠动物的魔力。佩戴后对必杀防御有提升作用。（参与特殊活动获得）" number="5" washid="1,2,3,4,5,6,7,8,9,10,11,12,13,14,15,16" numberlimit="10" expend="205"/>
  <HorseDecorationItem id="315" name="巨狼兽铃" position="5" suitid="5" quality="5" icon="decoration_julang.png" decomposition="1|1" property="8|339,1|423" type="魔攻装饰" description="兽铃套装之一，融入魔兽的血肉，拥有迷惑和催眠动物的魔力。佩戴后对魔法攻击有提升作用。（参与特殊活动获得）" number="5" washid="1,2,3,4,5,6,7,8,9,10,11,12,13,14,15,16" numberlimit="10" expend="205"/>
  <HorseDecorationItem id="316" name="天马兽铃" position="6" suitid="5" quality="5" icon="decoration_tianma.png" decomposition="1|1" property="11|271,1|483" type="魔防装饰" description="兽铃套装之一，融入魔兽的血肉，拥有迷惑和催眠动物的魔力。佩戴后对魔法防御有提升作用。（参与特殊活动获得）" number="5" washid="1,2,3,4,5,6,7,8,9,10,11,12,13,14,15,16" numberlimit="10" expend="205"/>
  <HorseDecorationItem id="321" name="飓风雕文" position="1" suitid="6" quality="5" icon="decoration_jufeng.png" decomposition="1|1" property="6|340,1|426" type="物攻装饰" description="雕文套装之一，神圣雕像融入不同的圣灵之力制作而成，并以含有的圣灵力量来命名。佩戴后对物理攻击有提升作用。（参与特殊活动获得）" number="5" washid="1,2,3,4,5,6,7,8,9,10,11,12,13,14,15,16" numberlimit="10" expend="205"/>
  <HorseDecorationItem id="322" name="雷霆雕文" position="2" suitid="6" quality="5" icon="decoration_leiting.png" decomposition="1|1" property="9|272,1|486" type="物防装饰" description="雕文套装之一，神圣雕像融入不同的圣灵之力制作而成，并以含有的圣灵力量来命名。佩戴后对物理防御有提升作用。（参与特殊活动获得）" number="5" washid="1,2,3,4,5,6,7,8,9,10,11,12,13,14,15,16" numberlimit="10" expend="205"/>
  <HorseDecorationItem id="323" name="暴雪雕文" position="3" suitid="6" quality="5" icon="decoration_baoxue.png" decomposition="1|1" property="7|340,1|426" type="必攻装饰" description="雕文套装之一，神圣雕像融入不同的圣灵之力制作而成，并以含有的圣灵力量来命名。佩戴后对必杀攻击有提升作用。（参与特殊活动获得）" number="5" washid="1,2,3,4,5,6,7,8,9,10,11,12,13,14,15,16" numberlimit="10" expend="205"/>
  <HorseDecorationItem id="324" name="冰霜雕文" position="4" suitid="6" quality="5" icon="decoration_bingshuang.png" decomposition="1|1" property="10|271,1|486" type="必防装饰" description="雕文套装之一，神圣雕像融入不同的圣灵之力制作而成，并以含有的圣灵力量来命名。佩戴后对必杀防御有提升作用。（参与特殊活动获得）" number="5" washid="1,2,3,4,5,6,7,8,9,10,11,12,13,14,15,16" numberlimit="10" expend="205"/>
  <HorseDecorationItem id="325" name="烈日雕文" position="5" suitid="6" quality="5" icon="decoration_lieri.png" decomposition="1|1" property="8|340,1|426" type="魔攻装饰" description="雕文套装之一，神圣雕像融入不同的圣灵之力制作而成，并以含有的圣灵力量来命名。佩戴后对魔法攻击有提升作用。（参与特殊活动获得）" number="5" washid="1,2,3,4,5,6,7,8,9,10,11,12,13,14,15,16" numberlimit="10" expend="205"/>
  <HorseDecorationItem id="326" name="极光雕文" position="6" suitid="6" quality="5" icon="decoration_jiguang.png" decomposition="1|1" property="11|271,1|486" type="魔防装饰" description="雕文套装之一，神圣雕像融入不同的圣灵之力制作而成，并以含有的圣灵力量来命名。佩戴后对魔法防御有提升作用。（参与特殊活动获得）" number="5" washid="1,2,3,4,5,6,7,8,9,10,11,12,13,14,15,16" numberlimit="10" expend="205"/>
  <HorseDecorationItem id="331" name="方钻水玉" position="1" suitid="7" quality="5" icon="decoration_fangzuan.png" decomposition="1|1" property="6|338,1|421" type="物攻装饰" description="水玉套装之一，秘之水玉含有大海梦幻的魔力，以不同的形体留存于世。佩戴后对物理攻击有提升作用。（角斗场兑换获得）" number="5" washid="1,2,3,4,5,6,7,8,9,10,11,12,13,14,15,16" numberlimit="10" expend="205"/>
  <HorseDecorationItem id="332" name="合圆水玉" position="2" suitid="7" quality="5" icon="decoration_heyuan.png" decomposition="1|1" property="9|270,1|481" type="物防装饰" description="水玉套装之一，秘之水玉含有大海梦幻的魔力，以不同的形体留存于世。佩戴后对物理防御有提升作用。（角斗场兑换获得）" number="5" washid="1,2,3,4,5,6,7,8,9,10,11,12,13,14,15,16" numberlimit="10" expend="205"/>
  <HorseDecorationItem id="333" name="角符水玉" position="3" suitid="7" quality="5" icon="decoration_jiaofu.png" decomposition="1|1" property="7|338,1|421" type="必攻装饰" description="水玉套装之一，秘之水玉含有大海梦幻的魔力，以不同的形体留存于世。佩戴后对必杀攻击有提升作用。（角斗场兑换获得）" number="5" washid="1,2,3,4,5,6,7,8,9,10,11,12,13,14,15,16" numberlimit="10" expend="205"/>
  <HorseDecorationItem id="334" name="月牙水玉" position="4" suitid="7" quality="5" icon="decoration_yueya.png" decomposition="1|1" property="10|270,1|481" type="必防装饰" description="水玉套装之一，秘之水玉含有大海梦幻的魔力，以不同的形体留存于世。佩戴后对必杀防御有提升作用。（角斗场兑换获得）" number="5" washid="1,2,3,4,5,6,7,8,9,10,11,12,13,14,15,16" numberlimit="10" expend="205"/>
  <HorseDecorationItem id="335" name="六菱水玉" position="5" suitid="7" quality="5" icon="decoration_liuling.png" decomposition="1|1" property="8|338,1|421" type="魔攻装饰" description="水玉套装之一，秘之水玉含有大海梦幻的魔力，以不同的形体留存于世。佩戴后对魔法攻击有提升作用。（角斗场兑换获得）" number="5" washid="1,2,3,4,5,6,7,8,9,10,11,12,13,14,15,16" numberlimit="10" expend="205"/>
  <HorseDecorationItem id="336" name="腾柱水玉" position="6" suitid="7" quality="5" icon="decoration_tengzhu.png" decomposition="1|1" property="11|270,1|481" type="魔防装饰" description="水玉套装之一，秘之水玉含有大海梦幻的魔力，以不同的形体留存于世。佩戴后对魔法防御有提升作用。（角斗场兑换获得）" number="5" washid="1,2,3,4,5,6,7,8,9,10,11,12,13,14,15,16" numberlimit="10" expend="205"/>
  <HorseDecorationItem id="401" name="红樱圣杯" position="1" suitid="8" quality="6" icon="decoration_hongying.png" decomposition="1|1" property="6|420,1|530" type="物攻装饰" description="圣杯套装之一，含有花之女神的复苏之力，还具备红樱女神的神之祝福。佩戴后对物理攻击有提升作用。" number="6" washid="1,2,3,4,5,6,7,8,9,10,11,12,13,14,15,16" numberlimit="12" expend="245"/>
  <HorseDecorationItem id="402" name="银桂圣杯" position="2" suitid="8" quality="6" icon="decoration_yingui.png" decomposition="1|1" property="9|336,1|590" type="物防装饰" description="圣杯套装之一，含有花之女神的复苏之力，还具备银桂女神的神之祝福。佩戴后对物理防御有提升作用。" number="6" washid="1,2,3,4,5,6,7,8,9,10,11,12,13,14,15,16" numberlimit="12" expend="245"/>
  <HorseDecorationItem id="403" name="紫梅圣杯" position="3" suitid="8" quality="6" icon="decoration_zimei.png" decomposition="1|1" property="7|420,1|530" type="必攻装饰" description="圣杯套装之一，含有花之女神的复苏之力，还具备紫梅女神的神之祝福。佩戴后对必杀攻击有提升作用。" number="6" washid="1,2,3,4,5,6,7,8,9,10,11,12,13,14,15,16" numberlimit="12" expend="245"/>
  <HorseDecorationItem id="404" name="白兰圣杯" position="4" suitid="8" quality="6" icon="decoration_bailan.png" decomposition="1|1" property="10|336,1|590" type="必防装饰" description="圣杯套装之一，含有花之女神的复苏之力，还具备白兰女神的神之祝福。佩戴后对必杀防御有提升作用。" number="6" washid="1,2,3,4,5,6,7,8,9,10,11,12,13,14,15,16" numberlimit="12" expend="245"/>
  <HorseDecorationItem id="405" name="墨莲圣杯" position="5" suitid="8" quality="6" icon="decoration_molian.png" decomposition="1|1" property="8|420,1|530" type="魔攻装饰" description="圣杯套装之一，含有花之女神的复苏之力，还具备墨莲女神的神之祝福。佩戴后对魔法攻击有提升作用。" number="6" washid="1,2,3,4,5,6,7,8,9,10,11,12,13,14,15,16" numberlimit="12" expend="245"/>
  <HorseDecorationItem id="406" name="绿葵圣杯" position="6" suitid="8" quality="6" icon="decoration_lvkui.png" decomposition="1|1" property="11|336,1|590" type="魔防装饰" description="圣杯套装之一，含有花之女神的复苏之力，还具备绿葵女神的神之祝福。佩戴后对魔法防御有提升作用。" number="6" washid="1,2,3,4,5,6,7,8,9,10,11,12,13,14,15,16" numberlimit="12" expend="245"/>
  <HorseDecorationItem id="501" name="大地印记" position="1" suitid="9" quality="6" icon="decoration_dadi.png" decomposition="1|1" property="6|430,1|535" type="物攻装饰" description="印记套装之一，融入自然的元素粒子，饱含大地之力，佩戴后对物理攻击有提升作用。（参与特殊活动获得）" number="6" washid="1,2,3,4,5,6,7,8,9,10,11,12,13,14,15,16" numberlimit="12" expend="245"/>
  <HorseDecorationItem id="502" name="森林印记" position="2" suitid="9" quality="6" icon="decoration_senlin.png" decomposition="1|1" property="9|340,1|595" type="物防装饰" description="印记套装之一，融入自然的元素粒子，饱含森林之力，佩戴后对物理防御有提升作用。（参与特殊活动获得）" number="6" washid="1,2,3,4,5,6,7,8,9,10,11,12,13,14,15,16" numberlimit="12" expend="245"/>
  <HorseDecorationItem id="503" name="高岩印记" position="3" suitid="9" quality="6" icon="decoration_gaoyan.png" decomposition="1|1" property="7|430,1|535" type="必攻装饰" description="印记套装之一，融入自然的元素粒子，饱含高岩之力，佩戴后对必杀攻击有提升作用。（参与特殊活动获得）" number="6" washid="1,2,3,4,5,6,7,8,9,10,11,12,13,14,15,16" numberlimit="12" expend="245"/>
  <HorseDecorationItem id="504" name="沙漠印记" position="4" suitid="9" quality="6" icon="decoration_shamo.png" decomposition="1|1" property="10|340,1|595" type="必防装饰" description="印记套装之一，融入自然的元素粒子，饱含沙漠之力，佩戴后对必杀防御有提升作用。（参与特殊活动获得）" number="6" washid="1,2,3,4,5,6,7,8,9,10,11,12,13,14,15,16" numberlimit="12" expend="245"/>
  <HorseDecorationItem id="505" name="海洋印记" position="5" suitid="9" quality="6" icon="decoration_haiyang.png" decomposition="1|1" property="8|445,1|540" type="魔攻装饰" description="印记套装之一，融入自然的元素粒子，饱含海洋之力，佩戴后对魔法攻击有提升作用。（参与特殊活动获得）" number="6" washid="1,2,3,4,5,6,7,8,9,10,11,12,13,14,15,16" numberlimit="12" expend="245"/>
  <HorseDecorationItem id="506" name="天空印记" position="6" suitid="9" quality="6" icon="decoration_tiankong.png" decomposition="1|1" property="11|345,1|600" type="魔防装饰" description="印记套装之一，融入自然的元素粒子，饱含天空之力，佩戴后对魔法防御有提升作用。（参与特殊活动获得）" number="6" washid="1,2,3,4,5,6,7,8,9,10,11,12,13,14,15,16" numberlimit="12" expend="245"/>
  <HorseDecorationItem id="601" name="角龙晶核" position="1" suitid="10" quality="6" icon="decoration_jiaolongjinghe.png" decomposition="1|1" property="6|445,1|540" type="物攻装饰" description="晶核套装之一，产生于角龙的身体内，饱含角龙的灵魂力量，佩戴后对物理攻击有提升作用。（参与特殊活动获得）" number="6" washid="1,2,3,4,5,6,7,8,9,10,11,12,13,14,15,16" numberlimit="12" expend="245"/>
  <HorseDecorationItem id="602" name="邪龙晶核" position="2" suitid="10" quality="6" icon="decoration_xielongjinghe.png" decomposition="1|1" property="9|345,1|600" type="物防装饰" description="晶核套装之一，产生于邪龙的身体内，饱含邪龙的灵魂力量，佩戴后对物理防御有提升作用。（参与特殊活动获得）" number="6" washid="1,2,3,4,5,6,7,8,9,10,11,12,13,14,15,16" numberlimit="12" expend="245"/>
  <HorseDecorationItem id="603" name="暴龙晶核" position="3" suitid="10" quality="6" icon="decoration_baolongjinghe.png" decomposition="1|1" property="7|430,1|535" type="必攻装饰" description="晶核套装之一，产生于暴龙的身体内，饱含暴龙的灵魂力量，佩戴后对必杀攻击有提升作用。（参与特殊活动获得）" number="6" washid="1,2,3,4,5,6,7,8,9,10,11,12,13,14,15,16" numberlimit="12" expend="245"/>
  <HorseDecorationItem id="604" name="战龙晶核" position="4" suitid="10" quality="6" icon="decoration_zhanlongjinghe.png" decomposition="1|1" property="10|340,1|595" type="必防装饰" description="晶核套装之一，产生于战龙的身体内，饱含战龙的灵魂力量，佩戴后对必杀防御有提升作用。（参与特殊活动获得）" number="6" washid="1,2,3,4,5,6,7,8,9,10,11,12,13,14,15,16" numberlimit="12" expend="245"/>
  <HorseDecorationItem id="605" name="沧龙晶核" position="5" suitid="10" quality="6" icon="decoration_canglongjinghe.png" decomposition="1|1" property="8|430,1|535" type="魔攻装饰" description="晶核套装之一，产生于沧龙的身体内，饱含沧龙的灵魂力量，佩戴后对魔法攻击有提升作用。（参与特殊活动获得）" number="6" washid="1,2,3,4,5,6,7,8,9,10,11,12,13,14,15,16" numberlimit="12" expend="245"/>
  <HorseDecorationItem id="606" name="银龙晶核" position="6" suitid="10" quality="6" icon="decoration_yinlongjinghe.png" decomposition="1|1" property="11|340,1|595" type="魔防装饰" description="晶核套装之一，产生于银龙的身体内，饱含银龙的灵魂力量，佩戴后对魔法防御有提升作用。（参与特殊活动获得）" number="6" washid="1,2,3,4,5,6,7,8,9,10,11,12,13,14,15,16" numberlimit="12" expend="245"/>
  <HorseDecorationItem id="701" name="火相星纹" position="1" suitid="11" quality="7" icon="decoration_xingwen1.png" decomposition="1|1" property="6|550,1|680" type="物攻装饰" description="星纹套装之一，封印在星之纹章内的星球力量，火星崛起！佩戴后对物理攻击有提升作用。（参与特殊活动获得）" number="7" washid="1,2,3,4,5,6,7,8,9,10,11,12,13,14,15,16" numberlimit="15" expend="245"/>
  <HorseDecorationItem id="702" name="土相星纹" position="2" suitid="11" quality="7" icon="decoration_xingwen2.png" decomposition="1|1" property="9|450,1|740" type="物防装饰" description="星纹套装之一，封印在星之纹章内的星球力量，土星崛起！佩戴后对物理防御有提升作用。（参与特殊活动获得）" number="7" washid="1,2,3,4,5,6,7,8,9,10,11,12,13,14,15,16" numberlimit="15" expend="245"/>
  <HorseDecorationItem id="703" name="金相星纹" position="3" suitid="11" quality="7" icon="decoration_xingwen3.png" decomposition="1|1" property="7|535,1|675" type="必攻装饰" description="星纹套装之一，封印在星之纹章内的星球力量，金星崛起！佩戴后对必杀攻击有提升作用。（参与特殊活动获得）" number="7" washid="1,2,3,4,5,6,7,8,9,10,11,12,13,14,15,16" numberlimit="15" expend="245"/>
  <HorseDecorationItem id="704" name="月相星纹" position="4" suitid="11" quality="7" icon="decoration_xingwen4.png" decomposition="1|1" property="10|445,1|735" type="必防装饰" description="星纹套装之一，封印在星之纹章内的星球力量，月球崛起！佩戴后对必杀防御有提升作用。（参与特殊活动获得）" number="7" washid="1,2,3,4,5,6,7,8,9,10,11,12,13,14,15,16" numberlimit="15" expend="245"/>
  <HorseDecorationItem id="705" name="水相星纹" position="5" suitid="11" quality="7" icon="decoration_xingwen5.png" decomposition="1|1" property="8|450,1|675" type="魔攻装饰" description="星纹套装之一，封印在星之纹章内的星球力量，水星崛起！佩戴后对魔法攻击有提升作用。（参与特殊活动获得）" number="7" washid="1,2,3,4,5,6,7,8,9,10,11,12,13,14,15,16" numberlimit="15" expend="245"/>
  <HorseDecorationItem id="706" name="木相星纹" position="6" suitid="11" quality="7" icon="decoration_xingwen6.png" decomposition="1|1" property="11|535,1|735" type="魔防装饰" description="星纹套装之一，封印在星之纹章内的星球力量，木星崛起！佩戴后对魔法防御有提升作用。（参与特殊活动获得）" number="7" washid="1,2,3,4,5,6,7,8,9,10,11,12,13,14,15,16" numberlimit="15" expend="245"/>
  <HorseDecorationItem id="801" name="赫柏铭纹" position="1" suitid="12" quality="6" icon="decoration_mingwen1.png" decomposition="1|1" property="6|465,1|560" type="物攻装饰" description="铭纹套装之一，融入青春女神赫柏的发丝，蕴含着赫柏的力量。佩戴后对物理攻击有提升作用。（参与特殊活动获得）" number="6" washid="1,2,3,4,5,6,7,8,9,10,11,12,13,14,15,16" numberlimit="12" expend="245"/>
  <HorseDecorationItem id="802" name="盖亚铭纹" position="2" suitid="12" quality="6" icon="decoration_mingwen2.png" decomposition="1|1" property="9|370,1|625" type="物防装饰" description="铭纹套装之一，融入大地女神盖亚的发丝，蕴含着盖亚的力量。佩戴后对物理防御有提升作用。（参与特殊活动获得）" number="6" washid="1,2,3,4,5,6,7,8,9,10,11,12,13,14,15,16" numberlimit="12" expend="245"/>
  <HorseDecorationItem id="803" name="提亚铭纹" position="3" suitid="12" quality="6" icon="decoration_mingwen3.png" decomposition="1|1" property="7|480,1|575" type="必攻装饰" description="铭纹套装之一，融入光亮女神提亚的发丝，蕴含着提亚的力量。佩戴后对必杀攻击有提升作用。（参与特殊活动获得）" number="6" washid="1,2,3,4,5,6,7,8,9,10,11,12,13,14,15,16" numberlimit="12" expend="245"/>
  <HorseDecorationItem id="804" name="缪斯铭纹" position="4" suitid="12" quality="6" icon="decoration_mingwen4.png" decomposition="1|1" property="10|385,1|640" type="必防装饰" description="铭纹套装之一，融入歌乐女神缪斯的发丝，蕴含着缪斯的力量。佩戴后对必杀防御有提升作用。（参与特殊活动获得）" number="6" washid="1,2,3,4,5,6,7,8,9,10,11,12,13,14,15,16" numberlimit="12" expend="245"/>
  <HorseDecorationItem id="805" name="菲碧铭纹" position="5" suitid="12" quality="6" icon="decoration_mingwen5.png" decomposition="1|1" property="8|465,1|560" type="魔攻装饰" description="铭纹套装之一，融入新月女神菲碧的发丝，蕴含着菲碧的力量。佩戴后对魔法攻击有提升作用。（参与特殊活动获得）" number="6" washid="1,2,3,4,5,6,7,8,9,10,11,12,13,14,15,16" numberlimit="12" expend="245"/>
  <HorseDecorationItem id="806" name="勒托铭纹" position="6" suitid="12" quality="6" icon="decoration_mingwen6.png" decomposition="1|1" property="11|370,1|625" type="魔防装饰" description="铭纹套装之一，融入暗夜女神勒托的发丝，蕴含着勒托的力量。佩戴后对魔法防御有提升作用。（参与特殊活动获得）" number="6" washid="1,2,3,4,5,6,7,8,9,10,11,12,13,14,15,16" numberlimit="12" expend="245"/>
  <HorseDecorationItem id="901" name="地熊陶板" position="1" suitid="13" quality="6" icon="decoration_taoban1.png" decomposition="1|1" property="6|430,1|535" type="物攻装饰" description="陶板套装之一，空岛神话中的兽神，土地的守护兽神。（参与特殊活动获得）" number="6" washid="1,2,3,4,5,6,7,8,9,10,11,12,13,14,15,16" numberlimit="12" expend="245"/>
  <HorseDecorationItem id="902" name="罪狼陶板" position="2" suitid="13" quality="6" icon="decoration_taoban2.png" decomposition="1|1" property="9|340,1|595" type="物防装饰" description="陶板套装之一，空岛神话中的兽神，罪犯的守护兽神。（参与特殊活动获得）" number="6" washid="1,2,3,4,5,6,7,8,9,10,11,12,13,14,15,16" numberlimit="12" expend="245"/>
  <HorseDecorationItem id="903" name="雷鸟陶板" position="3" suitid="13" quality="6" icon="decoration_taoban3.png" decomposition="1|1" property="7|445,1|540" type="必攻装饰" description="陶板套装之一，空岛神话中的兽神，雷电的守护兽神。（参与特殊活动获得）" number="6" washid="1,2,3,4,5,6,7,8,9,10,11,12,13,14,15,16" numberlimit="12" expend="245"/>
  <HorseDecorationItem id="904" name="智猴陶板" position="4" suitid="13" quality="6" icon="decoration_taoban4.png" decomposition="1|1" property="10|345,1|600" type="必防装饰" description="陶板套装之一，空岛神话中的兽神，人类的守护兽神。（参与特殊活动获得）" number="6" washid="1,2,3,4,5,6,7,8,9,10,11,12,13,14,15,16" numberlimit="12" expend="245"/>
  <HorseDecorationItem id="905" name="羽蛇陶板" position="5" suitid="13" quality="6" icon="decoration_taoban5.png" decomposition="1|1" property="8|430,1|535" type="魔攻装饰" description="陶板套装之一，空岛神话中的兽神，祭司的守护兽神。（参与特殊活动获得）" number="6" washid="1,2,3,4,5,6,7,8,9,10,11,12,13,14,15,16" numberlimit="12" expend="245"/>
  <HorseDecorationItem id="906" name="空鹰陶板" position="6" suitid="13" quality="6" icon="decoration_taoban6.png" decomposition="1|1" property="11|340,1|595" type="魔防装饰" description="陶板套装之一，空岛神话中的兽神，天空的守护兽神。（参与特殊活动获得）" number="6" washid="1,2,3,4,5,6,7,8,9,10,11,12,13,14,15,16" numberlimit="12" expend="245"/>
  <HorseDecorationItem id="1001" name="七幽珊瑚" position="1" suitid="14" quality="7" icon="decoration_shanhu1.png" decomposition="1|1" property="6|535,1|675" type="物攻装饰" description="珊瑚套装之一，深海瑰宝，只有在充满魔力的海域里才能培养出的幽绿色珊瑚，蕴含梦惑魔力。" number="7" washid="1,2,3,4,5,6,7,8,9,10,11,12,13,14,15,16" numberlimit="15" expend="245"/>
  <HorseDecorationItem id="1002" name="九漩珊瑚" position="2" suitid="14" quality="7" icon="decoration_shanhu2.png" decomposition="1|1" property="9|445,1|735" type="物防装饰" description="珊瑚套装之一，深海瑰宝，只有在充满魔力的海域里才能培养出的灰黑色珊瑚，蕴含噬魂魔力。" number="7" washid="1,2,3,4,5,6,7,8,9,10,11,12,13,14,15,16" numberlimit="15" expend="245"/>
  <HorseDecorationItem id="1003" name="十道珊瑚" position="3" suitid="14" quality="7" icon="decoration_shanhu3.png" decomposition="1|1" property="7|550,1|680" type="必攻装饰" description="珊瑚套装之一，深海瑰宝，只有在充满魔力的海域里才能培养出的金橙色珊瑚，蕴含净化魔力。" number="7" washid="1,2,3,4,5,6,7,8,9,10,11,12,13,14,15,16" numberlimit="15" expend="245"/>
  <HorseDecorationItem id="1004" name="百鬼珊瑚" position="4" suitid="14" quality="7" icon="decoration_shanhu4.png" decomposition="1|1" property="10|450,1|740" type="必防装饰" description="珊瑚套装之一，深海瑰宝，只有在充满魔力的海域里才能培养出的血红色珊瑚，蕴含幻灭魔力。" number="7" washid="1,2,3,4,5,6,7,8,9,10,11,12,13,14,15,16" numberlimit="15" expend="245"/>
  <HorseDecorationItem id="1005" name="六幻珊瑚" position="5" suitid="14" quality="7" icon="decoration_shanhu5.png" decomposition="1|1" property="8|535,1|675" type="魔攻装饰" description="珊瑚套装之一，深海瑰宝，只有在充满魔力的海域里才能培养出的魅紫色珊瑚，蕴含迷幻魔力。" number="7" washid="1,2,3,4,5,6,7,8,9,10,11,12,13,14,15,16" numberlimit="15" expend="245"/>
  <HorseDecorationItem id="1006" name="千门珊瑚" position="6" suitid="14" quality="7" icon="decoration_shanhu6.png" decomposition="1|1" property="11|445,1|735" type="魔防装饰" description="珊瑚套装之一，深海瑰宝，只有在充满魔力的海域里才能培养出的粉樱色珊瑚，蕴含道化魔力。" number="7" washid="1,2,3,4,5,6,7,8,9,10,11,12,13,14,15,16" numberlimit="15" expend="245"/>
  <HorseDecorationItem id="1007" name="荒古月石" position="1" suitid="15" quality="7" icon="decoration_yueshi1.png" decomposition="1|1" property="6|550,1|680" type="物攻装饰" description="月石系列之一，犹如星空中的光洁耀眼月亮一样的石头，出处记录已经丢失，当荒古月石觉醒时，将显露神王震世力量。" number="7" washid="1,2,3,4,5,6,7,8,9,10,11,12,13,14,15,16" numberlimit="15" expend="245"/>
  <HorseDecorationItem id="1008" name="始祖月石" position="2" suitid="15" quality="7" icon="decoration_yueshi2.png" decomposition="1|1" property="9|450,1|740" type="物防装饰" description="月石系列之一，犹如星空中的光洁耀眼月亮一样的石头，出处记录已经丢失，当始祖月石觉醒时，将展现大地之盾力量。" number="7" washid="1,2,3,4,5,6,7,8,9,10,11,12,13,14,15,16" numberlimit="15" expend="245"/>
  <HorseDecorationItem id="1009" name="太古月石" position="3" suitid="15" quality="7" icon="decoration_yueshi3.png" decomposition="1|1" property="7|535,1|675" type="必攻装饰" description="月石系列之一，犹如星空中的光洁耀眼月亮一样的石头，出处记录已经丢失，当太古月石觉醒时，将可爆发灭星力量。" number="7" washid="1,2,3,4,5,6,7,8,9,10,11,12,13,14,15,16" numberlimit="15" expend="245"/>
  <HorseDecorationItem id="1010" name="混沌月石" position="4" suitid="15" quality="7" icon="decoration_yueshi4.png" decomposition="1|1" property="10|445,1|735" type="必防装饰" description="月石系列之一，犹如星空中的光洁耀眼月亮一样的石头，出处记录已经丢失，当混沌月石觉醒时，将可呈现创世力量。" number="7" washid="1,2,3,4,5,6,7,8,9,10,11,12,13,14,15,16" numberlimit="15" expend="245"/>
  <HorseDecorationItem id="1011" name="原初月石" position="5" suitid="15" quality="7" icon="decoration_yueshi5.png" decomposition="1|1" property="8|535,1|675" type="魔攻装饰" description="月石系列之一，犹如星空中的光洁耀眼月亮一样的石头，出处记录已经丢失，当原初月石觉醒时，将诱发黑洞吞噬力量。" number="7" washid="1,2,3,4,5,6,7,8,9,10,11,12,13,14,15,16" numberlimit="15" expend="245"/>
  <HorseDecorationItem id="1012" name="始源月石" position="6" suitid="15" quality="7" icon="decoration_yueshi6.png" decomposition="1|1" property="11|445,1|735" type="魔防装饰" description="月石系列之一，犹如星空中的光洁耀眼月亮一样的石头，出处记录已经丢失，当始源月石觉醒时，将激发海洋众神力量。" number="7" washid="1,2,3,4,5,6,7,8,9,10,11,12,13,14,15,16" numberlimit="15" expend="245"/>
  <HorseDecorationItem id="1013" name="奥米幻晶" position="1" suitid="16" quality="7" icon="decoration_huanjing1.png" decomposition="1|1" property="6|535,1|675" type="物攻装饰" description="幻晶系列之一，曾经辉煌至极的古老文明遗留的圣物，其诞生与消失充满神秘色彩，被世界所恐惧的金属力量。" number="7" washid="1,2,3,4,5,6,7,8,9,10,11,12,13,14,15,16" numberlimit="15" expend="245"/>
  <HorseDecorationItem id="1014" name="卡玛幻晶" position="2" suitid="16" quality="7" icon="decoration_huanjing2.png" decomposition="1|1" property="9|445,1|735" type="物防装饰" description="幻晶系列之一，曾经辉煌至极的古老文明遗留的圣物，其诞生与消失充满神秘色彩，被世界所恐惧的植物力量。" number="7" washid="1,2,3,4,5,6,7,8,9,10,11,12,13,14,15,16" numberlimit="15" expend="245"/>
  <HorseDecorationItem id="1015" name="舒兹幻晶" position="3" suitid="16" quality="7" icon="decoration_huanjing3.png" decomposition="1|1" property="7|535,1|675" type="必攻装饰" description="幻晶系列之一，曾经辉煌至极的古老文明遗留的圣物，其诞生与消失充满神秘色彩，被世界所恐惧的风神力量。" number="7" washid="1,2,3,4,5,6,7,8,9,10,11,12,13,14,15,16" numberlimit="15" expend="245"/>
  <HorseDecorationItem id="1016" name="多路幻晶" position="4" suitid="16" quality="7" icon="decoration_huanjing4.png" decomposition="1|1" property="10|445,1|735" type="必防装饰" description="幻晶系列之一，曾经辉煌至极的古老文明遗留的圣物，其诞生与消失充满神秘色彩，被世界所恐惧的龙兽力量。" number="7" washid="1,2,3,4,5,6,7,8,9,10,11,12,13,14,15,16" numberlimit="15" expend="245"/>
  <HorseDecorationItem id="1017" name="比克幻晶" position="5" suitid="16" quality="7" icon="decoration_huanjing5.png" decomposition="1|1" property="8|550,1|680" type="魔攻装饰" description="幻晶系列之一，曾经辉煌至极的古老文明遗留的圣物，其诞生与消失充满神秘色彩，被世界所恐惧的魔鬼力量。" number="7" washid="1,2,3,4,5,6,7,8,9,10,11,12,13,14,15,16" numberlimit="15" expend="245"/>
  <HorseDecorationItem id="1018" name="古拉幻晶" position="6" suitid="16" quality="7" icon="decoration_huanjing6.png" decomposition="1|1" property="11|450,1|740" type="魔防装饰" description="幻晶系列之一，曾经辉煌至极的古老文明遗留的圣物，其诞生与消失充满神秘色彩，被世界所恐惧的寒雪力量。" number="7" washid="1,2,3,4,5,6,7,8,9,10,11,12,13,14,15,16" numberlimit="15" expend="245"/>
  <HorseDecorationItem id="1019" name="稻御神木" position="1" suitid="17" quality="7" icon="decoration_yushenmu1.png" decomposition="1|1" property="6|540,1|680" type="物攻装饰" description="御神木系列之一，汲取人类信仰之力，拥有灵性并远古留存至今的神之木，蕴含丰收的神力。" number="7" washid="1,2,3,4,5,6,7,8,9,10,11,12,13,14,15,16" numberlimit="15" expend="245"/>
  <HorseDecorationItem id="1020" name="静御神木" position="2" suitid="17" quality="7" icon="decoration_yushenmu2.png" decomposition="1|1" property="9|550,1|740" type="物防装饰" description="御神木系列之一，汲取人类信仰之力，拥有灵性并远古留存至今的神之木，蕴含静止的神力。" number="7" washid="1,2,3,4,5,6,7,8,9,10,11,12,13,14,15,16" numberlimit="15" expend="245"/>
  <HorseDecorationItem id="1021" name="荒御神木" position="3" suitid="17" quality="7" icon="decoration_yushenmu3.png" decomposition="1|1" property="7|555,1|685" type="必攻装饰" description="御神木系列之一，汲取人类信仰之力，拥有灵性并远古留存至今的神之木，蕴含败坏的神力。" number="7" washid="1,2,3,4,5,6,7,8,9,10,11,12,13,14,15,16" numberlimit="15" expend="245"/>
  <HorseDecorationItem id="1022" name="朔御神木" position="4" suitid="17" quality="7" icon="decoration_yushenmu4.png" decomposition="1|1" property="10|455,1|754" type="必防装饰" description="御神木系列之一，汲取人类信仰之力，拥有灵性并远古留存至今的神之木，蕴含塑造的神力。" number="7" washid="1,2,3,4,5,6,7,8,9,10,11,12,13,14,15,16" numberlimit="15" expend="245"/>
  <HorseDecorationItem id="1023" name="照御神木" position="5" suitid="17" quality="7" icon="decoration_yushenmu5.png" decomposition="1|1" property="8|540,1|680" type="魔攻装饰" description="御神木系列之一，汲取人类信仰之力，拥有灵性并远古留存至今的神之木，蕴含照耀的神力。" number="7" washid="1,2,3,4,5,6,7,8,9,10,11,12,13,14,15,16" numberlimit="15" expend="245"/>
  <HorseDecorationItem id="1024" name="津御神木" position="6" suitid="17" quality="7" icon="decoration_yushenmu6.png" decomposition="1|1" property="11|450,1|740" type="魔防装饰" description="御神木系列之一，汲取人类信仰之力，拥有灵性并远古留存至今的神之木，蕴含滋润的神力。" number="7" washid="1,2,3,4,5,6,7,8,9,10,11,12,13,14,15,16" numberlimit="15" expend="245"/>
  <HorseDecorationItem id="1025" name="南火神锁" position="1" suitid="18" quality="7" icon="decoration_shensuo1.png" decomposition="1|1" property="6|540,1|680" type="物攻装饰" description="神锁系列之一，永恒失落国度的六圣魂禁锢之锁，以南之火为锁禁锢着天鸟。" number="7" washid="1,2,3,4,5,6,7,8,9,10,11,12,13,14,15,16" numberlimit="15" expend="245"/>
  <HorseDecorationItem id="1026" name="西金神锁" position="2" suitid="18" quality="7" icon="decoration_shensuo2.png" decomposition="1|1" property="9|450,1|740" type="物防装饰" description="神锁系列之一，永恒失落国度的六圣魂禁锢之锁，以西之金为锁禁锢着牙王。" number="7" washid="1,2,3,4,5,6,7,8,9,10,11,12,13,14,15,16" numberlimit="15" expend="245"/>
  <HorseDecorationItem id="1027" name="上黄神锁" position="3" suitid="18" quality="7" icon="decoration_shensuo3.png" decomposition="1|1" property="7|560,1|670" type="必攻装饰" description="神锁系列之一，永恒失落国度的六圣魂禁锢之锁，以天上之土为锁禁锢着羽翼空兽。" number="7" washid="1,2,3,4,5,6,7,8,9,10,11,12,13,14,15,16" numberlimit="15" expend="245"/>
  <HorseDecorationItem id="1028" name="下土神锁" position="4" suitid="18" quality="7" icon="decoration_shensuo4.png" decomposition="1|1" property="10|460,1|760" type="必防装饰" description="神锁系列之一，永恒失落国度的六圣魂禁锢之锁，以地下之土为锁禁锢着独角地兽。" number="7" washid="1,2,3,4,5,6,7,8,9,10,11,12,13,14,15,16" numberlimit="15" expend="245"/>
  <HorseDecorationItem id="1029" name="北水神锁" position="5" suitid="18" quality="7" icon="decoration_shensuo5.png" decomposition="1|1" property="8|540,1|680" type="魔攻装饰" description="神锁系列之一，永恒失落国度的六圣魂禁锢之锁，以北之水为锁禁锢着四足兽。" number="7" washid="1,2,3,4,5,6,7,8,9,10,11,12,13,14,15,16" numberlimit="15" expend="245"/>
  <HorseDecorationItem id="1030" name="东木神锁" position="6" suitid="18" quality="7" icon="decoration_shensuo6.png" decomposition="1|1" property="11|550,1|740" type="魔防装饰" description="神锁系列之一，永恒失落国度的六圣魂禁锢之锁，以东之木为锁禁锢着苍兽。" number="7" washid="1,2,3,4,5,6,7,8,9,10,11,12,13,14,15,16" numberlimit="15" expend="245"/>
</root>