<root>
  <imprintQuality id="10001" quality="1" value="800" level="1"/>
  <imprintQuality id="10002" quality="1" value="1600" level="2"/>
  <imprintQuality id="10003" quality="1" value="2400" level="3"/>
  <imprintQuality id="10004" quality="1" value="3200" level="4"/>
  <imprintQuality id="10005" quality="1" value="4000" level="5"/>
  <imprintQuality id="10006" quality="1" value="4800" level="6"/>
  <imprintQuality id="10007" quality="1" value="5600" level="7"/>
  <imprintQuality id="10008" quality="1" value="6400" level="8"/>
  <imprintQuality id="10009" quality="1" value="7200" level="9"/>
  <imprintQuality id="10010" quality="1" value="8000" level="10"/>
  <imprintQuality id="10011" quality="1" value="8800" level="11"/>
  <imprintQuality id="10012" quality="1" value="9600" level="12"/>
  <imprintQuality id="10013" quality="1" value="10400" level="13"/>
  <imprintQuality id="10014" quality="1" value="11200" level="14"/>
  <imprintQuality id="10015" quality="1" value="12000" level="15"/>
  <imprintQuality id="10016" quality="1" value="12800" level="16"/>
  <imprintQuality id="10017" quality="1" value="13600" level="17"/>
  <imprintQuality id="10018" quality="1" value="14400" level="18"/>
  <imprintQuality id="10019" quality="1" value="15200" level="19"/>
  <imprintQuality id="10020" quality="1" value="16000" level="20"/>
  <imprintQuality id="10021" quality="1" value="16800" level="21"/>
  <imprintQuality id="10022" quality="1" value="17600" level="22"/>
  <imprintQuality id="10023" quality="1" value="18400" level="23"/>
  <imprintQuality id="10024" quality="1" value="19200" level="24"/>
  <imprintQuality id="10025" quality="1" value="20000" level="25"/>
  <imprintQuality id="10026" quality="1" value="20800" level="26"/>
  <imprintQuality id="10027" quality="1" value="21600" level="27"/>
  <imprintQuality id="10028" quality="1" value="22400" level="28"/>
  <imprintQuality id="10029" quality="1" value="23200" level="29"/>
  <imprintQuality id="10030" quality="1" value="24000" level="30"/>
  <imprintQuality id="10031" quality="1" value="24800" level="31"/>
  <imprintQuality id="10032" quality="1" value="25600" level="32"/>
  <imprintQuality id="10033" quality="1" value="26400" level="33"/>
  <imprintQuality id="10034" quality="1" value="27200" level="34"/>
  <imprintQuality id="10035" quality="1" value="28000" level="35"/>
  <imprintQuality id="10036" quality="1" value="28800" level="36"/>
  <imprintQuality id="10037" quality="1" value="29600" level="37"/>
  <imprintQuality id="10038" quality="1" value="30400" level="38"/>
  <imprintQuality id="10039" quality="1" value="31200" level="39"/>
  <imprintQuality id="10040" quality="1" value="32000" level="40"/>
  <imprintQuality id="10041" quality="1" value="32800" level="41"/>
  <imprintQuality id="10042" quality="1" value="33600" level="42"/>
  <imprintQuality id="10043" quality="1" value="34400" level="43"/>
  <imprintQuality id="10044" quality="1" value="35200" level="44"/>
  <imprintQuality id="10045" quality="1" value="36000" level="45"/>
  <imprintQuality id="10046" quality="1" value="36800" level="46"/>
  <imprintQuality id="10047" quality="1" value="37600" level="47"/>
  <imprintQuality id="10048" quality="1" value="38400" level="48"/>
  <imprintQuality id="10049" quality="1" value="39200" level="49"/>
  <imprintQuality id="10050" quality="1" value="40000" level="50"/>
  <imprintQuality id="60001" quality="6" value="50" level="1"/>
  <imprintQuality id="60002" quality="6" value="100" level="2"/>
  <imprintQuality id="60003" quality="6" value="150" level="3"/>
  <imprintQuality id="60004" quality="6" value="200" level="4"/>
  <imprintQuality id="60005" quality="6" value="250" level="5"/>
  <imprintQuality id="60006" quality="6" value="300" level="6"/>
  <imprintQuality id="60007" quality="6" value="350" level="7"/>
  <imprintQuality id="60008" quality="6" value="400" level="8"/>
  <imprintQuality id="60009" quality="6" value="450" level="9"/>
  <imprintQuality id="60010" quality="6" value="500" level="10"/>
  <imprintQuality id="60011" quality="6" value="550" level="11"/>
  <imprintQuality id="60012" quality="6" value="600" level="12"/>
  <imprintQuality id="60013" quality="6" value="650" level="13"/>
  <imprintQuality id="60014" quality="6" value="700" level="14"/>
  <imprintQuality id="60015" quality="6" value="750" level="15"/>
  <imprintQuality id="60016" quality="6" value="800" level="16"/>
  <imprintQuality id="60017" quality="6" value="850" level="17"/>
  <imprintQuality id="60018" quality="6" value="900" level="18"/>
  <imprintQuality id="60019" quality="6" value="950" level="19"/>
  <imprintQuality id="60020" quality="6" value="1000" level="20"/>
  <imprintQuality id="60021" quality="6" value="1050" level="21"/>
  <imprintQuality id="60022" quality="6" value="1100" level="22"/>
  <imprintQuality id="60023" quality="6" value="1150" level="23"/>
  <imprintQuality id="60024" quality="6" value="1200" level="24"/>
  <imprintQuality id="60025" quality="6" value="1250" level="25"/>
  <imprintQuality id="60026" quality="6" value="1300" level="26"/>
  <imprintQuality id="60027" quality="6" value="1350" level="27"/>
  <imprintQuality id="60028" quality="6" value="1400" level="28"/>
  <imprintQuality id="60029" quality="6" value="1450" level="29"/>
  <imprintQuality id="60030" quality="6" value="1500" level="30"/>
  <imprintQuality id="60031" quality="6" value="1550" level="31"/>
  <imprintQuality id="60032" quality="6" value="1600" level="32"/>
  <imprintQuality id="60033" quality="6" value="1650" level="33"/>
  <imprintQuality id="60034" quality="6" value="1700" level="34"/>
  <imprintQuality id="60035" quality="6" value="1750" level="35"/>
  <imprintQuality id="60036" quality="6" value="1800" level="36"/>
  <imprintQuality id="60037" quality="6" value="1850" level="37"/>
  <imprintQuality id="60038" quality="6" value="1900" level="38"/>
  <imprintQuality id="60039" quality="6" value="1950" level="39"/>
  <imprintQuality id="60040" quality="6" value="2000" level="40"/>
  <imprintQuality id="60041" quality="6" value="2050" level="41"/>
  <imprintQuality id="60042" quality="6" value="2100" level="42"/>
  <imprintQuality id="60043" quality="6" value="2150" level="43"/>
  <imprintQuality id="60044" quality="6" value="2200" level="44"/>
  <imprintQuality id="60045" quality="6" value="2250" level="45"/>
  <imprintQuality id="60046" quality="6" value="2300" level="46"/>
  <imprintQuality id="60047" quality="6" value="2350" level="47"/>
  <imprintQuality id="60048" quality="6" value="2400" level="48"/>
  <imprintQuality id="60049" quality="6" value="2450" level="49"/>
  <imprintQuality id="60050" quality="6" value="2500" level="50"/>
  <imprintQuality id="70001" quality="7" value="50" level="1"/>
  <imprintQuality id="70002" quality="7" value="100" level="2"/>
  <imprintQuality id="70003" quality="7" value="150" level="3"/>
  <imprintQuality id="70004" quality="7" value="200" level="4"/>
  <imprintQuality id="70005" quality="7" value="250" level="5"/>
  <imprintQuality id="70006" quality="7" value="300" level="6"/>
  <imprintQuality id="70007" quality="7" value="350" level="7"/>
  <imprintQuality id="70008" quality="7" value="400" level="8"/>
  <imprintQuality id="70009" quality="7" value="450" level="9"/>
  <imprintQuality id="70010" quality="7" value="500" level="10"/>
  <imprintQuality id="70011" quality="7" value="550" level="11"/>
  <imprintQuality id="70012" quality="7" value="600" level="12"/>
  <imprintQuality id="70013" quality="7" value="650" level="13"/>
  <imprintQuality id="70014" quality="7" value="700" level="14"/>
  <imprintQuality id="70015" quality="7" value="750" level="15"/>
  <imprintQuality id="70016" quality="7" value="800" level="16"/>
  <imprintQuality id="70017" quality="7" value="850" level="17"/>
  <imprintQuality id="70018" quality="7" value="900" level="18"/>
  <imprintQuality id="70019" quality="7" value="950" level="19"/>
  <imprintQuality id="70020" quality="7" value="1000" level="20"/>
  <imprintQuality id="70021" quality="7" value="1050" level="21"/>
  <imprintQuality id="70022" quality="7" value="1100" level="22"/>
  <imprintQuality id="70023" quality="7" value="1150" level="23"/>
  <imprintQuality id="70024" quality="7" value="1200" level="24"/>
  <imprintQuality id="70025" quality="7" value="1250" level="25"/>
  <imprintQuality id="70026" quality="7" value="1300" level="26"/>
  <imprintQuality id="70027" quality="7" value="1350" level="27"/>
  <imprintQuality id="70028" quality="7" value="1400" level="28"/>
  <imprintQuality id="70029" quality="7" value="1450" level="29"/>
  <imprintQuality id="70030" quality="7" value="1500" level="30"/>
  <imprintQuality id="70031" quality="7" value="1550" level="31"/>
  <imprintQuality id="70032" quality="7" value="1600" level="32"/>
  <imprintQuality id="70033" quality="7" value="1650" level="33"/>
  <imprintQuality id="70034" quality="7" value="1700" level="34"/>
  <imprintQuality id="70035" quality="7" value="1750" level="35"/>
  <imprintQuality id="70036" quality="7" value="1800" level="36"/>
  <imprintQuality id="70037" quality="7" value="1850" level="37"/>
  <imprintQuality id="70038" quality="7" value="1900" level="38"/>
  <imprintQuality id="70039" quality="7" value="1950" level="39"/>
  <imprintQuality id="70040" quality="7" value="2000" level="40"/>
  <imprintQuality id="70041" quality="7" value="2050" level="41"/>
  <imprintQuality id="70042" quality="7" value="2100" level="42"/>
  <imprintQuality id="70043" quality="7" value="2150" level="43"/>
  <imprintQuality id="70044" quality="7" value="2200" level="44"/>
  <imprintQuality id="70045" quality="7" value="2250" level="45"/>
  <imprintQuality id="70046" quality="7" value="2300" level="46"/>
  <imprintQuality id="70047" quality="7" value="2350" level="47"/>
  <imprintQuality id="70048" quality="7" value="2400" level="48"/>
  <imprintQuality id="70049" quality="7" value="2450" level="49"/>
  <imprintQuality id="70050" quality="7" value="2500" level="50"/>
  <imprintQuality id="80001" quality="8" value="50" level="1"/>
  <imprintQuality id="80002" quality="8" value="100" level="2"/>
  <imprintQuality id="80003" quality="8" value="150" level="3"/>
  <imprintQuality id="80004" quality="8" value="200" level="4"/>
  <imprintQuality id="80005" quality="8" value="250" level="5"/>
  <imprintQuality id="80006" quality="8" value="300" level="6"/>
  <imprintQuality id="80007" quality="8" value="350" level="7"/>
  <imprintQuality id="80008" quality="8" value="400" level="8"/>
  <imprintQuality id="80009" quality="8" value="450" level="9"/>
  <imprintQuality id="80010" quality="8" value="500" level="10"/>
  <imprintQuality id="80011" quality="8" value="550" level="11"/>
  <imprintQuality id="80012" quality="8" value="600" level="12"/>
  <imprintQuality id="80013" quality="8" value="650" level="13"/>
  <imprintQuality id="80014" quality="8" value="700" level="14"/>
  <imprintQuality id="80015" quality="8" value="750" level="15"/>
  <imprintQuality id="80016" quality="8" value="800" level="16"/>
  <imprintQuality id="80017" quality="8" value="850" level="17"/>
  <imprintQuality id="80018" quality="8" value="900" level="18"/>
  <imprintQuality id="80019" quality="8" value="950" level="19"/>
  <imprintQuality id="80020" quality="8" value="1000" level="20"/>
  <imprintQuality id="80021" quality="8" value="1050" level="21"/>
  <imprintQuality id="80022" quality="8" value="1100" level="22"/>
  <imprintQuality id="80023" quality="8" value="1150" level="23"/>
  <imprintQuality id="80024" quality="8" value="1200" level="24"/>
  <imprintQuality id="80025" quality="8" value="1250" level="25"/>
  <imprintQuality id="80026" quality="8" value="1300" level="26"/>
  <imprintQuality id="80027" quality="8" value="1350" level="27"/>
  <imprintQuality id="80028" quality="8" value="1400" level="28"/>
  <imprintQuality id="80029" quality="8" value="1450" level="29"/>
  <imprintQuality id="80030" quality="8" value="1500" level="30"/>
  <imprintQuality id="80031" quality="8" value="1550" level="31"/>
  <imprintQuality id="80032" quality="8" value="1600" level="32"/>
  <imprintQuality id="80033" quality="8" value="1650" level="33"/>
  <imprintQuality id="80034" quality="8" value="1700" level="34"/>
  <imprintQuality id="80035" quality="8" value="1750" level="35"/>
  <imprintQuality id="80036" quality="8" value="1800" level="36"/>
  <imprintQuality id="80037" quality="8" value="1850" level="37"/>
  <imprintQuality id="80038" quality="8" value="1900" level="38"/>
  <imprintQuality id="80039" quality="8" value="1950" level="39"/>
  <imprintQuality id="80040" quality="8" value="2000" level="40"/>
  <imprintQuality id="80041" quality="8" value="2050" level="41"/>
  <imprintQuality id="80042" quality="8" value="2100" level="42"/>
  <imprintQuality id="80043" quality="8" value="2150" level="43"/>
  <imprintQuality id="80044" quality="8" value="2200" level="44"/>
  <imprintQuality id="80045" quality="8" value="2250" level="45"/>
  <imprintQuality id="80046" quality="8" value="2300" level="46"/>
  <imprintQuality id="80047" quality="8" value="2350" level="47"/>
  <imprintQuality id="80048" quality="8" value="2400" level="48"/>
  <imprintQuality id="80049" quality="8" value="2450" level="49"/>
  <imprintQuality id="80050" quality="8" value="2500" level="50"/>
  <imprintQuality id="90001" quality="9" value="50" level="1"/>
  <imprintQuality id="90002" quality="9" value="100" level="2"/>
  <imprintQuality id="90003" quality="9" value="150" level="3"/>
  <imprintQuality id="90004" quality="9" value="200" level="4"/>
  <imprintQuality id="90005" quality="9" value="250" level="5"/>
  <imprintQuality id="90006" quality="9" value="300" level="6"/>
  <imprintQuality id="90007" quality="9" value="350" level="7"/>
  <imprintQuality id="90008" quality="9" value="400" level="8"/>
  <imprintQuality id="90009" quality="9" value="450" level="9"/>
  <imprintQuality id="90010" quality="9" value="500" level="10"/>
  <imprintQuality id="90011" quality="9" value="550" level="11"/>
  <imprintQuality id="90012" quality="9" value="600" level="12"/>
  <imprintQuality id="90013" quality="9" value="650" level="13"/>
  <imprintQuality id="90014" quality="9" value="700" level="14"/>
  <imprintQuality id="90015" quality="9" value="750" level="15"/>
  <imprintQuality id="90016" quality="9" value="800" level="16"/>
  <imprintQuality id="90017" quality="9" value="850" level="17"/>
  <imprintQuality id="90018" quality="9" value="900" level="18"/>
  <imprintQuality id="90019" quality="9" value="950" level="19"/>
  <imprintQuality id="90020" quality="9" value="1000" level="20"/>
  <imprintQuality id="90021" quality="9" value="1050" level="21"/>
  <imprintQuality id="90022" quality="9" value="1100" level="22"/>
  <imprintQuality id="90023" quality="9" value="1150" level="23"/>
  <imprintQuality id="90024" quality="9" value="1200" level="24"/>
  <imprintQuality id="90025" quality="9" value="1250" level="25"/>
  <imprintQuality id="90026" quality="9" value="1300" level="26"/>
  <imprintQuality id="90027" quality="9" value="1350" level="27"/>
  <imprintQuality id="90028" quality="9" value="1400" level="28"/>
  <imprintQuality id="90029" quality="9" value="1450" level="29"/>
  <imprintQuality id="90030" quality="9" value="1500" level="30"/>
  <imprintQuality id="90031" quality="9" value="1550" level="31"/>
  <imprintQuality id="90032" quality="9" value="1600" level="32"/>
  <imprintQuality id="90033" quality="9" value="1650" level="33"/>
  <imprintQuality id="90034" quality="9" value="1700" level="34"/>
  <imprintQuality id="90035" quality="9" value="1750" level="35"/>
  <imprintQuality id="90036" quality="9" value="1800" level="36"/>
  <imprintQuality id="90037" quality="9" value="1850" level="37"/>
  <imprintQuality id="90038" quality="9" value="1900" level="38"/>
  <imprintQuality id="90039" quality="9" value="1950" level="39"/>
  <imprintQuality id="90040" quality="9" value="2000" level="40"/>
  <imprintQuality id="90041" quality="9" value="2050" level="41"/>
  <imprintQuality id="90042" quality="9" value="2100" level="42"/>
  <imprintQuality id="90043" quality="9" value="2150" level="43"/>
  <imprintQuality id="90044" quality="9" value="2200" level="44"/>
  <imprintQuality id="90045" quality="9" value="2250" level="45"/>
  <imprintQuality id="90046" quality="9" value="2300" level="46"/>
  <imprintQuality id="90047" quality="9" value="2350" level="47"/>
  <imprintQuality id="90048" quality="9" value="2400" level="48"/>
  <imprintQuality id="90049" quality="9" value="2450" level="49"/>
  <imprintQuality id="90050" quality="9" value="2500" level="50"/>
  <imprintQuality id="100001" quality="10" value="50" level="1"/>
  <imprintQuality id="100002" quality="10" value="100" level="2"/>
  <imprintQuality id="100003" quality="10" value="150" level="3"/>
  <imprintQuality id="100004" quality="10" value="200" level="4"/>
  <imprintQuality id="100005" quality="10" value="250" level="5"/>
  <imprintQuality id="100006" quality="10" value="300" level="6"/>
  <imprintQuality id="100007" quality="10" value="350" level="7"/>
  <imprintQuality id="100008" quality="10" value="400" level="8"/>
  <imprintQuality id="100009" quality="10" value="450" level="9"/>
  <imprintQuality id="100010" quality="10" value="500" level="10"/>
  <imprintQuality id="100011" quality="10" value="550" level="11"/>
  <imprintQuality id="100012" quality="10" value="600" level="12"/>
  <imprintQuality id="100013" quality="10" value="650" level="13"/>
  <imprintQuality id="100014" quality="10" value="700" level="14"/>
  <imprintQuality id="100015" quality="10" value="750" level="15"/>
  <imprintQuality id="100016" quality="10" value="800" level="16"/>
  <imprintQuality id="100017" quality="10" value="850" level="17"/>
  <imprintQuality id="100018" quality="10" value="900" level="18"/>
  <imprintQuality id="100019" quality="10" value="950" level="19"/>
  <imprintQuality id="100020" quality="10" value="1000" level="20"/>
  <imprintQuality id="100021" quality="10" value="1050" level="21"/>
  <imprintQuality id="100022" quality="10" value="1100" level="22"/>
  <imprintQuality id="100023" quality="10" value="1150" level="23"/>
  <imprintQuality id="100024" quality="10" value="1200" level="24"/>
  <imprintQuality id="100025" quality="10" value="1250" level="25"/>
  <imprintQuality id="100026" quality="10" value="1300" level="26"/>
  <imprintQuality id="100027" quality="10" value="1350" level="27"/>
  <imprintQuality id="100028" quality="10" value="1400" level="28"/>
  <imprintQuality id="100029" quality="10" value="1450" level="29"/>
  <imprintQuality id="100030" quality="10" value="1500" level="30"/>
  <imprintQuality id="100031" quality="10" value="1550" level="31"/>
  <imprintQuality id="100032" quality="10" value="1600" level="32"/>
  <imprintQuality id="100033" quality="10" value="1650" level="33"/>
  <imprintQuality id="100034" quality="10" value="1700" level="34"/>
  <imprintQuality id="100035" quality="10" value="1750" level="35"/>
  <imprintQuality id="100036" quality="10" value="1800" level="36"/>
  <imprintQuality id="100037" quality="10" value="1850" level="37"/>
  <imprintQuality id="100038" quality="10" value="1900" level="38"/>
  <imprintQuality id="100039" quality="10" value="1950" level="39"/>
  <imprintQuality id="100040" quality="10" value="2000" level="40"/>
  <imprintQuality id="100041" quality="10" value="2050" level="41"/>
  <imprintQuality id="100042" quality="10" value="2100" level="42"/>
  <imprintQuality id="100043" quality="10" value="2150" level="43"/>
  <imprintQuality id="100044" quality="10" value="2200" level="44"/>
  <imprintQuality id="100045" quality="10" value="2250" level="45"/>
  <imprintQuality id="100046" quality="10" value="2300" level="46"/>
  <imprintQuality id="100047" quality="10" value="2350" level="47"/>
  <imprintQuality id="100048" quality="10" value="2400" level="48"/>
  <imprintQuality id="100049" quality="10" value="2450" level="49"/>
  <imprintQuality id="100050" quality="10" value="2500" level="50"/>
  <imprintQuality id="110001" quality="11" value="50" level="1"/>
  <imprintQuality id="110002" quality="11" value="100" level="2"/>
  <imprintQuality id="110003" quality="11" value="150" level="3"/>
  <imprintQuality id="110004" quality="11" value="200" level="4"/>
  <imprintQuality id="110005" quality="11" value="250" level="5"/>
  <imprintQuality id="110006" quality="11" value="300" level="6"/>
  <imprintQuality id="110007" quality="11" value="350" level="7"/>
  <imprintQuality id="110008" quality="11" value="400" level="8"/>
  <imprintQuality id="110009" quality="11" value="450" level="9"/>
  <imprintQuality id="110010" quality="11" value="500" level="10"/>
  <imprintQuality id="110011" quality="11" value="550" level="11"/>
  <imprintQuality id="110012" quality="11" value="600" level="12"/>
  <imprintQuality id="110013" quality="11" value="650" level="13"/>
  <imprintQuality id="110014" quality="11" value="700" level="14"/>
  <imprintQuality id="110015" quality="11" value="750" level="15"/>
  <imprintQuality id="110016" quality="11" value="800" level="16"/>
  <imprintQuality id="110017" quality="11" value="850" level="17"/>
  <imprintQuality id="110018" quality="11" value="900" level="18"/>
  <imprintQuality id="110019" quality="11" value="950" level="19"/>
  <imprintQuality id="110020" quality="11" value="1000" level="20"/>
  <imprintQuality id="110021" quality="11" value="1050" level="21"/>
  <imprintQuality id="110022" quality="11" value="1100" level="22"/>
  <imprintQuality id="110023" quality="11" value="1150" level="23"/>
  <imprintQuality id="110024" quality="11" value="1200" level="24"/>
  <imprintQuality id="110025" quality="11" value="1250" level="25"/>
  <imprintQuality id="110026" quality="11" value="1300" level="26"/>
  <imprintQuality id="110027" quality="11" value="1350" level="27"/>
  <imprintQuality id="110028" quality="11" value="1400" level="28"/>
  <imprintQuality id="110029" quality="11" value="1450" level="29"/>
  <imprintQuality id="110030" quality="11" value="1500" level="30"/>
  <imprintQuality id="110031" quality="11" value="1550" level="31"/>
  <imprintQuality id="110032" quality="11" value="1600" level="32"/>
  <imprintQuality id="110033" quality="11" value="1650" level="33"/>
  <imprintQuality id="110034" quality="11" value="1700" level="34"/>
  <imprintQuality id="110035" quality="11" value="1750" level="35"/>
  <imprintQuality id="110036" quality="11" value="1800" level="36"/>
  <imprintQuality id="110037" quality="11" value="1850" level="37"/>
  <imprintQuality id="110038" quality="11" value="1900" level="38"/>
  <imprintQuality id="110039" quality="11" value="1950" level="39"/>
  <imprintQuality id="110040" quality="11" value="2000" level="40"/>
  <imprintQuality id="110041" quality="11" value="2050" level="41"/>
  <imprintQuality id="110042" quality="11" value="2100" level="42"/>
  <imprintQuality id="110043" quality="11" value="2150" level="43"/>
  <imprintQuality id="110044" quality="11" value="2200" level="44"/>
  <imprintQuality id="110045" quality="11" value="2250" level="45"/>
  <imprintQuality id="110046" quality="11" value="2300" level="46"/>
  <imprintQuality id="110047" quality="11" value="2350" level="47"/>
  <imprintQuality id="110048" quality="11" value="2400" level="48"/>
  <imprintQuality id="110049" quality="11" value="2450" level="49"/>
  <imprintQuality id="110050" quality="11" value="2500" level="50"/>
</root>