<root>
  <jierihuodong_jiangli id="1" belly="600" experience="20" gold="" execution="" prestige=""/>
  <jierihuodong_jiangli id="2" belly="200" experience="10" gold="" execution="1" prestige=""/>
  <jierihuodong_jiangli id="3" belly="500" experience="30" gold="" execution="" prestige=""/>
  <jierihuodong_jiangli id="4" belly="300" experience="10" gold="" execution="" prestige="100"/>
  <jierihuodong_jiangli id="5" belly="300" experience="10" gold="" execution="" prestige="150"/>
  <jierihuodong_jiangli id="6" belly="300" experience="10" gold="" execution="" prestige="200"/>
  <jierihuodong_jiangli id="7" belly="400" experience="15" gold="" execution="" prestige=""/>
  <jierihuodong_jiangli id="8" belly="100" experience="5" gold="" execution="" prestige=""/>
  <jierihuodong_jiangli id="9" belly="100" experience="5" gold="" execution="" prestige=""/>
</root>