<root>
  <leitai_jiangli ID="1" reward_belly="2000" reward_experience="" reward_gold="0" reward_prestige="" reward_soul="0" reward_execution="" reward_items="" reward_honour="" reward_medal=""/>
  <leitai_jiangli ID="2" reward_belly="2500" reward_experience="" reward_gold="0" reward_prestige="" reward_soul="0" reward_execution="" reward_items="" reward_honour="" reward_medal=""/>
  <leitai_jiangli ID="3" reward_belly="2750" reward_experience="" reward_gold="0" reward_prestige="" reward_soul="0" reward_execution="" reward_items="" reward_honour="" reward_medal=""/>
  <leitai_jiangli ID="4" reward_belly="3000" reward_experience="" reward_gold="5" reward_prestige="" reward_soul="0" reward_execution="" reward_items="" reward_honour="" reward_medal=""/>
  <leitai_jiangli ID="5" reward_belly="3500" reward_experience="" reward_gold="10" reward_prestige="" reward_soul="0" reward_execution="" reward_items="" reward_honour="" reward_medal=""/>
  <leitai_jiangli ID="6" reward_belly="4000" reward_experience="" reward_gold="20" reward_prestige="" reward_soul="0" reward_execution="" reward_items="" reward_honour="" reward_medal=""/>
  <leitai_jiangli ID="7" reward_belly="1500" reward_experience="" reward_gold="" reward_prestige="200" reward_soul="0" reward_execution="" reward_items="" reward_honour="" reward_medal=""/>
  <leitai_jiangli ID="8" reward_belly="1000" reward_experience="" reward_gold="" reward_prestige="" reward_soul="0" reward_execution="" reward_items="70016|1" reward_honour="" reward_medal=""/>
  <leitai_jiangli ID="9" reward_belly="3000" reward_experience="" reward_gold="" reward_prestige="" reward_soul="0" reward_execution="" reward_items="70011|1" reward_honour="" reward_medal=""/>
  <leitai_jiangli ID="10" reward_belly="10000" reward_experience="0" reward_gold="0" reward_prestige="500" reward_soul="0" reward_execution="0" reward_items="" reward_honour="0" reward_medal=""/>
  <leitai_jiangli ID="11" reward_belly="11000" reward_experience="0" reward_gold="0" reward_prestige="600" reward_soul="0" reward_execution="0" reward_items="" reward_honour="0" reward_medal=""/>
  <leitai_jiangli ID="12" reward_belly="12500" reward_experience="0" reward_gold="0" reward_prestige="700" reward_soul="0" reward_execution="0" reward_items="" reward_honour="0" reward_medal=""/>
  <leitai_jiangli ID="13" reward_belly="15000" reward_experience="0" reward_gold="0" reward_prestige="800" reward_soul="0" reward_execution="0" reward_items="" reward_honour="0" reward_medal=""/>
  <leitai_jiangli ID="14" reward_belly="20000" reward_experience="0" reward_gold="0" reward_prestige="900" reward_soul="0" reward_execution="0" reward_items="" reward_honour="0" reward_medal=""/>
  <leitai_jiangli ID="15" reward_belly="25000" reward_experience="0" reward_gold="0" reward_prestige="1000" reward_soul="0" reward_execution="0" reward_items="" reward_honour="0" reward_medal=""/>
  <leitai_jiangli ID="16" reward_belly="5000" reward_experience="0" reward_gold="0" reward_prestige="500" reward_soul="0" reward_execution="0" reward_items="" reward_honour="0" reward_medal=""/>
  <leitai_jiangli ID="17" reward_belly="6000" reward_experience="0" reward_gold="0" reward_prestige="500" reward_soul="0" reward_execution="0" reward_items="" reward_honour="0" reward_medal=""/>
  <leitai_jiangli ID="18" reward_belly="7000" reward_experience="0" reward_gold="0" reward_prestige="500" reward_soul="0" reward_execution="0" reward_items="" reward_honour="0" reward_medal=""/>
  <leitai_jiangli ID="19" reward_belly="8000" reward_experience="0" reward_gold="0" reward_prestige="500" reward_soul="0" reward_execution="0" reward_items="" reward_honour="0" reward_medal=""/>
  <leitai_jiangli ID="20" reward_belly="9000" reward_experience="0" reward_gold="0" reward_prestige="500" reward_soul="0" reward_execution="0" reward_items="" reward_honour="0" reward_medal=""/>
  <leitai_jiangli ID="21" reward_belly="10000" reward_experience="0" reward_gold="0" reward_prestige="500" reward_soul="0" reward_execution="0" reward_items="" reward_honour="0" reward_medal=""/>
  <leitai_jiangli ID="22" reward_belly="50000" reward_experience="0" reward_gold="0" reward_prestige="3000" reward_soul="0" reward_execution="0" reward_items="70520|12" reward_honour="0" reward_medal=""/>
  <leitai_jiangli ID="23" reward_belly="60000" reward_experience="0" reward_gold="0" reward_prestige="3000" reward_soul="0" reward_execution="0" reward_items="70520|15" reward_honour="0" reward_medal=""/>
  <leitai_jiangli ID="24" reward_belly="75000" reward_experience="0" reward_gold="0" reward_prestige="3500" reward_soul="0" reward_execution="0" reward_items="70520|20" reward_honour="0" reward_medal=""/>
  <leitai_jiangli ID="25" reward_belly="100000" reward_experience="0" reward_gold="0" reward_prestige="4000" reward_soul="0" reward_execution="0" reward_items="70520|30" reward_honour="0" reward_medal=""/>
  <leitai_jiangli ID="26" reward_belly="125000" reward_experience="0" reward_gold="0" reward_prestige="4500" reward_soul="0" reward_execution="0" reward_items="70520|40" reward_honour="0" reward_medal=""/>
  <leitai_jiangli ID="27" reward_belly="200000" reward_experience="0" reward_gold="0" reward_prestige="5000" reward_soul="0" reward_execution="0" reward_items="70520|50" reward_honour="0" reward_medal=""/>
  <leitai_jiangli ID="28" reward_belly="25000" reward_experience="0" reward_gold="0" reward_prestige="1500" reward_soul="0" reward_execution="0" reward_items="70520|5" reward_honour="0" reward_medal=""/>
  <leitai_jiangli ID="29" reward_belly="30000" reward_experience="0" reward_gold="0" reward_prestige="1750" reward_soul="0" reward_execution="0" reward_items="70520|6" reward_honour="0" reward_medal=""/>
  <leitai_jiangli ID="30" reward_belly="35000" reward_experience="0" reward_gold="0" reward_prestige="2000" reward_soul="0" reward_execution="0" reward_items="70520|7" reward_honour="0" reward_medal=""/>
  <leitai_jiangli ID="31" reward_belly="40000" reward_experience="0" reward_gold="0" reward_prestige="2250" reward_soul="0" reward_execution="0" reward_items="70520|8" reward_honour="0" reward_medal=""/>
  <leitai_jiangli ID="32" reward_belly="45000" reward_experience="0" reward_gold="0" reward_prestige="2500" reward_soul="0" reward_execution="0" reward_items="70520|9" reward_honour="0" reward_medal=""/>
  <leitai_jiangli ID="33" reward_belly="50000" reward_experience="0" reward_gold="0" reward_prestige="2750" reward_soul="0" reward_execution="0" reward_items="70520|10" reward_honour="0" reward_medal=""/>
  <leitai_jiangli ID="34" reward_belly="500" reward_experience="0" reward_gold="0" reward_prestige="50" reward_soul="0" reward_execution="0" reward_items="" reward_honour="0" reward_medal=""/>
  <leitai_jiangli ID="35" reward_belly="2500" reward_experience="0" reward_gold="0" reward_prestige="150" reward_soul="0" reward_execution="0" reward_items="" reward_honour="0" reward_medal=""/>
  <leitai_jiangli ID="36" reward_belly="25000" reward_experience="0" reward_gold="0" reward_prestige="500" reward_soul="0" reward_execution="0" reward_items="" reward_honour="0" reward_medal=""/>
  <leitai_jiangli ID="37" reward_belly="20000" reward_experience="0" reward_gold="0" reward_prestige="1000" reward_soul="0" reward_execution="0" reward_items="" reward_honour="0" reward_medal=""/>
  <leitai_jiangli ID="38" reward_belly="22000" reward_experience="0" reward_gold="0" reward_prestige="1200" reward_soul="0" reward_execution="0" reward_items="" reward_honour="0" reward_medal=""/>
  <leitai_jiangli ID="39" reward_belly="25000" reward_experience="0" reward_gold="0" reward_prestige="1400" reward_soul="0" reward_execution="0" reward_items="" reward_honour="0" reward_medal=""/>
  <leitai_jiangli ID="40" reward_belly="30000" reward_experience="0" reward_gold="0" reward_prestige="1600" reward_soul="0" reward_execution="0" reward_items="" reward_honour="0" reward_medal=""/>
  <leitai_jiangli ID="41" reward_belly="40000" reward_experience="0" reward_gold="0" reward_prestige="1800" reward_soul="0" reward_execution="0" reward_items="" reward_honour="0" reward_medal=""/>
  <leitai_jiangli ID="42" reward_belly="50000" reward_experience="0" reward_gold="0" reward_prestige="2000" reward_soul="0" reward_execution="0" reward_items="" reward_honour="0" reward_medal=""/>
  <leitai_jiangli ID="43" reward_belly="10000" reward_experience="0" reward_gold="0" reward_prestige="500" reward_soul="0" reward_execution="0" reward_items="" reward_honour="0" reward_medal=""/>
  <leitai_jiangli ID="44" reward_belly="12000" reward_experience="0" reward_gold="0" reward_prestige="600" reward_soul="0" reward_execution="0" reward_items="" reward_honour="0" reward_medal=""/>
  <leitai_jiangli ID="45" reward_belly="14000" reward_experience="0" reward_gold="0" reward_prestige="700" reward_soul="0" reward_execution="0" reward_items="" reward_honour="0" reward_medal=""/>
  <leitai_jiangli ID="46" reward_belly="16000" reward_experience="0" reward_gold="0" reward_prestige="800" reward_soul="0" reward_execution="0" reward_items="" reward_honour="0" reward_medal=""/>
  <leitai_jiangli ID="47" reward_belly="18000" reward_experience="0" reward_gold="0" reward_prestige="900" reward_soul="0" reward_execution="0" reward_items="" reward_honour="0" reward_medal=""/>
  <leitai_jiangli ID="48" reward_belly="20000" reward_experience="0" reward_gold="0" reward_prestige="1000" reward_soul="0" reward_execution="0" reward_items="" reward_honour="0" reward_medal=""/>
  <leitai_jiangli ID="49" reward_belly="100000" reward_experience="0" reward_gold="0" reward_prestige="6000" reward_soul="0" reward_execution="0" reward_items="70520|24,60024|40" reward_honour="0" reward_medal=""/>
  <leitai_jiangli ID="50" reward_belly="120000" reward_experience="0" reward_gold="0" reward_prestige="6000" reward_soul="0" reward_execution="0" reward_items="70520|30,60024|50" reward_honour="0" reward_medal=""/>
  <leitai_jiangli ID="51" reward_belly="150000" reward_experience="0" reward_gold="0" reward_prestige="7000" reward_soul="0" reward_execution="0" reward_items="70520|40,60024|60" reward_honour="0" reward_medal=""/>
  <leitai_jiangli ID="52" reward_belly="200000" reward_experience="0" reward_gold="0" reward_prestige="8000" reward_soul="0" reward_execution="0" reward_items="70520|60,60024|70,70113|1" reward_honour="0" reward_medal=""/>
  <leitai_jiangli ID="53" reward_belly="250000" reward_experience="0" reward_gold="0" reward_prestige="9000" reward_soul="0" reward_execution="0" reward_items="70520|80,60024|80,70113|1" reward_honour="0" reward_medal=""/>
  <leitai_jiangli ID="54" reward_belly="400000" reward_experience="0" reward_gold="0" reward_prestige="10000" reward_soul="0" reward_execution="0" reward_items="70520|100,60024|100,75066|1" reward_honour="0" reward_medal=""/>
  <leitai_jiangli ID="55" reward_belly="50000" reward_experience="0" reward_gold="0" reward_prestige="3000" reward_soul="0" reward_execution="0" reward_items="70520|10,60024|30" reward_honour="0" reward_medal=""/>
  <leitai_jiangli ID="56" reward_belly="60000" reward_experience="0" reward_gold="0" reward_prestige="3500" reward_soul="0" reward_execution="0" reward_items="70520|12,60024|30" reward_honour="0" reward_medal=""/>
  <leitai_jiangli ID="57" reward_belly="70000" reward_experience="0" reward_gold="0" reward_prestige="4000" reward_soul="0" reward_execution="0" reward_items="70520|14,60024|30" reward_honour="0" reward_medal=""/>
  <leitai_jiangli ID="58" reward_belly="80000" reward_experience="0" reward_gold="0" reward_prestige="4500" reward_soul="0" reward_execution="0" reward_items="70520|16,60024|30" reward_honour="0" reward_medal=""/>
  <leitai_jiangli ID="59" reward_belly="90000" reward_experience="0" reward_gold="0" reward_prestige="5000" reward_soul="0" reward_execution="0" reward_items="70520|18,60024|30" reward_honour="0" reward_medal=""/>
  <leitai_jiangli ID="60" reward_belly="100000" reward_experience="0" reward_gold="0" reward_prestige="5500" reward_soul="0" reward_execution="0" reward_items="70520|20,60024|40" reward_honour="0" reward_medal=""/>
  <leitai_jiangli ID="61" reward_belly="1000" reward_experience="0" reward_gold="0" reward_prestige="100" reward_soul="0" reward_execution="0" reward_items="" reward_honour="0" reward_medal=""/>
  <leitai_jiangli ID="62" reward_belly="5000" reward_experience="0" reward_gold="0" reward_prestige="300" reward_soul="0" reward_execution="0" reward_items="" reward_honour="0" reward_medal=""/>
  <leitai_jiangli ID="63" reward_belly="50000" reward_experience="0" reward_gold="0" reward_prestige="1000" reward_soul="0" reward_execution="0" reward_items="" reward_honour="0" reward_medal=""/>
  <leitai_jiangli ID="64" reward_belly="20000" reward_experience="0" reward_gold="0" reward_prestige="1000" reward_soul="0" reward_execution="0" reward_items="" reward_honour="0" reward_medal=""/>
  <leitai_jiangli ID="65" reward_belly="22000" reward_experience="0" reward_gold="0" reward_prestige="1200" reward_soul="0" reward_execution="0" reward_items="" reward_honour="0" reward_medal=""/>
  <leitai_jiangli ID="66" reward_belly="25000" reward_experience="0" reward_gold="0" reward_prestige="1400" reward_soul="0" reward_execution="0" reward_items="" reward_honour="0" reward_medal=""/>
  <leitai_jiangli ID="67" reward_belly="30000" reward_experience="0" reward_gold="0" reward_prestige="1600" reward_soul="0" reward_execution="0" reward_items="" reward_honour="0" reward_medal=""/>
  <leitai_jiangli ID="68" reward_belly="40000" reward_experience="0" reward_gold="0" reward_prestige="1800" reward_soul="0" reward_execution="0" reward_items="" reward_honour="0" reward_medal=""/>
  <leitai_jiangli ID="69" reward_belly="50000" reward_experience="0" reward_gold="0" reward_prestige="2000" reward_soul="0" reward_execution="0" reward_items="" reward_honour="0" reward_medal=""/>
  <leitai_jiangli ID="70" reward_belly="10000" reward_experience="0" reward_gold="0" reward_prestige="500" reward_soul="0" reward_execution="0" reward_items="" reward_honour="0" reward_medal=""/>
  <leitai_jiangli ID="71" reward_belly="12000" reward_experience="0" reward_gold="0" reward_prestige="600" reward_soul="0" reward_execution="0" reward_items="" reward_honour="0" reward_medal=""/>
  <leitai_jiangli ID="72" reward_belly="14000" reward_experience="0" reward_gold="0" reward_prestige="700" reward_soul="0" reward_execution="0" reward_items="" reward_honour="0" reward_medal=""/>
  <leitai_jiangli ID="73" reward_belly="16000" reward_experience="0" reward_gold="0" reward_prestige="800" reward_soul="0" reward_execution="0" reward_items="" reward_honour="0" reward_medal=""/>
  <leitai_jiangli ID="74" reward_belly="18000" reward_experience="0" reward_gold="0" reward_prestige="900" reward_soul="0" reward_execution="0" reward_items="" reward_honour="0" reward_medal=""/>
  <leitai_jiangli ID="75" reward_belly="20000" reward_experience="0" reward_gold="0" reward_prestige="1000" reward_soul="0" reward_execution="0" reward_items="" reward_honour="0" reward_medal=""/>
  <leitai_jiangli ID="76" reward_belly="100000" reward_experience="0" reward_gold="0" reward_prestige="6000" reward_soul="0" reward_execution="0" reward_items="70520|24,60024|20,1100245|6" reward_honour="0" reward_medal=""/>
  <leitai_jiangli ID="77" reward_belly="120000" reward_experience="0" reward_gold="0" reward_prestige="6000" reward_soul="0" reward_execution="0" reward_items="70520|30,60024|25,1100245|8" reward_honour="0" reward_medal=""/>
  <leitai_jiangli ID="78" reward_belly="150000" reward_experience="0" reward_gold="0" reward_prestige="7000" reward_soul="0" reward_execution="0" reward_items="70520|40,60024|30,1100245|10" reward_honour="0" reward_medal=""/>
  <leitai_jiangli ID="79" reward_belly="200000" reward_experience="0" reward_gold="0" reward_prestige="8000" reward_soul="0" reward_execution="0" reward_items="70520|60,60024|35,70113|1,1100245|12" reward_honour="0" reward_medal=""/>
  <leitai_jiangli ID="80" reward_belly="250000" reward_experience="0" reward_gold="0" reward_prestige="9000" reward_soul="0" reward_execution="0" reward_items="70520|80,60024|40,70113|1,1100245|15" reward_honour="0" reward_medal=""/>
  <leitai_jiangli ID="81" reward_belly="400000" reward_experience="0" reward_gold="0" reward_prestige="10000" reward_soul="0" reward_execution="0" reward_items="70520|100,60024|50,75066|1,1100245|25" reward_honour="0" reward_medal=""/>
  <leitai_jiangli ID="82" reward_belly="50000" reward_experience="0" reward_gold="0" reward_prestige="3000" reward_soul="0" reward_execution="0" reward_items="70520|10,60024|15,1100245|4" reward_honour="0" reward_medal=""/>
  <leitai_jiangli ID="83" reward_belly="60000" reward_experience="0" reward_gold="0" reward_prestige="3500" reward_soul="0" reward_execution="0" reward_items="70520|12,60024|15,1100245|4" reward_honour="0" reward_medal=""/>
  <leitai_jiangli ID="84" reward_belly="70000" reward_experience="0" reward_gold="0" reward_prestige="4000" reward_soul="0" reward_execution="0" reward_items="70520|14,60024|15,1100245|4" reward_honour="0" reward_medal=""/>
  <leitai_jiangli ID="85" reward_belly="80000" reward_experience="0" reward_gold="0" reward_prestige="4500" reward_soul="0" reward_execution="0" reward_items="70520|16,60024|15,1100245|4" reward_honour="0" reward_medal=""/>
  <leitai_jiangli ID="86" reward_belly="90000" reward_experience="0" reward_gold="0" reward_prestige="5000" reward_soul="0" reward_execution="0" reward_items="70520|18,60024|15,1100245|4" reward_honour="0" reward_medal=""/>
  <leitai_jiangli ID="87" reward_belly="100000" reward_experience="0" reward_gold="0" reward_prestige="5500" reward_soul="0" reward_execution="0" reward_items="70520|20,60024|20,1100245|6" reward_honour="0" reward_medal=""/>
  <leitai_jiangli ID="88" reward_belly="1000" reward_experience="0" reward_gold="0" reward_prestige="100" reward_soul="0" reward_execution="0" reward_items="" reward_honour="0" reward_medal=""/>
  <leitai_jiangli ID="89" reward_belly="5000" reward_experience="0" reward_gold="0" reward_prestige="300" reward_soul="0" reward_execution="0" reward_items="" reward_honour="0" reward_medal=""/>
  <leitai_jiangli ID="90" reward_belly="50000" reward_experience="0" reward_gold="0" reward_prestige="1000" reward_soul="0" reward_execution="0" reward_items="" reward_honour="0" reward_medal=""/>
  <leitai_jiangli ID="91" reward_belly="200000" reward_experience="0" reward_gold="0" reward_prestige="5000" reward_soul="0" reward_execution="0" reward_items="70726|100,60024|30" reward_honour="0" reward_medal=""/>
  <leitai_jiangli ID="92" reward_belly="120000" reward_experience="0" reward_gold="0" reward_prestige="4500" reward_soul="0" reward_execution="0" reward_items="70726|80,60024|20" reward_honour="0" reward_medal=""/>
  <leitai_jiangli ID="93" reward_belly="100000" reward_experience="0" reward_gold="0" reward_prestige="4000" reward_soul="0" reward_execution="0" reward_items="70726|60,60024|15" reward_honour="0" reward_medal=""/>
  <leitai_jiangli ID="94" reward_belly="80000" reward_experience="0" reward_gold="0" reward_prestige="3500" reward_soul="0" reward_execution="0" reward_items="70726|40,60024|10" reward_honour="0" reward_medal=""/>
  <leitai_jiangli ID="95" reward_belly="60000" reward_experience="0" reward_gold="0" reward_prestige="3000" reward_soul="0" reward_execution="0" reward_items="70726|30,60024|5" reward_honour="0" reward_medal=""/>
  <leitai_jiangli ID="96" reward_belly="100000" reward_experience="0" reward_gold="0" reward_prestige="2500" reward_soul="0" reward_execution="0" reward_items="70726|50,60024|15" reward_honour="0" reward_medal=""/>
  <leitai_jiangli ID="97" reward_belly="60000" reward_experience="0" reward_gold="0" reward_prestige="2250" reward_soul="0" reward_execution="0" reward_items="70726|40,60024|10" reward_honour="0" reward_medal=""/>
  <leitai_jiangli ID="98" reward_belly="50000" reward_experience="0" reward_gold="0" reward_prestige="2000" reward_soul="0" reward_execution="0" reward_items="70726|30,60024|8" reward_honour="0" reward_medal=""/>
  <leitai_jiangli ID="99" reward_belly="40000" reward_experience="0" reward_gold="0" reward_prestige="1750" reward_soul="0" reward_execution="0" reward_items="70726|20,60024|5" reward_honour="0" reward_medal=""/>
  <leitai_jiangli ID="100" reward_belly="30000" reward_experience="0" reward_gold="0" reward_prestige="1500" reward_soul="0" reward_execution="0" reward_items="70726|15,60024|3" reward_honour="0" reward_medal=""/>
  <leitai_jiangli ID="101" reward_belly="2500" reward_experience="0" reward_gold="0" reward_prestige="300" reward_soul="0" reward_execution="0" reward_items="" reward_honour="0" reward_medal=""/>
  <leitai_jiangli ID="102" reward_belly="25000" reward_experience="0" reward_gold="0" reward_prestige="500" reward_soul="0" reward_execution="0" reward_items="" reward_honour="0" reward_medal=""/>
  <leitai_jiangli ID="103" reward_belly="240000" reward_experience="0" reward_gold="0" reward_prestige="6000" reward_soul="0" reward_execution="0" reward_items="70726|120,60024|36,120017|144,70150|1" reward_honour="0" reward_medal=""/>
  <leitai_jiangli ID="104" reward_belly="144000" reward_experience="0" reward_gold="0" reward_prestige="5400" reward_soul="0" reward_execution="0" reward_items="70726|96,60024|24,120017|120,70151|1" reward_honour="0" reward_medal=""/>
  <leitai_jiangli ID="105" reward_belly="120000" reward_experience="0" reward_gold="0" reward_prestige="4800" reward_soul="0" reward_execution="0" reward_items="70726|72,60024|18,120017|96,70151|1" reward_honour="0" reward_medal=""/>
  <leitai_jiangli ID="106" reward_belly="96000" reward_experience="0" reward_gold="0" reward_prestige="4200" reward_soul="0" reward_execution="0" reward_items="70726|48,60024|12,120017|72" reward_honour="0" reward_medal=""/>
  <leitai_jiangli ID="107" reward_belly="72000" reward_experience="0" reward_gold="0" reward_prestige="3600" reward_soul="0" reward_execution="0" reward_items="70726|36,60024|6,120017|60" reward_honour="0" reward_medal=""/>
  <leitai_jiangli ID="108" reward_belly="120000" reward_experience="0" reward_gold="0" reward_prestige="3000" reward_soul="0" reward_execution="0" reward_items="70726|60,60024|18,120017|72,70152|1" reward_honour="0" reward_medal=""/>
  <leitai_jiangli ID="109" reward_belly="72000" reward_experience="0" reward_gold="0" reward_prestige="2700" reward_soul="0" reward_execution="0" reward_items="70726|48,60024|12,120017|60,70153|1" reward_honour="0" reward_medal=""/>
  <leitai_jiangli ID="110" reward_belly="60000" reward_experience="0" reward_gold="0" reward_prestige="2400" reward_soul="0" reward_execution="0" reward_items="70726|36,60024|10,120017|48,70153|1" reward_honour="0" reward_medal=""/>
  <leitai_jiangli ID="111" reward_belly="48000" reward_experience="0" reward_gold="0" reward_prestige="2100" reward_soul="0" reward_execution="0" reward_items="70726|24,60024|6,120017|36" reward_honour="0" reward_medal=""/>
  <leitai_jiangli ID="112" reward_belly="36000" reward_experience="0" reward_gold="0" reward_prestige="1800" reward_soul="0" reward_execution="0" reward_items="70726|18,60024|4,120017|30" reward_honour="0" reward_medal=""/>
  <leitai_jiangli ID="113" reward_belly="2500" reward_experience="0" reward_gold="0" reward_prestige="300" reward_soul="0" reward_execution="0" reward_items="" reward_honour="0" reward_medal=""/>
  <leitai_jiangli ID="114" reward_belly="25000" reward_experience="0" reward_gold="0" reward_prestige="500" reward_soul="0" reward_execution="0" reward_items="" reward_honour="0" reward_medal=""/>
  <leitai_jiangli ID="115" reward_belly="20000" reward_experience="0" reward_gold="0" reward_prestige="1000" reward_soul="0" reward_execution="0" reward_items="" reward_honour="0" reward_medal=""/>
  <leitai_jiangli ID="116" reward_belly="22000" reward_experience="0" reward_gold="0" reward_prestige="1200" reward_soul="0" reward_execution="0" reward_items="" reward_honour="0" reward_medal=""/>
  <leitai_jiangli ID="117" reward_belly="25000" reward_experience="0" reward_gold="0" reward_prestige="1400" reward_soul="0" reward_execution="0" reward_items="" reward_honour="0" reward_medal=""/>
  <leitai_jiangli ID="118" reward_belly="30000" reward_experience="0" reward_gold="0" reward_prestige="1600" reward_soul="0" reward_execution="0" reward_items="" reward_honour="0" reward_medal=""/>
  <leitai_jiangli ID="119" reward_belly="40000" reward_experience="0" reward_gold="0" reward_prestige="1800" reward_soul="0" reward_execution="0" reward_items="" reward_honour="0" reward_medal=""/>
  <leitai_jiangli ID="120" reward_belly="50000" reward_experience="0" reward_gold="0" reward_prestige="2000" reward_soul="0" reward_execution="0" reward_items="" reward_honour="0" reward_medal=""/>
  <leitai_jiangli ID="121" reward_belly="10000" reward_experience="0" reward_gold="0" reward_prestige="500" reward_soul="0" reward_execution="0" reward_items="" reward_honour="0" reward_medal=""/>
  <leitai_jiangli ID="122" reward_belly="12000" reward_experience="0" reward_gold="0" reward_prestige="600" reward_soul="0" reward_execution="0" reward_items="" reward_honour="0" reward_medal=""/>
  <leitai_jiangli ID="123" reward_belly="14000" reward_experience="0" reward_gold="0" reward_prestige="700" reward_soul="0" reward_execution="0" reward_items="" reward_honour="0" reward_medal=""/>
  <leitai_jiangli ID="124" reward_belly="16000" reward_experience="0" reward_gold="0" reward_prestige="800" reward_soul="0" reward_execution="0" reward_items="" reward_honour="0" reward_medal=""/>
  <leitai_jiangli ID="125" reward_belly="18000" reward_experience="0" reward_gold="0" reward_prestige="900" reward_soul="0" reward_execution="0" reward_items="" reward_honour="0" reward_medal=""/>
  <leitai_jiangli ID="126" reward_belly="20000" reward_experience="0" reward_gold="0" reward_prestige="1000" reward_soul="0" reward_execution="0" reward_items="" reward_honour="0" reward_medal=""/>
  <leitai_jiangli ID="127" reward_belly="100000" reward_experience="0" reward_gold="0" reward_prestige="6000" reward_soul="0" reward_execution="0" reward_items="70520|24,70736|12,60024|20,1100245|6" reward_honour="0" reward_medal=""/>
  <leitai_jiangli ID="128" reward_belly="120000" reward_experience="0" reward_gold="0" reward_prestige="6000" reward_soul="0" reward_execution="0" reward_items="70520|30,70736|15,60024|25,1100245|8" reward_honour="0" reward_medal=""/>
  <leitai_jiangli ID="129" reward_belly="150000" reward_experience="0" reward_gold="0" reward_prestige="7000" reward_soul="0" reward_execution="0" reward_items="70520|40,70736|20,60024|30,1100245|10" reward_honour="0" reward_medal=""/>
  <leitai_jiangli ID="130" reward_belly="200000" reward_experience="0" reward_gold="0" reward_prestige="8000" reward_soul="0" reward_execution="0" reward_items="70520|60,70736|30,60024|35,70113|1,1100245|12" reward_honour="0" reward_medal=""/>
  <leitai_jiangli ID="131" reward_belly="250000" reward_experience="0" reward_gold="0" reward_prestige="9000" reward_soul="0" reward_execution="0" reward_items="70520|80,70736|40,60024|40,70113|1,1100245|15" reward_honour="0" reward_medal=""/>
  <leitai_jiangli ID="132" reward_belly="400000" reward_experience="0" reward_gold="0" reward_prestige="10000" reward_soul="0" reward_execution="0" reward_items="70520|100,70736|50,60024|50,75066|1,1100245|25" reward_honour="0" reward_medal=""/>
  <leitai_jiangli ID="133" reward_belly="50000" reward_experience="0" reward_gold="0" reward_prestige="3000" reward_soul="0" reward_execution="0" reward_items="70520|10,70736|5,60024|15,1100245|4" reward_honour="0" reward_medal=""/>
  <leitai_jiangli ID="134" reward_belly="60000" reward_experience="0" reward_gold="0" reward_prestige="3500" reward_soul="0" reward_execution="0" reward_items="70520|12,70736|6,60024|15,1100245|4" reward_honour="0" reward_medal=""/>
  <leitai_jiangli ID="135" reward_belly="70000" reward_experience="0" reward_gold="0" reward_prestige="4000" reward_soul="0" reward_execution="0" reward_items="70520|14,70736|7,60024|15,1100245|4" reward_honour="0" reward_medal=""/>
  <leitai_jiangli ID="136" reward_belly="80000" reward_experience="0" reward_gold="0" reward_prestige="4500" reward_soul="0" reward_execution="0" reward_items="70520|16,70736|8,60024|15,1100245|4" reward_honour="0" reward_medal=""/>
  <leitai_jiangli ID="137" reward_belly="90000" reward_experience="0" reward_gold="0" reward_prestige="5000" reward_soul="0" reward_execution="0" reward_items="70520|18,70736|9,60024|15,1100245|4" reward_honour="0" reward_medal=""/>
  <leitai_jiangli ID="138" reward_belly="100000" reward_experience="0" reward_gold="0" reward_prestige="5500" reward_soul="0" reward_execution="0" reward_items="70520|20,70736|10,60024|20,1100245|6" reward_honour="0" reward_medal=""/>
  <leitai_jiangli ID="139" reward_belly="1000" reward_experience="0" reward_gold="0" reward_prestige="100" reward_soul="0" reward_execution="0" reward_items="" reward_honour="0" reward_medal=""/>
  <leitai_jiangli ID="140" reward_belly="5000" reward_experience="0" reward_gold="0" reward_prestige="300" reward_soul="0" reward_execution="0" reward_items="" reward_honour="0" reward_medal=""/>
  <leitai_jiangli ID="141" reward_belly="50000" reward_experience="0" reward_gold="0" reward_prestige="1000" reward_soul="0" reward_execution="0" reward_items="" reward_honour="0" reward_medal=""/>
  <leitai_jiangli ID="142" reward_belly="200000" reward_experience="0" reward_gold="0" reward_prestige="5000" reward_soul="0" reward_execution="0" reward_items="" reward_honour="0" reward_medal=""/>
  <leitai_jiangli ID="143" reward_belly="125000" reward_experience="0" reward_gold="0" reward_prestige="4500" reward_soul="0" reward_execution="0" reward_items="" reward_honour="0" reward_medal=""/>
  <leitai_jiangli ID="144" reward_belly="100000" reward_experience="0" reward_gold="0" reward_prestige="4000" reward_soul="0" reward_execution="0" reward_items="" reward_honour="0" reward_medal=""/>
  <leitai_jiangli ID="145" reward_belly="75000" reward_experience="0" reward_gold="0" reward_prestige="3500" reward_soul="0" reward_execution="0" reward_items="" reward_honour="0" reward_medal=""/>
  <leitai_jiangli ID="146" reward_belly="60000" reward_experience="0" reward_gold="0" reward_prestige="3000" reward_soul="0" reward_execution="0" reward_items="" reward_honour="0" reward_medal=""/>
  <leitai_jiangli ID="147" reward_belly="2500" reward_experience="0" reward_gold="0" reward_prestige="150" reward_soul="0" reward_execution="0" reward_items="" reward_honour="0" reward_medal=""/>
  <leitai_jiangli ID="148" reward_belly="25000" reward_experience="0" reward_gold="0" reward_prestige="500" reward_soul="0" reward_execution="0" reward_items="" reward_honour="0" reward_medal=""/>
  <leitai_jiangli ID="149" reward_belly="400000" reward_experience="0" reward_gold="0" reward_prestige="10000" reward_soul="0" reward_execution="0" reward_items="70736|50,70726|60,2267105|1,60075|1,70184|1" reward_honour="0" reward_medal=""/>
  <leitai_jiangli ID="150" reward_belly="250000" reward_experience="0" reward_gold="0" reward_prestige="9000" reward_soul="0" reward_execution="0" reward_items="70736|40,70726|50,2267105|1,70185|1" reward_honour="0" reward_medal=""/>
  <leitai_jiangli ID="151" reward_belly="200000" reward_experience="0" reward_gold="0" reward_prestige="8000" reward_soul="0" reward_execution="0" reward_items="70736|30,70726|40,60075|1" reward_honour="0" reward_medal=""/>
  <leitai_jiangli ID="152" reward_belly="150000" reward_experience="0" reward_gold="0" reward_prestige="7000" reward_soul="0" reward_execution="0" reward_items="70736|20,70726|30,60074|1" reward_honour="0" reward_medal=""/>
  <leitai_jiangli ID="153" reward_belly="120000" reward_experience="0" reward_gold="0" reward_prestige="6000" reward_soul="0" reward_execution="0" reward_items="70736|15,70726|24,60073|1" reward_honour="0" reward_medal=""/>
  <leitai_jiangli ID="154" reward_belly="5000" reward_experience="0" reward_gold="0" reward_prestige="300" reward_soul="0" reward_execution="0" reward_items="" reward_honour="0" reward_medal=""/>
  <leitai_jiangli ID="155" reward_belly="50000" reward_experience="0" reward_gold="0" reward_prestige="1000" reward_soul="0" reward_execution="0" reward_items="" reward_honour="0" reward_medal=""/>
  <leitai_jiangli ID="156" reward_belly="24000" reward_experience="0" reward_gold="0" reward_prestige="1200" reward_soul="0" reward_execution="0" reward_items="" reward_honour="0" reward_medal=""/>
  <leitai_jiangli ID="157" reward_belly="26400" reward_experience="0" reward_gold="0" reward_prestige="1440" reward_soul="0" reward_execution="0" reward_items="" reward_honour="0" reward_medal=""/>
  <leitai_jiangli ID="158" reward_belly="30000" reward_experience="0" reward_gold="0" reward_prestige="1680" reward_soul="0" reward_execution="0" reward_items="" reward_honour="0" reward_medal=""/>
  <leitai_jiangli ID="159" reward_belly="36000" reward_experience="0" reward_gold="0" reward_prestige="1920" reward_soul="0" reward_execution="0" reward_items="" reward_honour="0" reward_medal=""/>
  <leitai_jiangli ID="160" reward_belly="48000" reward_experience="0" reward_gold="0" reward_prestige="2160" reward_soul="0" reward_execution="0" reward_items="" reward_honour="0" reward_medal=""/>
  <leitai_jiangli ID="161" reward_belly="60000" reward_experience="0" reward_gold="0" reward_prestige="2400" reward_soul="0" reward_execution="0" reward_items="" reward_honour="0" reward_medal=""/>
  <leitai_jiangli ID="162" reward_belly="12000" reward_experience="0" reward_gold="0" reward_prestige="600" reward_soul="0" reward_execution="0" reward_items="" reward_honour="0" reward_medal=""/>
  <leitai_jiangli ID="163" reward_belly="14400" reward_experience="0" reward_gold="0" reward_prestige="720" reward_soul="0" reward_execution="0" reward_items="" reward_honour="0" reward_medal=""/>
  <leitai_jiangli ID="164" reward_belly="16800" reward_experience="0" reward_gold="0" reward_prestige="840" reward_soul="0" reward_execution="0" reward_items="" reward_honour="0" reward_medal=""/>
  <leitai_jiangli ID="165" reward_belly="19200" reward_experience="0" reward_gold="0" reward_prestige="960" reward_soul="0" reward_execution="0" reward_items="" reward_honour="0" reward_medal=""/>
  <leitai_jiangli ID="166" reward_belly="21600" reward_experience="0" reward_gold="0" reward_prestige="1080" reward_soul="0" reward_execution="0" reward_items="" reward_honour="0" reward_medal=""/>
  <leitai_jiangli ID="167" reward_belly="24000" reward_experience="0" reward_gold="0" reward_prestige="1200" reward_soul="0" reward_execution="0" reward_items="" reward_honour="0" reward_medal=""/>
  <leitai_jiangli ID="168" reward_belly="120000" reward_experience="0" reward_gold="0" reward_prestige="7200" reward_soul="0" reward_execution="0" reward_items="70520|24,70736|12,60024|20,1100245|6,24000025|6,24000028|6" reward_honour="0" reward_medal=""/>
  <leitai_jiangli ID="169" reward_belly="144000" reward_experience="0" reward_gold="0" reward_prestige="7200" reward_soul="0" reward_execution="0" reward_items="70520|30,70736|15,60024|25,1100245|8,24000025|8,24000028|8" reward_honour="0" reward_medal=""/>
  <leitai_jiangli ID="170" reward_belly="180000" reward_experience="0" reward_gold="0" reward_prestige="8400" reward_soul="0" reward_execution="0" reward_items="70520|40,70736|20,60024|30,1100245|10,24000025|10,24000028|10" reward_honour="0" reward_medal=""/>
  <leitai_jiangli ID="171" reward_belly="240000" reward_experience="0" reward_gold="0" reward_prestige="9600" reward_soul="0" reward_execution="0" reward_items="70520|60,70736|30,60024|35,70113|1,1100245|12,24000025|12,24000028|12" reward_honour="0" reward_medal=""/>
  <leitai_jiangli ID="172" reward_belly="300000" reward_experience="0" reward_gold="0" reward_prestige="10800" reward_soul="0" reward_execution="0" reward_items="70520|80,70736|40,60024|40,70113|1,1100245|15,24000025|15,24000028|15" reward_honour="0" reward_medal=""/>
  <leitai_jiangli ID="173" reward_belly="480000" reward_experience="0" reward_gold="0" reward_prestige="12000" reward_soul="0" reward_execution="0" reward_items="70520|100,70736|50,60024|50,75066|1,1100245|25,24000025|25,24000028|25" reward_honour="0" reward_medal=""/>
  <leitai_jiangli ID="174" reward_belly="60000" reward_experience="0" reward_gold="0" reward_prestige="3600" reward_soul="0" reward_execution="0" reward_items="70520|10,70736|5,60024|15,1100245|4,24000025|4,24000028|4" reward_honour="0" reward_medal=""/>
  <leitai_jiangli ID="175" reward_belly="72000" reward_experience="0" reward_gold="0" reward_prestige="4200" reward_soul="0" reward_execution="0" reward_items="70520|12,70736|6,60024|15,1100245|4,24000025|4,24000028|4" reward_honour="0" reward_medal=""/>
  <leitai_jiangli ID="176" reward_belly="84000" reward_experience="0" reward_gold="0" reward_prestige="4800" reward_soul="0" reward_execution="0" reward_items="70520|14,70736|7,60024|15,1100245|4,24000025|4,24000028|4" reward_honour="0" reward_medal=""/>
  <leitai_jiangli ID="177" reward_belly="96000" reward_experience="0" reward_gold="0" reward_prestige="5400" reward_soul="0" reward_execution="0" reward_items="70520|16,70736|8,60024|15,1100245|4,24000025|4,24000028|4" reward_honour="0" reward_medal=""/>
  <leitai_jiangli ID="178" reward_belly="108000" reward_experience="0" reward_gold="0" reward_prestige="6000" reward_soul="0" reward_execution="0" reward_items="70520|18,70736|9,60024|15,1100245|4,24000025|4,24000028|4" reward_honour="0" reward_medal=""/>
  <leitai_jiangli ID="179" reward_belly="120000" reward_experience="0" reward_gold="0" reward_prestige="6600" reward_soul="0" reward_execution="0" reward_items="70520|20,70736|10,60024|20,1100245|6,24000025|6,24000028|6" reward_honour="0" reward_medal=""/>
  <leitai_jiangli ID="180" reward_belly="1000" reward_experience="0" reward_gold="0" reward_prestige="100" reward_soul="0" reward_execution="0" reward_items="" reward_honour="0" reward_medal=""/>
  <leitai_jiangli ID="181" reward_belly="5000" reward_experience="0" reward_gold="0" reward_prestige="300" reward_soul="0" reward_execution="0" reward_items="" reward_honour="0" reward_medal=""/>
  <leitai_jiangli ID="182" reward_belly="50000" reward_experience="0" reward_gold="0" reward_prestige="1000" reward_soul="0" reward_execution="0" reward_items="" reward_honour="0" reward_medal=""/>
  <leitai_jiangli ID="183" reward_belly="400000" reward_experience="0" reward_gold="0" reward_prestige="10000" reward_soul="0" reward_execution="0" reward_items="70736|50,70726|60,2247105|1,60075|1,70184|1,75019|1" reward_honour="0" reward_medal=""/>
  <leitai_jiangli ID="184" reward_belly="250000" reward_experience="0" reward_gold="0" reward_prestige="9000" reward_soul="0" reward_execution="0" reward_items="70736|40,70726|50,2247105|1,70185|1" reward_honour="0" reward_medal=""/>
  <leitai_jiangli ID="185" reward_belly="200000" reward_experience="0" reward_gold="0" reward_prestige="8000" reward_soul="0" reward_execution="0" reward_items="70736|30,70726|40,60075|1" reward_honour="0" reward_medal=""/>
  <leitai_jiangli ID="186" reward_belly="150000" reward_experience="0" reward_gold="0" reward_prestige="7000" reward_soul="0" reward_execution="0" reward_items="70736|20,70726|30,60074|1" reward_honour="0" reward_medal=""/>
  <leitai_jiangli ID="187" reward_belly="120000" reward_experience="0" reward_gold="0" reward_prestige="6000" reward_soul="0" reward_execution="0" reward_items="70736|15,70726|24,60073|1" reward_honour="0" reward_medal=""/>
  <leitai_jiangli ID="188" reward_belly="5000" reward_experience="0" reward_gold="0" reward_prestige="300" reward_soul="0" reward_execution="0" reward_items="" reward_honour="0" reward_medal=""/>
  <leitai_jiangli ID="189" reward_belly="50000" reward_experience="0" reward_gold="0" reward_prestige="1000" reward_soul="0" reward_execution="0" reward_items="" reward_honour="0" reward_medal=""/>
  <leitai_jiangli ID="190" reward_belly="400000" reward_experience="0" reward_gold="0" reward_prestige="10000" reward_soul="0" reward_execution="0" reward_items="70184|1,75019|1,60110|1,60109|1,73006|10,70736|50,70726|60" reward_honour="0" reward_medal=""/>
  <leitai_jiangli ID="191" reward_belly="250000" reward_experience="0" reward_gold="0" reward_prestige="9000" reward_soul="0" reward_execution="0" reward_items="70185|1,60110|1,73006|5,70736|40,70726|50" reward_honour="0" reward_medal=""/>
  <leitai_jiangli ID="192" reward_belly="200000" reward_experience="0" reward_gold="0" reward_prestige="8000" reward_soul="0" reward_execution="0" reward_items="60129|1,73006|3,70736|30,70726|40" reward_honour="0" reward_medal=""/>
  <leitai_jiangli ID="193" reward_belly="150000" reward_experience="0" reward_gold="0" reward_prestige="7000" reward_soul="0" reward_execution="0" reward_items="60086|1,73006|3,70736|20,70726|30" reward_honour="0" reward_medal=""/>
  <leitai_jiangli ID="194" reward_belly="120000" reward_experience="0" reward_gold="0" reward_prestige="6000" reward_soul="0" reward_execution="0" reward_items="60085|1,73006|3,70736|15,70726|24" reward_honour="0" reward_medal=""/>
  <leitai_jiangli ID="195" reward_belly="360000" reward_experience="0" reward_gold="0" reward_prestige="6000" reward_soul="0" reward_execution="0" reward_items="70150|1,73010|60,50041|12,70726|180,60024|54,120017|216" reward_honour="0" reward_medal=""/>
  <leitai_jiangli ID="196" reward_belly="216000" reward_experience="0" reward_gold="0" reward_prestige="5400" reward_soul="0" reward_execution="0" reward_items="70151|1,73010|30,50041|8,70726|144,60024|36,120017|180" reward_honour="0" reward_medal=""/>
  <leitai_jiangli ID="197" reward_belly="180000" reward_experience="0" reward_gold="0" reward_prestige="4800" reward_soul="0" reward_execution="0" reward_items="70151|1,73010|16,50041|6,70726|108,60024|27,120017|144" reward_honour="0" reward_medal=""/>
  <leitai_jiangli ID="198" reward_belly="144000" reward_experience="0" reward_gold="0" reward_prestige="4200" reward_soul="0" reward_execution="0" reward_items="73010|10,50041|4,70726|72,60024|18,120017|108" reward_honour="0" reward_medal=""/>
  <leitai_jiangli ID="199" reward_belly="108000" reward_experience="0" reward_gold="0" reward_prestige="3600" reward_soul="0" reward_execution="0" reward_items="73010|6,50041|2,70726|54,60024|9,120017|90" reward_honour="0" reward_medal=""/>
  <leitai_jiangli ID="200" reward_belly="180000" reward_experience="0" reward_gold="0" reward_prestige="3000" reward_soul="0" reward_execution="0" reward_items="70152|1,73010|30,50041|6,70726|90,60024|27,120017|108" reward_honour="0" reward_medal=""/>
  <leitai_jiangli ID="201" reward_belly="108000" reward_experience="0" reward_gold="0" reward_prestige="2700" reward_soul="0" reward_execution="0" reward_items="70153|1,73010|15,50041|4,70726|72,60024|18,120017|90" reward_honour="0" reward_medal=""/>
  <leitai_jiangli ID="202" reward_belly="90000" reward_experience="0" reward_gold="0" reward_prestige="2400" reward_soul="0" reward_execution="0" reward_items="70153|1,73010|8,50041|3,70726|54,60024|15,120017|72" reward_honour="0" reward_medal=""/>
  <leitai_jiangli ID="203" reward_belly="72000" reward_experience="0" reward_gold="0" reward_prestige="2100" reward_soul="0" reward_execution="0" reward_items="73010|5,50041|2,70726|36,60024|9,120017|54" reward_honour="0" reward_medal=""/>
  <leitai_jiangli ID="204" reward_belly="54000" reward_experience="0" reward_gold="0" reward_prestige="1800" reward_soul="0" reward_execution="0" reward_items="73010|3,50041|1,70726|27,60024|6,120017|45" reward_honour="0" reward_medal=""/>
  <leitai_jiangli ID="205" reward_belly="400000" reward_experience="0" reward_gold="0" reward_prestige="10000" reward_soul="0" reward_execution="0" reward_items="70184|1,75019|1,60152|1,60151|1,70806|30,50042|12,73006|20,70736|100,70726|120" reward_honour="0" reward_medal=""/>
  <leitai_jiangli ID="206" reward_belly="250000" reward_experience="0" reward_gold="0" reward_prestige="9000" reward_soul="0" reward_execution="0" reward_items="70185|1,60152|1,70806|16,50042|6,73006|12,70736|80,70726|100" reward_honour="0" reward_medal=""/>
  <leitai_jiangli ID="207" reward_belly="200000" reward_experience="0" reward_gold="0" reward_prestige="8000" reward_soul="0" reward_execution="0" reward_items="60151|1,70806|8,50042|4,73006|10,70736|60,70726|80" reward_honour="0" reward_medal=""/>
  <leitai_jiangli ID="208" reward_belly="150000" reward_experience="0" reward_gold="0" reward_prestige="7000" reward_soul="0" reward_execution="0" reward_items="60110|1,70806|6,50042|3,73006|8,70736|40,70726|60" reward_honour="0" reward_medal=""/>
  <leitai_jiangli ID="209" reward_belly="120000" reward_experience="0" reward_gold="0" reward_prestige="6000" reward_soul="0" reward_execution="0" reward_items="60109|1,70806|4,50042|2,73006|6,70736|30,70726|48" reward_honour="0" reward_medal=""/>
  <leitai_jiangli ID="210" reward_belly="120000" reward_experience="0" reward_gold="0" reward_prestige="7200" reward_soul="0" reward_execution="0" reward_items="129310|1,79002|12,70520|48,70736|24,60024|20,60156|80,50043|12,50044|7,1100245|6,24000025|6,24000028|6" reward_honour="0" reward_medal=""/>
  <leitai_jiangli ID="211" reward_belly="144000" reward_experience="0" reward_gold="0" reward_prestige="7200" reward_soul="0" reward_execution="0" reward_items="129310|1,79002|14,70520|60,70736|30,60024|25,60156|90,50043|13,50044|8,1100245|8,24000025|8,24000028|8" reward_honour="0" reward_medal=""/>
  <leitai_jiangli ID="212" reward_belly="180000" reward_experience="0" reward_gold="0" reward_prestige="8400" reward_soul="0" reward_execution="0" reward_items="129310|1,79002|16,70520|80,70736|40,60024|30,60156|100,50043|14,50044|9,1100245|10,24000025|10,24000028|10" reward_honour="0" reward_medal=""/>
  <leitai_jiangli ID="213" reward_belly="240000" reward_experience="0" reward_gold="0" reward_prestige="9600" reward_soul="0" reward_execution="0" reward_items="129310|1,79002|20,70520|120,70736|60,60024|35,60156|120,50043|15,50044|10,70113|1,1100245|12,24000025|12,24000028|12" reward_honour="0" reward_medal=""/>
  <leitai_jiangli ID="214" reward_belly="300000" reward_experience="0" reward_gold="0" reward_prestige="10800" reward_soul="0" reward_execution="0" reward_items="129310|1,79002|25,70520|160,70736|80,60024|40,60156|160,50043|16,50044|11,70113|1,1100245|15,24000025|15,24000028|15" reward_honour="0" reward_medal=""/>
  <leitai_jiangli ID="215" reward_belly="480000" reward_experience="0" reward_gold="0" reward_prestige="12000" reward_soul="0" reward_execution="0" reward_items="129311|1,129310|1,79002|30,70520|200,70736|100,60024|50,60156|200,50043|20,50044|12,75066|1,1100245|25,24000025|25,24000028|25" reward_honour="0" reward_medal=""/>
  <leitai_jiangli ID="216" reward_belly="60000" reward_experience="0" reward_gold="0" reward_prestige="3600" reward_soul="0" reward_execution="0" reward_items="79002|8,70520|20,70736|10,60024|15,60156|45,50043|5,50044|1,1100245|4,24000025|4,24000028|4" reward_honour="0" reward_medal=""/>
  <leitai_jiangli ID="217" reward_belly="72000" reward_experience="0" reward_gold="0" reward_prestige="4200" reward_soul="0" reward_execution="0" reward_items="79002|8,70520|24,70736|12,60024|15,60156|50,50043|6,50044|2,1100245|4,24000025|4,24000028|4" reward_honour="0" reward_medal=""/>
  <leitai_jiangli ID="218" reward_belly="84000" reward_experience="0" reward_gold="0" reward_prestige="4800" reward_soul="0" reward_execution="0" reward_items="79002|8,70520|28,70736|14,60024|15,60156|55,50043|7,50044|3,1100245|4,24000025|4,24000028|4" reward_honour="0" reward_medal=""/>
  <leitai_jiangli ID="219" reward_belly="96000" reward_experience="0" reward_gold="0" reward_prestige="5400" reward_soul="0" reward_execution="0" reward_items="79002|8,70520|32,70736|16,60024|15,60156|60,50043|8,50044|4,1100245|4,24000025|4,24000028|4" reward_honour="0" reward_medal=""/>
  <leitai_jiangli ID="220" reward_belly="108000" reward_experience="0" reward_gold="0" reward_prestige="6000" reward_soul="0" reward_execution="0" reward_items="79002|10,70520|36,70736|18,60024|15,60156|65,50043|10,50044|5,1100245|4,24000025|4,24000028|4" reward_honour="0" reward_medal=""/>
  <leitai_jiangli ID="221" reward_belly="120000" reward_experience="0" reward_gold="0" reward_prestige="6600" reward_soul="0" reward_execution="0" reward_items="79002|12,70520|40,70736|20,60024|20,60156|80,50043|12,50044|7,1100245|6,24000025|6,24000028|6" reward_honour="0" reward_medal=""/>
  <leitai_jiangli ID="222" reward_belly="360000" reward_experience="0" reward_gold="0" reward_prestige="6000" reward_soul="0" reward_execution="0" reward_items="1100305|25,70150|1,73010|60,50041|12,70726|180,60024|54,120017|216" reward_honour="0" reward_medal=""/>
  <leitai_jiangli ID="223" reward_belly="216000" reward_experience="0" reward_gold="0" reward_prestige="5400" reward_soul="0" reward_execution="0" reward_items="1100305|15,70151|1,73010|30,50041|8,70726|144,60024|36,120017|180" reward_honour="0" reward_medal=""/>
  <leitai_jiangli ID="224" reward_belly="180000" reward_experience="0" reward_gold="0" reward_prestige="4800" reward_soul="0" reward_execution="0" reward_items="1100305|12,70151|1,73010|16,50041|6,70726|108,60024|27,120017|144" reward_honour="0" reward_medal=""/>
  <leitai_jiangli ID="225" reward_belly="144000" reward_experience="0" reward_gold="0" reward_prestige="4200" reward_soul="0" reward_execution="0" reward_items="1100305|10,73010|10,50041|4,70726|72,60024|18,120017|108" reward_honour="0" reward_medal=""/>
  <leitai_jiangli ID="226" reward_belly="108000" reward_experience="0" reward_gold="0" reward_prestige="3600" reward_soul="0" reward_execution="0" reward_items="1100305|8,73010|6,50041|2,70726|54,60024|9,120017|90" reward_honour="0" reward_medal=""/>
  <leitai_jiangli ID="227" reward_belly="180000" reward_experience="0" reward_gold="0" reward_prestige="3000" reward_soul="0" reward_execution="0" reward_items="1100305|12,70152|1,73010|30,50041|6,70726|90,60024|27,120017|108" reward_honour="0" reward_medal=""/>
  <leitai_jiangli ID="228" reward_belly="108000" reward_experience="0" reward_gold="0" reward_prestige="2700" reward_soul="0" reward_execution="0" reward_items="1100305|7,70153|1,73010|15,50041|4,70726|72,60024|18,120017|90" reward_honour="0" reward_medal=""/>
  <leitai_jiangli ID="229" reward_belly="90000" reward_experience="0" reward_gold="0" reward_prestige="2400" reward_soul="0" reward_execution="0" reward_items="1100305|6,70153|1,73010|8,50041|3,70726|54,60024|15,120017|72" reward_honour="0" reward_medal=""/>
  <leitai_jiangli ID="230" reward_belly="72000" reward_experience="0" reward_gold="0" reward_prestige="2100" reward_soul="0" reward_execution="0" reward_items="1100305|5,73010|5,50041|2,70726|36,60024|9,120017|54" reward_honour="0" reward_medal=""/>
  <leitai_jiangli ID="231" reward_belly="54000" reward_experience="0" reward_gold="0" reward_prestige="1800" reward_soul="0" reward_execution="0" reward_items="1100305|4,73010|3,50041|1,70726|27,60024|6,120017|45" reward_honour="0" reward_medal=""/>
  <leitai_jiangli ID="232" reward_belly="400000" reward_experience="0" reward_gold="0" reward_prestige="10000" reward_soul="0" reward_execution="0" reward_items="1100305|25,70184|1,75019|1,60152|1,60151|1,70806|30,50042|12,73006|20,70736|100,70726|120" reward_honour="0" reward_medal=""/>
  <leitai_jiangli ID="233" reward_belly="250000" reward_experience="0" reward_gold="0" reward_prestige="9000" reward_soul="0" reward_execution="0" reward_items="1100305|15,70185|1,60152|1,70806|16,50042|6,73006|12,70736|80,70726|100" reward_honour="0" reward_medal=""/>
  <leitai_jiangli ID="234" reward_belly="200000" reward_experience="0" reward_gold="0" reward_prestige="8000" reward_soul="0" reward_execution="0" reward_items="1100305|12,60151|1,70806|8,50042|4,73006|10,70736|60,70726|80" reward_honour="0" reward_medal=""/>
  <leitai_jiangli ID="235" reward_belly="150000" reward_experience="0" reward_gold="0" reward_prestige="7000" reward_soul="0" reward_execution="0" reward_items="1100305|10,60110|1,70806|6,50042|3,73006|8,70736|40,70726|60" reward_honour="0" reward_medal=""/>
  <leitai_jiangli ID="236" reward_belly="120000" reward_experience="0" reward_gold="0" reward_prestige="6000" reward_soul="0" reward_execution="0" reward_items="1100305|8,60109|1,70806|4,50042|2,73006|6,70736|30,70726|48" reward_honour="0" reward_medal=""/>
  <leitai_jiangli ID="237" reward_belly="20000" reward_experience="0" reward_gold="0" reward_prestige="3000" reward_soul="0" reward_execution="0" reward_items="24000028|3,24000025|3,1100245|3,50044|3" reward_honour="" reward_medal=""/>
  <leitai_jiangli ID="238" reward_belly="15000" reward_experience="0" reward_gold="0" reward_prestige="2500" reward_soul="0" reward_execution="0" reward_items="24000028|2,24000025|2,1100245|2,50044|2" reward_honour="" reward_medal=""/>
  <leitai_jiangli ID="239" reward_belly="10000" reward_experience="0" reward_gold="0" reward_prestige="2000" reward_soul="0" reward_execution="0" reward_items="24000028|1,24000025|1,1100245|1,50044|1" reward_honour="" reward_medal=""/>
  <leitai_jiangli ID="240" reward_belly="5000" reward_experience="0" reward_gold="0" reward_prestige="1500" reward_soul="0" reward_execution="0" reward_items="24000028|1,24000025|1,1100245|1,50044|1" reward_honour="" reward_medal=""/>
  <leitai_jiangli ID="241" reward_belly="3000" reward_experience="0" reward_gold="0" reward_prestige="1000" reward_soul="0" reward_execution="0" reward_items="24000028|1,24000025|1,1100245|1,50044|1" reward_honour="" reward_medal=""/>
  <leitai_jiangli ID="242" reward_belly="1500" reward_experience="0" reward_gold="0" reward_prestige="500" reward_soul="0" reward_execution="0" reward_items="24000028|1,24000025|1,1100245|1,50044|1" reward_honour="" reward_medal=""/>
  <leitai_jiangli ID="299" reward_belly="50000" reward_experience="0" reward_gold="0" reward_prestige="0" reward_soul="0" reward_execution="0" reward_items="" reward_honour="0" reward_medal=""/>
  <leitai_jiangli ID="300" reward_belly="1000000" reward_experience="0" reward_gold="0" reward_prestige="0" reward_soul="0" reward_execution="0" reward_items="129231|1,75169|1,50061|1" reward_honour="0" reward_medal="2000"/>
  <leitai_jiangli ID="301" reward_belly="900000" reward_experience="0" reward_gold="0" reward_prestige="0" reward_soul="0" reward_execution="0" reward_items="129231|1,75170|1,50062|1" reward_honour="0" reward_medal="1800"/>
  <leitai_jiangli ID="302" reward_belly="800000" reward_experience="0" reward_gold="0" reward_prestige="0" reward_soul="0" reward_execution="0" reward_items="129231|1,75171|1,50063|1" reward_honour="0" reward_medal="1600"/>
  <leitai_jiangli ID="303" reward_belly="700000" reward_experience="0" reward_gold="0" reward_prestige="0" reward_soul="0" reward_execution="0" reward_items="129231|1,75172|1,75173|1" reward_honour="0" reward_medal="1400"/>
  <leitai_jiangli ID="304" reward_belly="600000" reward_experience="0" reward_gold="0" reward_prestige="0" reward_soul="0" reward_execution="0" reward_items="129231|1,75173|1" reward_honour="0" reward_medal="1200"/>
  <leitai_jiangli ID="305" reward_belly="500000" reward_experience="0" reward_gold="0" reward_prestige="0" reward_soul="0" reward_execution="0" reward_items="129231|1,75173|1" reward_honour="0" reward_medal="1000"/>
  <leitai_jiangli ID="306" reward_belly="450000" reward_experience="0" reward_gold="0" reward_prestige="0" reward_soul="0" reward_execution="0" reward_items="129231|1,75173|1" reward_honour="0" reward_medal="800"/>
  <leitai_jiangli ID="307" reward_belly="400000" reward_experience="0" reward_gold="0" reward_prestige="0" reward_soul="0" reward_execution="0" reward_items="129231|1,75173|1" reward_honour="0" reward_medal="600"/>
  <leitai_jiangli ID="310" reward_belly="200000" reward_experience="0" reward_gold="0" reward_prestige="2000" reward_soul="0" reward_execution="0" reward_items="129222|10,129221|10,129220|10" reward_honour="0" reward_medal=""/>
  <leitai_jiangli ID="311" reward_belly="180000" reward_experience="0" reward_gold="0" reward_prestige="1800" reward_soul="0" reward_execution="0" reward_items="129222|8,129221|8,129220|8" reward_honour="0" reward_medal=""/>
  <leitai_jiangli ID="312" reward_belly="160000" reward_experience="0" reward_gold="0" reward_prestige="1600" reward_soul="0" reward_execution="0" reward_items="129222|6,129221|6,129220|6" reward_honour="0" reward_medal=""/>
  <leitai_jiangli ID="313" reward_belly="120000" reward_experience="0" reward_gold="0" reward_prestige="1200" reward_soul="0" reward_execution="0" reward_items="129222|4,129221|4,129220|4" reward_honour="0" reward_medal=""/>
  <leitai_jiangli ID="314" reward_belly="100000" reward_experience="0" reward_gold="0" reward_prestige="1000" reward_soul="0" reward_execution="0" reward_items="129221|4,129220|4" reward_honour="0" reward_medal=""/>
  <leitai_jiangli ID="315" reward_belly="80000" reward_experience="0" reward_gold="0" reward_prestige="800" reward_soul="0" reward_execution="0" reward_items="129221|2,129220|2" reward_honour="0" reward_medal=""/>
  <leitai_jiangli ID="316" reward_belly="60000" reward_experience="0" reward_gold="0" reward_prestige="600" reward_soul="0" reward_execution="0" reward_items="129220|4" reward_honour="0" reward_medal=""/>
  <leitai_jiangli ID="317" reward_belly="" reward_experience="" reward_gold="" reward_prestige="" reward_soul="" reward_execution="" reward_items="" reward_honour="" reward_medal=""/>
  <leitai_jiangli ID="318" reward_belly="360000" reward_experience="0" reward_gold="0" reward_prestige="6000" reward_soul="0" reward_execution="0" reward_items="1100305|25,70150|1,73010|60,129308|100,76102|72,50041|12,70726|180,60024|54,120017|216" reward_honour="0" reward_medal=""/>
  <leitai_jiangli ID="319" reward_belly="216000" reward_experience="0" reward_gold="0" reward_prestige="5400" reward_soul="0" reward_execution="0" reward_items="1100305|15,70151|1,73010|30,129308|50,76102|36,50041|8,70726|144,60024|36,120017|180" reward_honour="0" reward_medal=""/>
  <leitai_jiangli ID="320" reward_belly="180000" reward_experience="0" reward_gold="0" reward_prestige="4800" reward_soul="0" reward_execution="0" reward_items="1100305|12,70151|1,73010|16,129308|26,76102|20,50041|6,70726|108,60024|27,120017|144" reward_honour="0" reward_medal=""/>
  <leitai_jiangli ID="321" reward_belly="144000" reward_experience="0" reward_gold="0" reward_prestige="4200" reward_soul="0" reward_execution="0" reward_items="1100305|10,73010|10,129308|16,76102|12,50041|4,70726|72,60024|18,120017|108" reward_honour="0" reward_medal=""/>
  <leitai_jiangli ID="322" reward_belly="108000" reward_experience="0" reward_gold="0" reward_prestige="3600" reward_soul="0" reward_execution="0" reward_items="1100305|8,73010|6,129308|10,76102|8,50041|2,70726|54,60024|9,120017|90" reward_honour="0" reward_medal=""/>
  <leitai_jiangli ID="323" reward_belly="180000" reward_experience="0" reward_gold="0" reward_prestige="3000" reward_soul="0" reward_execution="0" reward_items="1100305|12,70152|1,73010|30,129308|50,76102|36,50041|6,70726|90,60024|27,120017|108" reward_honour="0" reward_medal=""/>
  <leitai_jiangli ID="324" reward_belly="108000" reward_experience="0" reward_gold="0" reward_prestige="2700" reward_soul="0" reward_execution="0" reward_items="1100305|7,70153|1,73010|15,129308|25,76102|18,50041|4,70726|72,60024|18,120017|90" reward_honour="0" reward_medal=""/>
  <leitai_jiangli ID="325" reward_belly="90000" reward_experience="0" reward_gold="0" reward_prestige="2400" reward_soul="0" reward_execution="0" reward_items="1100305|6,70153|1,73010|8,129308|13,76102|10,50041|3,70726|54,60024|15,120017|72" reward_honour="0" reward_medal=""/>
  <leitai_jiangli ID="326" reward_belly="72000" reward_experience="0" reward_gold="0" reward_prestige="2100" reward_soul="0" reward_execution="0" reward_items="1100305|5,73010|5,129308|8,76102|6,50041|2,70726|36,60024|9,120017|54" reward_honour="0" reward_medal=""/>
  <leitai_jiangli ID="327" reward_belly="54000" reward_experience="0" reward_gold="0" reward_prestige="1800" reward_soul="0" reward_execution="0" reward_items="1100305|4,73010|3,129308|5,76102|4,50041|1,70726|27,60024|6,120017|45" reward_honour="0" reward_medal=""/>
  <leitai_jiangli ID="328" reward_belly="400000" reward_experience="0" reward_gold="0" reward_prestige="10000" reward_soul="0" reward_execution="0" reward_items="1100305|25,70184|1,75019|1,60152|1,60151|1,70806|30,129308|16,76102|36,50042|12,73006|20,70736|100,70726|120" reward_honour="0" reward_medal=""/>
  <leitai_jiangli ID="329" reward_belly="250000" reward_experience="0" reward_gold="0" reward_prestige="9000" reward_soul="0" reward_execution="0" reward_items="1100305|15,70185|1,60152|1,70806|16,129308|10,76102|22,50042|6,73006|12,70736|80,70726|100" reward_honour="0" reward_medal=""/>
  <leitai_jiangli ID="330" reward_belly="200000" reward_experience="0" reward_gold="0" reward_prestige="8000" reward_soul="0" reward_execution="0" reward_items="1100305|12,60151|1,70806|8,129308|8,76102|18,50042|4,73006|10,70736|60,70726|80" reward_honour="0" reward_medal=""/>
  <leitai_jiangli ID="331" reward_belly="150000" reward_experience="0" reward_gold="0" reward_prestige="7000" reward_soul="0" reward_execution="0" reward_items="1100305|10,60110|1,70806|6,129308|6,76102|15,50042|3,73006|8,70736|40,70726|60" reward_honour="0" reward_medal=""/>
  <leitai_jiangli ID="332" reward_belly="120000" reward_experience="0" reward_gold="0" reward_prestige="6000" reward_soul="0" reward_execution="0" reward_items="1100305|8,60109|1,70806|4,129308|5,76102|11,50042|2,73006|6,70736|30,70726|48" reward_honour="0" reward_medal=""/>
  <leitai_jiangli ID="333" reward_belly="120000" reward_experience="0" reward_gold="0" reward_prestige="7200" reward_soul="0" reward_execution="0" reward_items="129310|1,79002|12,70520|48,70736|24,60024|20,60156|80,50043|12,50044|7,1100245|6,24000025|6,24000028|6" reward_honour="0" reward_medal=""/>
  <leitai_jiangli ID="334" reward_belly="144000" reward_experience="0" reward_gold="0" reward_prestige="7200" reward_soul="0" reward_execution="0" reward_items="129310|1,79002|14,70520|60,70736|30,60024|25,60156|90,50043|13,50044|8,1100245|8,24000025|8,24000028|8" reward_honour="0" reward_medal=""/>
  <leitai_jiangli ID="335" reward_belly="180000" reward_experience="0" reward_gold="0" reward_prestige="8400" reward_soul="0" reward_execution="0" reward_items="129310|1,79002|16,70520|80,70736|40,60024|30,60156|100,50043|14,50044|9,1100245|10,24000025|10,24000028|10" reward_honour="0" reward_medal=""/>
  <leitai_jiangli ID="336" reward_belly="240000" reward_experience="0" reward_gold="0" reward_prestige="9600" reward_soul="0" reward_execution="0" reward_items="129310|1,79002|20,70520|120,70736|60,60024|35,60156|120,50043|15,50044|10,75192|1,1100245|12,24000025|12,24000028|12" reward_honour="0" reward_medal=""/>
  <leitai_jiangli ID="337" reward_belly="300000" reward_experience="0" reward_gold="0" reward_prestige="10800" reward_soul="0" reward_execution="0" reward_items="129310|1,79002|25,70520|160,70736|80,60024|40,60156|160,50043|16,50044|11,75192|1,1100245|15,24000025|15,24000028|15" reward_honour="0" reward_medal=""/>
  <leitai_jiangli ID="338" reward_belly="480000" reward_experience="0" reward_gold="0" reward_prestige="12000" reward_soul="0" reward_execution="0" reward_items="129311|1,129310|1,79002|30,70520|200,70736|100,60024|50,60156|200,50043|20,50044|12,75197|1,1100245|25,24000025|25,24000028|25" reward_honour="0" reward_medal=""/>
  <leitai_jiangli ID="339" reward_belly="24000" reward_experience="0" reward_gold="0" reward_prestige="1200" reward_soul="0" reward_execution="0" reward_items="121457|210,50044|1,79002|3" reward_honour="0" reward_medal=""/>
  <leitai_jiangli ID="340" reward_belly="26400" reward_experience="0" reward_gold="0" reward_prestige="1440" reward_soul="0" reward_execution="0" reward_items="121457|220,50044|1,79002|3" reward_honour="0" reward_medal=""/>
  <leitai_jiangli ID="341" reward_belly="30000" reward_experience="0" reward_gold="0" reward_prestige="1680" reward_soul="0" reward_execution="0" reward_items="121457|230,50044|1,79002|3" reward_honour="0" reward_medal=""/>
  <leitai_jiangli ID="342" reward_belly="36000" reward_experience="0" reward_gold="0" reward_prestige="1920" reward_soul="0" reward_execution="0" reward_items="121457|240,50044|1,79002|4" reward_honour="0" reward_medal=""/>
  <leitai_jiangli ID="343" reward_belly="48000" reward_experience="0" reward_gold="0" reward_prestige="2160" reward_soul="0" reward_execution="0" reward_items="121457|250,50044|1,79002|5" reward_honour="0" reward_medal=""/>
  <leitai_jiangli ID="344" reward_belly="60000" reward_experience="0" reward_gold="0" reward_prestige="2400" reward_soul="0" reward_execution="0" reward_items="121457|260,50044|1,79002|6" reward_honour="0" reward_medal=""/>
  <leitai_jiangli ID="345" reward_belly="12000" reward_experience="0" reward_gold="0" reward_prestige="600" reward_soul="0" reward_execution="0" reward_items="121457|150,50044|1,79002|2" reward_honour="0" reward_medal=""/>
  <leitai_jiangli ID="346" reward_belly="14400" reward_experience="0" reward_gold="0" reward_prestige="720" reward_soul="0" reward_execution="0" reward_items="121457|160,50044|1,79002|2" reward_honour="0" reward_medal=""/>
  <leitai_jiangli ID="347" reward_belly="16800" reward_experience="0" reward_gold="0" reward_prestige="840" reward_soul="0" reward_execution="0" reward_items="121457|170,50044|1,79002|2" reward_honour="0" reward_medal=""/>
  <leitai_jiangli ID="348" reward_belly="19200" reward_experience="0" reward_gold="0" reward_prestige="960" reward_soul="0" reward_execution="0" reward_items="121457|180,50044|1,79002|2" reward_honour="0" reward_medal=""/>
  <leitai_jiangli ID="349" reward_belly="21600" reward_experience="0" reward_gold="0" reward_prestige="1080" reward_soul="0" reward_execution="0" reward_items="121457|190,50044|1,79002|2" reward_honour="0" reward_medal=""/>
  <leitai_jiangli ID="350" reward_belly="24000" reward_experience="0" reward_gold="0" reward_prestige="1200" reward_soul="0" reward_execution="0" reward_items="121457|200,50044|1,79002|2" reward_honour="0" reward_medal=""/>
  <leitai_jiangli ID="351" reward_belly="120000" reward_experience="0" reward_gold="0" reward_prestige="7200" reward_soul="0" reward_execution="0" reward_items="129310|1,121457|400,24000028|6,24000025|6,1100245|6,50043|12,50044|7,79002|12,70520|48,70736|24,60024|20,60156|80" reward_honour="0" reward_medal=""/>
  <leitai_jiangli ID="352" reward_belly="144000" reward_experience="0" reward_gold="0" reward_prestige="7200" reward_soul="0" reward_execution="0" reward_items="129310|1,121457|420,24000028|8,24000025|8,1100245|8,50043|13,50044|8,79002|14,70520|60,70736|30,60024|25,60156|90" reward_honour="0" reward_medal=""/>
  <leitai_jiangli ID="353" reward_belly="180000" reward_experience="0" reward_gold="0" reward_prestige="8400" reward_soul="0" reward_execution="0" reward_items="129310|1,121457|440,24000028|10,24000025|10,1100245|10,50043|14,50044|9,79002|16,70520|80,70736|40,60024|30,60156|100" reward_honour="0" reward_medal=""/>
  <leitai_jiangli ID="354" reward_belly="240000" reward_experience="0" reward_gold="0" reward_prestige="9600" reward_soul="0" reward_execution="0" reward_items="129310|1,75192|1,121457|460,24000028|12,24000025|12,1100245|12,50043|15,50044|10,79002|20,70520|120,70736|60,60024|35,60156|120" reward_honour="0" reward_medal=""/>
  <leitai_jiangli ID="355" reward_belly="300000" reward_experience="0" reward_gold="0" reward_prestige="10800" reward_soul="0" reward_execution="0" reward_items="129310|1,75192|1,121457|480,24000028|15,24000025|15,1100245|15,50043|16,50044|11,79002|25,70520|160,70736|80,60024|40,60156|160" reward_honour="0" reward_medal=""/>
  <leitai_jiangli ID="356" reward_belly="480000" reward_experience="0" reward_gold="0" reward_prestige="12000" reward_soul="0" reward_execution="0" reward_items="129311|1,129310|1,75197|1,121457|500,24000028|25,24000025|25,1100245|25,50043|20,50044|12,79002|30,70520|200,70736|100,60024|50,60156|200" reward_honour="0" reward_medal=""/>
  <leitai_jiangli ID="357" reward_belly="60000" reward_experience="0" reward_gold="0" reward_prestige="3600" reward_soul="0" reward_execution="0" reward_items="121457|280,24000028|4,24000025|4,1100245|4,50043|5,50044|1,79002|8,70520|20,70736|10,60024|15,60156|45" reward_honour="0" reward_medal=""/>
  <leitai_jiangli ID="358" reward_belly="72000" reward_experience="0" reward_gold="0" reward_prestige="4200" reward_soul="0" reward_execution="0" reward_items="121457|300,24000028|4,24000025|4,1100245|4,50043|6,50044|2,79002|8,70520|24,70736|12,60024|15,60156|50" reward_honour="0" reward_medal=""/>
  <leitai_jiangli ID="359" reward_belly="84000" reward_experience="0" reward_gold="0" reward_prestige="4800" reward_soul="0" reward_execution="0" reward_items="121457|320,24000028|4,24000025|4,1100245|4,50043|7,50044|3,79002|8,70520|28,70736|14,60024|15,60156|55" reward_honour="0" reward_medal=""/>
  <leitai_jiangli ID="360" reward_belly="96000" reward_experience="0" reward_gold="0" reward_prestige="5400" reward_soul="0" reward_execution="0" reward_items="121457|340,24000028|4,24000025|4,1100245|4,50043|8,50044|4,79002|8,70520|32,70736|16,60024|15,60156|60" reward_honour="0" reward_medal=""/>
  <leitai_jiangli ID="361" reward_belly="108000" reward_experience="0" reward_gold="0" reward_prestige="6000" reward_soul="0" reward_execution="0" reward_items="121457|360,24000028|4,24000025|4,1100245|4,50043|10,50044|5,79002|10,70520|36,70736|18,60024|15,60156|65" reward_honour="0" reward_medal=""/>
  <leitai_jiangli ID="362" reward_belly="120000" reward_experience="0" reward_gold="0" reward_prestige="6600" reward_soul="0" reward_execution="0" reward_items="121457|380,24000028|6,24000025|6,1100245|6,50043|12,50044|7,79002|12,70520|40,70736|20,60024|20,60156|80" reward_honour="0" reward_medal=""/>
</root>