<root>
  <LuckyPointer_reward id="1" type="1" itemid="110059|1" weight="800" show="1" multinum="" multiweight="800" unget="1" freeget="1" prizeshowtext="1|Giải đặc biệt"/>
  <LuckyPointer_reward id="2" type="2" itemid="" weight="2000" show="1" multinum="5" multiweight="2000" unget="1" freeget="1" prizeshowtext=""/>
  <LuckyPointer_reward id="3" type="1" itemid="2217102|1" weight="400" show="1" multinum="" multiweight="400" unget="1" freeget="1" prizeshowtext="2|Giải nhất"/>
  <LuckyPointer_reward id="4" type="1" itemid="121501|2" weight="100000" show="0" multinum="" multiweight="100000" unget="0" freeget="1" prizeshowtext="4|Giải ba"/>
  <LuckyPointer_reward id="5" type="1" itemid="70302|1" weight="22500" show="0" multinum="" multiweight="22500" unget="0" freeget="1" prizeshowtext="4|Giải ba"/>
  <LuckyPointer_reward id="6" type="1" itemid="70725|1" weight="80000" show="0" multinum="" multiweight="80000" unget="0" freeget="1" prizeshowtext="4|Giải ba"/>
  <LuckyPointer_reward id="7" type="1" itemid="81120|1" weight="52650" show="0" multinum="" multiweight="52650" unget="0" freeget="1" prizeshowtext="4|Giải ba"/>
  <LuckyPointer_reward id="8" type="1" itemid="2227102|1" weight="300" show="1" multinum="" multiweight="300" unget="1" freeget="1" prizeshowtext="2|Giải nhất"/>
  <LuckyPointer_reward id="9" type="1" itemid="60071|1" weight="800" show="1" multinum="" multiweight="800" unget="1" freeget="1" prizeshowtext="3|Giải nhì"/>
  <LuckyPointer_reward id="10" type="1" itemid="2400003|1" weight="550" show="1" multinum="" multiweight="550" unget="1" freeget="1" prizeshowtext="1|Giải đặc biệt"/>
  <LuckyPointer_reward id="11" type="2" itemid="" weight="2000" show="1" multinum="3" multiweight="2000" unget="1" freeget="1" prizeshowtext=""/>
  <LuckyPointer_reward id="12" type="1" itemid="2237102|1" weight="400" show="1" multinum="" multiweight="400" unget="1" freeget="1" prizeshowtext="2|Giải nhất"/>
  <LuckyPointer_reward id="13" type="1" itemid="121502|2" weight="80000" show="0" multinum="" multiweight="80000" unget="0" freeget="1" prizeshowtext="4|Giải ba"/>
  <LuckyPointer_reward id="14" type="1" itemid="70724|1" weight="50000" show="0" multinum="" multiweight="50000" unget="0" freeget="1" prizeshowtext="4|Giải ba"/>
  <LuckyPointer_reward id="15" type="1" itemid="73005|1" weight="80000" show="0" multinum="" multiweight="80000" unget="0" freeget="1" prizeshowtext="4|Giải ba"/>
  <LuckyPointer_reward id="16" type="1" itemid="120013|1" weight="65000" show="0" multinum="" multiweight="65000" unget="0" freeget="1" prizeshowtext="4|Giải ba"/>
  <LuckyPointer_reward id="17" type="1" itemid="2247102|1" weight="300" show="1" multinum="" multiweight="300" unget="1" freeget="1" prizeshowtext="2|Giải nhất"/>
  <LuckyPointer_reward id="18" type="1" itemid="60022|1" weight="120000" show="0" multinum="" multiweight="120000" unget="0" freeget="1" prizeshowtext="4|Giải ba"/>
  <LuckyPointer_reward id="19" type="1" itemid="60072|1" weight="800" show="1" multinum="" multiweight="800" unget="1" freeget="1" prizeshowtext="3|Giải nhì"/>
  <LuckyPointer_reward id="20" type="1" itemid="70194|1" weight="4000" show="1" multinum="" multiweight="4000" unget="1" freeget="1" prizeshowtext="1|Giải đặc biệt"/>
  <LuckyPointer_reward id="21" type="2" itemid="" weight="2000" show="1" multinum="3" multiweight="2000" unget="1" freeget="1" prizeshowtext=""/>
  <LuckyPointer_reward id="22" type="1" itemid="2257102|1" weight="300" show="1" multinum="" multiweight="300" unget="1" freeget="1" prizeshowtext="2|Giải nhất"/>
  <LuckyPointer_reward id="23" type="1" itemid="121503|2" weight="60000" show="0" multinum="" multiweight="60000" unget="0" freeget="1" prizeshowtext="4|Giải ba"/>
  <LuckyPointer_reward id="24" type="1" itemid="73004|1" weight="55000" show="0" multinum="" multiweight="55000" unget="0" freeget="1" prizeshowtext="4|Giải ba"/>
  <LuckyPointer_reward id="25" type="1" itemid="70523|1" weight="80000" show="0" multinum="" multiweight="80000" unget="0" freeget="1" prizeshowtext="4|Giải ba"/>
  <LuckyPointer_reward id="26" type="1" itemid="70200|1" weight="70000" show="0" multinum="" multiweight="70000" unget="0" freeget="1" prizeshowtext="4|Giải ba"/>
  <LuckyPointer_reward id="27" type="1" itemid="2267102|1" weight="200" show="1" multinum="" multiweight="200" unget="1" freeget="1" prizeshowtext="2|Giải nhất"/>
  <LuckyPointer_reward id="28" type="1" itemid="60024|1" weight="70000" show="0" multinum="" multiweight="70000" unget="0" freeget="1" prizeshowtext="4|Giải ba"/>
  <LuckyPointer_reward id="29" type="1" itemid="110059|1" weight="800" show="1" multinum="" multiweight="800" unget="1" freeget="1" prizeshowtext="1|Giải đặc biệt"/>
  <LuckyPointer_reward id="30" type="2" itemid="" weight="2000" show="1" multinum="5" multiweight="2000" unget="1" freeget="1" prizeshowtext=""/>
  <LuckyPointer_reward id="31" type="1" itemid="2217105|1" weight="400" show="1" multinum="" multiweight="400" unget="1" freeget="1" prizeshowtext="2|Giải nhất"/>
  <LuckyPointer_reward id="32" type="1" itemid="120031|2" weight="100000" show="0" multinum="" multiweight="100000" unget="0" freeget="1" prizeshowtext="4|Giải ba"/>
  <LuckyPointer_reward id="33" type="1" itemid="70303|1" weight="22500" show="0" multinum="" multiweight="22500" unget="0" freeget="1" prizeshowtext="4|Giải ba"/>
  <LuckyPointer_reward id="34" type="1" itemid="70725|1" weight="80000" show="0" multinum="" multiweight="80000" unget="0" freeget="1" prizeshowtext="4|Giải ba"/>
  <LuckyPointer_reward id="35" type="1" itemid="81120|1" weight="52650" show="0" multinum="" multiweight="52650" unget="0" freeget="1" prizeshowtext="4|Giải ba"/>
  <LuckyPointer_reward id="36" type="1" itemid="2227105|1" weight="300" show="1" multinum="" multiweight="300" unget="1" freeget="1" prizeshowtext="2|Giải nhất"/>
  <LuckyPointer_reward id="37" type="1" itemid="60073|1" weight="800" show="1" multinum="" multiweight="800" unget="1" freeget="1" prizeshowtext="3|Giải nhì"/>
  <LuckyPointer_reward id="38" type="1" itemid="2400003|1" weight="550" show="1" multinum="" multiweight="550" unget="1" freeget="1" prizeshowtext="1|Giải đặc biệt"/>
  <LuckyPointer_reward id="39" type="2" itemid="" weight="2000" show="1" multinum="3" multiweight="2000" unget="1" freeget="1" prizeshowtext=""/>
  <LuckyPointer_reward id="40" type="1" itemid="2237105|1" weight="400" show="1" multinum="" multiweight="400" unget="1" freeget="1" prizeshowtext="2|Giải nhất"/>
  <LuckyPointer_reward id="41" type="1" itemid="120032|2" weight="80000" show="0" multinum="" multiweight="80000" unget="0" freeget="1" prizeshowtext="4|Giải ba"/>
  <LuckyPointer_reward id="42" type="1" itemid="70724|1" weight="50000" show="0" multinum="" multiweight="50000" unget="0" freeget="1" prizeshowtext="4|Giải ba"/>
  <LuckyPointer_reward id="43" type="1" itemid="73005|1" weight="80000" show="0" multinum="" multiweight="80000" unget="0" freeget="1" prizeshowtext="4|Giải ba"/>
  <LuckyPointer_reward id="44" type="1" itemid="120013|1" weight="65000" show="0" multinum="" multiweight="65000" unget="0" freeget="1" prizeshowtext="4|Giải ba"/>
  <LuckyPointer_reward id="45" type="1" itemid="2247105|1" weight="300" show="1" multinum="" multiweight="300" unget="1" freeget="1" prizeshowtext="2|Giải nhất"/>
  <LuckyPointer_reward id="46" type="1" itemid="60022|1" weight="120000" show="0" multinum="" multiweight="120000" unget="0" freeget="1" prizeshowtext="4|Giải ba"/>
  <LuckyPointer_reward id="47" type="1" itemid="60074|1" weight="800" show="1" multinum="" multiweight="800" unget="1" freeget="1" prizeshowtext="3|Giải nhì"/>
  <LuckyPointer_reward id="48" type="1" itemid="70194|1" weight="4000" show="1" multinum="" multiweight="4000" unget="1" freeget="1" prizeshowtext="1|Giải đặc biệt"/>
  <LuckyPointer_reward id="49" type="2" itemid="" weight="2000" show="1" multinum="3" multiweight="2000" unget="1" freeget="1" prizeshowtext=""/>
  <LuckyPointer_reward id="50" type="1" itemid="2257105|1" weight="300" show="1" multinum="" multiweight="300" unget="1" freeget="1" prizeshowtext="2|Giải nhất"/>
  <LuckyPointer_reward id="51" type="1" itemid="120033|2" weight="60000" show="0" multinum="" multiweight="60000" unget="0" freeget="1" prizeshowtext="4|Giải ba"/>
  <LuckyPointer_reward id="52" type="1" itemid="73004|1" weight="55000" show="0" multinum="" multiweight="55000" unget="0" freeget="1" prizeshowtext="4|Giải ba"/>
  <LuckyPointer_reward id="53" type="1" itemid="70523|1" weight="80000" show="0" multinum="" multiweight="80000" unget="0" freeget="1" prizeshowtext="4|Giải ba"/>
  <LuckyPointer_reward id="54" type="1" itemid="70200|1" weight="70000" show="0" multinum="" multiweight="70000" unget="0" freeget="1" prizeshowtext="4|Giải ba"/>
  <LuckyPointer_reward id="55" type="1" itemid="2267105|1" weight="200" show="1" multinum="" multiweight="200" unget="1" freeget="1" prizeshowtext="2|Giải nhất"/>
  <LuckyPointer_reward id="56" type="1" itemid="60024|1" weight="70000" show="0" multinum="" multiweight="70000" unget="0" freeget="1" prizeshowtext="4|Giải ba"/>
  <LuckyPointer_reward id="57" type="1" itemid="110059|1" weight="800" show="1" multinum="" multiweight="800" unget="1" freeget="1" prizeshowtext="1|Giải đặc biệt"/>
  <LuckyPointer_reward id="58" type="2" itemid="" weight="2000" show="1" multinum="5" multiweight="2000" unget="1" freeget="1" prizeshowtext=""/>
  <LuckyPointer_reward id="59" type="1" itemid="2217106|1" weight="400" show="1" multinum="" multiweight="400" unget="1" freeget="1" prizeshowtext="2|Giải nhất"/>
  <LuckyPointer_reward id="60" type="1" itemid="120031|2" weight="100000" show="0" multinum="" multiweight="100000" unget="0" freeget="1" prizeshowtext="4|Giải ba"/>
  <LuckyPointer_reward id="61" type="1" itemid="70304|1" weight="22500" show="0" multinum="" multiweight="22500" unget="0" freeget="1" prizeshowtext="4|Giải ba"/>
  <LuckyPointer_reward id="62" type="1" itemid="70725|1" weight="80000" show="0" multinum="" multiweight="80000" unget="0" freeget="1" prizeshowtext="4|Giải ba"/>
  <LuckyPointer_reward id="63" type="1" itemid="81120|1" weight="52650" show="0" multinum="" multiweight="52650" unget="0" freeget="1" prizeshowtext="4|Giải ba"/>
  <LuckyPointer_reward id="64" type="1" itemid="2227106|1" weight="300" show="1" multinum="" multiweight="300" unget="1" freeget="1" prizeshowtext="2|Giải nhất"/>
  <LuckyPointer_reward id="65" type="1" itemid="60085|1" weight="800" show="1" multinum="" multiweight="800" unget="1" freeget="1" prizeshowtext="3|Giải nhì"/>
  <LuckyPointer_reward id="66" type="1" itemid="2400003|1" weight="550" show="1" multinum="" multiweight="550" unget="1" freeget="1" prizeshowtext="1|Giải đặc biệt"/>
  <LuckyPointer_reward id="67" type="2" itemid="" weight="2000" show="1" multinum="3" multiweight="2000" unget="1" freeget="1" prizeshowtext=""/>
  <LuckyPointer_reward id="68" type="1" itemid="2237106|1" weight="400" show="1" multinum="" multiweight="400" unget="1" freeget="1" prizeshowtext="2|Giải nhất"/>
  <LuckyPointer_reward id="69" type="1" itemid="120032|2" weight="80000" show="0" multinum="" multiweight="80000" unget="0" freeget="1" prizeshowtext="4|Giải ba"/>
  <LuckyPointer_reward id="70" type="1" itemid="70724|1" weight="50000" show="0" multinum="" multiweight="50000" unget="0" freeget="1" prizeshowtext="4|Giải ba"/>
  <LuckyPointer_reward id="71" type="1" itemid="73005|1" weight="80000" show="0" multinum="" multiweight="80000" unget="0" freeget="1" prizeshowtext="4|Giải ba"/>
  <LuckyPointer_reward id="72" type="1" itemid="120013|1" weight="65000" show="0" multinum="" multiweight="65000" unget="0" freeget="1" prizeshowtext="4|Giải ba"/>
  <LuckyPointer_reward id="73" type="1" itemid="2247106|1" weight="300" show="1" multinum="" multiweight="300" unget="1" freeget="1" prizeshowtext="2|Giải nhất"/>
  <LuckyPointer_reward id="74" type="1" itemid="60022|1" weight="120000" show="0" multinum="" multiweight="120000" unget="0" freeget="1" prizeshowtext="4|Giải ba"/>
  <LuckyPointer_reward id="75" type="1" itemid="60086|1" weight="800" show="1" multinum="" multiweight="800" unget="1" freeget="1" prizeshowtext="3|Giải nhì"/>
  <LuckyPointer_reward id="76" type="1" itemid="70194|1" weight="4000" show="1" multinum="" multiweight="4000" unget="1" freeget="1" prizeshowtext="1|Giải đặc biệt"/>
  <LuckyPointer_reward id="77" type="2" itemid="" weight="2000" show="1" multinum="3" multiweight="2000" unget="1" freeget="1" prizeshowtext=""/>
  <LuckyPointer_reward id="78" type="1" itemid="2257106|1" weight="300" show="1" multinum="" multiweight="300" unget="1" freeget="1" prizeshowtext="2|Giải nhất"/>
  <LuckyPointer_reward id="79" type="1" itemid="120033|2" weight="60000" show="0" multinum="" multiweight="60000" unget="0" freeget="1" prizeshowtext="4|Giải ba"/>
  <LuckyPointer_reward id="80" type="1" itemid="73004|1" weight="55000" show="0" multinum="" multiweight="55000" unget="0" freeget="1" prizeshowtext="4|Giải ba"/>
  <LuckyPointer_reward id="81" type="1" itemid="70523|1" weight="80000" show="0" multinum="" multiweight="80000" unget="0" freeget="1" prizeshowtext="4|Giải ba"/>
  <LuckyPointer_reward id="82" type="1" itemid="70200|1" weight="70000" show="0" multinum="" multiweight="70000" unget="0" freeget="1" prizeshowtext="4|Giải ba"/>
  <LuckyPointer_reward id="83" type="1" itemid="2267106|1" weight="200" show="1" multinum="" multiweight="200" unget="1" freeget="1" prizeshowtext="2|Giải nhất"/>
  <LuckyPointer_reward id="84" type="1" itemid="60024|1" weight="70000" show="0" multinum="" multiweight="70000" unget="0" freeget="1" prizeshowtext="4|Giải ba"/>
</root>