<root>
  <material_exchange id="1" aimItem="120102" num="1" needItem="120101" needNum="10"/>
  <material_exchange id="2" aimItem="120202" num="1" needItem="120201" needNum="10"/>
  <material_exchange id="3" aimItem="120302" num="1" needItem="120301" needNum="10"/>
  <material_exchange id="4" aimItem="120402" num="1" needItem="120401" needNum="10"/>
  <material_exchange id="5" aimItem="120502" num="1" needItem="120501" needNum="10"/>
  <material_exchange id="6" aimItem="121102" num="1" needItem="121101" needNum="10"/>
  <material_exchange id="7" aimItem="121202" num="1" needItem="121201" needNum="10"/>
  <material_exchange id="8" aimItem="121302" num="1" needItem="121301" needNum="10"/>
  <material_exchange id="9" aimItem="121402" num="1" needItem="121401" needNum="10"/>
  <material_exchange id="10" aimItem="121452" num="1" needItem="121451" needNum="10"/>
</root>