<root>
  <mountain_second_shop id="1" itemTempId="1110001" getNum="1" consumeScore="10000" neeLevel="115" limitTime="0" canBatch="1"/>
  <mountain_second_shop id="2" itemTempId="1110002" getNum="1" consumeScore="10000" neeLevel="115" limitTime="0" canBatch="1"/>
  <mountain_second_shop id="3" itemTempId="1110003" getNum="1" consumeScore="15000" neeLevel="115" limitTime="0" canBatch="1"/>
  <mountain_second_shop id="4" itemTempId="121457" getNum="1" consumeScore="20" neeLevel="115" limitTime="0" canBatch="1"/>
  <mountain_second_shop id="5" itemTempId="121451" getNum="1" consumeScore="65" neeLevel="115" limitTime="0" canBatch="1"/>
  <mountain_second_shop id="6" itemTempId="50013" getNum="1" consumeScore="260" neeLevel="115" limitTime="0" canBatch="1"/>
  <mountain_second_shop id="7" itemTempId="120046" getNum="1" consumeScore="30" neeLevel="115" limitTime="0" canBatch="1"/>
  <mountain_second_shop id="8" itemTempId="120045" getNum="1" consumeScore="20" neeLevel="115" limitTime="0" canBatch="1"/>
  <mountain_second_shop id="9" itemTempId="120044" getNum="1" consumeScore="10" neeLevel="115" limitTime="0" canBatch="1"/>
</root>