<root>
  <mountain_second_team armyId="60801" killStateId="101" sort="1" tollgate="1" armyType="1" iconBig="headbig/big_brmjianshi.png" level="100" name="秘密研究所第一关" info="研究所藏着什么样的秘密？" modleName="6013" battleBG="71" music="25" difficultyRate="7344"/>
  <mountain_second_team armyId="60802" killStateId="102" sort="1" tollgate="2" armyType="1" iconBig="headbig/big_brmqiangshou.png" level="100" name="秘密研究所第一关" info="研究所藏着什么样的秘密？" modleName="6014" battleBG="71" music="25" difficultyRate="14688"/>
  <mountain_second_team armyId="60803" killStateId="103" sort="1" tollgate="3" armyType="1" iconBig="headbig/big_brmqiangshou.png" level="100" name="秘密研究所第一关" info="研究所藏着什么样的秘密？" modleName="6015" battleBG="71" music="25" difficultyRate="19584"/>
  <mountain_second_team armyId="60804" killStateId="104" sort="1" tollgate="4" armyType="1" iconBig="headbig/big_brmhaojiaoshou.png" level="100" name="秘密研究所第一关" info="研究所藏着什么样的秘密？" modleName="6016" battleBG="71" music="25" difficultyRate="24480"/>
  <mountain_second_team armyId="60805" killStateId="" sort="1" tollgate="5" armyType="2" iconBig="headbig/big_chahuzi.png" level="100" name="秘密研究所第一关" info="研究所藏着什么样的秘密？" modleName="6005" battleBG="71" music="25" difficultyRate="73440"/>
  <mountain_second_team armyId="60806" killStateId="105" sort="2" tollgate="1" armyType="1" iconBig="headbig/big_phjianshi.png" level="100" name="秘密研究所第二关" info="研究所藏着什么样的秘密？" modleName="6017" battleBG="71" music="25" difficultyRate="9792"/>
  <mountain_second_team armyId="60807" killStateId="106" sort="2" tollgate="2" armyType="1" iconBig="headbig/big_phqiangshou.png" level="100" name="秘密研究所第二关" info="研究所藏着什么样的秘密？" modleName="6018" battleBG="71" music="25" difficultyRate="19584"/>
  <mountain_second_team armyId="60808" killStateId="107" sort="2" tollgate="3" armyType="1" iconBig="headbig/big_phqipaobing.png" level="100" name="秘密研究所第二关" info="研究所藏着什么样的秘密？" modleName="6019" battleBG="71" music="25" difficultyRate="26112"/>
  <mountain_second_team armyId="60809" killStateId="108" sort="2" tollgate="4" armyType="1" iconBig="headbig/big_phwasibing.png" level="100" name="秘密研究所第二关" info="研究所藏着什么样的秘密？" modleName="6020" battleBG="71" music="25" difficultyRate="32640"/>
  <mountain_second_team armyId="60810" killStateId="" sort="2" tollgate="5" armyType="2" iconBig="headbig/big_xinde.png" level="100" name="秘密研究所第二关" info="研究所藏着什么样的秘密？" modleName="6011" battleBG="71" music="25" difficultyRate="97920"/>
  <mountain_second_team armyId="60811" killStateId="109" sort="3" tollgate="1" armyType="1" iconBig="headbig/big_brmjianshi.png" level="100" name="秘密研究所第三关" info="研究所藏着什么样的秘密？" modleName="6013" battleBG="71" music="25" difficultyRate="12240"/>
  <mountain_second_team armyId="60812" killStateId="110" sort="3" tollgate="2" armyType="1" iconBig="headbig/big_brmqiangshou.png" level="100" name="秘密研究所第三关" info="研究所藏着什么样的秘密？" modleName="6014" battleBG="71" music="25" difficultyRate="24480"/>
  <mountain_second_team armyId="60813" killStateId="111" sort="3" tollgate="3" armyType="1" iconBig="headbig/big_brmqiangshou.png" level="100" name="秘密研究所第三关" info="研究所藏着什么样的秘密？" modleName="6015" battleBG="71" music="25" difficultyRate="32640"/>
  <mountain_second_team armyId="60814" killStateId="112" sort="3" tollgate="4" armyType="1" iconBig="headbig/big_brmhaojiaoshou.png" level="100" name="秘密研究所第三关" info="研究所藏着什么样的秘密？" modleName="6016" battleBG="71" music="25" difficultyRate="40800"/>
  <mountain_second_team armyId="60815" killStateId="" sort="3" tollgate="5" armyType="2" iconBig="headbig/big_lvsulong.png" level="100" name="秘密研究所第三关" info="研究所藏着什么样的秘密？" modleName="6007" battleBG="71" music="25" difficultyRate="122400"/>
  <mountain_second_team armyId="60816" killStateId="113" sort="4" tollgate="1" armyType="1" iconBig="headbig/big_shilaimu.png" level="100" name="秘密研究所第四关" info="研究所藏着什么样的秘密？" modleName="6012" battleBG="71" music="25" difficultyRate="14688"/>
  <mountain_second_team armyId="60817" killStateId="114" sort="4" tollgate="2" armyType="1" iconBig="headbig/big_shilaimu.png" level="100" name="秘密研究所第四关" info="研究所藏着什么样的秘密？" modleName="6012" battleBG="71" music="25" difficultyRate="29376"/>
  <mountain_second_team armyId="60818" killStateId="115" sort="4" tollgate="3" armyType="1" iconBig="headbig/big_shilaimu.png" level="100" name="秘密研究所第四关" info="研究所藏着什么样的秘密？" modleName="6012" battleBG="71" music="25" difficultyRate="39168"/>
  <mountain_second_team armyId="60819" killStateId="116" sort="4" tollgate="4" armyType="1" iconBig="headbig/big_shilaimu.png" level="100" name="秘密研究所第四关" info="研究所藏着什么样的秘密？" modleName="6012" battleBG="71" music="25" difficultyRate="48960"/>
  <mountain_second_team armyId="60820" killStateId="" sort="4" tollgate="5" armyType="2" iconBig="headbig/big_shilaimu2.png" level="100" name="秘密研究所第四关" info="研究所藏着什么样的秘密？" modleName="6006" battleBG="71" music="25" difficultyRate="146880"/>
  <mountain_second_team armyId="60821" killStateId="117" sort="5" tollgate="1" armyType="1" iconBig="headbig/big_brmjianshi.png" level="100" name="秘密研究所第五关" info="研究所藏着什么样的秘密？" modleName="6013" battleBG="71" music="25" difficultyRate="19584"/>
  <mountain_second_team armyId="60822" killStateId="118" sort="5" tollgate="2" armyType="1" iconBig="headbig/big_brmqiangshou.png" level="100" name="秘密研究所第五关" info="研究所藏着什么样的秘密？" modleName="6014" battleBG="71" music="25" difficultyRate="39168"/>
  <mountain_second_team armyId="60823" killStateId="119" sort="5" tollgate="3" armyType="1" iconBig="headbig/big_brmqiangshou.png" level="100" name="秘密研究所第五关" info="研究所藏着什么样的秘密？" modleName="6015" battleBG="71" music="25" difficultyRate="52224"/>
  <mountain_second_team armyId="60824" killStateId="120" sort="5" tollgate="4" armyType="1" iconBig="headbig/big_brmhaojiaoshou.png" level="100" name="秘密研究所第五关" info="研究所藏着什么样的秘密？" modleName="6016" battleBG="71" music="25" difficultyRate="65280"/>
  <mountain_second_team armyId="60825" killStateId="" sort="5" tollgate="5" armyType="2" iconBig="headbig/big_luoen.png" level="100" name="秘密研究所第五关" info="研究所藏着什么样的秘密？" modleName="6008" battleBG="71" music="25" difficultyRate="195840"/>
  <mountain_second_team armyId="60826" killStateId="121" sort="6" tollgate="1" armyType="1" iconBig="headbig/big_G5budui1.png" level="100" name="秘密研究所第六关" info="研究所藏着什么样的秘密？" modleName="6009" battleBG="71" music="25" difficultyRate="26928"/>
  <mountain_second_team armyId="60827" killStateId="122" sort="6" tollgate="2" armyType="1" iconBig="headbig/big_G5budui2.png" level="100" name="秘密研究所第六关" info="研究所藏着什么样的秘密？" modleName="6010" battleBG="71" music="25" difficultyRate="53856"/>
  <mountain_second_team armyId="60828" killStateId="123" sort="6" tollgate="3" armyType="1" iconBig="headbig/big_G5budui1.png" level="100" name="秘密研究所第六关" info="研究所藏着什么样的秘密？" modleName="6009" battleBG="71" music="25" difficultyRate="71808"/>
  <mountain_second_team armyId="60829" killStateId="124" sort="6" tollgate="4" armyType="1" iconBig="headbig/big_G5budui2.png" level="100" name="秘密研究所第六关" info="研究所藏着什么样的秘密？" modleName="6010" battleBG="71" music="25" difficultyRate="89760"/>
  <mountain_second_team armyId="60830" killStateId="" sort="6" tollgate="5" armyType="2" iconBig="headbig/big_weierge.png" level="100" name="秘密研究所第六关" info="研究所藏着什么样的秘密？" modleName="6001" battleBG="71" music="25" difficultyRate="269280"/>
  <mountain_second_team armyId="60831" killStateId="125" sort="7" tollgate="1" armyType="1" iconBig="headbig/big_phjianshi.png" level="100" name="秘密研究所第七关" info="研究所藏着什么样的秘密？" modleName="6017" battleBG="71" music="25" difficultyRate="36720"/>
  <mountain_second_team armyId="60832" killStateId="126" sort="7" tollgate="2" armyType="1" iconBig="headbig/big_phqiangshou.png" level="100" name="秘密研究所第七关" info="研究所藏着什么样的秘密？" modleName="6018" battleBG="71" music="25" difficultyRate="73440"/>
  <mountain_second_team armyId="60833" killStateId="127" sort="7" tollgate="3" armyType="1" iconBig="headbig/big_phqipaobing.png" level="100" name="秘密研究所第七关" info="研究所藏着什么样的秘密？" modleName="6019" battleBG="71" music="25" difficultyRate="97920"/>
  <mountain_second_team armyId="60834" killStateId="128" sort="7" tollgate="4" armyType="1" iconBig="headbig/big_phwasibing.png" level="100" name="秘密研究所第七关" info="研究所藏着什么样的秘密？" modleName="6020" battleBG="71" music="25" difficultyRate="122400"/>
  <mountain_second_team armyId="60835" killStateId="" sort="7" tollgate="5" armyType="2" iconBig="headbig/big_monai.png" level="100" name="秘密研究所第七关" info="研究所藏着什么样的秘密？" modleName="6002" battleBG="71" music="25" difficultyRate="367200"/>
  <mountain_second_team armyId="60836" killStateId="129" sort="8" tollgate="1" armyType="1" iconBig="headbig/big_phjianshi.png" level="100" name="秘密研究所第八关" info="研究所藏着什么样的秘密？" modleName="6017" battleBG="71" music="25" difficultyRate="51408"/>
  <mountain_second_team armyId="60837" killStateId="130" sort="8" tollgate="2" armyType="1" iconBig="headbig/big_phqiangshou.png" level="100" name="秘密研究所第八关" info="研究所藏着什么样的秘密？" modleName="6018" battleBG="71" music="25" difficultyRate="102816"/>
  <mountain_second_team armyId="60838" killStateId="131" sort="8" tollgate="3" armyType="1" iconBig="headbig/big_phqipaobing.png" level="100" name="秘密研究所第八关" info="研究所藏着什么样的秘密？" modleName="6019" battleBG="71" music="25" difficultyRate="137088"/>
  <mountain_second_team armyId="60839" killStateId="132" sort="8" tollgate="4" armyType="1" iconBig="headbig/big_phwasibing.png" level="100" name="秘密研究所第八关" info="研究所藏着什么样的秘密？" modleName="6020" battleBG="71" music="25" difficultyRate="171360"/>
  <mountain_second_team armyId="60840" killStateId="" sort="8" tollgate="5" armyType="2" iconBig="headbig/big_wannianxuemonai.png" level="100" name="秘密研究所第八关" info="研究所藏着什么样的秘密？" modleName="6004" battleBG="71" music="25" difficultyRate="514080"/>
  <mountain_second_team armyId="60841" killStateId="133" sort="9" tollgate="1" armyType="1" iconBig="headbig/big_phjianshi.png" level="100" name="秘密研究所第九关" info="研究所藏着什么样的秘密？" modleName="6017" battleBG="71" music="25" difficultyRate="70992"/>
  <mountain_second_team armyId="60842" killStateId="134" sort="9" tollgate="2" armyType="1" iconBig="headbig/big_phqiangshou.png" level="100" name="秘密研究所第九关" info="研究所藏着什么样的秘密？" modleName="6018" battleBG="71" music="25" difficultyRate="141984"/>
  <mountain_second_team armyId="60843" killStateId="135" sort="9" tollgate="3" armyType="1" iconBig="headbig/big_phqipaobing.png" level="100" name="秘密研究所第九关" info="研究所藏着什么样的秘密？" modleName="6019" battleBG="71" music="25" difficultyRate="189312"/>
  <mountain_second_team armyId="60844" killStateId="136" sort="9" tollgate="4" armyType="1" iconBig="headbig/big_phwasibing.png" level="100" name="秘密研究所第九关" info="研究所藏着什么样的秘密？" modleName="6020" battleBG="71" music="25" difficultyRate="236640"/>
  <mountain_second_team armyId="60845" killStateId="" sort="9" tollgate="5" armyType="2" iconBig="headbig/big_kaisa.png" level="100" name="秘密研究所第九关" info="研究所藏着什么样的秘密？" modleName="6000" battleBG="71" music="25" difficultyRate="709920"/>
  <mountain_second_team armyId="60846" killStateId="137" sort="10" tollgate="1" armyType="1" iconBig="headbig/big_shilaimu.png" level="100" name="秘密研究所第十关" info="研究所藏着什么样的秘密？" modleName="6012" battleBG="71" music="25" difficultyRate="100368"/>
  <mountain_second_team armyId="60847" killStateId="138" sort="10" tollgate="2" armyType="1" iconBig="headbig/big_shilaimu.png" level="100" name="秘密研究所第十关" info="研究所藏着什么样的秘密？" modleName="6012" battleBG="71" music="25" difficultyRate="200736"/>
  <mountain_second_team armyId="60848" killStateId="139" sort="10" tollgate="3" armyType="1" iconBig="headbig/big_shilaimu.png" level="100" name="秘密研究所第十关" info="研究所藏着什么样的秘密？" modleName="6012" battleBG="71" music="25" difficultyRate="267648"/>
  <mountain_second_team armyId="60849" killStateId="140" sort="10" tollgate="4" armyType="1" iconBig="headbig/big_shilaimu.png" level="100" name="秘密研究所第十关" info="研究所藏着什么样的秘密？" modleName="6012" battleBG="71" music="25" difficultyRate="334560"/>
  <mountain_second_team armyId="60850" killStateId="" sort="10" tollgate="5" armyType="2" iconBig="headbig/big_siguokaisa.png" level="100" name="秘密研究所第十关" info="研究所藏着什么样的秘密？" modleName="6003" battleBG="71" music="25" difficultyRate="1003680"/>
</root>