<root>
  <mountain_shop id="23" itemTempId="1100001" getNum="1" consumeScore="20000" neeLevel="111" limitTime="0" canBatch="1"/>
  <mountain_shop id="24" itemTempId="1100005" getNum="1" consumeScore="20000" neeLevel="111" limitTime="0" canBatch="1"/>
  <mountain_shop id="25" itemTempId="1100006" getNum="1" consumeScore="20000" neeLevel="111" limitTime="0" canBatch="1"/>
  <mountain_shop id="1" itemTempId="77091" getNum="1" consumeScore="144000" neeLevel="0" limitTime="1" canBatch="0"/>
  <mountain_shop id="2" itemTempId="77092" getNum="1" consumeScore="108000" neeLevel="0" limitTime="1" canBatch="0"/>
  <mountain_shop id="3" itemTempId="77093" getNum="1" consumeScore="144000" neeLevel="0" limitTime="1" canBatch="0"/>
  <mountain_shop id="4" itemTempId="77094" getNum="1" consumeScore="108000" neeLevel="0" limitTime="1" canBatch="0"/>
  <mountain_shop id="5" itemTempId="77095" getNum="1" consumeScore="144000" neeLevel="0" limitTime="1" canBatch="0"/>
  <mountain_shop id="6" itemTempId="77096" getNum="1" consumeScore="108000" neeLevel="0" limitTime="1" canBatch="0"/>
  <mountain_shop id="7" itemTempId="129307" getNum="1" consumeScore="125" neeLevel="111" limitTime="0" canBatch="1"/>
  <mountain_shop id="8" itemTempId="129308" getNum="1" consumeScore="1250" neeLevel="111" limitTime="0" canBatch="1"/>
  <mountain_shop id="9" itemTempId="129309" getNum="1" consumeScore="12500" neeLevel="111" limitTime="0" canBatch="1"/>
  <mountain_shop id="10" itemTempId="121451" getNum="1" consumeScore="600" neeLevel="0" limitTime="0" canBatch="1"/>
  <mountain_shop id="11" itemTempId="73011" getNum="1" consumeScore="300" neeLevel="0" limitTime="0" canBatch="1"/>
  <mountain_shop id="12" itemTempId="50014" getNum="1" consumeScore="300" neeLevel="0" limitTime="0" canBatch="1"/>
  <mountain_shop id="13" itemTempId="70510" getNum="1" consumeScore="100" neeLevel="0" limitTime="0" canBatch="1"/>
  <mountain_shop id="14" itemTempId="70804" getNum="1" consumeScore="200" neeLevel="0" limitTime="0" canBatch="1"/>
  <mountain_shop id="15" itemTempId="120013" getNum="1" consumeScore="200" neeLevel="0" limitTime="0" canBatch="1"/>
  <mountain_shop id="16" itemTempId="73022" getNum="1" consumeScore="450" neeLevel="0" limitTime="0" canBatch="1"/>
  <mountain_shop id="17" itemTempId="76007" getNum="1" consumeScore="100" neeLevel="0" limitTime="0" canBatch="1"/>
  <mountain_shop id="18" itemTempId="75142" getNum="1" consumeScore="30000" neeLevel="0" limitTime="1" canBatch="0"/>
  <mountain_shop id="19" itemTempId="75143" getNum="1" consumeScore="30000" neeLevel="0" limitTime="1" canBatch="0"/>
  <mountain_shop id="20" itemTempId="75144" getNum="1" consumeScore="30000" neeLevel="0" limitTime="1" canBatch="0"/>
  <mountain_shop id="21" itemTempId="70726" getNum="1" consumeScore="200" neeLevel="0" limitTime="0" canBatch="1"/>
  <mountain_shop id="22" itemTempId="70736" getNum="1" consumeScore="200" neeLevel="0" limitTime="0" canBatch="1"/>
</root>