<root>
  <mountain_second_state id="101" round="" monsterId="" phyAttackRatio="" killAttack="" mgcAttack="" phyDefend="" killDefend="" mgcDefend="" absoluteDefendRatio="" skillId="20012608" effectDescribe="Boss战时三系攻击值提升100%"/>
  <mountain_second_state id="102" round="" monsterId="" phyAttackRatio="" killAttack="" mgcAttack="" phyDefend="" killDefend="" mgcDefend="" absoluteDefendRatio="" skillId="20012608" effectDescribe="Boss战时三系攻击值提升100%"/>
  <mountain_second_state id="103" round="" monsterId="" phyAttackRatio="" killAttack="" mgcAttack="" phyDefend="" killDefend="" mgcDefend="" absoluteDefendRatio="" skillId="20012602" effectDescribe="Boss战时不受眩晕效果影响"/>
  <mountain_second_state id="104" round="" monsterId="" phyAttackRatio="" killAttack="" mgcAttack="" phyDefend="" killDefend="" mgcDefend="" absoluteDefendRatio="" skillId="20012609" effectDescribe="Boss战时三系攻击天赋提升50%"/>
  <mountain_second_state id="105" round="" monsterId="" phyAttackRatio="" killAttack="" mgcAttack="" phyDefend="" killDefend="" mgcDefend="" absoluteDefendRatio="" skillId="20012610" effectDescribe="Boss战时三系攻击值提升125%"/>
  <mountain_second_state id="106" round="" monsterId="" phyAttackRatio="" killAttack="" mgcAttack="" phyDefend="" killDefend="" mgcDefend="" absoluteDefendRatio="" skillId="20012610" effectDescribe="Boss战时三系攻击值提升125%"/>
  <mountain_second_state id="107" round="" monsterId="" phyAttackRatio="" killAttack="" mgcAttack="" phyDefend="" killDefend="" mgcDefend="" absoluteDefendRatio="" skillId="20012602" effectDescribe="Boss战时不受眩晕效果影响"/>
  <mountain_second_state id="108" round="" monsterId="" phyAttackRatio="" killAttack="" mgcAttack="" phyDefend="" killDefend="" mgcDefend="" absoluteDefendRatio="" skillId="20012606" effectDescribe="Boss战时不受魅惑效果影响"/>
  <mountain_second_state id="109" round="" monsterId="" phyAttackRatio="" killAttack="" mgcAttack="" phyDefend="" killDefend="" mgcDefend="" absoluteDefendRatio="" skillId="20012612" effectDescribe="Boss战时三系攻击值提升150%"/>
  <mountain_second_state id="110" round="" monsterId="" phyAttackRatio="" killAttack="" mgcAttack="" phyDefend="" killDefend="" mgcDefend="" absoluteDefendRatio="" skillId="20012612" effectDescribe="Boss战时三系攻击值提升150%"/>
  <mountain_second_state id="111" round="" monsterId="" phyAttackRatio="" killAttack="" mgcAttack="" phyDefend="" killDefend="" mgcDefend="" absoluteDefendRatio="" skillId="20012611" effectDescribe="Boss战时三系攻击天赋提升55%"/>
  <mountain_second_state id="112" round="5" monsterId="" phyAttackRatio="" killAttack="" mgcAttack="" phyDefend="" killDefend="" mgcDefend="" absoluteDefendRatio="" skillId="" effectDescribe="Boss战时坚守5回合可获得胜利"/>
  <mountain_second_state id="113" round="" monsterId="" phyAttackRatio="" killAttack="" mgcAttack="" phyDefend="" killDefend="" mgcDefend="" absoluteDefendRatio="" skillId="20012614" effectDescribe="Boss战时三系攻击值提升175%"/>
  <mountain_second_state id="114" round="" monsterId="" phyAttackRatio="" killAttack="" mgcAttack="" phyDefend="" killDefend="" mgcDefend="" absoluteDefendRatio="" skillId="20012614" effectDescribe="Boss战时三系攻击值提升175%"/>
  <mountain_second_state id="115" round="" monsterId="" phyAttackRatio="" killAttack="" mgcAttack="" phyDefend="" killDefend="" mgcDefend="" absoluteDefendRatio="" skillId="20012613" effectDescribe="Boss战时三系攻击天赋提升60%"/>
  <mountain_second_state id="116" round="" monsterId="" phyAttackRatio="" killAttack="" mgcAttack="" phyDefend="" killDefend="" mgcDefend="" absoluteDefendRatio="" skillId="20012615" effectDescribe="Boss战时三系攻击天赋提升65%"/>
  <mountain_second_state id="117" round="" monsterId="" phyAttackRatio="" killAttack="" mgcAttack="" phyDefend="" killDefend="" mgcDefend="" absoluteDefendRatio="" skillId="20012616" effectDescribe="Boss战时三系攻击值提升200%"/>
  <mountain_second_state id="118" round="" monsterId="" phyAttackRatio="" killAttack="" mgcAttack="" phyDefend="" killDefend="" mgcDefend="" absoluteDefendRatio="" skillId="20012616" effectDescribe="Boss战时三系攻击值提升200%"/>
  <mountain_second_state id="119" round="" monsterId="" phyAttackRatio="" killAttack="" mgcAttack="" phyDefend="" killDefend="" mgcDefend="" absoluteDefendRatio="" skillId="20012604" effectDescribe="Boss战时不受石化效果影响"/>
  <mountain_second_state id="120" round="" monsterId="" phyAttackRatio="" killAttack="" mgcAttack="" phyDefend="" killDefend="" mgcDefend="" absoluteDefendRatio="" skillId="20012617" effectDescribe="Boss战时三系攻击天赋提升70%"/>
  <mountain_second_state id="121" round="" monsterId="" phyAttackRatio="" killAttack="" mgcAttack="" phyDefend="" killDefend="" mgcDefend="" absoluteDefendRatio="" skillId="20012618" effectDescribe="Boss战时三系攻击值提升225%"/>
  <mountain_second_state id="122" round="" monsterId="" phyAttackRatio="" killAttack="" mgcAttack="" phyDefend="" killDefend="" mgcDefend="" absoluteDefendRatio="" skillId="20012618" effectDescribe="Boss战时三系攻击值提升225%"/>
  <mountain_second_state id="123" round="" monsterId="" phyAttackRatio="" killAttack="" mgcAttack="" phyDefend="" killDefend="" mgcDefend="" absoluteDefendRatio="" skillId="20012602" effectDescribe="Boss战时不受眩晕效果影响"/>
  <mountain_second_state id="124" round="" monsterId="" phyAttackRatio="" killAttack="" mgcAttack="" phyDefend="" killDefend="" mgcDefend="" absoluteDefendRatio="" skillId="20012619" effectDescribe="Boss战时三系攻击天赋提升75%"/>
  <mountain_second_state id="125" round="" monsterId="" phyAttackRatio="" killAttack="" mgcAttack="" phyDefend="" killDefend="" mgcDefend="" absoluteDefendRatio="" skillId="20012620" effectDescribe="Boss战时三系攻击值提升250%"/>
  <mountain_second_state id="126" round="" monsterId="" phyAttackRatio="" killAttack="" mgcAttack="" phyDefend="" killDefend="" mgcDefend="" absoluteDefendRatio="" skillId="20012620" effectDescribe="Boss战时三系攻击值提升250%"/>
  <mountain_second_state id="127" round="5" monsterId="" phyAttackRatio="" killAttack="" mgcAttack="" phyDefend="" killDefend="" mgcDefend="" absoluteDefendRatio="" skillId="" effectDescribe="Boss战时坚守5回合可获得胜利"/>
  <mountain_second_state id="128" round="" monsterId="" phyAttackRatio="" killAttack="" mgcAttack="" phyDefend="" killDefend="" mgcDefend="" absoluteDefendRatio="" skillId="20012605" effectDescribe="Boss战时不受冰冻效果影响"/>
  <mountain_second_state id="129" round="" monsterId="" phyAttackRatio="" killAttack="" mgcAttack="" phyDefend="" killDefend="" mgcDefend="" absoluteDefendRatio="" skillId="20012622" effectDescribe="Boss战时三系攻击值提升275%"/>
  <mountain_second_state id="130" round="" monsterId="" phyAttackRatio="" killAttack="" mgcAttack="" phyDefend="" killDefend="" mgcDefend="" absoluteDefendRatio="" skillId="20012622" effectDescribe="Boss战时三系攻击值提升275%"/>
  <mountain_second_state id="131" round="" monsterId="" phyAttackRatio="" killAttack="" mgcAttack="" phyDefend="" killDefend="" mgcDefend="" absoluteDefendRatio="" skillId="20012621" effectDescribe="Boss战时三系攻击天赋提升80%"/>
  <mountain_second_state id="132" round="" monsterId="" phyAttackRatio="" killAttack="" mgcAttack="" phyDefend="" killDefend="" mgcDefend="" absoluteDefendRatio="" skillId="20012605" effectDescribe="Boss战时不受冰冻效果影响"/>
  <mountain_second_state id="133" round="" monsterId="" phyAttackRatio="" killAttack="" mgcAttack="" phyDefend="" killDefend="" mgcDefend="" absoluteDefendRatio="" skillId="20012624" effectDescribe="Boss战时三系攻击值提升300%"/>
  <mountain_second_state id="134" round="" monsterId="" phyAttackRatio="" killAttack="" mgcAttack="" phyDefend="" killDefend="" mgcDefend="" absoluteDefendRatio="" skillId="20012624" effectDescribe="Boss战时三系攻击值提升300%"/>
  <mountain_second_state id="135" round="" monsterId="" phyAttackRatio="" killAttack="" mgcAttack="" phyDefend="" killDefend="" mgcDefend="" absoluteDefendRatio="" skillId="20012623" effectDescribe="Boss战时三系攻击天赋提升85%"/>
  <mountain_second_state id="136" round="" monsterId="" phyAttackRatio="" killAttack="" mgcAttack="" phyDefend="" killDefend="" mgcDefend="" absoluteDefendRatio="" skillId="20012602" effectDescribe="Boss战时不受眩晕效果影响"/>
  <mountain_second_state id="137" round="" monsterId="" phyAttackRatio="" killAttack="" mgcAttack="" phyDefend="" killDefend="" mgcDefend="" absoluteDefendRatio="" skillId="20012626" effectDescribe="Boss战时三系攻击值提升325%"/>
  <mountain_second_state id="138" round="" monsterId="" phyAttackRatio="" killAttack="" mgcAttack="" phyDefend="" killDefend="" mgcDefend="" absoluteDefendRatio="" skillId="20012626" effectDescribe="Boss战时三系攻击值提升325%"/>
  <mountain_second_state id="139" round="" monsterId="" phyAttackRatio="" killAttack="" mgcAttack="" phyDefend="" killDefend="" mgcDefend="" absoluteDefendRatio="" skillId="20012625" effectDescribe="Boss战时三系攻击天赋提升90%"/>
  <mountain_second_state id="140" round="" monsterId="" phyAttackRatio="" killAttack="" mgcAttack="" phyDefend="" killDefend="" mgcDefend="" absoluteDefendRatio="" skillId="20012602" effectDescribe="Boss战时不受眩晕效果影响"/>
</root>