<root>
  <mountsRiding id="1" headId="76" bodyId="78" description="&quot;Pet của Mohji, có răng nanh và móng vuốt sắc nhọn, từng đánh bại Mohji và Cabaji, làm thuyền trưởng tạm thời của Băng Buggy&quot;" property="1|3000,6|300,7|300,8|300,9|300,10|300,11|300" movingIncrease="20" name="Sư tử Richie" quality="6" showEver="0" modelOffsetX="0" modelOffsetY="0" titleOffset="-30" headicon="bitmaps/mountHead/liji.png" hero=""/>
  <mountsRiding id="2" headId="104" bodyId="105" description="&quot;Lần đầu ra mắt ở Đảo Người cá, thiết kế hoa lệ thời trang, hoàn toàn thể hiện được phong cách cá nhân của Franky, là một trong những tác phẩm yêu thích của Franky.&quot;" property="1|3200,6|320,7|320,8|320,9|320,10|320,11|320" movingIncrease="20" name="FR-U4" quality="6" showEver="0" modelOffsetX="0" modelOffsetY="0" titleOffset="0" headicon="bitmaps/mountHead/zhanche.png" hero=""/>
  <mountsRiding id="3" headId="99" bodyId="100" description="&quot;Pet cưỡi của Duval, tính cách nóng nảy, nếu sử dụng sừng, chỉ cần một cú húc là có thể tạo ra một hang lớn cho đập nước. Từ sau khi bị Luffy đánh bại thì tính cách đã thay đổi rất nhiều.&quot;" property="1|2000,6|200,7|200,8|200,9|200,10|200,11|200" movingIncrease="20" name="Motobaro" quality="6" showEver="0" modelOffsetX="0" modelOffsetY="0" titleOffset="-30" headicon="bitmaps/mountHead/maoniu.png" hero=""/>
  <mountsRiding id="4" headId="102" bodyId="103" description="&quot;Đ.đội vô cùng quan trọng của công chúa Vivi, được Sanji gọi là nam tử hán. Là đội trưởng đội siêu tốc của nước Alabasta.&quot;" property="1|600,6|60,7|60,8|60,9|60,10|60,11|60" movingIncrease="20" name="Vịt Karoo" quality="6" showEver="0" modelOffsetX="0" modelOffsetY="0" titleOffset="-12" headicon="bitmaps/mountHead/kaluya.png" hero=""/>
  <mountsRiding id="5" headId="114" bodyId="115" description="&quot;1 viên trong biệt đội Vịt siêu tốc, thích nước ép trái cây. Đặc điểm là đuôi có chiếc lông mà xanh lam, là con vịt Karoo rất hoạt bát.&quot;" property="1|600,6|65,7|65,8|65,9|55,10|55,11|55" movingIncrease="20" name="Vịt Tia Chớp" quality="6" showEver="0" modelOffsetX="0" modelOffsetY="0" titleOffset="0" headicon="bitmaps/mountHead/kaluyaxiaoba.png" hero=""/>
  <mountsRiding id="6" headId="118" bodyId="119" description="&quot;Phương tiện giao thông ở Skypiea, phương tiện giao thông này có thể đi lại ở trên biển và trên mây, giống như một chiếc xe máy trên biển, khi sử dụng nó phải hiểu được hướng gió vào hải lưu, cho nên rất khó để sử dụng thành thạo&quot;" property="1|800,6|80,7|80,8|80,9|80,10|80,11|80" movingIncrease="20" name="Waver" quality="6" showEver="0" modelOffsetX="0" modelOffsetY="0" titleOffset="0" headicon="bitmaps/mountHead/weiba.png" hero=""/>
  <mountsRiding id="7" headId="120" bodyId="121" description="&quot;Kênh 5 Hệ thống Xưởng đóng tàu, Xe tăng! Do Franky dựa vào thiết kế của Dr. Vegapunk chế tạo ra!&quot;" property="1|3500,6|350,7|350,8|350,9|350,10|350,11|350" movingIncrease="20" name="Xe tăng 5" quality="6" showEver="0" modelOffsetX="0" modelOffsetY="0" titleOffset="-30" headicon="bitmaps/mountHead/baolongtanke.png" hero=""/>
  <mountsRiding id="8" headId="130" bodyId="131" description="&quot;Thuộc lớp cá khổng lồ nước nông, có thể rời nước và bay lượn trên không trung 5 phút, có thể chở người, là họ hàng với cá chuồn bay, tính cách ôn hòa.&quot;" property="1|2400,6|240,7|240,8|240,9|240,10|240,11|240" movingIncrease="20" name="Cá chuồn" quality="6" showEver="0" modelOffsetX="0" modelOffsetY="0" titleOffset="-30" headicon="bitmaps/mountHead/feiyu.png" hero=""/>
  <mountsRiding id="9" headId="138" bodyId="139" description="&quot;Đời 2 vịt Karoo siêu cấp , nửa thân là máy lại ăn rất ít, thời gian làm nhiệm vụ rất nhanh.&quot;" property="1|600,6|50,7|80,8|50,9|50,10|80,11|50" movingIncrease="20" name="Vịt máy" quality="6" showEver="0" modelOffsetX="0" modelOffsetY="0" titleOffset="-12" headicon="bitmaps/mountHead/jixieya.png" hero=""/>
  <mountsRiding id="10" headId="147" bodyId="148" description="&quot;Waver đến từ Nami, có thể chạy trên biển, giống hệt với xe máy, do Franky tự tay chế tạo.&quot;" property="1|800,6|75,7|90,8|75,9|75,10|90,11|75" movingIncrease="20" name="Bạch Mã 1" quality="6" showEver="0" modelOffsetX="0" modelOffsetY="0" titleOffset="0" headicon="bitmaps/mountHead/baimayihao.png" hero=""/>
  <mountsRiding id="11" headId="150" bodyId="151" description="&quot;Franky lấy chiếc mũ của Chopper làm linh hồn cho thiết kế, mất 3 ngày 3 đêm để tạo ra chiếc máy xúc Chopper. Máy xúc loại nào mạnh? Đương nhiên là máy xúc Chopper rồi!&quot;" property="1|2500,6|250,7|250,8|250,9|250,10|250,11|250" movingIncrease="20" name="Máy xúc Chopper" quality="6" showEver="0" modelOffsetX="0" modelOffsetY="0" titleOffset="-30" headicon="bitmaps/mountHead/qiaobawajueji.png" hero=""/>
  <mountsRiding id="12" headId="154" bodyId="155" description="&quot;Thành viên đời thứ 3 Đội quân Vit Karoo siêu cấp, máy móc hóa toàn  bộ, cài đặt nguồn năng lượng tái sinh và hệ thống ngôn ngữ thông minh, khi đi du lịch một mình có thể làm công cụ giao thông và đối tượng tán gẫu.&quot;" property="1|600,6|50,7|50,8|50,9|70,10|70,11|70" movingIncrease="20" name="Vịt sắt" quality="6" showEver="0" modelOffsetX="0" modelOffsetY="0" titleOffset="-12" headicon="bitmaps/mountHead/gangtieya.png" hero=""/>
  <mountsRiding id="13" headId="152" bodyId="153" description="&quot;Tông màu xanh biếc, thiết kế thon gọn, phân khối lớn! Là nhân vật đứng đầu công hội, bạn xứng đáng có được!&quot;" property="1|2800,6|280,7|280,8|280,9|280,10|280,11|280" movingIncrease="20" name="Tàu ngầm Chopper" quality="6" showEver="0" modelOffsetX="0" modelOffsetY="0" titleOffset="-30" headicon="bitmaps/mountHead/qianshuiting.png" hero=""/>
  <mountsRiding id="14" headId="166" bodyId="167" description="&quot;Xe lắp thêm bong bóng ở động cơ, sau khi được Dr.Vegapunk cải tạo, có thể dùng trong mọi loại thời tiết.&quot;" property="1|2300,6|230,7|230,8|230,9|230,10|230,11|230" movingIncrease="20" name="Bon Chari" quality="6" showEver="0" modelOffsetX="6" modelOffsetY="20" titleOffset="-30" headicon="bitmaps/mountHead/paopaoche.png" hero=""/>
  <mountsRiding id="15" headId="168" bodyId="169" description="&quot;Xe chiến đấu hệ sinh vật do Franky nghiên cứu dựa trên đặc tính của sinh vật tôm hùm siêu khổng lồ, không sợ mưa bão và khí hậu ẩm ướt, không cần lo lắng nhiên liệu có đủ không, lại lại một sản phẩm công nghệ cao của thời đại mới. Pet cưỡi thế hệ thứ hai của “Vương Giả Chiến”, tượng trưng cho thân phận và danh dự! &quot;" property="1|3800,6|380,7|380,8|380,9|380,10|380,11|380" movingIncrease="20" name="Hồng Ma" quality="6" showEver="0" modelOffsetX="0" modelOffsetY="0" titleOffset="0" headicon="bitmaps/mountHead/hongmo.png" hero=""/>
  <mountsRiding id="16" headId="172" bodyId="173" description="&quot;Cá heo tím được mệnh danh là “Tinh Linh trong biển”, IQ có thể bằng một đứa trẻ 10 tuổi, sinh ra trong khu rừng rậm dưới độ dâu 1 vạn mét trong lòng biển.&quot;" property="1|800,6|90,7|75,8|75,9|90,10|75,11|75" movingIncrease="20" name="Cá heo Tinh Linh" quality="6" showEver="0" modelOffsetX="0" modelOffsetY="0" titleOffset="-30" headicon="bitmaps/mountHead/haitun.png" hero=""/>
  <mountsRiding id="17" headId="174" bodyId="175" description="&quot;Pet cưỡi bay trên không do Franky dựa vào Vịt Karoo chế tạo ra, mặc dù không thể bay cao, nhưng tính ổn định và tốc độ vô cùng trác việt, nhiên liệu là Coca mà Franky yêu thích.&quot;" property="1|3500,6|330,7|390,8|330,9|330,10|390,11|330" movingIncrease="20" name="Máy bay Chopper" quality="6" showEver="0" modelOffsetX="0" modelOffsetY="0" titleOffset="-30" headicon="bitmaps/mountHead/feiyiya.png" hero=""/>
  <mountsRiding id="18" headId="183" bodyId="184" description="&quot;Bạn tốt của Pet Hoe của vua Neptune, tính cách ôn thuần, thích đùa với loài người.&quot;" property="1|800,6|70,7|90,8|70,9|80,10|90,11|80" movingIncrease="20" name="Cá voi sát thủ" quality="6" showEver="0" modelOffsetX="0" modelOffsetY="0" titleOffset="-30" headicon="bitmaps/mountHead/hujing.png" hero=""/>
  <mountsRiding id="19" headId="186" bodyId="187" description="&quot;Do ảnh hưởng của môi trường sinh sống, thân hình biến dạng, khiến cơ thể sinh ra điện. Mặc dù có tính nguy hiểm nhất định, nhưng tính cách ôn nhu, cho nên thích hợp làm Pet cưỡi.&quot;" property="1|800,6|80,7|90,8|80,9|70,10|90,11|70" movingIncrease="20" name="Billy" quality="6" showEver="0" modelOffsetX="0" modelOffsetY="0" titleOffset="-12" headicon="bitmaps/mountHead/bili.png" hero=""/>
  <mountsRiding id="20" headId="188" bodyId="189" description="&quot;Tác phẩm của Franky, linh cảm đến từ một trận chiến đấu trên Đảo Người Cá, kĩ năng đào hang của Chopper đã gợi ý cho anh phát minh ra Máy khoan Chopper này!&quot;" property="1|2600,6|260,7|260,8|260,9|260,10|260,11|260" movingIncrease="20" name="Máy khoan Chopper" quality="6" showEver="0" modelOffsetX="0" modelOffsetY="0" titleOffset="-30" headicon="bitmaps/mountHead/zuantanji.png" hero=""/>
  <mountsRiding id="21" headId="205" bodyId="206" description="&quot;Thế sinh mệnh nhân tạo do nhà khoa học tà ác Caesar tạo ra, tác phẩm đang ở thời gian hậu kì, có trí tuệ nhất định. Thậm chí còn hiểu được mệnh lệnh từ con người.&quot;" property="1|800,6|80,7|80,8|95,9|80,10|80,11|95" movingIncrease="20" name="Rồng xanh" quality="6" showEver="0" modelOffsetX="0" modelOffsetY="0" titleOffset="-30" headicon="bitmaps/mountHead/lvlong.png" hero=""/>
  <mountsRiding id="22" headId="207" bodyId="208" description="&quot;Pet cưỡi của quốc vương Đảo Ngươi Cá Neptune, tính tình ôn thuận và hiểu tiếng người.&quot;" property="1|3600,6|360,7|360,8|390,9|360,10|360,11|390" movingIncrease="20" name="Hoe" quality="6" showEver="0" modelOffsetX="0" modelOffsetY="0" titleOffset="-30" headicon="bitmaps/mountHead/jingyuhuoai.png" hero=""/>
  <mountsRiding id="23" headId="209" bodyId="210" description="Thú cưỡi đội cận vệ Đảo Ngư Nhân, trên đảo hay có câu nói &quot;trên đất có bảo mã, dưới biển có hải mã&quot;" property="1|600,6|70,7|70,8|70,9|60,10|60,11|60" movingIncrease="20" name="Hải Mã" quality="6" showEver="0" modelOffsetX="0" modelOffsetY="0" titleOffset="-30" headicon="bitmaps/mountHead/wuzhuanghaima.png" hero=""/>
  <mountsRiding id="24" headId="215" bodyId="216" description="Richie ăn phải trái ác ma &quot;lấp lánh&quot;, toàn thân phát ra ánh sáng lấp lánh, và năng lực của trái ác ma đó là &quot;khiến chủ nhân trở nên đẹp hơn&quot;." property="1|7000,6|700,7|700,8|700,9|700,10|700,11|700" movingIncrease="20" name="Kim Sư Tử" quality="7" showEver="0" modelOffsetX="0" modelOffsetY="0" titleOffset="-30" headicon="bitmaps/mountHead/jinshizi.png" hero=""/>
  <mountsRiding id="25" headId="211" bodyId="212" description="&quot;Tiếp theo máy đào đất Chpper, Franky lại chế tạo ra xe cẩu Chopper. Có thể trên đất cà dưới nước!&quot;" property="1|3600,6|360,7|390,8|360,9|360,10|390,11|360" movingIncrease="20" name="Xe Cẩu Chopper" quality="6" showEver="0" modelOffsetX="0" modelOffsetY="0" titleOffset="-30" headicon="bitmaps/mountHead/qiaobadiaoche.png" hero=""/>
  <mountsRiding id="26" headId="213" bodyId="214" description="&quot;Tác phẩm thần thánh của Franky, được gọi là người máy thần binh.&quot;" property="1|6500,6|650,7|650,8|650,9|650,10|650,11|650" movingIncrease="20" name="Người Máy Chopper" quality="7" showEver="0" modelOffsetX="0" modelOffsetY="0" titleOffset="-25" headicon="bitmaps/mountHead/qiaobajiqiren.png" hero=""/>
  <mountsRiding id="27" headId="231" bodyId="232" description="Tàu máy lục bộ được tạo từ bộ phận mảnh vụn của Going Merry." property="1|1800,6|195,7|180,8|180,9|195,10|180,11|180" movingIncrease="20" name="Tàu máy Merry" quality="6" showEver="0" modelOffsetX="0" modelOffsetY="0" titleOffset="-25" headicon="bitmaps/mountHead/meilimotuoting.png" hero=""/>
  <mountsRiding id="28" headId="233" bodyId="234" description="一种水陆两用的摩托车，因为是水陆两用所以轮胎非常巨大，斯摩格非常喜欢骑这种摩托车。" property="1|3500,6|350,7|350,8|350,9|350,10|350,11|350" movingIncrease="20" name="烟鬼摩托" quality="6" showEver="0" modelOffsetX="0" modelOffsetY="0" titleOffset="0" headicon="bitmaps/mountHead/yanguimotuo.png" hero="" guinesOffset="105"/>
  <mountsRiding id="29" headId="235" bodyId="236" description="来自罗宾出生的故乡-奥哈拉，生物学分类为阿拉巴斯坦王国地区的陆行鸭的进化分支。据奥哈拉学者研究，智慧鸭大有可能是从新生代的地壳板块运动而远离阿拉巴斯坦地区。" property="1|600,6|80,7|65,8|65,9|70,10|55,11|55" movingIncrease="20" name="智慧鸭" quality="6" showEver="0" modelOffsetX="0" modelOffsetY="0" titleOffset="-12" headicon="bitmaps/mountHead/zhihuiya.png" hero="" guinesOffset="60"/>
  <mountsRiding id="30" headId="243" bodyId="244" description="用神罗军用摩托改装而成，属于个人DIY作品。与制造者的身体非常吻合，独一无二的专属。" property="1|3700,6|370,7|400,8|370,9|370,10|400,11|370" movingIncrease="20" name="芬里尔狼" quality="0" showEver="0" modelOffsetX="0" modelOffsetY="0" titleOffset="0" headicon="bitmaps/mountHead/fenlier.png" hero="" guinesOffset="105"/>
  <mountsRiding id="31" headId="254" bodyId="255" description="本是无躯无体，无形无神的意念体，由于春节之时，众人思想的强大精神力让它获得了躯体。而当它成形成体时，偶然吸纳了一张卡片，它便以卡片内的猛兽为形态。" property="1|1200,6|120,7|120,8|120,9|120,10|120,11|120" movingIncrease="20" name="红兽" quality="6" showEver="0" modelOffsetX="0" modelOffsetY="0" titleOffset="-30" headicon="bitmaps/mountHead/hongshou.png" hero="" guinesOffset="100"/>
  <mountsRiding id="32" headId="256" bodyId="257" description="卡鲁鸭部队中唯一的雌性鸭子。性情十分温驯，十分适合女性或孩子使用。" property="1|600,6|80,7|80,8|80,9|50,10|50,11|50" movingIncrease="20" name="维京鸭" quality="6" showEver="0" modelOffsetX="0" modelOffsetY="0" titleOffset="-12" headicon="bitmaps/mountHead/weijingya.png" hero="" guinesOffset="60"/>
</root>