<root>
  <mountain_second_reward id="100" trialNum="80" bellyNum="150000" itemIds="70730|2,70727|2,121457|3" goldCost=""/>
  <mountain_second_reward id="101" trialNum="120" bellyNum="300000" itemIds="70730|3,70727|3,121457|6" goldCost=""/>
  <mountain_second_reward id="102" trialNum="160" bellyNum="450000" itemIds="70730|3,70727|3,121457|9" goldCost=""/>
  <mountain_second_reward id="103" trialNum="240" bellyNum="600000" itemIds="70730|4,70727|4,121457|12" goldCost=""/>
  <mountain_second_reward id="104" trialNum="400" bellyNum="750000" itemIds="70730|5,70727|5,121457|15,121452|1" goldCost=""/>
  <mountain_second_reward id="105" trialNum="88" bellyNum="165000" itemIds="70730|3,70727|3,121457|9" goldCost=""/>
  <mountain_second_reward id="106" trialNum="136" bellyNum="330000" itemIds="70730|3,70727|3,121457|12" goldCost=""/>
  <mountain_second_reward id="107" trialNum="184" bellyNum="495000" itemIds="70730|4,70727|4,121457|15" goldCost=""/>
  <mountain_second_reward id="108" trialNum="280" bellyNum="675000" itemIds="70730|5,70727|5,121457|18" goldCost=""/>
  <mountain_second_reward id="109" trialNum="464" bellyNum="870000" itemIds="121452|2,70730|7,70727|7,121457|21" goldCost=""/>
  <mountain_second_reward id="110" trialNum="96" bellyNum="180000" itemIds="70730|3,70727|3,121457|15" goldCost=""/>
  <mountain_second_reward id="111" trialNum="152" bellyNum="360000" itemIds="70730|4,70727|4,121457|18" goldCost=""/>
  <mountain_second_reward id="112" trialNum="208" bellyNum="540000" itemIds="70730|5,70727|5,121457|21" goldCost=""/>
  <mountain_second_reward id="113" trialNum="320" bellyNum="750000" itemIds="70730|6,70727|6,121457|24" goldCost=""/>
  <mountain_second_reward id="114" trialNum="528" bellyNum="990000" itemIds="121452|3,70730|8,70727|8,121457|27" goldCost=""/>
  <mountain_second_reward id="115" trialNum="104" bellyNum="195000" itemIds="70730|3,70727|3,121457|21" goldCost=""/>
  <mountain_second_reward id="116" trialNum="168" bellyNum="390000" itemIds="70730|4,70727|4,121457|24" goldCost=""/>
  <mountain_second_reward id="117" trialNum="232" bellyNum="585000" itemIds="70730|5,70727|5,121457|27" goldCost=""/>
  <mountain_second_reward id="118" trialNum="360" bellyNum="825000" itemIds="70730|7,70727|7,121457|30" goldCost=""/>
  <mountain_second_reward id="119" trialNum="592" bellyNum="1110000" itemIds="121452|4,70730|10,70727|10,121457|33" goldCost=""/>
  <mountain_second_reward id="120" trialNum="112" bellyNum="210000" itemIds="70730|3,70727|3,121457|27" goldCost=""/>
  <mountain_second_reward id="121" trialNum="184" bellyNum="420000" itemIds="70730|4,70727|4,121457|30" goldCost=""/>
  <mountain_second_reward id="122" trialNum="256" bellyNum="630000" itemIds="70730|6,70727|6,121457|33" goldCost=""/>
  <mountain_second_reward id="123" trialNum="400" bellyNum="900000" itemIds="70730|8,70727|8,121457|36" goldCost=""/>
  <mountain_second_reward id="124" trialNum="656" bellyNum="1230000" itemIds="121452|5,70730|12,70727|12,121457|39" goldCost=""/>
  <mountain_second_reward id="125" trialNum="120" bellyNum="225000" itemIds="70730|3,70727|3,121457|33" goldCost=""/>
  <mountain_second_reward id="126" trialNum="200" bellyNum="450000" itemIds="70730|5,70727|5,121457|36" goldCost=""/>
  <mountain_second_reward id="127" trialNum="280" bellyNum="675000" itemIds="70730|6,70727|6,121457|39" goldCost=""/>
  <mountain_second_reward id="128" trialNum="440" bellyNum="975000" itemIds="70730|9,70727|9,121457|42" goldCost=""/>
  <mountain_second_reward id="129" trialNum="720" bellyNum="1350000" itemIds="121452|6,70730|13,70727|13,121457|45" goldCost=""/>
  <mountain_second_reward id="130" trialNum="128" bellyNum="240000" itemIds="70730|4,70727|4,121457|39" goldCost=""/>
  <mountain_second_reward id="131" trialNum="216" bellyNum="480000" itemIds="70730|5,70727|5,121457|42" goldCost=""/>
  <mountain_second_reward id="132" trialNum="304" bellyNum="720000" itemIds="70730|7,70727|7,121457|45" goldCost=""/>
  <mountain_second_reward id="133" trialNum="480" bellyNum="1050000" itemIds="70730|10,70727|10,121457|48" goldCost=""/>
  <mountain_second_reward id="134" trialNum="784" bellyNum="1470000" itemIds="121452|7,70730|15,70727|15,121457|51" goldCost=""/>
  <mountain_second_reward id="135" trialNum="136" bellyNum="255000" itemIds="70730|4,70727|4,121457|45" goldCost=""/>
  <mountain_second_reward id="136" trialNum="232" bellyNum="510000" itemIds="70730|6,70727|6,121457|48" goldCost=""/>
  <mountain_second_reward id="137" trialNum="328" bellyNum="765000" itemIds="70730|8,70727|8,121457|51" goldCost=""/>
  <mountain_second_reward id="138" trialNum="520" bellyNum="1125000" itemIds="70730|11,70727|11,121457|54" goldCost=""/>
  <mountain_second_reward id="139" trialNum="848" bellyNum="1590000" itemIds="121452|8,70730|16,70727|16,121457|57" goldCost=""/>
  <mountain_second_reward id="140" trialNum="144" bellyNum="270000" itemIds="70730|4,70727|4,121457|51" goldCost=""/>
  <mountain_second_reward id="141" trialNum="248" bellyNum="540000" itemIds="70730|6,70727|6,121457|54" goldCost=""/>
  <mountain_second_reward id="142" trialNum="352" bellyNum="810000" itemIds="70730|8,70727|8,121457|57" goldCost=""/>
  <mountain_second_reward id="143" trialNum="560" bellyNum="1200000" itemIds="70730|12,70727|12,121457|60" goldCost=""/>
  <mountain_second_reward id="144" trialNum="912" bellyNum="1710000" itemIds="121452|9,70730|18,70727|18,121457|63" goldCost=""/>
  <mountain_second_reward id="145" trialNum="152" bellyNum="285000" itemIds="70730|4,70727|4,121457|57" goldCost=""/>
  <mountain_second_reward id="146" trialNum="264" bellyNum="570000" itemIds="70730|6,70727|6,121457|60" goldCost=""/>
  <mountain_second_reward id="147" trialNum="376" bellyNum="855000" itemIds="70730|9,70727|9,121457|63" goldCost=""/>
  <mountain_second_reward id="148" trialNum="600" bellyNum="1275000" itemIds="70730|13,70727|13,121457|66" goldCost=""/>
  <mountain_second_reward id="149" trialNum="976" bellyNum="1830000" itemIds="121452|10,70730|20,70727|20,121457|69" goldCost=""/>
  <mountain_second_reward id="150" trialNum="20" bellyNum="40000" itemIds="121457|2" goldCost="36|54|108|180|270"/>
  <mountain_second_reward id="151" trialNum="22" bellyNum="80000" itemIds="121457|3" goldCost="36|54|108|182|272"/>
  <mountain_second_reward id="152" trialNum="24" bellyNum="120000" itemIds="121457|4" goldCost="36|54|110|184|276"/>
  <mountain_second_reward id="153" trialNum="28" bellyNum="150000" itemIds="121457|5" goldCost="44|68|136|228|342"/>
  <mountain_second_reward id="154" trialNum="32" bellyNum="180000" itemIds="121457|6" goldCost="54|80|162|272|408"/>
  <mountain_second_reward id="155" trialNum="36" bellyNum="210000" itemIds="121457|7" goldCost="62|94|188|316|474"/>
  <mountain_second_reward id="156" trialNum="40" bellyNum="240000" itemIds="121457|8" goldCost="72|108|216|360|540"/>
  <mountain_second_reward id="157" trialNum="46" bellyNum="260000" itemIds="121457|9" goldCost="80|120|242|406|608"/>
  <mountain_second_reward id="158" trialNum="52" bellyNum="280000" itemIds="121457|10" goldCost="90|134|270|452|678"/>
  <mountain_second_reward id="159" trialNum="58" bellyNum="300000" itemIds="121457|11" goldCost="98|148|298|498|746"/>
  <mountain_second_reward id="160" trialNum="66" bellyNum="320000" itemIds="121457|13" goldCost="116|174|350|586|878"/>
  <mountain_second_reward id="161" trialNum="74" bellyNum="340000" itemIds="121457|14" goldCost="126|190|380|634|950"/>
  <mountain_second_reward id="162" trialNum="82" bellyNum="360000" itemIds="121457|16" goldCost="144|216|432|722|1082"/>
  <mountain_second_reward id="163" trialNum="90" bellyNum="370000" itemIds="121457|18" goldCost="162|242|486|810|1214"/>
  <mountain_second_reward id="164" trialNum="98" bellyNum="380000" itemIds="121457|19" goldCost="170|256|514|858|1286"/>
  <mountain_second_reward id="165" trialNum="106" bellyNum="390000" itemIds="121457|21" goldCost="188|282|566|946|1418"/>
  <mountain_second_reward id="166" trialNum="116" bellyNum="400000" itemIds="121457|23" goldCost="206|310|620|1036|1554"/>
  <mountain_second_reward id="167" trialNum="126" bellyNum="410000" itemIds="121457|25" goldCost="224|336|674|1126|1688"/>
  <mountain_second_reward id="168" trialNum="136" bellyNum="420000" itemIds="121457|27" goldCost="242|364|728|1216|1824"/>
  <mountain_second_reward id="169" trialNum="146" bellyNum="430000" itemIds="121457|29" goldCost="260|390|782|1306|1958"/>
  <mountain_second_reward id="170" trialNum="156" bellyNum="440000" itemIds="121457|31" goldCost="278|418|836|1396|2094"/>
  <mountain_second_reward id="171" trialNum="166" bellyNum="450000" itemIds="121457|33" goldCost="296|444|890|1486|2228"/>
  <mountain_second_reward id="172" trialNum="176" bellyNum="460000" itemIds="121457|35" goldCost="314|472|944|1576|2364"/>
  <mountain_second_reward id="173" trialNum="186" bellyNum="470000" itemIds="121457|37" goldCost="332|498|998|1666|2498"/>
  <mountain_second_reward id="174" trialNum="196" bellyNum="480000" itemIds="121457|39" goldCost="350|526|1052|1756|2634"/>
  <mountain_second_reward id="175" trialNum="206" bellyNum="490000" itemIds="121457|41" goldCost="368|552|1106|1846|2768"/>
  <mountain_second_reward id="176" trialNum="216" bellyNum="500000" itemIds="121457|43" goldCost="386|580|1160|1936|2904"/>
</root>