<root>
  <mounts_riding level="0" name="Thuật cưỡi cấp 0 bậc 1" quality="1" free_exp="500" item_num="120029|120030,1" item_exp="666" coin_num="10" coin_exp="666" vipcoin_num="500" vipcoin_exp="33333" exp="500" property=""/>
  <mounts_riding level="1" name="Thuật cưỡi cấp 1 bậc 1" quality="1" free_exp="500" item_num="120029|120030,1" item_exp="666" coin_num="10" coin_exp="666" vipcoin_num="500" vipcoin_exp="33333" exp="539" property="1|150,6|15,7|15,8|15,9|15,10|15,11|15"/>
  <mounts_riding level="2" name="Thuật cưỡi cấp 2 bậc 1" quality="1" free_exp="500" item_num="120029|120030,1" item_exp="666" coin_num="10" coin_exp="666" vipcoin_num="500" vipcoin_exp="33333" exp="581" property="1|210,6|21,7|21,8|21,9|21,10|21,11|21"/>
  <mounts_riding level="3" name="Thuật cưỡi cấp 3 bậc 1" quality="1" free_exp="500" item_num="120029|120030,1" item_exp="666" coin_num="10" coin_exp="666" vipcoin_num="500" vipcoin_exp="33333" exp="627" property="1|280,6|28,7|28,8|28,9|28,10|28,11|28"/>
  <mounts_riding level="4" name="Thuật cưỡi cấp 4 bậc 1" quality="1" free_exp="500" item_num="120029|120030,1" item_exp="666" coin_num="10" coin_exp="666" vipcoin_num="500" vipcoin_exp="33333" exp="676" property="1|360,6|36,7|36,8|36,9|36,10|36,11|36"/>
  <mounts_riding level="5" name="Thuật cưỡi cấp 5 bậc 1" quality="1" free_exp="500" item_num="120029|120030,1" item_exp="666" coin_num="10" coin_exp="666" vipcoin_num="500" vipcoin_exp="33333" exp="729" property="1|450,6|45,7|45,8|45,9|45,10|45,11|45"/>
  <mounts_riding level="6" name="Thuật cưỡi cấp 6 bậc 1" quality="1" free_exp="500" item_num="120029|120030,1" item_exp="666" coin_num="10" coin_exp="666" vipcoin_num="500" vipcoin_exp="33333" exp="787" property="1|550,6|55,7|55,8|55,9|55,10|55,11|55"/>
  <mounts_riding level="7" name="Thuật cưỡi cấp 7 bậc 1" quality="1" free_exp="500" item_num="120029|120030,1" item_exp="666" coin_num="10" coin_exp="666" vipcoin_num="500" vipcoin_exp="33333" exp="848" property="1|660,6|66,7|66,8|66,9|66,10|66,11|66"/>
  <mounts_riding level="8" name="Thuật cưỡi cấp 8 bậc 1" quality="1" free_exp="500" item_num="120029|120030,1" item_exp="666" coin_num="10" coin_exp="666" vipcoin_num="500" vipcoin_exp="33333" exp="915" property="1|780,6|78,7|78,8|78,9|78,10|78,11|78"/>
  <mounts_riding level="9" name="Thuật cưỡi cấp 9 bậc 1" quality="1" free_exp="500" item_num="120029|120030,2" item_exp="666" coin_num="10" coin_exp="666" vipcoin_num="500" vipcoin_exp="33333" exp="987" property="1|910,6|91,7|91,8|91,9|91,10|91,11|91"/>
  <mounts_riding level="10" name="Thuật cưỡi cấp 0 bậc 2" quality="1" free_exp="500" item_num="120029|120030,2" item_exp="1332" coin_num="10" coin_exp="666" vipcoin_num="550" vipcoin_exp="66666" exp="1064" property="1|1050,6|105,7|105,8|105,9|105,10|105,11|105"/>
  <mounts_riding level="11" name="Thuật cưỡi cấp 1 bậc 2" quality="1" free_exp="500" item_num="120029|120030,2" item_exp="1332" coin_num="10" coin_exp="666" vipcoin_num="550" vipcoin_exp="66666" exp="1148" property="1|1200,6|120,7|120,8|120,9|120,10|120,11|120"/>
  <mounts_riding level="12" name="Thuật cưỡi cấp 2 bậc 2" quality="1" free_exp="500" item_num="120029|120030,2" item_exp="1332" coin_num="10" coin_exp="666" vipcoin_num="550" vipcoin_exp="66666" exp="1238" property="1|1360,6|136,7|136,8|136,9|136,10|136,11|136"/>
  <mounts_riding level="13" name="Thuật cưỡi cấp 3 bậc 2" quality="1" free_exp="500" item_num="120029|120030,2" item_exp="1332" coin_num="10" coin_exp="666" vipcoin_num="550" vipcoin_exp="66666" exp="1335" property="1|1530,6|153,7|153,8|153,9|153,10|153,11|153"/>
  <mounts_riding level="14" name="Thuật cưỡi cấp 4 bậc 2" quality="1" free_exp="500" item_num="120029|120030,2" item_exp="1332" coin_num="10" coin_exp="666" vipcoin_num="550" vipcoin_exp="66666" exp="1440" property="1|1710,6|171,7|171,8|171,9|171,10|171,11|171"/>
  <mounts_riding level="15" name="Thuật cưỡi cấp 5 bậc 2" quality="1" free_exp="500" item_num="120029|120030,2" item_exp="1332" coin_num="10" coin_exp="666" vipcoin_num="550" vipcoin_exp="66666" exp="1553" property="1|1900,6|190,7|190,8|190,9|190,10|190,11|190"/>
  <mounts_riding level="16" name="Thuật cưỡi cấp 6 bậc 2" quality="1" free_exp="500" item_num="120029|120030,2" item_exp="1332" coin_num="10" coin_exp="666" vipcoin_num="550" vipcoin_exp="66666" exp="1675" property="1|2100,6|210,7|210,8|210,9|210,10|210,11|210"/>
  <mounts_riding level="17" name="Thuật cưỡi cấp 7 bậc 2" quality="1" free_exp="500" item_num="120029|120030,2" item_exp="1332" coin_num="10" coin_exp="666" vipcoin_num="550" vipcoin_exp="66666" exp="1806" property="1|2310,6|231,7|231,8|231,9|231,10|231,11|231"/>
  <mounts_riding level="18" name="Thuật cưỡi cấp 8 bậc 2" quality="1" free_exp="500" item_num="120029|120030,2" item_exp="1332" coin_num="10" coin_exp="666" vipcoin_num="550" vipcoin_exp="66666" exp="1948" property="1|2530,6|253,7|253,8|253,9|253,10|253,11|253"/>
  <mounts_riding level="19" name="Thuật cưỡi cấp 9 bậc 2" quality="1" free_exp="500" item_num="120029|120030,2" item_exp="1332" coin_num="10" coin_exp="666" vipcoin_num="550" vipcoin_exp="66666" exp="2101" property="1|2760,6|276,7|276,8|276,9|276,10|276,11|276"/>
  <mounts_riding level="20" name="Thuật cưỡi cấp 0 bậc 3" quality="2" free_exp="500" item_num="120029|120030,2" item_exp="1332" coin_num="10" coin_exp="666" vipcoin_num="600" vipcoin_exp="66666" exp="2265" property="1|3000,6|300,7|300,8|300,9|300,10|300,11|300"/>
  <mounts_riding level="21" name="Thuật cưỡi cấp 1 bậc 3" quality="2" free_exp="500" item_num="120029|120030,2" item_exp="1332" coin_num="10" coin_exp="666" vipcoin_num="600" vipcoin_exp="66666" exp="2443" property="1|3250,6|325,7|325,8|325,9|325,10|325,11|325"/>
  <mounts_riding level="22" name="Thuật cưỡi cấp 2 bậc 3" quality="2" free_exp="500" item_num="120029|120030,2" item_exp="1332" coin_num="10" coin_exp="666" vipcoin_num="600" vipcoin_exp="66666" exp="2635" property="1|3510,6|351,7|351,8|351,9|351,10|351,11|351"/>
  <mounts_riding level="23" name="Thuật cưỡi cấp 3 bậc 3" quality="2" free_exp="500" item_num="120029|120030,2" item_exp="1332" coin_num="10" coin_exp="666" vipcoin_num="600" vipcoin_exp="66666" exp="2842" property="1|3780,6|378,7|378,8|378,9|378,10|378,11|378"/>
  <mounts_riding level="24" name="Thuật cưỡi cấp 4 bậc 3" quality="2" free_exp="500" item_num="120029|120030,2" item_exp="1332" coin_num="10" coin_exp="666" vipcoin_num="600" vipcoin_exp="66666" exp="3065" property="1|4060,6|406,7|406,8|406,9|406,10|406,11|406"/>
  <mounts_riding level="25" name="Thuật cưỡi cấp 5 bậc 3" quality="2" free_exp="500" item_num="120029|120030,2" item_exp="1332" coin_num="10" coin_exp="666" vipcoin_num="600" vipcoin_exp="66666" exp="3306" property="1|4350,6|435,7|435,8|435,9|435,10|435,11|435"/>
  <mounts_riding level="26" name="Thuật cưỡi cấp 6 bậc 3" quality="2" free_exp="500" item_num="120029|120030,2" item_exp="1332" coin_num="10" coin_exp="666" vipcoin_num="600" vipcoin_exp="66666" exp="3565" property="1|4650,6|465,7|465,8|465,9|465,10|465,11|465"/>
  <mounts_riding level="27" name="Thuật cưỡi cấp 7 bậc 3" quality="2" free_exp="500" item_num="120029|120030,2" item_exp="1332" coin_num="10" coin_exp="666" vipcoin_num="600" vipcoin_exp="66666" exp="3845" property="1|4960,6|496,7|496,8|496,9|496,10|496,11|496"/>
  <mounts_riding level="28" name="Thuật cưỡi cấp 8 bậc 3" quality="2" free_exp="500" item_num="120029|120030,2" item_exp="1332" coin_num="10" coin_exp="666" vipcoin_num="600" vipcoin_exp="66666" exp="4146" property="1|5280,6|528,7|528,8|528,9|528,10|528,11|528"/>
  <mounts_riding level="29" name="Thuật cưỡi cấp 9 bậc 3" quality="2" free_exp="500" item_num="120029|120030,2" item_exp="1332" coin_num="10" coin_exp="666" vipcoin_num="600" vipcoin_exp="66666" exp="4472" property="1|5610,6|561,7|561,8|561,9|561,10|561,11|561"/>
  <mounts_riding level="30" name="Thuật cưỡi cấp 0 bậc 4" quality="2" free_exp="500" item_num="120029|120030,2" item_exp="1332" coin_num="10" coin_exp="666" vipcoin_num="600" vipcoin_exp="66666" exp="4823" property="1|5950,6|595,7|595,8|595,9|595,10|595,11|595"/>
  <mounts_riding level="31" name="Thuật cưỡi cấp 1 bậc 4" quality="2" free_exp="500" item_num="120029|120030,2" item_exp="1332" coin_num="10" coin_exp="666" vipcoin_num="600" vipcoin_exp="66666" exp="5201" property="1|6300,6|630,7|630,8|630,9|630,10|630,11|630"/>
  <mounts_riding level="32" name="Thuật cưỡi cấp 2 bậc 4" quality="2" free_exp="500" item_num="120029|120030,2" item_exp="1332" coin_num="10" coin_exp="666" vipcoin_num="600" vipcoin_exp="66666" exp="5610" property="1|6660,6|666,7|666,8|666,9|666,10|666,11|666"/>
  <mounts_riding level="33" name="Thuật cưỡi cấp 3 bậc 4" quality="2" free_exp="500" item_num="120029|120030,2" item_exp="1332" coin_num="10" coin_exp="666" vipcoin_num="600" vipcoin_exp="66666" exp="6050" property="1|7030,6|703,7|703,8|703,9|703,10|703,11|703"/>
  <mounts_riding level="34" name="Thuật cưỡi cấp 4 bậc 4" quality="2" free_exp="500" item_num="120029|120030,2" item_exp="1332" coin_num="10" coin_exp="666" vipcoin_num="600" vipcoin_exp="66666" exp="6525" property="1|7410,6|741,7|741,8|741,9|741,10|741,11|741"/>
  <mounts_riding level="35" name="Thuật cưỡi cấp 5 bậc 4" quality="2" free_exp="500" item_num="120029|120030,2" item_exp="1332" coin_num="10" coin_exp="666" vipcoin_num="600" vipcoin_exp="66666" exp="7037" property="1|7800,6|780,7|780,8|780,9|780,10|780,11|780"/>
  <mounts_riding level="36" name="Thuật cưỡi cấp 6 bậc 4" quality="2" free_exp="500" item_num="120029|120030,2" item_exp="1332" coin_num="10" coin_exp="666" vipcoin_num="600" vipcoin_exp="66666" exp="7589" property="1|8200,6|820,7|820,8|820,9|820,10|820,11|820"/>
  <mounts_riding level="37" name="Thuật cưỡi cấp 7 bậc 4" quality="2" free_exp="500" item_num="120029|120030,2" item_exp="1332" coin_num="10" coin_exp="666" vipcoin_num="600" vipcoin_exp="66666" exp="8185" property="1|8610,6|861,7|861,8|861,9|861,10|861,11|861"/>
  <mounts_riding level="38" name="Thuật cưỡi cấp 8 bậc 4" quality="2" free_exp="500" item_num="120029|120030,2" item_exp="1332" coin_num="10" coin_exp="666" vipcoin_num="600" vipcoin_exp="66666" exp="8827" property="1|9030,6|903,7|903,8|903,9|903,10|903,11|903"/>
  <mounts_riding level="39" name="Thuật cưỡi cấp 9 bậc 4" quality="2" free_exp="500" item_num="120029|120030,2" item_exp="1332" coin_num="10" coin_exp="666" vipcoin_num="600" vipcoin_exp="66666" exp="9520" property="1|9460,6|946,7|946,8|946,9|946,10|946,11|946"/>
  <mounts_riding level="40" name="Thuật cưỡi cấp 0 bậc 5" quality="3" free_exp="500" item_num="120029|120030,2" item_exp="1332" coin_num="10" coin_exp="666" vipcoin_num="600" vipcoin_exp="66666" exp="10267" property="1|9900,6|990,7|990,8|990,9|990,10|990,11|990"/>
  <mounts_riding level="41" name="Thuật cưỡi cấp 1 bậc 5" quality="3" free_exp="500" item_num="120029|120030,2" item_exp="1332" coin_num="10" coin_exp="666" vipcoin_num="600" vipcoin_exp="66666" exp="11073" property="1|10350,6|1035,7|1035,8|1035,9|1035,10|1035,11|1035"/>
  <mounts_riding level="42" name="Thuật cưỡi cấp 2 bậc 5" quality="3" free_exp="500" item_num="120029|120030,2" item_exp="1332" coin_num="10" coin_exp="666" vipcoin_num="600" vipcoin_exp="66666" exp="11942" property="1|10810,6|1081,7|1081,8|1081,9|1081,10|1081,11|1081"/>
  <mounts_riding level="43" name="Thuật cưỡi cấp 3 bậc 5" quality="3" free_exp="500" item_num="120029|120030,2" item_exp="1332" coin_num="10" coin_exp="666" vipcoin_num="600" vipcoin_exp="66666" exp="12879" property="1|11280,6|1128,7|1128,8|1128,9|1128,10|1128,11|1128"/>
  <mounts_riding level="44" name="Thuật cưỡi cấp 4 bậc 5" quality="3" free_exp="500" item_num="120029|120030,2" item_exp="1332" coin_num="10" coin_exp="666" vipcoin_num="600" vipcoin_exp="66666" exp="13890" property="1|11760,6|1176,7|1176,8|1176,9|1176,10|1176,11|1176"/>
  <mounts_riding level="45" name="Thuật cưỡi cấp 5 bậc 5" quality="3" free_exp="500" item_num="120029|120030,2" item_exp="1332" coin_num="10" coin_exp="666" vipcoin_num="600" vipcoin_exp="66666" exp="14980" property="1|12250,6|1225,7|1225,8|1225,9|1225,10|1225,11|1225"/>
  <mounts_riding level="46" name="Thuật cưỡi cấp 6 bậc 5" quality="3" free_exp="500" item_num="120029|120030,2" item_exp="1332" coin_num="10" coin_exp="666" vipcoin_num="600" vipcoin_exp="66666" exp="16155" property="1|12750,6|1275,7|1275,8|1275,9|1275,10|1275,11|1275"/>
  <mounts_riding level="47" name="Thuật cưỡi cấp 7 bậc 5" quality="3" free_exp="500" item_num="120029|120030,2" item_exp="1332" coin_num="10" coin_exp="666" vipcoin_num="600" vipcoin_exp="66666" exp="17423" property="1|13260,6|1326,7|1326,8|1326,9|1326,10|1326,11|1326"/>
  <mounts_riding level="48" name="Thuật cưỡi cấp 8 bậc 5" quality="3" free_exp="500" item_num="120029|120030,2" item_exp="1332" coin_num="10" coin_exp="666" vipcoin_num="600" vipcoin_exp="66666" exp="18791" property="1|13780,6|1378,7|1378,8|1378,9|1378,10|1378,11|1378"/>
  <mounts_riding level="49" name="Thuật cưỡi cấp 9 bậc 5" quality="3" free_exp="500" item_num="120029|120030,2" item_exp="1332" coin_num="10" coin_exp="666" vipcoin_num="600" vipcoin_exp="66666" exp="20265" property="1|14310,6|1431,7|1431,8|1431,9|1431,10|1431,11|1431"/>
  <mounts_riding level="50" name="Thuật cưỡi cấp 0 bậc 6" quality="3" free_exp="500" item_num="120029|120030,2" item_exp="1332" coin_num="10" coin_exp="666" vipcoin_num="600" vipcoin_exp="66666" exp="21856" property="1|14850,6|1485,7|1485,8|1485,9|1485,10|1485,11|1485"/>
  <mounts_riding level="51" name="Thuật cưỡi cấp 1 bậc 6" quality="3" free_exp="500" item_num="120029|120030,2" item_exp="1332" coin_num="10" coin_exp="666" vipcoin_num="600" vipcoin_exp="66666" exp="23571" property="1|15400,6|1540,7|1540,8|1540,9|1540,10|1540,11|1540"/>
  <mounts_riding level="52" name="Thuật cưỡi cấp 2 bậc 6" quality="3" free_exp="500" item_num="120029|120030,2" item_exp="1332" coin_num="10" coin_exp="666" vipcoin_num="600" vipcoin_exp="66666" exp="25421" property="1|15960,6|1596,7|1596,8|1596,9|1596,10|1596,11|1596"/>
  <mounts_riding level="53" name="Thuật cưỡi cấp 3 bậc 6" quality="3" free_exp="500" item_num="120029|120030,2" item_exp="1332" coin_num="10" coin_exp="666" vipcoin_num="600" vipcoin_exp="66666" exp="27416" property="1|16530,6|1653,7|1653,8|1653,9|1653,10|1653,11|1653"/>
  <mounts_riding level="54" name="Thuật cưỡi cấp 4 bậc 6" quality="3" free_exp="500" item_num="120029|120030,2" item_exp="1332" coin_num="10" coin_exp="666" vipcoin_num="600" vipcoin_exp="66666" exp="29568" property="1|17110,6|1711,7|1711,8|1711,9|1711,10|1711,11|1711"/>
  <mounts_riding level="55" name="Thuật cưỡi cấp 5 bậc 6" quality="3" free_exp="500" item_num="120029|120030,2" item_exp="1332" coin_num="10" coin_exp="666" vipcoin_num="600" vipcoin_exp="66666" exp="31888" property="1|17700,6|1770,7|1770,8|1770,9|1770,10|1770,11|1770"/>
  <mounts_riding level="56" name="Thuật cưỡi cấp 6 bậc 6" quality="3" free_exp="500" item_num="120029|120030,2" item_exp="1332" coin_num="10" coin_exp="666" vipcoin_num="600" vipcoin_exp="66666" exp="34391" property="1|18300,6|1830,7|1830,8|1830,9|1830,10|1830,11|1830"/>
  <mounts_riding level="57" name="Thuật cưỡi cấp 7 bậc 6" quality="3" free_exp="500" item_num="120029|120030,2" item_exp="1332" coin_num="10" coin_exp="666" vipcoin_num="600" vipcoin_exp="66666" exp="37090" property="1|18910,6|1891,7|1891,8|1891,9|1891,10|1891,11|1891"/>
  <mounts_riding level="58" name="Thuật cưỡi cấp 8 bậc 6" quality="3" free_exp="500" item_num="120029|120030,2" item_exp="1332" coin_num="10" coin_exp="666" vipcoin_num="600" vipcoin_exp="66666" exp="40000" property="1|19530,6|1953,7|1953,8|1953,9|1953,10|1953,11|1953"/>
  <mounts_riding level="59" name="Thuật cưỡi cấp 9 bậc 6" quality="3" free_exp="500" item_num="120029|120030,2" item_exp="1332" coin_num="10" coin_exp="666" vipcoin_num="600" vipcoin_exp="66666" exp="43140" property="1|20160,6|2016,7|2016,8|2016,9|2016,10|2016,11|2016"/>
  <mounts_riding level="60" name="Thuật cưỡi cấp 0 bậc 7" quality="4" free_exp="500" item_num="120029|120030,2" item_exp="1332" coin_num="10" coin_exp="666" vipcoin_num="600" vipcoin_exp="66666" exp="46525" property="1|20800,6|2080,7|2080,8|2080,9|2080,10|2080,11|2080"/>
  <mounts_riding level="61" name="Thuật cưỡi cấp 1 bậc 7" quality="4" free_exp="500" item_num="120029|120030,2" item_exp="1332" coin_num="10" coin_exp="666" vipcoin_num="600" vipcoin_exp="66666" exp="50177" property="1|21450,6|2145,7|2145,8|2145,9|2145,10|2145,11|2145"/>
  <mounts_riding level="62" name="Thuật cưỡi cấp 2 bậc 7" quality="4" free_exp="500" item_num="120029|120030,2" item_exp="1332" coin_num="10" coin_exp="666" vipcoin_num="600" vipcoin_exp="66666" exp="54114" property="1|22110,6|2211,7|2211,8|2211,9|2211,10|2211,11|2211"/>
  <mounts_riding level="63" name="Thuật cưỡi cấp 3 bậc 7" quality="4" free_exp="500" item_num="120029|120030,2" item_exp="1332" coin_num="10" coin_exp="666" vipcoin_num="600" vipcoin_exp="66666" exp="58361" property="1|22780,6|2278,7|2278,8|2278,9|2278,10|2278,11|2278"/>
  <mounts_riding level="64" name="Thuật cưỡi cấp 4 bậc 7" quality="4" free_exp="500" item_num="120029|120030,2" item_exp="1332" coin_num="10" coin_exp="666" vipcoin_num="600" vipcoin_exp="66666" exp="62942" property="1|23460,6|2346,7|2346,8|2346,9|2346,10|2346,11|2346"/>
  <mounts_riding level="65" name="Thuật cưỡi cấp 5 bậc 7" quality="4" free_exp="500" item_num="120029|120030,2" item_exp="1332" coin_num="10" coin_exp="666" vipcoin_num="600" vipcoin_exp="66666" exp="67881" property="1|24150,6|2415,7|2415,8|2415,9|2415,10|2415,11|2415"/>
  <mounts_riding level="66" name="Thuật cưỡi cấp 6 bậc 7" quality="4" free_exp="500" item_num="120029|120030,2" item_exp="1332" coin_num="10" coin_exp="666" vipcoin_num="600" vipcoin_exp="66666" exp="73209" property="1|24850,6|2485,7|2485,8|2485,9|2485,10|2485,11|2485"/>
  <mounts_riding level="67" name="Thuật cưỡi cấp 7 bậc 7" quality="4" free_exp="500" item_num="120029|120030,2" item_exp="1332" coin_num="10" coin_exp="666" vipcoin_num="600" vipcoin_exp="66666" exp="78954" property="1|25560,6|2556,7|2556,8|2556,9|2556,10|2556,11|2556"/>
  <mounts_riding level="68" name="Thuật cưỡi cấp 8 bậc 7" quality="4" free_exp="500" item_num="120029|120030,2" item_exp="1332" coin_num="10" coin_exp="666" vipcoin_num="600" vipcoin_exp="66666" exp="85150" property="1|26280,6|2628,7|2628,8|2628,9|2628,10|2628,11|2628"/>
  <mounts_riding level="69" name="Thuật cưỡi cấp 9 bậc 7" quality="4" free_exp="500" item_num="120029|120030,2" item_exp="1332" coin_num="10" coin_exp="666" vipcoin_num="600" vipcoin_exp="66666" exp="91833" property="1|27010,6|2701,7|2701,8|2701,9|2701,10|2701,11|2701"/>
  <mounts_riding level="70" name="Thuật cưỡi cấp 0 bậc 8" quality="4" free_exp="500" item_num="120029|120030,2" item_exp="1332" coin_num="10" coin_exp="666" vipcoin_num="600" vipcoin_exp="66666" exp="99040" property="1|27750,6|2775,7|2775,8|2775,9|2775,10|2775,11|2775"/>
  <mounts_riding level="71" name="Thuật cưỡi cấp 1 bậc 8" quality="4" free_exp="500" item_num="120029|120030,2" item_exp="1332" coin_num="10" coin_exp="666" vipcoin_num="600" vipcoin_exp="66666" exp="106812" property="1|28500,6|2850,7|2850,8|2850,9|2850,10|2850,11|2850"/>
  <mounts_riding level="72" name="Thuật cưỡi cấp 2 bậc 8" quality="4" free_exp="500" item_num="120029|120030,2" item_exp="1332" coin_num="10" coin_exp="666" vipcoin_num="600" vipcoin_exp="66666" exp="115195" property="1|29260,6|2926,7|2926,8|2926,9|2926,10|2926,11|2926"/>
  <mounts_riding level="73" name="Thuật cưỡi cấp 3 bậc 8" quality="4" free_exp="500" item_num="120029|120030,2" item_exp="1332" coin_num="10" coin_exp="666" vipcoin_num="600" vipcoin_exp="66666" exp="124236" property="1|30030,6|3003,7|3003,8|3003,9|3003,10|3003,11|3003"/>
  <mounts_riding level="74" name="Thuật cưỡi cấp 4 bậc 8" quality="4" free_exp="500" item_num="120029|120030,2" item_exp="1332" coin_num="10" coin_exp="666" vipcoin_num="600" vipcoin_exp="66666" exp="133986" property="1|30810,6|3081,7|3081,8|3081,9|3081,10|3081,11|3081"/>
  <mounts_riding level="75" name="Thuật cưỡi cấp 5 bậc 8" quality="4" free_exp="500" item_num="120029|120030,2" item_exp="1332" coin_num="10" coin_exp="666" vipcoin_num="600" vipcoin_exp="66666" exp="144501" property="1|31600,6|3160,7|3160,8|3160,9|3160,10|3160,11|3160"/>
  <mounts_riding level="76" name="Thuật cưỡi cấp 6 bậc 8" quality="4" free_exp="500" item_num="120029|120030,2" item_exp="1332" coin_num="10" coin_exp="666" vipcoin_num="600" vipcoin_exp="66666" exp="155841" property="1|32400,6|3240,7|3240,8|3240,9|3240,10|3240,11|3240"/>
  <mounts_riding level="77" name="Thuật cưỡi cấp 7 bậc 8" quality="4" free_exp="500" item_num="120029|120030,2" item_exp="1332" coin_num="10" coin_exp="666" vipcoin_num="600" vipcoin_exp="66666" exp="168072" property="1|33210,6|3321,7|3321,8|3321,9|3321,10|3321,11|3321"/>
  <mounts_riding level="78" name="Thuật cưỡi cấp 8 bậc 8" quality="4" free_exp="500" item_num="120029|120030,2" item_exp="1332" coin_num="10" coin_exp="666" vipcoin_num="600" vipcoin_exp="66666" exp="181262" property="1|34030,6|3403,7|3403,8|3403,9|3403,10|3403,11|3403"/>
  <mounts_riding level="79" name="Thuật cưỡi cấp 9 bậc 8" quality="4" free_exp="500" item_num="120029|120030,2" item_exp="1332" coin_num="10" coin_exp="666" vipcoin_num="600" vipcoin_exp="66666" exp="195487" property="1|34860,6|3486,7|3486,8|3486,9|3486,10|3486,11|3486"/>
  <mounts_riding level="80" name="Thuật cưỡi cấp 0 bậc 9" quality="5" free_exp="500" item_num="120029|120030,2" item_exp="1332" coin_num="10" coin_exp="666" vipcoin_num="600" vipcoin_exp="66666" exp="210829" property="1|35700,6|3570,7|3570,8|3570,9|3570,10|3570,11|3570"/>
  <mounts_riding level="81" name="Thuật cưỡi cấp 1 bậc 9" quality="5" free_exp="500" item_num="120029|120030,2" item_exp="1332" coin_num="10" coin_exp="666" vipcoin_num="600" vipcoin_exp="66666" exp="227375" property="1|36550,6|3655,7|3655,8|3655,9|3655,10|3655,11|3655"/>
  <mounts_riding level="82" name="Thuật cưỡi cấp 2 bậc 9" quality="5" free_exp="500" item_num="120029|120030,2" item_exp="1332" coin_num="10" coin_exp="666" vipcoin_num="600" vipcoin_exp="66666" exp="245219" property="1|37410,6|3741,7|3741,8|3741,9|3741,10|3741,11|3741"/>
  <mounts_riding level="83" name="Thuật cưỡi cấp 3 bậc 9" quality="5" free_exp="500" item_num="120029|120030,2" item_exp="1332" coin_num="10" coin_exp="666" vipcoin_num="600" vipcoin_exp="66666" exp="264464" property="1|38280,6|3828,7|3828,8|3828,9|3828,10|3828,11|3828"/>
  <mounts_riding level="84" name="Thuật cưỡi cấp 4 bậc 9" quality="5" free_exp="500" item_num="120029|120030,2" item_exp="1332" coin_num="10" coin_exp="666" vipcoin_num="600" vipcoin_exp="66666" exp="285219" property="1|39160,6|3916,7|3916,8|3916,9|3916,10|3916,11|3916"/>
  <mounts_riding level="85" name="Thuật cưỡi cấp 5 bậc 9" quality="5" free_exp="500" item_num="120029|120030,2" item_exp="1332" coin_num="10" coin_exp="666" vipcoin_num="600" vipcoin_exp="66666" exp="307603" property="1|40050,6|4005,7|4005,8|4005,9|4005,10|4005,11|4005"/>
  <mounts_riding level="86" name="Thuật cưỡi cấp 6 bậc 9" quality="5" free_exp="500" item_num="120029|120030,2" item_exp="1332" coin_num="10" coin_exp="666" vipcoin_num="600" vipcoin_exp="66666" exp="331744" property="1|40950,6|4095,7|4095,8|4095,9|4095,10|4095,11|4095"/>
  <mounts_riding level="87" name="Thuật cưỡi cấp 7 bậc 9" quality="5" free_exp="500" item_num="120029|120030,2" item_exp="1332" coin_num="10" coin_exp="666" vipcoin_num="600" vipcoin_exp="66666" exp="357779" property="1|41860,6|4186,7|4186,8|4186,9|4186,10|4186,11|4186"/>
  <mounts_riding level="88" name="Thuật cưỡi cấp 8 bậc 9" quality="5" free_exp="500" item_num="120029|120030,2" item_exp="1332" coin_num="10" coin_exp="666" vipcoin_num="600" vipcoin_exp="66666" exp="385858" property="1|42780,6|4278,7|4278,8|4278,9|4278,10|4278,11|4278"/>
  <mounts_riding level="89" name="Thuật cưỡi cấp 9 bậc 9" quality="5" free_exp="500" item_num="120029|120030,2" item_exp="1332" coin_num="10" coin_exp="666" vipcoin_num="600" vipcoin_exp="66666" exp="416140" property="1|43710,6|4371,7|4371,8|4371,9|4371,10|4371,11|4371"/>
  <mounts_riding level="90" name="Thuật cưỡi cấp 0 bậc 10" quality="5" free_exp="500" item_num="120029|120030,2" item_exp="1332" coin_num="10" coin_exp="666" vipcoin_num="600" vipcoin_exp="66666" exp="448798" property="1|44650,6|4465,7|4465,8|4465,9|4465,10|4465,11|4465"/>
  <mounts_riding level="91" name="Thuật cưỡi cấp 1 bậc 10" quality="5" free_exp="500" item_num="120029|120030,2" item_exp="1332" coin_num="10" coin_exp="666" vipcoin_num="600" vipcoin_exp="66666" exp="484020" property="1|45600,6|4560,7|4560,8|4560,9|4560,10|4560,11|4560"/>
  <mounts_riding level="92" name="Thuật cưỡi cấp 2 bậc 10" quality="5" free_exp="500" item_num="120029|120030,2" item_exp="1332" coin_num="10" coin_exp="666" vipcoin_num="600" vipcoin_exp="66666" exp="522006" property="1|46560,6|4656,7|4656,8|4656,9|4656,10|4656,11|4656"/>
  <mounts_riding level="93" name="Thuật cưỡi cấp 3 bậc 10" quality="5" free_exp="500" item_num="120029|120030,2" item_exp="1332" coin_num="10" coin_exp="666" vipcoin_num="600" vipcoin_exp="66666" exp="562973" property="1|47530,6|4753,7|4753,8|4753,9|4753,10|4753,11|4753"/>
  <mounts_riding level="94" name="Thuật cưỡi cấp 4 bậc 10" quality="5" free_exp="500" item_num="120029|120030,2" item_exp="1332" coin_num="10" coin_exp="666" vipcoin_num="600" vipcoin_exp="66666" exp="607155" property="1|48510,6|4851,7|4851,8|4851,9|4851,10|4851,11|4851"/>
  <mounts_riding level="95" name="Thuật cưỡi cấp 5 bậc 10" quality="5" free_exp="500" item_num="120029|120030,2" item_exp="1332" coin_num="10" coin_exp="666" vipcoin_num="600" vipcoin_exp="66666" exp="654804" property="1|49500,6|4950,7|4950,8|4950,9|4950,10|4950,11|4950"/>
  <mounts_riding level="96" name="Thuật cưỡi cấp 6 bậc 10" quality="5" free_exp="500" item_num="120029|120030,2" item_exp="1332" coin_num="10" coin_exp="666" vipcoin_num="600" vipcoin_exp="66666" exp="706193" property="1|50500,6|5050,7|5050,8|5050,9|5050,10|5050,11|5050"/>
  <mounts_riding level="97" name="Thuật cưỡi cấp 7 bậc 10" quality="5" free_exp="500" item_num="120029|120030,2" item_exp="1332" coin_num="10" coin_exp="666" vipcoin_num="600" vipcoin_exp="66666" exp="761615" property="1|51510,6|5151,7|5151,8|5151,9|5151,10|5151,11|5151"/>
  <mounts_riding level="98" name="Thuật cưỡi cấp 8 bậc 10" quality="5" free_exp="500" item_num="120029|120030,2" item_exp="1332" coin_num="10" coin_exp="666" vipcoin_num="600" vipcoin_exp="66666" exp="821386" property="1|52530,6|5253,7|5253,8|5253,9|5253,10|5253,11|5253"/>
  <mounts_riding level="99" name="Thuật cưỡi cấp 9 bậc 10" quality="5" free_exp="500" item_num="120029|120030,2" item_exp="1332" coin_num="10" coin_exp="666" vipcoin_num="600" vipcoin_exp="66666" exp="885848" property="1|53560,6|5356,7|5356,8|5356,9|5356,10|5356,11|5356"/>
  <mounts_riding level="100" name="Thuật cưỡi cấp 10 bậc 10" quality="6" free_exp="500" item_num="120029|120030,2" item_exp="1332" coin_num="10" coin_exp="666" vipcoin_num="600" vipcoin_exp="66666" exp="0" property="1|54600,6|5460,7|5460,8|5460,9|5460,10|5460,11|5460"/>
</root>