<root>
  <npcheader id="1" x="813"/>
  <npcheader id="2" x="831"/>
  <npcheader id="3" x="789"/>
  <npcheader id="4" x="736"/>
  <npcheader id="5" x="670"/>
  <npcheader id="6" x="743"/>
  <npcheader id="7" x="670"/>
  <npcheader id="8" x="682"/>
  <npcheader id="9" x="726"/>
  <npcheader id="10" x="783"/>
  <npcheader id="11" x="768"/>
  <npcheader id="12" x="810"/>
  <npcheader id="13" x="660"/>
  <npcheader id="14" x="723"/>
  <npcheader id="15" x="680"/>
  <npcheader id="16" x="630"/>
  <npcheader id="17" x="730"/>
  <npcheader id="18" x="590"/>
  <npcheader id="19" x="831"/>
  <npcheader id="20" x="600"/>
  <npcheader id="21" x="640"/>
  <npcheader id="22" x="640"/>
  <npcheader id="23" x="805"/>
  <npcheader id="24" x="587"/>
  <npcheader id="25" x="588"/>
  <npcheader id="26" x="675"/>
  <npcheader id="27" x="645"/>
  <npcheader id="28" x="735"/>
  <npcheader id="29" x="620"/>
  <npcheader id="30" x="485"/>
  <npcheader id="31" x="530"/>
  <npcheader id="32" x="663"/>
  <npcheader id="33" x="645"/>
  <npcheader id="34" x="629"/>
  <npcheader id="35" x="703"/>
  <npcheader id="36" x="776"/>
  <npcheader id="37" x="850"/>
  <npcheader id="38" x="688"/>
  <npcheader id="39" x="757"/>
  <npcheader id="40" x="533"/>
  <npcheader id="41" x="773"/>
  <npcheader id="42" x="602"/>
  <npcheader id="43" x="777"/>
  <npcheader id="44" x="720"/>
  <npcheader id="45" x="875"/>
  <npcheader id="46" x="780"/>
  <npcheader id="47" x="616"/>
  <npcheader id="48" x="661"/>
  <npcheader id="49" x="579"/>
  <npcheader id="50" x="720"/>
  <npcheader id="51" x="737"/>
  <npcheader id="52" x="790"/>
  <npcheader id="53" x="768"/>
  <npcheader id="54" x="597"/>
  <npcheader id="55" x="594"/>
  <npcheader id="56" x="747"/>
  <npcheader id="57" x="644"/>
  <npcheader id="58" x="879"/>
  <npcheader id="59" x="837"/>
  <npcheader id="60" x="786"/>
  <npcheader id="61" x="723"/>
  <npcheader id="62" x="705"/>
  <npcheader id="63" x="605"/>
  <npcheader id="64" x="704"/>
  <npcheader id="65" x="541"/>
  <npcheader id="66" x="673"/>
  <npcheader id="67" x="622"/>
  <npcheader id="68" x="854"/>
  <npcheader id="69" x="732"/>
  <npcheader id="70" x="683"/>
  <npcheader id="71" x="714"/>
  <npcheader id="72" x="700"/>
  <npcheader id="73" x="785"/>
  <npcheader id="74" x="737"/>
  <npcheader id="75" x="770"/>
  <npcheader id="76" x="816"/>
  <npcheader id="77" x="670"/>
  <npcheader id="78" x="758"/>
  <npcheader id="79" x="832"/>
  <npcheader id="80" x="662"/>
  <npcheader id="81" x="679"/>
  <npcheader id="82" x="670"/>
  <npcheader id="83" x="562"/>
  <npcheader id="84" x="815"/>
  <npcheader id="85" x="823"/>
  <npcheader id="86" x="773"/>
  <npcheader id="87" x="560"/>
  <npcheader id="88" x="705"/>
  <npcheader id="89" x="853"/>
  <npcheader id="90" x="564"/>
  <npcheader id="91" x="700"/>
  <npcheader id="92" x="731"/>
  <npcheader id="93" x="633"/>
  <npcheader id="94" x="645"/>
  <npcheader id="95" x="679"/>
  <npcheader id="96" x="632"/>
  <npcheader id="97" x="623"/>
  <npcheader id="98" x="718"/>
  <npcheader id="99" x="641"/>
  <npcheader id="100" x="713"/>
  <npcheader id="101" x="526"/>
  <npcheader id="102" x="598"/>
  <npcheader id="103" x="672"/>
  <npcheader id="104" x="750"/>
  <npcheader id="105" x="737"/>
  <npcheader id="106" x="510"/>
  <npcheader id="107" x="579"/>
  <npcheader id="108" x="539"/>
  <npcheader id="109" x="913"/>
  <npcheader id="110" x="860"/>
  <npcheader id="111" x="823"/>
  <npcheader id="112" x="620"/>
  <npcheader id="113" x="620"/>
  <npcheader id="114" x="745"/>
  <npcheader id="115" x="706"/>
  <npcheader id="116" x="684"/>
  <npcheader id="117" x="719"/>
  <npcheader id="118" x="555"/>
  <npcheader id="119" x="684"/>
  <npcheader id="120" x="649"/>
  <npcheader id="121" x="590"/>
  <npcheader id="122" x="689"/>
  <npcheader id="123" x="665"/>
  <npcheader id="124" x="758"/>
  <npcheader id="125" x="583"/>
  <npcheader id="126" x="663"/>
  <npcheader id="127" x="768"/>
  <npcheader id="128" x="764"/>
  <npcheader id="129" x="800"/>
  <npcheader id="130" x="679"/>
  <npcheader id="131" x="592"/>
  <npcheader id="132" x="691"/>
  <npcheader id="133" x="737"/>
  <npcheader id="134" x="813"/>
  <npcheader id="135" x="580"/>
  <npcheader id="136" x="725"/>
  <npcheader id="137" x="746"/>
  <npcheader id="138" x="564"/>
  <npcheader id="139" x="804"/>
  <npcheader id="140" x="765"/>
  <npcheader id="141" x="555"/>
  <npcheader id="142" x="643"/>
  <npcheader id="143" x="687"/>
  <npcheader id="144" x="676"/>
  <npcheader id="145" x="469"/>
  <npcheader id="146" x="557"/>
  <npcheader id="147" x="498"/>
  <npcheader id="148" x="545"/>
  <npcheader id="149" x="685"/>
  <npcheader id="150" x="682"/>
  <npcheader id="151" x="760"/>
  <npcheader id="152" x="527"/>
  <npcheader id="153" x="760"/>
  <npcheader id="154" x="527"/>
  <npcheader id="155" x="684"/>
  <npcheader id="156" x="496"/>
  <npcheader id="157" x="560"/>
  <npcheader id="158" x="674"/>
  <npcheader id="159" x="542"/>
  <npcheader id="160" x="372"/>
  <npcheader id="161" x="650"/>
  <npcheader id="162" x="548"/>
  <npcheader id="163" x="589"/>
  <npcheader id="164" x="697"/>
  <npcheader id="165" x="530"/>
  <npcheader id="166" x="476"/>
  <npcheader id="167" x="629"/>
  <npcheader id="168" x="738"/>
  <npcheader id="169" x="579"/>
  <npcheader id="170" x="698"/>
  <npcheader id="171" x="703"/>
  <npcheader id="172" x="709"/>
  <npcheader id="173" x="710"/>
  <npcheader id="174" x="701"/>
  <npcheader id="175" x="545"/>
  <npcheader id="176" x="754"/>
  <npcheader id="177" x="652"/>
  <npcheader id="178" x="756"/>
  <npcheader id="179" x="700"/>
  <npcheader id="180" x="684"/>
  <npcheader id="181" x="662"/>
  <npcheader id="182" x="684"/>
  <npcheader id="183" x="692"/>
  <npcheader id="184" x="681"/>
  <npcheader id="185" x="650"/>
  <npcheader id="186" x="529"/>
  <npcheader id="187" x="675"/>
  <npcheader id="188" x="762"/>
  <npcheader id="189" x="412"/>
  <npcheader id="190" x="650"/>
  <npcheader id="191" x="530"/>
  <npcheader id="192" x="502"/>
  <npcheader id="193" x="567"/>
  <npcheader id="194" x="675"/>
  <npcheader id="195" x="542"/>
  <npcheader id="196" x="578"/>
  <npcheader id="197" x="680"/>
  <npcheader id="198" x="668"/>
  <npcheader id="199" x="726"/>
  <npcheader id="200" x="652"/>
  <npcheader id="201" x="652"/>
  <npcheader id="202" x="579"/>
  <npcheader id="203" x="712"/>
  <npcheader id="204" x="632"/>
  <npcheader id="205" x="186"/>
  <npcheader id="206" x="572"/>
  <npcheader id="207" x="630"/>
  <npcheader id="208" x="740"/>
  <npcheader id="209" x="622"/>
  <npcheader id="210" x="475"/>
  <npcheader id="211" x="403"/>
  <npcheader id="212" x="630"/>
  <npcheader id="213" x="634"/>
  <npcheader id="214" x="644"/>
  <npcheader id="215" x="652"/>
  <npcheader id="216" x="610"/>
  <npcheader id="217" x="676"/>
  <npcheader id="218" x="392"/>
  <npcheader id="219" x="517"/>
  <npcheader id="220" x="630"/>
  <npcheader id="221" x="630"/>
  <npcheader id="222" x="630"/>
  <npcheader id="223" x="630"/>
  <npcheader id="224" x="630"/>
  <npcheader id="225" x="654"/>
  <npcheader id="226" x="630"/>
  <npcheader id="227" x="630"/>
  <npcheader id="228" x="712"/>
  <npcheader id="229" x="630"/>
  <npcheader id="230" x="640"/>
  <npcheader id="231" x="588"/>
  <npcheader id="232" x="542"/>
  <npcheader id="233" x="630"/>
  <npcheader id="234" x="702"/>
  <npcheader id="235" x="676"/>
  <npcheader id="236" x="512"/>
  <npcheader id="237" x="474"/>
  <npcheader id="238" x="630"/>
  <npcheader id="239" x="630"/>
  <npcheader id="240" x="630"/>
  <npcheader id="241" x="389"/>
  <npcheader id="242" x="630"/>
  <npcheader id="243" x="630"/>
  <npcheader id="244" x="630"/>
  <npcheader id="245" x="630"/>
  <npcheader id="246" x="630"/>
  <npcheader id="247" x="630"/>
  <npcheader id="248" x="752"/>
  <npcheader id="249" x="407"/>
  <npcheader id="250" x="732"/>
  <npcheader id="251" x="832"/>
  <npcheader id="252" x="630"/>
  <npcheader id="253" x="766"/>
  <npcheader id="254" x="677"/>
  <npcheader id="255" x="687"/>
  <npcheader id="256" x="698"/>
  <npcheader id="257" x="664"/>
  <npcheader id="258" x="638"/>
  <npcheader id="259" x="698"/>
  <npcheader id="260" x="448"/>
  <npcheader id="261" x="632"/>
  <npcheader id="262" x="630"/>
  <npcheader id="263" x="652"/>
  <npcheader id="264" x="684"/>
  <npcheader id="265" x="684"/>
  <npcheader id="266" x="610"/>
  <npcheader id="267" x="630"/>
  <npcheader id="268" x="882"/>
  <npcheader id="269" x="786"/>
  <npcheader id="270" x="538"/>
  <npcheader id="271" x="521"/>
  <npcheader id="272" x="630"/>
  <npcheader id="273" x="464"/>
  <npcheader id="274" x="644"/>
  <npcheader id="275" x="630"/>
  <npcheader id="276" x="630"/>
</root>