<root>
  <obtActivity id="1" name="Vương Giả Chiến lần 9" timeinfo="Không" limitinfo="Server mở đủ 7 ngày\nNgười chơi lv trên 70." ruleinfo="Tỉ thí Lôi đài với người chơi cùng cụm, chọn ra Vương giả Thế Giới." showtime="20140508100000" viewTime="20140508100000" starEnd="20140501100000,20140514235959" disappearTime="20140531235959" door="1" activityName="conquest" townId=""/>
  <obtActivity id="2" name="Quay về Vương giả" timeinfo="Không" limitinfo="Server mở đủ 7 ngày\nNgười chơi lv trên 60." ruleinfo="Căn cứ vào số ngày offline nhận quà phản hồi khác nhau." showtime="20140508100000" viewTime="20140508100000" starEnd="20140501100000,20140510235959" disappearTime="20140531235959" door="1" activityName="oldplayerreturn" townId=""/>
  <obtActivity id="3" name="Khuyến mãi nạp thẻ" timeinfo="Không" limitinfo="Người chơi tất cả server đều được tham gia" ruleinfo="Trong t.g HĐ, nạp vàng được khuyến mại, nạp nhiều lần khuyến mại nhiều lần." showtime="20140508100000" viewTime="20140508100000" starEnd="20140508100000,20140514235959" disappearTime="20140531235959" door="0" activityName="rechargeValue" townId=""/>
  <obtActivity id="4" name="HĐ hỏi đáp Sinh nhật" timeinfo="Không" limitinfo="Người chơi tất cả server đều được tham gia" ruleinfo="Trong t.g HĐ, vào Thị trấn Carnival Moby Dick, tiến hành hỏi đáp với Sengoku, mỗi ngày có 3 lần hỏi đáp, trả lời đúng được thưởng. (Mất mạng thì tự động thoát khỏi Thị trấn Carnival)" showtime="20140508100000" viewTime="20140508100000" starEnd="20140508100000,20140531235959" disappearTime="20140531235959" door="1" activityName="goToTown" townId="19"/>
  <obtActivity id="5" name="Thị trấn Carnival tặng phúc lợi" timeinfo="Không" limitinfo="Người chơi tất cả server đều được tham gia" ruleinfo="Trong t.g HĐ, vào Thị trấn Carnival Moby Dick sinh nhật, đối thoại với Sengoku nhận quà điểm danh sinh nhật. (Mất mạng thì tự động thoát khỏi Thị trấn Carnival)" showtime="20140508100000" viewTime="20140508100000" starEnd="20140508100000,20140531235959" disappearTime="20140531235959" door="1" activityName="goToTown" townId="19"/>
  <obtActivity id="6" name="Vòng quay Danh vọng" timeinfo="Không" limitinfo="Server mở đủ 7 ngày" ruleinfo="Trong t.g HĐ, người chơi có thể vào Vòng quay Danh vọng, nhận Danh vọng" showtime="20140508100000" viewTime="20140508100000" starEnd="20140508100000,20140514235959" disappearTime="20140531235959" door="1" activityName="prestigeRoulette" townId=""/>
  <obtActivity id="7" name="Vòng quay Exp" timeinfo="Không" limitinfo="Server mở đủ 7 ngày" ruleinfo="Trong t.g HĐ, người chơi có thể vào Vòng quay Exp, nhận Exp thăng cấp" showtime="20140508100000" viewTime="20140508100000" starEnd="20140508100000,20140514235959" disappearTime="20140531235959" door="1" activityName="roulette" townId=""/>
  <obtActivity id="8" name="Đào vàng Marineford" timeinfo="Không" limitinfo="Server mở đủ 14 ngày\nNgười chơi lv trên 50" ruleinfo="Trong t.g HĐ, người chơi tiêu 20 vàng ấn vào Bản đồ Kho báu đào vàng 1 lần, nhận p.thưởng." showtime="20140508100000" viewTime="20140508100000" starEnd="20140508100000,20140516235959" disappearTime="20140531235959" door="1" activityName="dig" townId=""/>
  <obtActivity id="9" name="Tổ đội đi cướp" timeinfo="Không" limitinfo="Người chơi tất cả server đều được tham gia" ruleinfo="P.thưởng đi cướp người chơi nhân đôi x5, p.thưởng NPC gấp 2 lần, tầm bảo đi cướp và Phụ bản tổ đội nhiều người có x.suất nhận p.thưởng siêu giá trị." showtime="20140508100000" viewTime="20140508100000" starEnd="20140508100000,20140514235959" disappearTime="20140531235959" door="0" activityName="" townId=""/>
  <obtActivity id="10" name="Ra khơi vui vẻ" timeinfo="Không" limitinfo="Người chơi tất cả server đều được tham gia" ruleinfo="Beri nhận được khi ra khơi và nấu ăn tăng 50%" showtime="20140508100000" viewTime="20140508100000" starEnd="20140508100000,20140514235959" disappearTime="20140531235959" door="1" activityName="niceSail" townId=""/>
  <obtActivity id="11" name="Vòng quay may mắn" timeinfo="Không" limitinfo="Server mở đủ 14 ngày" ruleinfo="Trong t.g HĐ, người chơi có thể Quay vòng quay, nhận p.thưởng. (Trong t.g HĐ, kích hoạt toàn bộ Tinh Linh tàu được 30 lần quay miễn phí)" showtime="20140517100000" viewTime="20140517100000" starEnd="20140517100000,20140523235959" disappearTime="20140531235959" door="0" activityName="lotteryPoint" townId=""/>
  <obtActivity id="12" name="Tập kích Black Pearl" timeinfo="Không" limitinfo="Người chơi tất cả server đều được tham gia" ruleinfo="Mỗi ngày ngẫu nhiên xuất hiện 4 con tàu Black Pearl trở về, cướp thắng lợi có thưởng, thất bại dùng 10 vàng mua thắng lợi. Mỗi con tàu người chơi chỉ được cướp 1 lần." showtime="20140517100000" viewTime="20140517100000" starEnd="20140517100000,20140523235959" disappearTime="20140531235959" door="0" activityName="blackpearl" townId=""/>
  <obtActivity id="13" name="Cuộc chiến bảo vệ Hải tặc" timeinfo="Không" limitinfo="Server mở đủ 14 ngày" ruleinfo="Trong t.g HĐ, 19:00-19:09, 19:10-19:19, 19:20-19:30 hàng ngày tại các thị trấn ngẫu nhiên sẽ xuất hiện Quân Hải Tặc, tham gia là có thưởng, tiêu diệt được p.thưởng hậu hĩ." showtime="20140517100000" viewTime="20140517100000" starEnd="20140517100000,20140523235959" disappearTime="20140531235959" door="0" activityName="" townId=""/>
  <obtActivity id="14" name="Lễ bao thời hạn" timeinfo="Không" limitinfo="Người chơi tất cả server đều được tham gia" ruleinfo="Trong t.g HĐ, chỉ cần nạp vàng, là có thể nhận quà thời hạn siêu giá trị." showtime="20140517100000" viewTime="20140517100000" starEnd="20150229100000,20150306235959" disappearTime="20150306235959" door="0" activityName="limitCharge" townId=""/>
  <obtActivity id="15" name="Tinh Linh chúc phúc" timeinfo="Không" limitinfo="Người chơi tất cả server đều được tham gia" ruleinfo="Trong t.g HĐ, người chơi chiếm mỏ được Tinh linh chúc phúc sẽ được thêm p.thưởng. (8:00 -10:00 mỗi tối Tinh linh sẽ ngẫu nhiên xuất hiện 4 lần,  mỗi lần kéo dài 10 phút; trong thời gian Tinh Linh xuất hiện,  chiếm mỏ được Tinh Linh chúc phúc sẽ không mất Lực HĐ, kéo dài thời gian sẽ mất; Khi Tinh Linh biến mất người chơi chiếm mỏ này sẽ được thêm p.thưởng; P.thưởng gồm: 25 vàng, 500 D.vọng, Túi quà tím random*2, Bánh mì*2.)" showtime="20140517100000" viewTime="20140517100000" starEnd="20140517100000,20140519235959" disappearTime="20140531235959" door="0" activityName="resbattle" townId=""/>
  <obtActivity id="16" name="Quỹ Hải Tặc" timeinfo="Không" limitinfo="Server mở đủ 14 ngày" ruleinfo="Mua quỹ Hải tặc, lãi suất siêu lớn." showtime="20140524100000" viewTime="20140524100000" starEnd="20140524100000,20140529235959" disappearTime="20140531235959" door="1" activityName="layin" townId=""/>
  <obtActivity id="17" name="Giảm giá" timeinfo="Không" limitinfo="Server mở đủ 14 ngày" ruleinfo="Trong t.g HĐ, Thương thành thời hạn mỗi ngày sẽ giảm giá các loại đạo cụ, muốn mua hãy nhanh lên." showtime="20140524100000" viewTime="20140524100000" starEnd="20140524100000,20140530235959" disappearTime="20140531235959" door="1" activityName="limitBuy" townId=""/>
  <obtActivity id="18" name="Tích lũy tiêu vàng" timeinfo="Không" limitinfo="Server mở đủ 14 ngày" ruleinfo="Trong t.g HĐ, tích lũy tiêu vàng nhận quà, thêm Pet sinh nhật “Megalo”." showtime="20140524100000" viewTime="20140524100000" starEnd="20140524100000,20140530235959" disappearTime="20140531235959" door="0" activityName="consumption" townId=""/>
  <obtActivity id="19" name="Thu thập thẻ bài" timeinfo="Không" limitinfo="Server mở đủ 14 ngày" ruleinfo="Tấn công PB có thể rơi thẻ bài, thu thập bộ bài đổi thưởng." showtime="20140524100000" viewTime="20140524100000" starEnd="20140524100000,20140530235959" disappearTime="20140531235959" door="1" activityName="cardactivity" townId=""/>
  <obtActivity id="20" name="Thách đấu Đấu Trường" timeinfo="Không" limitinfo="Người chơi tất cả server đều được tham gia" ruleinfo="Trong t.g HĐ, Thách đấu Đấu trường có x.suất nhận đạo cụ." showtime="20140524100000" viewTime="20140524100000" starEnd="20140524100000,20140526235959" disappearTime="20140531235959" door="0" activityName="" townId=""/>
  <obtActivity id="21" name="Vượt ải liên server lần 8" timeinfo="Không" limitinfo="Server mở trên 7 ngày\nNgười chơi lv trên 60." ruleinfo="Người chơi nhận được Đ.đội Vượt ải. XH càng cao, p.thưởng càng lớn." showtime="20140525100000" viewTime="20140525100000" starEnd="20140525100000,20140531235959" disappearTime="20140531235959" door="1" activityName="tuitu" townId=""/>
  <obtActivity id="22" name="Cây Ác Ma" timeinfo="Không" limitinfo="Server mở trên 7 ngày\nNgười chơi lv trên 60." ruleinfo="Tưới nước, bón phân, quyên góp VP cho Cây Ác Ma có thể giúp cây nhỏ trưởng thành, nhận được quà Trái Ác Ma." showtime="20140525100000" viewTime="20140525100000" starEnd="20140525100000,20140531235959" disappearTime="20140531235959" door="1" activityName="daimonapple" townId=""/>
  <obtActivity id="23" name="Vui vẻ online" timeinfo="Không" limitinfo="Người chơi tất cả server đều được tham gia" ruleinfo="Trong t.g HĐ, thứ 7, CN hàng tuần có nhận thưởng tương ứng với thời gian online tích lũy." showtime="20140508100000" viewTime="20140508100000" starEnd="20140501100000,20140531235959" disappearTime="20140531235959" door="1" activityName="summeronlineprize" townId=""/>
</root>