<root>
  <open_prize id="1" belly="" experience="" prestige="" gold="500" item="" itemnum="" execution="" name="Tăng danh vọng" imgUrl="shengw.png" description="Thông qua Đấu trường, ra khơi, quyên góp Công hội sẽ nhận được D.vọng. D.vọng đạt tới mức nhất định thì có thể tuyển mộ được Đ.đội D.vọng mạnh." content="Trong t.gian HĐ thỏa mãn điều kiện dưới đây sẽ nhận được thưởng! " require="D.vọng đạt 20000" maxGift="0"/>
  <open_prize id="2" belly="" experience="" prestige="" gold="" item="" itemnum="" execution="20" name="Nhận được đồng đội" imgUrl="huoban.png" description="Trong TG Vua hải tặc thì Đ.đội chính là tài sản quý giá nhất, Đ.đội mạnh có thể giúp bạn nhanh chóng vượt PB và thắng người chơi khác. Tăng D.vọng, h.thành NV và hội đàm là con đường chủ yếu để nhận được Đ.đội." content="Trong t.gian HĐ thỏa mãn điều kiện dưới đây sẽ nhận được thưởng! " require="Tổng Đ.đội đạt 16 (bao gồm NV chính)" maxGift="0"/>
  <open_prize id="3" belly="" experience="" prestige="" gold="" item="20012" itemnum="1" execution="" name="Tuyển mộ Hachi" imgUrl="xiaoba.png" description="Sau khi đánh bại “ Hachi lục đao” ở làng Konomi, sẽ có xác suất hội đàm với “Hachi lục đao” trong Quán rượu. Kĩ năng thường của Đ.đội này có thể tấn công được hàng trước địch." content="Trong t.gian HĐ thỏa mãn điều kiện dưới đây sẽ nhận được thưởng! " require="Nhận được Đ.đội hội đàm: Hachi phái Lục đao" maxGift="10"/>
  <open_prize id="4" belly="" experience="" prestige="" gold="" item="20013" itemnum="1" execution="" name="Tuyển mộ Morgan" imgUrl="mengka.png" description="Sau khi đánh bại “Morgan” trong Trấn Shells, sẽ có xác suất hội đàm nhất định với “Morgan&quot; trong Quán Rượu.  Morgan có k.năng giảm nộ của địch." content="Trong t.gian HĐ thỏa mãn điều kiện dưới đây sẽ nhận được thưởng! " require="Nhận được Đ.đội hội đàm: Morgan" maxGift="10"/>
  <open_prize id="5" belly="3000000" experience="" prestige="" gold="" item="" itemnum="" execution="" name="Nấu món ăn" imgUrl="chufang.png" description="Khoảng lv 35 sau khi đến Trấn Logue sẽ mở được Nhà bếp. Bán thức ăn chế biến ra có thể nhận được Beri, dùng Beri có thể C.hóa trang bị và Tìm B.thạch. Nấu ăn có thể tăng K.nghiệm Nhà bếp, sau khi K.nghiệm đầy sẽ tăng Lv Nhà bếp." content="Trong t.gian HĐ thỏa mãn điều kiện dưới đây sẽ nhận được thưởng! " require="Cấp nấu ăn đạt đến lv 4" maxGift="0"/>
  <open_prize id="6" belly="" experience="" prestige="" gold="" item="20011" itemnum="1" execution="" name="C.hóa vũ khí lam" imgUrl="qianghua.png" description="C. hóa trang bị của Đ.đội là một trong những cách chủ yếu để  tăng khả năng của Đ.đội. C.hóa vũ khí tăng lực vật công, c.hóa nhẫn tăng TC, c.hóa ma khí tăng lực ma công." content="Trong t.gian HĐ thỏa mãn điều kiện dưới đây sẽ nhận được thưởng! " require="C.hóa 1 vũ khí lam bất kỳ lên lv 38" maxGift="10"/>
  <open_prize id="7" belly="" experience="" prestige="" gold="" item="20017" itemnum="1" execution="" name="Huấn luyện Usopp" imgUrl="changbizi.png" description=" Thông qua PB Làng Syrup sẽ nhận được Usopp, trang bị cho Usopp một thứ đồ tốt coi như đã thành công bội lần. Có thể sử dụng chức năng “Tăng tốc” để tăng cấp cho cậu ấy." content="Trong t.gian HĐ thỏa mãn điều kiện dưới đây sẽ nhận được thưởng! " require="Usopp được tăng lên lv 35" maxGift="0"/>
  <open_prize id="8" belly="" experience="" prestige="" gold="" item="" itemnum="" execution="10" name="Nhận được Pet" imgUrl="chongwu.png" description="Đánh bại Bò biển Mohmoo trong PB ẩn “Bể bơi Arlong” sẽ có xác suất nhận được pet Bò biển Mohmoo.Pet giúp tăng khả năng Đ.đội và còn có thể đem khoe khoang với những người chơi khác." content="Trong t.gian HĐ thỏa mãn điều kiện dưới đây sẽ nhận được thưởng! " require="Nhận được Pet: Bò biển Mohmoo" maxGift="0"/>
  <open_prize id="9" belly="" experience="" prestige="" gold="" item="" itemnum="" execution="10" name="Thách đấu BOSS thế giới " imgUrl="tiaozhan.png" description=" Tham gia HĐ: Thách đấu với BOSS TG “Rồng Punk” và “Kraken” thì có thể tấn công BOSS TG. Tấn công BOSS TG nhận được Beri, C.tích và D.vọng." content="Trong t.gian HĐ thỏa mãn điều kiện dưới đây sẽ nhận được thưởng! " require="Lần tấn công BOSS TG tích lũy: 30 lần" maxGift="0"/>
</root>