<root>
  <palace id="101" name="Thanh Hải cung thứ 1" icon="" type="1" affixId="3" affixValue="120" normalSkill="" angerSkill="" starfishId="110101,110102,110103,110104,110105,110106,110107,110108,110109,110110" next="102"/>
  <palace id="102" name="Thanh Hải cung thứ 2" icon="" type="1" affixId="4" affixValue="120" normalSkill="" angerSkill="" starfishId="110201,110202,110203,110204,110205,110206,110207,110208,110209,110210" next="103"/>
  <palace id="103" name="Thanh Hải cung thứ 3" icon="" type="1" affixId="5" affixValue="120" normalSkill="" angerSkill="" starfishId="110301,110302,110303,110304,110305,110306,110307,110308,110309,110310" next="104"/>
  <palace id="104" name="Thanh Hải cung thứ 4" icon="" type="1" affixId="36" affixValue="50" normalSkill="" angerSkill="" starfishId="110401,110402,110403,110404,110405,110406,110407,110408,110409,110410" next="105"/>
  <palace id="105" name="Thanh Hải cung thứ 5" icon="" type="1" affixId="38" affixValue="50" normalSkill="" angerSkill="" starfishId="110501,110502,110503,110504,110505,110506,110507,110508,110509,110510" next="106"/>
  <palace id="106" name="Thanh Hải cung thứ 6" icon="" type="1" affixId="40" affixValue="50" normalSkill="" angerSkill="" starfishId="110601,110602,110603,110604,110605,110606,110607,110608,110609,110610" next="107"/>
  <palace id="107" name="Thanh Hải cung thứ 7" icon="" type="1" affixId="35" affixValue="100" normalSkill="" angerSkill="" starfishId="110701,110702,110703,110704,110705,110706,110707,110708,110709,110710" next="108"/>
  <palace id="108" name="Thanh Hải cung thứ 8" icon="" type="1" affixId="37" affixValue="100" normalSkill="" angerSkill="" starfishId="110801,110802,110803,110804,110805,110806,110807,110808,110809,110810" next="109"/>
  <palace id="109" name="Thanh Hải cung thứ 9" icon="" type="1" affixId="39" affixValue="100" normalSkill="" angerSkill="" starfishId="110901,110902,110903,110904,110905,110906,110907,110908,110909,110910" next="110"/>
  <palace id="110" name="Thanh Hải cung thứ 10" icon="" type="2" affixId="" affixValue="" normalSkill="11001|30000310,11002|30000320,11003|30000330,11004|30000340,11005|30000350,11006|30000360" angerSkill="" starfishId="111001,111002,111003,111004,111005,111006,111007,111008,111009,111010" next=""/>
  <palace id="201" name="Bạch Hải cung thứ 1" icon="" type="1" affixId="3" affixValue="120" normalSkill="" angerSkill="" starfishId="220101,220102,220103,220104,220105,220106,220107,220108,220109,220110" next="202"/>
  <palace id="202" name="Bạch Hải cung thứ 2" icon="" type="1" affixId="4" affixValue="120" normalSkill="" angerSkill="" starfishId="220201,220202,220203,220204,220205,220206,220207,220208,220209,220210" next="203"/>
  <palace id="203" name="Bạch Hải cung thứ 3" icon="" type="1" affixId="5" affixValue="120" normalSkill="" angerSkill="" starfishId="220301,220302,220303,220304,220305,220306,220307,220308,220309,220310" next="204"/>
  <palace id="204" name="Bạch Hải cung thứ 4" icon="" type="1" affixId="36" affixValue="50" normalSkill="" angerSkill="" starfishId="220401,220402,220403,220404,220405,220406,220407,220408,220409,220410" next="205"/>
  <palace id="205" name="Bạch Hải cung thứ 5" icon="" type="1" affixId="38" affixValue="50" normalSkill="" angerSkill="" starfishId="220501,220502,220503,220504,220505,220506,220507,220508,220509,220510" next="206"/>
  <palace id="206" name="Bạch Hải cung thứ 6" icon="" type="1" affixId="40" affixValue="50" normalSkill="" angerSkill="" starfishId="220601,220602,220603,220604,220605,220606,220607,220608,220609,220610" next="207"/>
  <palace id="207" name="Bạch Hải cung thứ 7" icon="" type="1" affixId="35" affixValue="100" normalSkill="" angerSkill="" starfishId="220701,220702,220703,220704,220705,220706,220707,220708,220709,220710" next="208"/>
  <palace id="208" name="Bạch Hải cung thứ 8" icon="" type="1" affixId="37" affixValue="100" normalSkill="" angerSkill="" starfishId="220801,220802,220803,220804,220805,220806,220807,220808,220809,220810" next="209"/>
  <palace id="209" name="Bạch Hải cung thứ 9" icon="" type="1" affixId="39" affixValue="100" normalSkill="" angerSkill="" starfishId="220901,220902,220903,220904,220905,220906,220907,220908,220909,220910" next="210"/>
  <palace id="210" name="Bạch Hải cung thứ 10" icon="" type="3" affixId="" affixValue="" normalSkill="" angerSkill="11001|30000370,11002|30000380,11003|30000390,11004|30000400,11005|30000410,11006|30000420" starfishId="221001,221002,221003,221004,221005,221006,221007,221008,221009,221010" next=""/>
  <palace id="301" name="Thâm Hải cung thứ 1" icon="" type="1" affixId="3" affixValue="120" normalSkill="" angerSkill="" starfishId="330101,330102,330103,330104,330105,330106,330107,330108,330109,330110" next="302"/>
  <palace id="302" name="Thâm Hải cung thứ 2" icon="" type="1" affixId="4" affixValue="120" normalSkill="" angerSkill="" starfishId="330201,330202,330203,330204,330205,330206,330207,330208,330209,330210" next="303"/>
  <palace id="303" name="Thâm Hải cung thứ 3" icon="" type="1" affixId="5" affixValue="120" normalSkill="" angerSkill="" starfishId="330301,330302,330303,330304,330305,330306,330307,330308,330309,330310" next="304"/>
  <palace id="304" name="Thâm Hải cung thứ 4" icon="" type="1" affixId="36" affixValue="50" normalSkill="" angerSkill="" starfishId="330401,330402,330403,330404,330405,330406,330407,330408,330409,330410" next="305"/>
  <palace id="305" name="Thâm Hải cung thứ 5" icon="" type="1" affixId="38" affixValue="50" normalSkill="" angerSkill="" starfishId="330501,330502,330503,330504,330505,330506,330507,330508,330509,330510" next="306"/>
  <palace id="306" name="Thâm Hải cung thứ 6" icon="" type="1" affixId="40" affixValue="50" normalSkill="" angerSkill="" starfishId="330601,330602,330603,330604,330605,330606,330607,330608,330609,330610" next="307"/>
  <palace id="307" name="Thâm Hải cung thứ 7" icon="" type="1" affixId="35" affixValue="100" normalSkill="" angerSkill="" starfishId="330701,330702,330703,330704,330705,330706,330707,330708,330709,330710" next="308"/>
  <palace id="308" name="Thâm Hải cung thứ 8" icon="" type="1" affixId="37" affixValue="100" normalSkill="" angerSkill="" starfishId="330801,330802,330803,330804,330805,330806,330807,330808,330809,330810" next="309"/>
  <palace id="309" name="Thâm Hải cung thứ 9" icon="" type="1" affixId="39" affixValue="100" normalSkill="" angerSkill="" starfishId="330901,330902,330903,330904,330905,330906,330907,330908,330909,330910" next="310"/>
  <palace id="310" name="Thâm Hải cung thứ 10" icon="" type="2" affixId="" affixValue="" normalSkill="11001|30000430,11002|30000440,11003|30000450,11004|30000460,11005|30000470,11006|30000480" angerSkill="" starfishId="331001,331002,331003,331004,331005,331006,331007,331008,331009,331010" next=""/>
  <palace id="401" name="Tinh Hải cung thứ 1" icon="" type="1" affixId="3" affixValue="120" normalSkill="" angerSkill="" starfishId="440101,440102,440103,440104,440105,440106,440107,440108,440109,440110" next="402"/>
  <palace id="402" name="Tinh Hải cung thứ 2" icon="" type="1" affixId="4" affixValue="120" normalSkill="" angerSkill="" starfishId="440201,440202,440203,440204,440205,440206,440207,440208,440209,440210" next="403"/>
  <palace id="403" name="Tinh Hải cung thứ 3" icon="" type="1" affixId="5" affixValue="120" normalSkill="" angerSkill="" starfishId="440301,440302,440303,440304,440305,440306,440307,440308,440309,440310" next="404"/>
  <palace id="404" name="Tinh Hải cung thứ 4" icon="" type="1" affixId="36" affixValue="50" normalSkill="" angerSkill="" starfishId="440401,440402,440403,440404,440405,440406,440407,440408,440409,440410" next="405"/>
  <palace id="405" name="Tinh Hải cung thứ 5" icon="" type="1" affixId="38" affixValue="50" normalSkill="" angerSkill="" starfishId="440501,440502,440503,440504,440505,440506,440507,440508,440509,440510" next="406"/>
  <palace id="406" name="Tinh Hải cung thứ 6" icon="" type="1" affixId="40" affixValue="50" normalSkill="" angerSkill="" starfishId="440601,440602,440603,440604,440605,440606,440607,440608,440609,440610" next="407"/>
  <palace id="407" name="Tinh Hải cung thứ 7" icon="" type="1" affixId="35" affixValue="100" normalSkill="" angerSkill="" starfishId="440701,440702,440703,440704,440705,440706,440707,440708,440709,440710" next="408"/>
  <palace id="408" name="Tinh Hải cung thứ 8" icon="" type="1" affixId="37" affixValue="100" normalSkill="" angerSkill="" starfishId="440801,440802,440803,440804,440805,440806,440807,440808,440809,440810" next="409"/>
  <palace id="409" name="Tinh Hải cung thứ 9" icon="" type="1" affixId="39" affixValue="100" normalSkill="" angerSkill="" starfishId="440901,440902,440903,440904,440905,440906,440907,440908,440909,440910" next="410"/>
  <palace id="410" name="Tinh Hải cung thứ 10" icon="" type="3" affixId="" affixValue="" normalSkill="" angerSkill="11001|30000490,11002|30000500,11003|30000510,11004|30000520,11005|30000530,11006|30000540" starfishId="441001,441002,441003,441004,441005,441006,441007,441008,441009,441010" next=""/>
  <palace id="501" name="Tùng Tinh cung thứ 1" icon="" type="1" affixId="3" affixValue="120" normalSkill="" angerSkill="" starfishId="550101,550102,550103,550104,550105,550106,550107,550108,550109,550110" next="502"/>
  <palace id="502" name="Tùng Tinh cung thứ 2" icon="" type="1" affixId="4" affixValue="120" normalSkill="" angerSkill="" starfishId="550201,550202,550203,550204,550205,550206,550207,550208,550209,550210" next="503"/>
  <palace id="503" name="Tùng Tinh cung thứ 3" icon="" type="1" affixId="5" affixValue="120" normalSkill="" angerSkill="" starfishId="550301,550302,550303,550304,550305,550306,550307,550308,550309,550310" next="504"/>
  <palace id="504" name="Tùng Tinh cung thứ 4" icon="" type="1" affixId="36" affixValue="50" normalSkill="" angerSkill="" starfishId="550401,550402,550403,550404,550405,550406,550407,550408,550409,550410" next="505"/>
  <palace id="505" name="Tùng Tinh cung thứ 5" icon="" type="1" affixId="38" affixValue="50" normalSkill="" angerSkill="" starfishId="550501,550502,550503,550504,550505,550506,550507,550508,550509,550510" next="506"/>
  <palace id="506" name="Tùng Tinh cung thứ 6" icon="" type="1" affixId="40" affixValue="50" normalSkill="" angerSkill="" starfishId="550601,550602,550603,550604,550605,550606,550607,550608,550609,550610" next="507"/>
  <palace id="507" name="Tùng Tinh cung thứ 7" icon="" type="1" affixId="35" affixValue="100" normalSkill="" angerSkill="" starfishId="550701,550702,550703,550704,550705,550706,550707,550708,550709,550710" next="508"/>
  <palace id="508" name="Tùng Tinh cung thứ 8" icon="" type="1" affixId="37" affixValue="100" normalSkill="" angerSkill="" starfishId="550801,550802,550803,550804,550805,550806,550807,550808,550809,550810" next="509"/>
  <palace id="509" name="Tùng Tinh cung thứ 9" icon="" type="1" affixId="39" affixValue="100" normalSkill="" angerSkill="" starfishId="550901,550902,550903,550904,550905,550906,550907,550908,550909,550910" next="510"/>
  <palace id="510" name="Tùng Tinh cung thứ 10" icon="" type="2" affixId="" affixValue="" normalSkill="11001|30000550,11002|30000560,11003|30000570,11004|30000580,11005|30000590,11006|30000600" angerSkill="" starfishId="551001,551002,551003,551004,551005,551006,551007,551008,551009,551010" next=""/>
  <palace id="601" name="Vân Tinh cung thứ 1" icon="" type="1" affixId="3" affixValue="120" normalSkill="" angerSkill="" starfishId="660101,660102,660103,660104,660105,660106,660107,660108,660109,660110" next="602"/>
  <palace id="602" name="Vân Tinh cung thứ 2" icon="" type="1" affixId="4" affixValue="120" normalSkill="" angerSkill="" starfishId="660201,660202,660203,660204,660205,660206,660207,660208,660209,660210" next="603"/>
  <palace id="603" name="Vân Tinh cung thứ 3" icon="" type="1" affixId="5" affixValue="120" normalSkill="" angerSkill="" starfishId="660301,660302,660303,660304,660305,660306,660307,660308,660309,660310" next="604"/>
  <palace id="604" name="Vân Tinh cung thứ 4" icon="" type="1" affixId="36" affixValue="50" normalSkill="" angerSkill="" starfishId="660401,660402,660403,660404,660405,660406,660407,660408,660409,660410" next="605"/>
  <palace id="605" name="Vân Tinh cung thứ 5" icon="" type="1" affixId="38" affixValue="50" normalSkill="" angerSkill="" starfishId="660501,660502,660503,660504,660505,660506,660507,660508,660509,660510" next="606"/>
  <palace id="606" name="Vân Tinh cung thứ 6" icon="" type="1" affixId="40" affixValue="50" normalSkill="" angerSkill="" starfishId="660601,660602,660603,660604,660605,660606,660607,660608,660609,660610" next="607"/>
  <palace id="607" name="Vân Tinh cung thứ 7" icon="" type="1" affixId="35" affixValue="100" normalSkill="" angerSkill="" starfishId="660701,660702,660703,660704,660705,660706,660707,660708,660709,660710" next="608"/>
  <palace id="608" name="Vân Tinh cung thứ 8" icon="" type="1" affixId="37" affixValue="100" normalSkill="" angerSkill="" starfishId="660801,660802,660803,660804,660805,660806,660807,660808,660809,660810" next="609"/>
  <palace id="609" name="Vân Tinh cung thứ 9" icon="" type="1" affixId="39" affixValue="100" normalSkill="" angerSkill="" starfishId="660901,660902,660903,660904,660905,660906,660907,660908,660909,660910" next="610"/>
  <palace id="610" name="Vân Tinh cung thứ 10" icon="" type="3" affixId="" affixValue="" normalSkill="" angerSkill="11001|30000610,11002|30000620,11003|30000630,11004|30000640,11005|30000650,11006|30000660" starfishId="661001,661002,661003,661004,661005,661006,661007,661008,661009,661010" next=""/>
  <palace id="701" name="Hải Hoàng cung thứ 1" icon="" type="1" affixId="3" affixValue="120" normalSkill="" angerSkill="" starfishId="770101,770102,770103,770104,770105,770106,770107,770108,770109,770110" next="702"/>
  <palace id="702" name="Hải Hoàng cung thứ 2" icon="" type="1" affixId="4" affixValue="120" normalSkill="" angerSkill="" starfishId="770201,770202,770203,770204,770205,770206,770207,770208,770209,770210" next="703"/>
  <palace id="703" name="Hải Hoàng cung thứ 3" icon="" type="1" affixId="5" affixValue="120" normalSkill="" angerSkill="" starfishId="770301,770302,770303,770304,770305,770306,770307,770308,770309,770310" next="704"/>
  <palace id="704" name="Hải Hoàng cung thứ 4" icon="" type="1" affixId="36" affixValue="50" normalSkill="" angerSkill="" starfishId="770401,770402,770403,770404,770405,770406,770407,770408,770409,770410" next="705"/>
  <palace id="705" name="Hải Hoàng cung thứ 5" icon="" type="1" affixId="38" affixValue="50" normalSkill="" angerSkill="" starfishId="770501,770502,770503,770504,770505,770506,770507,770508,770509,770510" next="706"/>
  <palace id="706" name="Hải Hoàng cung thứ 6" icon="" type="1" affixId="40" affixValue="50" normalSkill="" angerSkill="" starfishId="770601,770602,770603,770604,770605,770606,770607,770608,770609,770610" next="707"/>
  <palace id="707" name="Hải Hoàng cung thứ 7" icon="" type="1" affixId="35" affixValue="100" normalSkill="" angerSkill="" starfishId="770701,770702,770703,770704,770705,770706,770707,770708,770709,770710" next="708"/>
  <palace id="708" name="Hải Hoàng cung thứ 8" icon="" type="1" affixId="37" affixValue="100" normalSkill="" angerSkill="" starfishId="770801,770802,770803,770804,770805,770806,770807,770808,770809,770810" next="709"/>
  <palace id="709" name="Hải Hoàng cung thứ 9" icon="" type="1" affixId="39" affixValue="100" normalSkill="" angerSkill="" starfishId="770901,770902,770903,770904,770905,770906,770907,770908,770909,770910" next="710"/>
  <palace id="710" name="Hải Hoàng cung thứ 10" icon="" type="2" affixId="" affixValue="" normalSkill="11001|30000670,11002|30000680,11003|30000690,11004|30000700,11005|30000710,11006|30000720" angerSkill="" starfishId="771001,771002,771003,771004,771005,771006,771007,771008,771009,771010" next=""/>
  <palace id="801" name="Long Vương cung thứ 1" icon="" type="1" affixId="3" affixValue="120" normalSkill="" angerSkill="" starfishId="880101,880102,880103,880104,880105,880106,880107,880108,880109,880110" next="802"/>
  <palace id="802" name="Long Vương cung thứ 2" icon="" type="1" affixId="4" affixValue="120" normalSkill="" angerSkill="" starfishId="880201,880202,880203,880204,880205,880206,880207,880208,880209,880210" next="803"/>
  <palace id="803" name="Long Vương cung thứ 3" icon="" type="1" affixId="5" affixValue="120" normalSkill="" angerSkill="" starfishId="880301,880302,880303,880304,880305,880306,880307,880308,880309,880310" next="804"/>
  <palace id="804" name="Long Vương cung thứ 4" icon="" type="1" affixId="36" affixValue="50" normalSkill="" angerSkill="" starfishId="880401,880402,880403,880404,880405,880406,880407,880408,880409,880410" next="805"/>
  <palace id="805" name="Long Vương cung thứ 5" icon="" type="1" affixId="38" affixValue="50" normalSkill="" angerSkill="" starfishId="880501,880502,880503,880504,880505,880506,880507,880508,880509,880510" next="806"/>
  <palace id="806" name="Long Vương cung thứ 6" icon="" type="1" affixId="40" affixValue="50" normalSkill="" angerSkill="" starfishId="880601,880602,880603,880604,880605,880606,880607,880608,880609,880610" next="807"/>
  <palace id="807" name="Long Vương cung thứ 7" icon="" type="1" affixId="35" affixValue="100" normalSkill="" angerSkill="" starfishId="880701,880702,880703,880704,880705,880706,880707,880708,880709,880710" next="808"/>
  <palace id="808" name="Long Vương cung thứ 8" icon="" type="1" affixId="37" affixValue="100" normalSkill="" angerSkill="" starfishId="880801,880802,880803,880804,880805,880806,880807,880808,880809,880810" next="809"/>
  <palace id="809" name="Long Vương cung thứ 9" icon="" type="1" affixId="39" affixValue="100" normalSkill="" angerSkill="" starfishId="880901,880902,880903,880904,880905,880906,880907,880908,880909,880910" next="810"/>
  <palace id="810" name="Long Vương cung thứ 10" icon="" type="3" affixId="" affixValue="" normalSkill="" angerSkill="11001|30000730,11002|30000740,11003|30000750,11004|30000760,11005|30000770,11006|30000780" starfishId="881001,881002,881003,881004,881005,881006,881007,881008,881009,881010" next=""/>
  <palace id="901" name="Hải Thần cung thứ 1" icon="" type="1" affixId="3" affixValue="120" normalSkill="" angerSkill="" starfishId="990101,990102,990103,990104,990105,990106,990107,990108,990109,990110" next="902"/>
  <palace id="902" name="Hải Thần cung thứ 2" icon="" type="1" affixId="4" affixValue="120" normalSkill="" angerSkill="" starfishId="990201,990202,990203,990204,990205,990206,990207,990208,990209,990210" next="903"/>
  <palace id="903" name="Hải Thần cung thứ 3" icon="" type="1" affixId="5" affixValue="120" normalSkill="" angerSkill="" starfishId="990301,990302,990303,990304,990305,990306,990307,990308,990309,990310" next="904"/>
  <palace id="904" name="Hải Thần cung thứ 4" icon="" type="1" affixId="36" affixValue="50" normalSkill="" angerSkill="" starfishId="990401,990402,990403,990404,990405,990406,990407,990408,990409,990410" next="905"/>
  <palace id="905" name="Hải Thần cung thứ 5" icon="" type="1" affixId="38" affixValue="50" normalSkill="" angerSkill="" starfishId="990501,990502,990503,990504,990505,990506,990507,990508,990509,990510" next="906"/>
  <palace id="906" name="Hải Thần cung thứ 6" icon="" type="1" affixId="40" affixValue="50" normalSkill="" angerSkill="" starfishId="990601,990602,990603,990604,990605,990606,990607,990608,990609,990610" next="907"/>
  <palace id="907" name="Hải Thần cung thứ 7" icon="" type="1" affixId="35" affixValue="100" normalSkill="" angerSkill="" starfishId="990701,990702,990703,990704,990705,990706,990707,990708,990709,990710" next="908"/>
  <palace id="908" name="Hải Thần cung thứ 8" icon="" type="1" affixId="37" affixValue="100" normalSkill="" angerSkill="" starfishId="990801,990802,990803,990804,990805,990806,990807,990808,990809,990810" next="909"/>
  <palace id="909" name="Hải Thần cung thứ 9" icon="" type="1" affixId="39" affixValue="100" normalSkill="" angerSkill="" starfishId="990901,990902,990903,990904,990905,990906,990907,990908,990909,990910" next="910"/>
  <palace id="910" name="Hải Thần cung thứ 10" icon="" type="2" affixId="" affixValue="" normalSkill="11001|30000790,11002|30000800,11003|30000810,11004|30000820,11005|30000830,11006|30000840" angerSkill="" starfishId="991001,991002,991003,991004,991005,991006,991007,991008,991009,991010" next=""/>
  <palace id="1001" name="Bát Chỉ cung thứ 1" icon="" type="1" affixId="3" affixValue="120" normalSkill="" angerSkill="" starfishId="1100101,1100102,1100103,1100104,1100105,1100106,1100107,1100108,1100109,1100110" next="1002"/>
  <palace id="1002" name="Bát Chỉ cung thứ 2" icon="" type="1" affixId="4" affixValue="120" normalSkill="" angerSkill="" starfishId="1100201,1100202,1100203,1100204,1100205,1100206,1100207,1100208,1100209,1100210" next="1003"/>
  <palace id="1003" name="Bát Chỉ cung thứ 3" icon="" type="1" affixId="5" affixValue="120" normalSkill="" angerSkill="" starfishId="1100301,1100302,1100303,1100304,1100305,1100306,1100307,1100308,1100309,1100310" next="1004"/>
  <palace id="1004" name="Bát Chỉ cung thứ 4" icon="" type="1" affixId="36" affixValue="50" normalSkill="" angerSkill="" starfishId="1100401,1100402,1100403,1100404,1100405,1100406,1100407,1100408,1100409,1100410" next="1005"/>
  <palace id="1005" name="Bát Chỉ cung thứ 5" icon="" type="1" affixId="38" affixValue="50" normalSkill="" angerSkill="" starfishId="1100501,1100502,1100503,1100504,1100505,1100506,1100507,1100508,1100509,1100510" next="1006"/>
  <palace id="1006" name="Bát Chỉ cung thứ 6" icon="" type="1" affixId="40" affixValue="50" normalSkill="" angerSkill="" starfishId="1100601,1100602,1100603,1100604,1100605,1100606,1100607,1100608,1100609,1100610" next="1007"/>
  <palace id="1007" name="Bát Chỉ cung thứ 7" icon="" type="1" affixId="35" affixValue="100" normalSkill="" angerSkill="" starfishId="1100701,1100702,1100703,1100704,1100705,1100706,1100707,1100708,1100709,1100710" next="1008"/>
  <palace id="1008" name="Bát Chỉ cung thứ 8" icon="" type="1" affixId="37" affixValue="100" normalSkill="" angerSkill="" starfishId="1100801,1100802,1100803,1100804,1100805,1100806,1100807,1100808,1100809,1100810" next="1009"/>
  <palace id="1009" name="Bát Chỉ cung thứ 9" icon="" type="1" affixId="39" affixValue="100" normalSkill="" angerSkill="" starfishId="1100901,1100902,1100903,1100904,1100905,1100906,1100907,1100908,1100909,1100910" next="1010"/>
  <palace id="1010" name="Bát Chỉ cung thứ 10" icon="" type="3" affixId="" affixValue="" normalSkill="" angerSkill="11001|30000850,11002|30000860,11003|30000870,11004|30000880,11005|30000890,11006|30000900" starfishId="1101001,1101002,1101003,1101004,1101005,1101006,1101007,1101008,1101009,1101010" next=""/>
  <palace id="1101" name="Yubashiri cung thứ 1" icon="" type="1" affixId="3" affixValue="120" normalSkill="" angerSkill="" starfishId="1210101,1210102,1210103,1210104,1210105,1210106,1210107,1210108,1210109,1210110" next="1102"/>
  <palace id="1102" name="Yubashiri cung thứ 2" icon="" type="1" affixId="4" affixValue="120" normalSkill="" angerSkill="" starfishId="1210201,1210202,1210203,1210204,1210205,1210206,1210207,1210208,1210209,1210210" next="1103"/>
  <palace id="1103" name="Yubashiri cung thứ 3" icon="" type="1" affixId="5" affixValue="120" normalSkill="" angerSkill="" starfishId="1210301,1210302,1210303,1210304,1210305,1210306,1210307,1210308,1210309,1210310" next="1104"/>
  <palace id="1104" name="Yubashiri cung thứ 4" icon="" type="1" affixId="36" affixValue="50" normalSkill="" angerSkill="" starfishId="1210401,1210402,1210403,1210404,1210405,1210406,1210407,1210408,1210409,1210410" next="1105"/>
  <palace id="1105" name="Yubashiri cung thứ 5" icon="" type="1" affixId="38" affixValue="50" normalSkill="" angerSkill="" starfishId="1210501,1210502,1210503,1210504,1210505,1210506,1210507,1210508,1210509,1210510" next="1106"/>
  <palace id="1106" name="Yubashiri cung thứ 6" icon="" type="1" affixId="40" affixValue="50" normalSkill="" angerSkill="" starfishId="1210601,1210602,1210603,1210604,1210605,1210606,1210607,1210608,1210609,1210610" next="1107"/>
  <palace id="1107" name="Yubashiri cung thứ 7" icon="" type="1" affixId="35" affixValue="100" normalSkill="" angerSkill="" starfishId="1210701,1210702,1210703,1210704,1210705,1210706,1210707,1210708,1210709,1210710" next="1108"/>
  <palace id="1108" name="Yubashiri cung thứ 8" icon="" type="1" affixId="37" affixValue="100" normalSkill="" angerSkill="" starfishId="1210801,1210802,1210803,1210804,1210805,1210806,1210807,1210808,1210809,1210810" next="1109"/>
  <palace id="1109" name="Yubashiri cung thứ 9" icon="" type="1" affixId="39" affixValue="100" normalSkill="" angerSkill="" starfishId="1210901,1210902,1210903,1210904,1210905,1210906,1210907,1210908,1210909,1210910" next="1110"/>
  <palace id="1110" name="Yubashiri cung thứ 10" icon="" type="2" affixId="" affixValue="" normalSkill="11001|20007928,11002|20007938,11003|20007948,11004|20007951,11005|20007961,11006|20007971" angerSkill="" starfishId="1211001,1211002,1211003,1211004,1211005,1211006,1211007,1211008,1211009,1211010" next=""/>
  <palace id="1201" name="Kitetsu cung thứ 1" icon="" type="1" affixId="3" affixValue="120" normalSkill="" angerSkill="" starfishId="1320101,1320102,1320103,1320104,1320105,1320106,1320107,1320108,1320109,1320110" next="1202"/>
  <palace id="1202" name="Kitetsu cung thứ 2" icon="" type="1" affixId="4" affixValue="120" normalSkill="" angerSkill="" starfishId="1320201,1320202,1320203,1320204,1320205,1320206,1320207,1320208,1320209,1320210" next="1203"/>
  <palace id="1203" name="Kitetsu cung thứ 3" icon="" type="1" affixId="5" affixValue="120" normalSkill="" angerSkill="" starfishId="1320301,1320302,1320303,1320304,1320305,1320306,1320307,1320308,1320309,1320310" next="1204"/>
  <palace id="1204" name="Kitetsu cung thứ 4" icon="" type="1" affixId="36" affixValue="50" normalSkill="" angerSkill="" starfishId="1320401,1320402,1320403,1320404,1320405,1320406,1320407,1320408,1320409,1320410" next="1205"/>
  <palace id="1205" name="Kitetsu cung thứ 5" icon="" type="1" affixId="38" affixValue="50" normalSkill="" angerSkill="" starfishId="1320501,1320502,1320503,1320504,1320505,1320506,1320507,1320508,1320509,1320510" next="1206"/>
  <palace id="1206" name="Kitetsu cung thứ 6" icon="" type="1" affixId="40" affixValue="50" normalSkill="" angerSkill="" starfishId="1320601,1320602,1320603,1320604,1320605,1320606,1320607,1320608,1320609,1320610" next="1207"/>
  <palace id="1207" name="Kitetsu cung thứ 7" icon="" type="1" affixId="35" affixValue="100" normalSkill="" angerSkill="" starfishId="1320701,1320702,1320703,1320704,1320705,1320706,1320707,1320708,1320709,1320710" next="1208"/>
  <palace id="1208" name="Kitetsu cung thứ 8" icon="" type="1" affixId="37" affixValue="100" normalSkill="" angerSkill="" starfishId="1320801,1320802,1320803,1320804,1320805,1320806,1320807,1320808,1320809,1320810" next="1209"/>
  <palace id="1209" name="Kitetsu cung thứ 9" icon="" type="1" affixId="39" affixValue="100" normalSkill="" angerSkill="" starfishId="1320901,1320902,1320903,1320904,1320905,1320906,1320907,1320908,1320909,1320910" next="1210"/>
  <palace id="1210" name="Kitetsu cung thứ 10" icon="" type="3" affixId="" affixValue="" normalSkill="" angerSkill="11001|20007981,11002|20007984,11003|20007994,11004|20008004,11005|20008014,11006|20008017" starfishId="1321001,1321002,1321003,1321004,1321005,1321006,1321007,1321008,1321009,1321010" next=""/>
  <palace id="1301" name="Shigure cung thứ 1" icon="" type="1" affixId="3" affixValue="120" normalSkill="" angerSkill="" starfishId="1430101,1430102,1430103,1430104,1430105,1430106,1430107,1430108,1430109,1430110" next="1302"/>
  <palace id="1302" name="Shigure cung thứ 2" icon="" type="1" affixId="4" affixValue="120" normalSkill="" angerSkill="" starfishId="1430201,1430202,1430203,1430204,1430205,1430206,1430207,1430208,1430209,1430210" next="1303"/>
  <palace id="1303" name="Shigure cung thứ 3" icon="" type="1" affixId="5" affixValue="120" normalSkill="" angerSkill="" starfishId="1430301,1430302,1430303,1430304,1430305,1430306,1430307,1430308,1430309,1430310" next="1304"/>
  <palace id="1304" name="Shigure cung thứ 4" icon="" type="1" affixId="36" affixValue="50" normalSkill="" angerSkill="" starfishId="1430401,1430402,1430403,1430404,1430405,1430406,1430407,1430408,1430409,1430410" next="1305"/>
  <palace id="1305" name="Shigure cung thứ 5" icon="" type="1" affixId="38" affixValue="50" normalSkill="" angerSkill="" starfishId="1430501,1430502,1430503,1430504,1430505,1430506,1430507,1430508,1430509,1430510" next="1306"/>
  <palace id="1306" name="Shigure cung thứ 6" icon="" type="1" affixId="40" affixValue="50" normalSkill="" angerSkill="" starfishId="1430601,1430602,1430603,1430604,1430605,1430606,1430607,1430608,1430609,1430610" next="1307"/>
  <palace id="1307" name="Shigure cung thứ 7" icon="" type="1" affixId="35" affixValue="100" normalSkill="" angerSkill="" starfishId="1430701,1430702,1430703,1430704,1430705,1430706,1430707,1430708,1430709,1430710" next="1308"/>
  <palace id="1308" name="Shigure cung thứ 8" icon="" type="1" affixId="37" affixValue="100" normalSkill="" angerSkill="" starfishId="1430801,1430802,1430803,1430804,1430805,1430806,1430807,1430808,1430809,1430810" next="1309"/>
  <palace id="1309" name="Shigure cung thứ 9" icon="" type="1" affixId="39" affixValue="100" normalSkill="" angerSkill="" starfishId="1430901,1430902,1430903,1430904,1430905,1430906,1430907,1430908,1430909,1430910" next="1310"/>
  <palace id="1310" name="Shigure cung thứ 10" icon="" type="2" affixId="" affixValue="" normalSkill="11001|20008027,11002|20008037,11003|20008047,11004|20008050,11005|20008060,11006|20008070" angerSkill="" starfishId="1431001,1431002,1431003,1431004,1431005,1431006,1431007,1431008,1431009,1431010" next=""/>
  <palace id="1401" name="Kashu cung thứ 1" icon="" type="1" affixId="3" affixValue="120" normalSkill="" angerSkill="" starfishId="1540101,1540102,1540103,1540104,1540105,1540106,1540107,1540108,1540109,1540110" next="1402"/>
  <palace id="1402" name="Kashu cung thứ 2" icon="" type="1" affixId="4" affixValue="120" normalSkill="" angerSkill="" starfishId="1540201,1540202,1540203,1540204,1540205,1540206,1540207,1540208,1540209,1540210" next="1403"/>
  <palace id="1403" name="Kashu cung thứ 3" icon="" type="1" affixId="5" affixValue="120" normalSkill="" angerSkill="" starfishId="1540301,1540302,1540303,1540304,1540305,1540306,1540307,1540308,1540309,1540310" next="1404"/>
  <palace id="1404" name="Kashu cung thứ 4" icon="" type="1" affixId="36" affixValue="50" normalSkill="" angerSkill="" starfishId="1540401,1540402,1540403,1540404,1540405,1540406,1540407,1540408,1540409,1540410" next="1405"/>
  <palace id="1405" name="Kashu cung thứ 5" icon="" type="1" affixId="38" affixValue="50" normalSkill="" angerSkill="" starfishId="1540501,1540502,1540503,1540504,1540505,1540506,1540507,1540508,1540509,1540510" next="1406"/>
  <palace id="1406" name="Kashu cung thứ 6" icon="" type="1" affixId="40" affixValue="50" normalSkill="" angerSkill="" starfishId="1540601,1540602,1540603,1540604,1540605,1540606,1540607,1540608,1540609,1540610" next="1407"/>
  <palace id="1407" name="Kashu cung thứ 7" icon="" type="1" affixId="35" affixValue="100" normalSkill="" angerSkill="" starfishId="1540701,1540702,1540703,1540704,1540705,1540706,1540707,1540708,1540709,1540710" next="1408"/>
  <palace id="1408" name="Kashu cung thứ 8" icon="" type="1" affixId="37" affixValue="100" normalSkill="" angerSkill="" starfishId="1540801,1540802,1540803,1540804,1540805,1540806,1540807,1540808,1540809,1540810" next="1409"/>
  <palace id="1409" name="Kashu cung thứ 9" icon="" type="1" affixId="39" affixValue="100" normalSkill="" angerSkill="" starfishId="1540901,1540902,1540903,1540904,1540905,1540906,1540907,1540908,1540909,1540910" next="1410"/>
  <palace id="1410" name="Kashu cung thứ 10" icon="" type="3" affixId="" affixValue="" normalSkill="" angerSkill="11001|20008080,11002|20008083,11003|20008093,11004|20008103,11005|20008113,11006|20008123" starfishId="1541001,1541002,1541003,1541004,1541005,1541006,1541007,1541008,1541009,1541010" next=""/>
  <palace id="1501" name="Hòa Đạo cung thứ 1" icon="" type="1" affixId="3" affixValue="120" normalSkill="" angerSkill="" starfishId="1650101,1650102,1650103,1650104,1650105,1650106,1650107,1650108,1650109,1650110" next="1502"/>
  <palace id="1502" name="Hòa Đạo cung thứ 2" icon="" type="1" affixId="4" affixValue="120" normalSkill="" angerSkill="" starfishId="1650201,1650202,1650203,1650204,1650205,1650206,1650207,1650208,1650209,1650210" next="1503"/>
  <palace id="1503" name="Hòa Đạo cung thứ 3" icon="" type="1" affixId="5" affixValue="120" normalSkill="" angerSkill="" starfishId="1650301,1650302,1650303,1650304,1650305,1650306,1650307,1650308,1650309,1650310" next="1504"/>
  <palace id="1504" name="Hòa Đạo cung thứ 4" icon="" type="1" affixId="36" affixValue="50" normalSkill="" angerSkill="" starfishId="1650401,1650402,1650403,1650404,1650405,1650406,1650407,1650408,1650409,1650410" next="1505"/>
  <palace id="1505" name="Hòa Đạo cung thứ 5" icon="" type="1" affixId="38" affixValue="50" normalSkill="" angerSkill="" starfishId="1650501,1650502,1650503,1650504,1650505,1650506,1650507,1650508,1650509,1650510" next="1506"/>
  <palace id="1506" name="Hòa Đạo cung thứ 6" icon="" type="1" affixId="40" affixValue="50" normalSkill="" angerSkill="" starfishId="1650601,1650602,1650603,1650604,1650605,1650606,1650607,1650608,1650609,1650610" next="1507"/>
  <palace id="1507" name="Hòa Đạo cung thứ 7" icon="" type="1" affixId="35" affixValue="100" normalSkill="" angerSkill="" starfishId="1650701,1650702,1650703,1650704,1650705,1650706,1650707,1650708,1650709,1650710" next="1508"/>
  <palace id="1508" name="Hòa Đạo cung thứ 8" icon="" type="1" affixId="37" affixValue="100" normalSkill="" angerSkill="" starfishId="1650801,1650802,1650803,1650804,1650805,1650806,1650807,1650808,1650809,1650810" next="1509"/>
  <palace id="1509" name="Hòa Đạo cung thứ 9" icon="" type="1" affixId="39" affixValue="100" normalSkill="" angerSkill="" starfishId="1650901,1650902,1650903,1650904,1650905,1650906,1650907,1650908,1650909,1650910" next="1510"/>
  <palace id="1510" name="Hòa Đạo cung thứ 10" icon="" type="2" affixId="" affixValue="" normalSkill="11001|20008133,11002|20008143,11003|20008153,11004|20008163,11005|20008173,11006|20008183" angerSkill="" starfishId="1651001,1651002,1651003,1651004,1651005,1651006,1651007,1651008,1651009,1651010" next=""/>
  <palace id="1601" name="Shusui cung thứ 1" icon="" type="1" affixId="3" affixValue="120" normalSkill="" angerSkill="" starfishId="1760101,1760102,1760103,1760104,1760105,1760106,1760107,1760108,1760109,1760110" next="1602"/>
  <palace id="1602" name="Shusui cung thứ 2" icon="" type="1" affixId="4" affixValue="120" normalSkill="" angerSkill="" starfishId="1760201,1760202,1760203,1760204,1760205,1760206,1760207,1760208,1760209,1760210" next="1603"/>
  <palace id="1603" name="Shusui cung thứ 3" icon="" type="1" affixId="5" affixValue="120" normalSkill="" angerSkill="" starfishId="1760301,1760302,1760303,1760304,1760305,1760306,1760307,1760308,1760309,1760310" next="1604"/>
  <palace id="1604" name="Shusui cung thứ 4" icon="" type="1" affixId="36" affixValue="50" normalSkill="" angerSkill="" starfishId="1760401,1760402,1760403,1760404,1760405,1760406,1760407,1760408,1760409,1760410" next="1605"/>
  <palace id="1605" name="Shusui cung thứ 5" icon="" type="1" affixId="38" affixValue="50" normalSkill="" angerSkill="" starfishId="1760501,1760502,1760503,1760504,1760505,1760506,1760507,1760508,1760509,1760510" next="1606"/>
  <palace id="1606" name="Shusui cung thứ 6" icon="" type="1" affixId="40" affixValue="50" normalSkill="" angerSkill="" starfishId="1760601,1760602,1760603,1760604,1760605,1760606,1760607,1760608,1760609,1760610" next="1607"/>
  <palace id="1607" name="Shusui cung thứ 7" icon="" type="1" affixId="35" affixValue="100" normalSkill="" angerSkill="" starfishId="1760701,1760702,1760703,1760704,1760705,1760706,1760707,1760708,1760709,1760710" next="1608"/>
  <palace id="1608" name="Shusui cung thứ 8" icon="" type="1" affixId="37" affixValue="100" normalSkill="" angerSkill="" starfishId="1760801,1760802,1760803,1760804,1760805,1760806,1760807,1760808,1760809,1760810" next="1609"/>
  <palace id="1609" name="Shusui cung thứ 9" icon="" type="1" affixId="39" affixValue="100" normalSkill="" angerSkill="" starfishId="1760901,1760902,1760903,1760904,1760905,1760906,1760907,1760908,1760909,1760910" next="1610"/>
  <palace id="1610" name="Shusui cung thứ 10" icon="" type="3" affixId="" affixValue="" normalSkill="" angerSkill="11001|20008193,11002|20008203,11003|20008213,11004|20008223,11005|20008233,11006|20008243" starfishId="1761001,1761002,1761003,1761004,1761005,1761006,1761007,1761008,1761009,1761010" next=""/>
  <palace id="1701" name="Oto cung thứ 1" icon="" type="1" affixId="3" affixValue="120" normalSkill="" angerSkill="" starfishId="1870101,1870102,1870103,1870104,1870105,1870106,1870107,1870108,1870109,1870110" next="1702"/>
  <palace id="1702" name="Oto cung thứ 2" icon="" type="1" affixId="4" affixValue="120" normalSkill="" angerSkill="" starfishId="1870201,1870202,1870203,1870204,1870205,1870206,1870207,1870208,1870209,1870210" next="1703"/>
  <palace id="1703" name="Oto cung thứ 3" icon="" type="1" affixId="5" affixValue="120" normalSkill="" angerSkill="" starfishId="1870301,1870302,1870303,1870304,1870305,1870306,1870307,1870308,1870309,1870310" next="1704"/>
  <palace id="1704" name="Oto cung thứ 4" icon="" type="1" affixId="36" affixValue="50" normalSkill="" angerSkill="" starfishId="1870401,1870402,1870403,1870404,1870405,1870406,1870407,1870408,1870409,1870410" next="1705"/>
  <palace id="1705" name="Oto cung thứ 5" icon="" type="1" affixId="38" affixValue="50" normalSkill="" angerSkill="" starfishId="1870501,1870502,1870503,1870504,1870505,1870506,1870507,1870508,1870509,1870510" next="1706"/>
  <palace id="1706" name="Oto cung thứ 6" icon="" type="1" affixId="40" affixValue="50" normalSkill="" angerSkill="" starfishId="1870601,1870602,1870603,1870604,1870605,1870606,1870607,1870608,1870609,1870610" next="1707"/>
  <palace id="1707" name="Oto cung thứ 7" icon="" type="1" affixId="35" affixValue="100" normalSkill="" angerSkill="" starfishId="1870701,1870702,1870703,1870704,1870705,1870706,1870707,1870708,1870709,1870710" next="1708"/>
  <palace id="1708" name="Oto cung thứ 8" icon="" type="1" affixId="37" affixValue="100" normalSkill="" angerSkill="" starfishId="1870801,1870802,1870803,1870804,1870805,1870806,1870807,1870808,1870809,1870810" next="1709"/>
  <palace id="1709" name="Oto cung thứ 9" icon="" type="1" affixId="39" affixValue="100" normalSkill="" angerSkill="" starfishId="1870901,1870902,1870903,1870904,1870905,1870906,1870907,1870908,1870909,1870910" next="1710"/>
  <palace id="1710" name="Oto cung thứ 10" icon="" type="2" affixId="" affixValue="" normalSkill="11001|20008253,11002|20008263,11003|20008273,11004|20008283,11005|20008293,11006|20008303" angerSkill="" starfishId="1871001,1871002,1871003,1871004,1871005,1871006,1871007,1871008,1871009,1871010" next=""/>
  <palace id="1801" name="Kogarashi cung thứ 1" icon="" type="1" affixId="3" affixValue="120" normalSkill="" angerSkill="" starfishId="1980101,1980102,1980103,1980104,1980105,1980106,1980107,1980108,1980109,1980110" next="1802"/>
  <palace id="1802" name="Kogarashi cung thứ 2" icon="" type="1" affixId="4" affixValue="120" normalSkill="" angerSkill="" starfishId="1980201,1980202,1980203,1980204,1980205,1980206,1980207,1980208,1980209,1980210" next="1803"/>
  <palace id="1803" name="Kogarashi cung thứ 3" icon="" type="1" affixId="5" affixValue="120" normalSkill="" angerSkill="" starfishId="1980301,1980302,1980303,1980304,1980305,1980306,1980307,1980308,1980309,1980310" next="1804"/>
  <palace id="1804" name="Kogarashi cung thứ 4" icon="" type="1" affixId="36" affixValue="50" normalSkill="" angerSkill="" starfishId="1980401,1980402,1980403,1980404,1980405,1980406,1980407,1980408,1980409,1980410" next="1805"/>
  <palace id="1805" name="Kogarashi cung thứ 5" icon="" type="1" affixId="38" affixValue="50" normalSkill="" angerSkill="" starfishId="1980501,1980502,1980503,1980504,1980505,1980506,1980507,1980508,1980509,1980510" next="1806"/>
  <palace id="1806" name="Kogarashi cung thứ 6" icon="" type="1" affixId="40" affixValue="50" normalSkill="" angerSkill="" starfishId="1980601,1980602,1980603,1980604,1980605,1980606,1980607,1980608,1980609,1980610" next="1807"/>
  <palace id="1807" name="Kogarashi cung thứ 7" icon="" type="1" affixId="35" affixValue="100" normalSkill="" angerSkill="" starfishId="1980701,1980702,1980703,1980704,1980705,1980706,1980707,1980708,1980709,1980710" next="1808"/>
  <palace id="1808" name="Kogarashi cung thứ 8" icon="" type="1" affixId="37" affixValue="100" normalSkill="" angerSkill="" starfishId="1980801,1980802,1980803,1980804,1980805,1980806,1980807,1980808,1980809,1980810" next="1809"/>
  <palace id="1809" name="Kogarashi cung thứ 9" icon="" type="1" affixId="39" affixValue="100" normalSkill="" angerSkill="" starfishId="1980901,1980902,1980903,1980904,1980905,1980906,1980907,1980908,1980909,1980910" next="1810"/>
  <palace id="1810" name="Kogarashi cung thứ 10" icon="" type="3" affixId="" affixValue="" normalSkill="" angerSkill="11001|20008313,11002|20008323,11003|20008333,11004|20008343,11005|20008353,11006|20008363" starfishId="1981001,1981002,1981003,1981004,1981005,1981006,1981007,1981008,1981009,1981010" next=""/>
  <palace id="1901" name="Thất Tinh cung thứ 1" icon="" type="1" affixId="3" affixValue="120" normalSkill="" angerSkill="" starfishId="2090101,2090102,2090103,2090104,2090105,2090106,2090107,2090108,2090109,2090110" next="1902"/>
  <palace id="1902" name="Thất Tinh cung thứ 2" icon="" type="1" affixId="4" affixValue="120" normalSkill="" angerSkill="" starfishId="2090201,2090202,2090203,2090204,2090205,2090206,2090207,2090208,2090209,2090210" next="1903"/>
  <palace id="1903" name="Thất Tinh cung thứ 3" icon="" type="1" affixId="5" affixValue="120" normalSkill="" angerSkill="" starfishId="2090301,2090302,2090303,2090304,2090305,2090306,2090307,2090308,2090309,2090310" next="1904"/>
  <palace id="1904" name="Thất Tinh cung thứ 4" icon="" type="1" affixId="36" affixValue="50" normalSkill="" angerSkill="" starfishId="2090401,2090402,2090403,2090404,2090405,2090406,2090407,2090408,2090409,2090410" next="1905"/>
  <palace id="1905" name="Thất Tinh cung thứ 5" icon="" type="1" affixId="38" affixValue="50" normalSkill="" angerSkill="" starfishId="2090501,2090502,2090503,2090504,2090505,2090506,2090507,2090508,2090509,2090510" next="1906"/>
  <palace id="1906" name="Thất Tinh cung thứ 6" icon="" type="1" affixId="40" affixValue="50" normalSkill="" angerSkill="" starfishId="2090601,2090602,2090603,2090604,2090605,2090606,2090607,2090608,2090609,2090610" next="1907"/>
  <palace id="1907" name="Thất Tinh cung thứ 7" icon="" type="1" affixId="35" affixValue="100" normalSkill="" angerSkill="" starfishId="2090701,2090702,2090703,2090704,2090705,2090706,2090707,2090708,2090709,2090710" next="1908"/>
  <palace id="1908" name="Thất Tinh cung thứ 8" icon="" type="1" affixId="37" affixValue="100" normalSkill="" angerSkill="" starfishId="2090801,2090802,2090803,2090804,2090805,2090806,2090807,2090808,2090809,2090810" next="1909"/>
  <palace id="1909" name="Thất Tinh cung thứ 9" icon="" type="1" affixId="39" affixValue="100" normalSkill="" angerSkill="" starfishId="2090901,2090902,2090903,2090904,2090905,2090906,2090907,2090908,2090909,2090910" next="1910"/>
  <palace id="1910" name="Thất Tinh cung thứ 10" icon="" type="2" affixId="" affixValue="" normalSkill="11001|20008373,11002|20008383,11003|20008393,11004|20008403,11005|20008413,11006|20008423" angerSkill="" starfishId="2091001,2091002,2091003,2091004,2091005,2091006,2091007,2091008,2091009,2091010" next=""/>
  <palace id="2001" name="Yoru cung thứ 1" icon="" type="1" affixId="3" affixValue="120" normalSkill="" angerSkill="" starfishId="2200101,2200102,2200103,2200104,2200105,2200106,2200107,2200108,2200109,2200110" next="2002"/>
  <palace id="2002" name="Yoru cung thứ 2" icon="" type="1" affixId="4" affixValue="120" normalSkill="" angerSkill="" starfishId="2200201,2200202,2200203,2200204,2200205,2200206,2200207,2200208,2200209,2200210" next="2003"/>
  <palace id="2003" name="Yoru cung thứ 3" icon="" type="1" affixId="5" affixValue="120" normalSkill="" angerSkill="" starfishId="2200301,2200302,2200303,2200304,2200305,2200306,2200307,2200308,2200309,2200310" next="2004"/>
  <palace id="2004" name="Yoru cung thứ 4" icon="" type="1" affixId="36" affixValue="50" normalSkill="" angerSkill="" starfishId="2200401,2200402,2200403,2200404,2200405,2200406,2200407,2200408,2200409,2200410" next="2005"/>
  <palace id="2005" name="Yoru cung thứ 5" icon="" type="1" affixId="38" affixValue="50" normalSkill="" angerSkill="" starfishId="2200501,2200502,2200503,2200504,2200505,2200506,2200507,2200508,2200509,2200510" next="2006"/>
  <palace id="2006" name="Yoru cung thứ 6" icon="" type="1" affixId="40" affixValue="50" normalSkill="" angerSkill="" starfishId="2200601,2200602,2200603,2200604,2200605,2200606,2200607,2200608,2200609,2200610" next="2007"/>
  <palace id="2007" name="Yoru cung thứ 7" icon="" type="1" affixId="35" affixValue="100" normalSkill="" angerSkill="" starfishId="2200701,2200702,2200703,2200704,2200705,2200706,2200707,2200708,2200709,2200710" next="2008"/>
  <palace id="2008" name="Yoru cung thứ 8" icon="" type="1" affixId="37" affixValue="100" normalSkill="" angerSkill="" starfishId="2200801,2200802,2200803,2200804,2200805,2200806,2200807,2200808,2200809,2200810" next="2009"/>
  <palace id="2009" name="Yoru cung thứ 9" icon="" type="1" affixId="39" affixValue="100" normalSkill="" angerSkill="" starfishId="2200901,2200902,2200903,2200904,2200905,2200906,2200907,2200908,2200909,2200910" next="2010"/>
  <palace id="2010" name="Yoru cung thứ 10" icon="" type="3" affixId="" affixValue="" normalSkill="" angerSkill="11001|20008433,11002|20008443,11003|20008453,11004|20008463,11005|20008473,11006|20008483" starfishId="2201001,2201002,2201003,2201004,2201005,2201006,2201007,2201008,2201009,2201010" next=""/>
  <palace id="2101" name="Hatsusora cung thứ 1" icon="" type="1" affixId="3" affixValue="120" normalSkill="" angerSkill="" starfishId="2310101,2310102,2310103,2310104,2310105,2310106,2310107,2310108,2310109,2310110" next="2102"/>
  <palace id="2102" name="Hatsusora cung thứ 2" icon="" type="1" affixId="4" affixValue="120" normalSkill="" angerSkill="" starfishId="2310201,2310202,2310203,2310204,2310205,2310206,2310207,2310208,2310209,2310210" next="2103"/>
  <palace id="2103" name="Hatsusora cung thứ 3" icon="" type="1" affixId="5" affixValue="120" normalSkill="" angerSkill="" starfishId="2310301,2310302,2310303,2310304,2310305,2310306,2310307,2310308,2310309,2310310" next="2104"/>
  <palace id="2104" name="Hatsusora cung thứ 4" icon="" type="1" affixId="36" affixValue="50" normalSkill="" angerSkill="" starfishId="2310401,2310402,2310403,2310404,2310405,2310406,2310407,2310408,2310409,2310410" next="2105"/>
  <palace id="2105" name="Hatsusora cung thứ 5" icon="" type="1" affixId="38" affixValue="50" normalSkill="" angerSkill="" starfishId="2310501,2310502,2310503,2310504,2310505,2310506,2310507,2310508,2310509,2310510" next="2106"/>
  <palace id="2106" name="Hatsusora cung thứ 6" icon="" type="1" affixId="40" affixValue="50" normalSkill="" angerSkill="" starfishId="2310601,2310602,2310603,2310604,2310605,2310606,2310607,2310608,2310609,2310610" next="2107"/>
  <palace id="2107" name="Hatsusora cung thứ 7" icon="" type="1" affixId="35" affixValue="100" normalSkill="" angerSkill="" starfishId="2310701,2310702,2310703,2310704,2310705,2310706,2310707,2310708,2310709,2310710" next="2108"/>
  <palace id="2108" name="Hatsusora cung thứ 8" icon="" type="1" affixId="37" affixValue="100" normalSkill="" angerSkill="" starfishId="2310801,2310802,2310803,2310804,2310805,2310806,2310807,2310808,2310809,2310810" next="2109"/>
  <palace id="2109" name="Hatsusora cung thứ 9" icon="" type="1" affixId="39" affixValue="100" normalSkill="" angerSkill="" starfishId="2310901,2310902,2310903,2310904,2310905,2310906,2310907,2310908,2310909,2310910" next="2110"/>
  <palace id="2110" name="Hatsusora cung thứ 10" icon="" type="2" affixId="" affixValue="" normalSkill="11001|20009507,11002|20009517,11003|20009527,11004|20009537,11005|20009547,11006|20009557" angerSkill="" starfishId="2311001,2311002,2311003,2311004,2311005,2311006,2311007,2311008,2311009,2311010" next=""/>
  <palace id="2201" name="Umemi cung thứ 1" icon="" type="1" affixId="3" affixValue="120" normalSkill="" angerSkill="" starfishId="2420101,2420102,2420103,2420104,2420105,2420106,2420107,2420108,2420109,2420110" next="2202"/>
  <palace id="2202" name="Umemi cung thứ 2" icon="" type="1" affixId="4" affixValue="120" normalSkill="" angerSkill="" starfishId="2420201,2420202,2420203,2420204,2420205,2420206,2420207,2420208,2420209,2420210" next="2203"/>
  <palace id="2203" name="Umemi cung thứ 3" icon="" type="1" affixId="5" affixValue="120" normalSkill="" angerSkill="" starfishId="2420301,2420302,2420303,2420304,2420305,2420306,2420307,2420308,2420309,2420310" next="2204"/>
  <palace id="2204" name="Umemi cung thứ 4" icon="" type="1" affixId="36" affixValue="50" normalSkill="" angerSkill="" starfishId="2420401,2420402,2420403,2420404,2420405,2420406,2420407,2420408,2420409,2420410" next="2205"/>
  <palace id="2205" name="Umemi cung thứ 5" icon="" type="1" affixId="38" affixValue="50" normalSkill="" angerSkill="" starfishId="2420501,2420502,2420503,2420504,2420505,2420506,2420507,2420508,2420509,2420510" next="2206"/>
  <palace id="2206" name="Umemi cung thứ 6" icon="" type="1" affixId="40" affixValue="50" normalSkill="" angerSkill="" starfishId="2420601,2420602,2420603,2420604,2420605,2420606,2420607,2420608,2420609,2420610" next="2207"/>
  <palace id="2207" name="Umemi cung thứ 7" icon="" type="1" affixId="35" affixValue="100" normalSkill="" angerSkill="" starfishId="2420701,2420702,2420703,2420704,2420705,2420706,2420707,2420708,2420709,2420710" next="2208"/>
  <palace id="2208" name="Umemi cung thứ 8" icon="" type="1" affixId="37" affixValue="100" normalSkill="" angerSkill="" starfishId="2420801,2420802,2420803,2420804,2420805,2420806,2420807,2420808,2420809,2420810" next="2209"/>
  <palace id="2209" name="Umemi cung thứ 9" icon="" type="1" affixId="39" affixValue="100" normalSkill="" angerSkill="" starfishId="2420901,2420902,2420903,2420904,2420905,2420906,2420907,2420908,2420909,2420910" next="2210"/>
  <palace id="2210" name="Umemi cung thứ 10" icon="" type="3" affixId="" affixValue="" normalSkill="" angerSkill="11001|20009567,11002|20009577,11003|20009587,11004|20009597,11005|20009607,11006|20009617" starfishId="2421001,2421002,2421003,2421004,2421005,2421006,2421007,2421008,2421009,2421010" next=""/>
  <palace id="2301" name="Yozakura cung thứ 1" icon="" type="1" affixId="3" affixValue="120" normalSkill="" angerSkill="" starfishId="2530101,2530102,2530103,2530104,2530105,2530106,2530107,2530108,2530109,2530110" next="2302"/>
  <palace id="2302" name="Yozakura cung thứ 2" icon="" type="1" affixId="4" affixValue="120" normalSkill="" angerSkill="" starfishId="2530201,2530202,2530203,2530204,2530205,2530206,2530207,2530208,2530209,2530210" next="2303"/>
  <palace id="2303" name="Yozakura cung thứ 3" icon="" type="1" affixId="5" affixValue="120" normalSkill="" angerSkill="" starfishId="2530301,2530302,2530303,2530304,2530305,2530306,2530307,2530308,2530309,2530310" next="2304"/>
  <palace id="2304" name="Yozakura cung thứ 4" icon="" type="1" affixId="36" affixValue="50" normalSkill="" angerSkill="" starfishId="2530401,2530402,2530403,2530404,2530405,2530406,2530407,2530408,2530409,2530410" next="2305"/>
  <palace id="2305" name="Yozakura cung thứ 5" icon="" type="1" affixId="38" affixValue="50" normalSkill="" angerSkill="" starfishId="2530501,2530502,2530503,2530504,2530505,2530506,2530507,2530508,2530509,2530510" next="2306"/>
  <palace id="2306" name="Yozakura cung thứ 6" icon="" type="1" affixId="40" affixValue="50" normalSkill="" angerSkill="" starfishId="2530601,2530602,2530603,2530604,2530605,2530606,2530607,2530608,2530609,2530610" next="2307"/>
  <palace id="2307" name="Yozakura cung thứ 7" icon="" type="1" affixId="35" affixValue="100" normalSkill="" angerSkill="" starfishId="2530701,2530702,2530703,2530704,2530705,2530706,2530707,2530708,2530709,2530710" next="2308"/>
  <palace id="2308" name="Yozakura cung thứ 8" icon="" type="1" affixId="37" affixValue="100" normalSkill="" angerSkill="" starfishId="2530801,2530802,2530803,2530804,2530805,2530806,2530807,2530808,2530809,2530810" next="2309"/>
  <palace id="2309" name="Yozakura cung thứ 9" icon="" type="1" affixId="39" affixValue="100" normalSkill="" angerSkill="" starfishId="2530901,2530902,2530903,2530904,2530905,2530906,2530907,2530908,2530909,2530910" next="2310"/>
  <palace id="2310" name="Yozakura cung thứ 10" icon="" type="2" affixId="" affixValue="" normalSkill="11001|20009627,11002|20009637,11003|20009647,11004|20009657,11005|20009667,11006|20009677" angerSkill="" starfishId="2531001,2531002,2531003,2531004,2531005,2531006,2531007,2531008,2531009,2531010" next=""/>
  <palace id="2401" name="Seiwa cung thứ 1" icon="" type="1" affixId="3" affixValue="120" normalSkill="" angerSkill="" starfishId="2640101,2640102,2640103,2640104,2640105,2640106,2640107,2640108,2640109,2640110" next="2402"/>
  <palace id="2402" name="Seiwa cung thứ 2" icon="" type="1" affixId="4" affixValue="120" normalSkill="" angerSkill="" starfishId="2640201,2640202,2640203,2640204,2640205,2640206,2640207,2640208,2640209,2640210" next="2403"/>
  <palace id="2403" name="Seiwa cung thứ 3" icon="" type="1" affixId="5" affixValue="120" normalSkill="" angerSkill="" starfishId="2640301,2640302,2640303,2640304,2640305,2640306,2640307,2640308,2640309,2640310" next="2404"/>
  <palace id="2404" name="Seiwa cung thứ 4" icon="" type="1" affixId="36" affixValue="50" normalSkill="" angerSkill="" starfishId="2640401,2640402,2640403,2640404,2640405,2640406,2640407,2640408,2640409,2640410" next="2405"/>
  <palace id="2405" name="Seiwa cung thứ 5" icon="" type="1" affixId="38" affixValue="50" normalSkill="" angerSkill="" starfishId="2640501,2640502,2640503,2640504,2640505,2640506,2640507,2640508,2640509,2640510" next="2406"/>
  <palace id="2406" name="Seiwa cung thứ 6" icon="" type="1" affixId="40" affixValue="50" normalSkill="" angerSkill="" starfishId="2640601,2640602,2640603,2640604,2640605,2640606,2640607,2640608,2640609,2640610" next="2407"/>
  <palace id="2407" name="Seiwa cung thứ 7" icon="" type="1" affixId="35" affixValue="100" normalSkill="" angerSkill="" starfishId="2640701,2640702,2640703,2640704,2640705,2640706,2640707,2640708,2640709,2640710" next="2408"/>
  <palace id="2408" name="Seiwa cung thứ 8" icon="" type="1" affixId="37" affixValue="100" normalSkill="" angerSkill="" starfishId="2640801,2640802,2640803,2640804,2640805,2640806,2640807,2640808,2640809,2640810" next="2409"/>
  <palace id="2409" name="Seiwa cung thứ 9" icon="" type="1" affixId="39" affixValue="100" normalSkill="" angerSkill="" starfishId="2640901,2640902,2640903,2640904,2640905,2640906,2640907,2640908,2640909,2640910" next="2410"/>
  <palace id="2410" name="Seiwa cung thứ 10" icon="" type="3" affixId="" affixValue="" normalSkill="" angerSkill="11001|20009687,11002|20009697,11003|20009707,11004|20009717,11005|20009727,11006|20009737" starfishId="2641001,2641002,2641003,2641004,2641005,2641006,2641007,2641008,2641009,2641010" next=""/>
  <palace id="2501" name="Yokuran cung thứ 1" icon="" type="1" affixId="3" affixValue="120" normalSkill="" angerSkill="" starfishId="2750101,2750102,2750103,2750104,2750105,2750106,2750107,2750108,2750109,2750110" next="2502"/>
  <palace id="2502" name="Yokuran cung thứ 2" icon="" type="1" affixId="4" affixValue="120" normalSkill="" angerSkill="" starfishId="2750201,2750202,2750203,2750204,2750205,2750206,2750207,2750208,2750209,2750210" next="2503"/>
  <palace id="2503" name="Yokuran cung thứ 3" icon="" type="1" affixId="5" affixValue="120" normalSkill="" angerSkill="" starfishId="2750301,2750302,2750303,2750304,2750305,2750306,2750307,2750308,2750309,2750310" next="2504"/>
  <palace id="2504" name="Yokuran cung thứ 4" icon="" type="1" affixId="36" affixValue="50" normalSkill="" angerSkill="" starfishId="2750401,2750402,2750403,2750404,2750405,2750406,2750407,2750408,2750409,2750410" next="2505"/>
  <palace id="2505" name="Yokuran cung thứ 5" icon="" type="1" affixId="38" affixValue="50" normalSkill="" angerSkill="" starfishId="2750501,2750502,2750503,2750504,2750505,2750506,2750507,2750508,2750509,2750510" next="2506"/>
  <palace id="2506" name="Yokuran cung thứ 6" icon="" type="1" affixId="40" affixValue="50" normalSkill="" angerSkill="" starfishId="2750601,2750602,2750603,2750604,2750605,2750606,2750607,2750608,2750609,2750610" next="2507"/>
  <palace id="2507" name="Yokuran cung thứ 7" icon="" type="1" affixId="35" affixValue="100" normalSkill="" angerSkill="" starfishId="2750701,2750702,2750703,2750704,2750705,2750706,2750707,2750708,2750709,2750710" next="2508"/>
  <palace id="2508" name="Yokuran cung thứ 8" icon="" type="1" affixId="37" affixValue="100" normalSkill="" angerSkill="" starfishId="2750801,2750802,2750803,2750804,2750805,2750806,2750807,2750808,2750809,2750810" next="2509"/>
  <palace id="2509" name="Yokuran cung thứ 9" icon="" type="1" affixId="39" affixValue="100" normalSkill="" angerSkill="" starfishId="2750901,2750902,2750903,2750904,2750905,2750906,2750907,2750908,2750909,2750910" next="2510"/>
  <palace id="2510" name="Yokuran cung thứ 10" icon="" type="2" affixId="" affixValue="" normalSkill="11001|20009747,11002|20009757,11003|20009767,11004|20009777,11005|20009787,11006|20009797" angerSkill="" starfishId="2751001,2751002,2751003,2751004,2751005,2751006,2751007,2751008,2751009,2751010" next=""/>
  <palace id="2601" name="Semenoha cung thứ 1" icon="" type="1" affixId="3" affixValue="120" normalSkill="" angerSkill="" starfishId="2860101,2860102,2860103,2860104,2860105,2860106,2860107,2860108,2860109,2860110" next="2602"/>
  <palace id="2602" name="Semenoha cung thứ 2" icon="" type="1" affixId="4" affixValue="120" normalSkill="" angerSkill="" starfishId="2860201,2860202,2860203,2860204,2860205,2860206,2860207,2860208,2860209,2860210" next="2603"/>
  <palace id="2603" name="Semenoha cung thứ 3" icon="" type="1" affixId="5" affixValue="120" normalSkill="" angerSkill="" starfishId="2860301,2860302,2860303,2860304,2860305,2860306,2860307,2860308,2860309,2860310" next="2604"/>
  <palace id="2604" name="Semenoha cung thứ 4" icon="" type="1" affixId="36" affixValue="50" normalSkill="" angerSkill="" starfishId="2860401,2860402,2860403,2860404,2860405,2860406,2860407,2860408,2860409,2860410" next="2605"/>
  <palace id="2605" name="Semenoha cung thứ 5" icon="" type="1" affixId="38" affixValue="50" normalSkill="" angerSkill="" starfishId="2860501,2860502,2860503,2860504,2860505,2860506,2860507,2860508,2860509,2860510" next="2606"/>
  <palace id="2606" name="Semenoha cung thứ 6" icon="" type="1" affixId="40" affixValue="50" normalSkill="" angerSkill="" starfishId="2860601,2860602,2860603,2860604,2860605,2860606,2860607,2860608,2860609,2860610" next="2607"/>
  <palace id="2607" name="Semenoha cung thứ 7" icon="" type="1" affixId="35" affixValue="100" normalSkill="" angerSkill="" starfishId="2860701,2860702,2860703,2860704,2860705,2860706,2860707,2860708,2860709,2860710" next="2608"/>
  <palace id="2608" name="Semenoha cung thứ 8" icon="" type="1" affixId="37" affixValue="100" normalSkill="" angerSkill="" starfishId="2860801,2860802,2860803,2860804,2860805,2860806,2860807,2860808,2860809,2860810" next="2609"/>
  <palace id="2609" name="Semenoha cung thứ 9" icon="" type="1" affixId="39" affixValue="100" normalSkill="" angerSkill="" starfishId="2860901,2860902,2860903,2860904,2860905,2860906,2860907,2860908,2860909,2860910" next="2610"/>
  <palace id="2610" name="Semenoha cung thứ 10" icon="" type="3" affixId="" affixValue="" normalSkill="" angerSkill="11001|20009807,11002|20009817,11003|20009827,11004|20009837,11005|20009847,11006|20009857" starfishId="2861001,2861002,2861003,2861004,2861005,2861006,2861007,2861008,2861009,2861010" next=""/>
  <palace id="2701" name="Ryougetsu cung thứ 1" icon="" type="1" affixId="3" affixValue="120" normalSkill="" angerSkill="" starfishId="2970101,2970102,2970103,2970104,2970105,2970106,2970107,2970108,2970109,2970110" next="2702"/>
  <palace id="2702" name="Ryougetsu cung thứ 2" icon="" type="1" affixId="4" affixValue="120" normalSkill="" angerSkill="" starfishId="2970201,2970202,2970203,2970204,2970205,2970206,2970207,2970208,2970209,2970210" next="2703"/>
  <palace id="2703" name="Ryougetsu cung thứ 3" icon="" type="1" affixId="5" affixValue="120" normalSkill="" angerSkill="" starfishId="2970301,2970302,2970303,2970304,2970305,2970306,2970307,2970308,2970309,2970310" next="2704"/>
  <palace id="2704" name="Ryougetsu cung thứ 4" icon="" type="1" affixId="36" affixValue="50" normalSkill="" angerSkill="" starfishId="2970401,2970402,2970403,2970404,2970405,2970406,2970407,2970408,2970409,2970410" next="2705"/>
  <palace id="2705" name="Ryougetsu cung thứ 5" icon="" type="1" affixId="38" affixValue="50" normalSkill="" angerSkill="" starfishId="2970501,2970502,2970503,2970504,2970505,2970506,2970507,2970508,2970509,2970510" next="2706"/>
  <palace id="2706" name="Ryougetsu cung thứ 6" icon="" type="1" affixId="40" affixValue="50" normalSkill="" angerSkill="" starfishId="2970601,2970602,2970603,2970604,2970605,2970606,2970607,2970608,2970609,2970610" next="2707"/>
  <palace id="2707" name="Ryougetsu cung thứ 7" icon="" type="1" affixId="35" affixValue="100" normalSkill="" angerSkill="" starfishId="2970701,2970702,2970703,2970704,2970705,2970706,2970707,2970708,2970709,2970710" next="2708"/>
  <palace id="2708" name="Ryougetsu cung thứ 8" icon="" type="1" affixId="37" affixValue="100" normalSkill="" angerSkill="" starfishId="2970801,2970802,2970803,2970804,2970805,2970806,2970807,2970808,2970809,2970810" next="2709"/>
  <palace id="2709" name="Ryougetsu cung thứ 9" icon="" type="1" affixId="39" affixValue="100" normalSkill="" angerSkill="" starfishId="2970901,2970902,2970903,2970904,2970905,2970906,2970907,2970908,2970909,2970910" next="2710"/>
  <palace id="2710" name="Ryougetsu cung thứ 10" icon="" type="2" affixId="" affixValue="" normalSkill="11001|20009867,11002|20009877,11003|20009887,11004|20009897,11005|20009907,11006|20009917" angerSkill="" starfishId="2971001,2971002,2971003,2971004,2971005,2971006,2971007,2971008,2971009,2971010" next=""/>
  <palace id="2801" name="Tsukimi cung thứ 1" icon="" type="1" affixId="3" affixValue="120" normalSkill="" angerSkill="" starfishId="3080101,3080102,3080103,3080104,3080105,3080106,3080107,3080108,3080109,3080110" next="2802"/>
  <palace id="2802" name="Tsukimi cung thứ 2" icon="" type="1" affixId="4" affixValue="120" normalSkill="" angerSkill="" starfishId="3080201,3080202,3080203,3080204,3080205,3080206,3080207,3080208,3080209,3080210" next="2803"/>
  <palace id="2803" name="Tsukimi cung thứ 3" icon="" type="1" affixId="5" affixValue="120" normalSkill="" angerSkill="" starfishId="3080301,3080302,3080303,3080304,3080305,3080306,3080307,3080308,3080309,3080310" next="2804"/>
  <palace id="2804" name="Tsukimi cung thứ 4" icon="" type="1" affixId="36" affixValue="50" normalSkill="" angerSkill="" starfishId="3080401,3080402,3080403,3080404,3080405,3080406,3080407,3080408,3080409,3080410" next="2805"/>
  <palace id="2805" name="Tsukimi cung thứ 5" icon="" type="1" affixId="38" affixValue="50" normalSkill="" angerSkill="" starfishId="3080501,3080502,3080503,3080504,3080505,3080506,3080507,3080508,3080509,3080510" next="2806"/>
  <palace id="2806" name="Tsukimi cung thứ 6" icon="" type="1" affixId="40" affixValue="50" normalSkill="" angerSkill="" starfishId="3080601,3080602,3080603,3080604,3080605,3080606,3080607,3080608,3080609,3080610" next="2807"/>
  <palace id="2807" name="Tsukimi cung thứ 7" icon="" type="1" affixId="35" affixValue="100" normalSkill="" angerSkill="" starfishId="3080701,3080702,3080703,3080704,3080705,3080706,3080707,3080708,3080709,3080710" next="2808"/>
  <palace id="2808" name="Tsukimi cung thứ 8" icon="" type="1" affixId="37" affixValue="100" normalSkill="" angerSkill="" starfishId="3080801,3080802,3080803,3080804,3080805,3080806,3080807,3080808,3080809,3080810" next="2809"/>
  <palace id="2809" name="Tsukimi cung thứ 9" icon="" type="1" affixId="39" affixValue="100" normalSkill="" angerSkill="" starfishId="3080901,3080902,3080903,3080904,3080905,3080906,3080907,3080908,3080909,3080910" next="2810"/>
  <palace id="2810" name="Tsukimi cung thứ 10" icon="" type="3" affixId="" affixValue="" normalSkill="" angerSkill="11001|20009927,11002|20009937,11003|20009947,11004|20009957,11005|20009967,11006|20009977" starfishId="3081001,3081002,3081003,3081004,3081005,3081006,3081007,3081008,3081009,3081010" next=""/>
  <palace id="2901" name="Chikusui cung thứ 1" icon="" type="1" affixId="3" affixValue="120" normalSkill="" angerSkill="" starfishId="3190101,3190102,3190103,3190104,3190105,3190106,3190107,3190108,3190109,3190110" next="2902"/>
  <palace id="2902" name="Chikusui cung thứ 2" icon="" type="1" affixId="4" affixValue="120" normalSkill="" angerSkill="" starfishId="3190201,3190202,3190203,3190204,3190205,3190206,3190207,3190208,3190209,3190210" next="2903"/>
  <palace id="2903" name="Chikusui cung thứ 3" icon="" type="1" affixId="5" affixValue="120" normalSkill="" angerSkill="" starfishId="3190301,3190302,3190303,3190304,3190305,3190306,3190307,3190308,3190309,3190310" next="2904"/>
  <palace id="2904" name="Chikusui cung thứ 4" icon="" type="1" affixId="36" affixValue="50" normalSkill="" angerSkill="" starfishId="3190401,3190402,3190403,3190404,3190405,3190406,3190407,3190408,3190409,3190410" next="2905"/>
  <palace id="2905" name="Chikusui cung thứ 5" icon="" type="1" affixId="38" affixValue="50" normalSkill="" angerSkill="" starfishId="3190501,3190502,3190503,3190504,3190505,3190506,3190507,3190508,3190509,3190510" next="2906"/>
  <palace id="2906" name="Chikusui cung thứ 6" icon="" type="1" affixId="40" affixValue="50" normalSkill="" angerSkill="" starfishId="3190601,3190602,3190603,3190604,3190605,3190606,3190607,3190608,3190609,3190610" next="2907"/>
  <palace id="2907" name="Chikusui cung thứ 7" icon="" type="1" affixId="35" affixValue="100" normalSkill="" angerSkill="" starfishId="3190701,3190702,3190703,3190704,3190705,3190706,3190707,3190708,3190709,3190710" next="2908"/>
  <palace id="2908" name="Chikusui cung thứ 8" icon="" type="1" affixId="37" affixValue="100" normalSkill="" angerSkill="" starfishId="3190801,3190802,3190803,3190804,3190805,3190806,3190807,3190808,3190809,3190810" next="2909"/>
  <palace id="2909" name="Chikusui cung thứ 9" icon="" type="1" affixId="39" affixValue="100" normalSkill="" angerSkill="" starfishId="3190901,3190902,3190903,3190904,3190905,3190906,3190907,3190908,3190909,3190910" next="2910"/>
  <palace id="2910" name="Chikusui cung thứ 10" icon="" type="2" affixId="" affixValue="" normalSkill="11001|20009987,11002|20009997,11003|20010007,11004|20010017,11005|20010027,11006|20010037" angerSkill="" starfishId="3191001,3191002,3191003,3191004,3191005,3191006,3191007,3191008,3191009,3191010" next=""/>
  <palace id="3001" name="Oborozuki cung thứ 1" icon="" type="1" affixId="3" affixValue="120" normalSkill="" angerSkill="" starfishId="3300101,3300102,3300103,3300104,3300105,3300106,3300107,3300108,3300109,3300110" next="3002"/>
  <palace id="3002" name="Oborozuki cung thứ 2" icon="" type="1" affixId="4" affixValue="120" normalSkill="" angerSkill="" starfishId="3300201,3300202,3300203,3300204,3300205,3300206,3300207,3300208,3300209,3300210" next="3003"/>
  <palace id="3003" name="Oborozuki cung thứ 3" icon="" type="1" affixId="5" affixValue="120" normalSkill="" angerSkill="" starfishId="3300301,3300302,3300303,3300304,3300305,3300306,3300307,3300308,3300309,3300310" next="3004"/>
  <palace id="3004" name="Oborozuki cung thứ 4" icon="" type="1" affixId="36" affixValue="50" normalSkill="" angerSkill="" starfishId="3300401,3300402,3300403,3300404,3300405,3300406,3300407,3300408,3300409,3300410" next="3005"/>
  <palace id="3005" name="Oborozuki cung thứ 5" icon="" type="1" affixId="38" affixValue="50" normalSkill="" angerSkill="" starfishId="3300501,3300502,3300503,3300504,3300505,3300506,3300507,3300508,3300509,3300510" next="3006"/>
  <palace id="3006" name="Oborozuki cung thứ 6" icon="" type="1" affixId="40" affixValue="50" normalSkill="" angerSkill="" starfishId="3300601,3300602,3300603,3300604,3300605,3300606,3300607,3300608,3300609,3300610" next="3007"/>
  <palace id="3007" name="Oborozuki cung thứ 7" icon="" type="1" affixId="35" affixValue="100" normalSkill="" angerSkill="" starfishId="3300701,3300702,3300703,3300704,3300705,3300706,3300707,3300708,3300709,3300710" next="3008"/>
  <palace id="3008" name="Oborozuki cung thứ 8" icon="" type="1" affixId="37" affixValue="100" normalSkill="" angerSkill="" starfishId="3300801,3300802,3300803,3300804,3300805,3300806,3300807,3300808,3300809,3300810" next="3009"/>
  <palace id="3009" name="Oborozuki cung thứ 9" icon="" type="1" affixId="39" affixValue="100" normalSkill="" angerSkill="" starfishId="3300901,3300902,3300903,3300904,3300905,3300906,3300907,3300908,3300909,3300910" next="3010"/>
  <palace id="3010" name="Oborozuki cung thứ 10" icon="" type="3" affixId="" affixValue="" normalSkill="" angerSkill="11001|20010047,11002|20010057,11003|20010067,11004|20010077,11005|20010087,11006|20010097" starfishId="3301001,3301002,3301003,3301004,3301005,3301006,3301007,3301008,3301009,3301010" next=""/>
</root>