﻿<root>
<content title="【巅峰王者跨服战报名】">
a）等级达到70级的玩家可以报名
b）拥有巅峰王者入场券*1的玩家可以报名参加
c）拥有巅峰王者入场券*1和巅峰王者保送券*1的玩家可以报名并直接保送晋级赛
</content>
<content title="【巅峰王者跨服战更新战斗信息】">
a）为了确保游戏服务器巅峰王者之战系统储存的是玩家最想保存的战斗信息数据，玩家每次变更战斗信息后，需要点击“更新战斗信息”来向游戏服务器上传玩家最新战斗信息。巅峰王者之战期间如果玩家战斗信息数据变更，且玩家没有点击“更新战斗信息”，则玩家在“巅峰王者之战“系统保存的战斗信息数据不会变更。
b）巅峰王者之战海选赛开始前2分钟不可更新战斗信息
c）巅峰王者之战海选赛期间不可更新战斗信息
</content>
<content title="【巅峰王者跨服战保送】">
a）巅峰王者跨服战晋级赛总共有128个名额。其中部分选手为直接保送晋级的选手，部分选手需要通过海选赛选出
b）每届比赛，保送晋级赛的选手最多为32人
c）报名结束后，晋级赛剩余的选手席位需要在已经报名的选手中通过海选赛选出。
</content>
<content title="【巅峰王者跨服战海选赛】">
a）随机分配对手，每场1局，每局间隔20分钟。
b）海选比赛时不会再遇到已出局的对手。
c）如果累积失败3场，就将被淘汰出局，直至筛选出晋级赛剩余选手席位个数的选手。
d）参赛选手可以在查看战绩处查看自己的战绩。
</content>
<content title="【巅峰王者跨服战晋级赛】">
a）通过直接保送方式和海选赛方式选出的总共128名选手组成本届比赛晋级赛的128强。
b）通过随机分组的方式，系统自动把所有进入晋级赛的玩家随机分到东南西北四个赛区。
c）晋级赛采取两两对决，5局3胜制比赛，获得3胜的选手晋级，每局间隔30分钟，每轮比赛间隔1天。
d）分赛区采用两两对决的方式最终产生各个赛区的冠军，所有冠军一起组成巅峰王者跨服战总赛区的4强。
e）总赛区采取和晋级赛同样的方式，两两对决，5局3胜制比赛，获得3胜的选手晋级。直至决出巅峰王者跨服战总冠军
f）战斗力高的选手为先手方。
</content>
<content title="【巅峰王者跨服战助威】">
a）巅峰王者晋级赛阶段，所有未进入晋级赛的玩家可以助威比赛。已进入晋级赛的选手不可助威。
b）每名玩家每日有3次助威次数，每轮比赛前10分钟不可助威。同一场比赛不可重复助威。
c）每次助威花费10W贝里，如果被助威的选手成功进入下一轮比赛，则助威该选手的玩家可获得大量贝里。
d）助威成功获得的贝里值和助威双方选手的人数有关，助威人数越少，助威成功获得的贝里值越多。
</content>
<content title="【巅峰王者跨服战全服礼包】">
巅峰王者跨服战总冠军所在服务器所有玩家可得礼包：50000*等级贝里
</content>
<content title="【巅峰王者跨服战名人堂】">
a）巅峰王者跨服战结束后，每名进入晋级赛的选手都会获得一定数量的“巅峰王者勋章”
b）拥有“巅峰王者勋章”的玩家会在比赛结束后进入巅峰王者“名人堂”
c）名人堂会根据每名选手的“巅峰王者勋章”数量进行排名，勋章数量相同的选手，战斗力高的选手排名靠前。
</content>
<content title="【巅峰王者跨服战发奖】">
巅峰王者跨服战最终的排名奖励、每场比赛的助威奖励、每日贡献排行奖励、选手每日人气度排行奖励、选手累计人气度排行奖励将在对应日期的22:00结算，23:00前发放完毕。
</content>
</root>