<root>
  <peak_honor_shop type="1" id="1" item_id="50064|1" cost_num="352" exchange_limit_type="2" exchange_limit_time="1" show_sequence="1"/>
  <peak_honor_shop type="1" id="2" item_id="129230|1" cost_num="40" exchange_limit_type="0" exchange_limit_time="10000" show_sequence="2"/>
  <peak_honor_shop type="1" id="3" item_id="129220|1" cost_num="20" exchange_limit_type="1" exchange_limit_time="2000" show_sequence="3"/>
  <peak_honor_shop type="1" id="4" item_id="129221|1" cost_num="76" exchange_limit_type="1" exchange_limit_time="2000" show_sequence="4"/>
  <peak_honor_shop type="1" id="5" item_id="129222|1" cost_num="180" exchange_limit_type="1" exchange_limit_time="2000" show_sequence="5"/>
  <peak_honor_shop type="1" id="6" item_id="129223|1" cost_num="680" exchange_limit_type="1" exchange_limit_time="2000" show_sequence="6"/>
  <peak_honor_shop type="1" id="7" item_id="129224|1" cost_num="3200" exchange_limit_type="1" exchange_limit_time="2000" show_sequence="7"/>
  <peak_honor_shop type="2" id="1" item_id="129230|1" cost_num="20" exchange_limit_type="0" exchange_limit_time="10000" show_sequence="23"/>
  <peak_honor_shop type="2" id="2" item_id="70725|1" cost_num="2" exchange_limit_type="1" exchange_limit_time="100" show_sequence="21"/>
  <peak_honor_shop type="2" id="3" item_id="70735|1" cost_num="2" exchange_limit_type="1" exchange_limit_time="100" show_sequence="22"/>
  <peak_honor_shop type="2" id="4" item_id="70528|1" cost_num="12" exchange_limit_type="1" exchange_limit_time="100" show_sequence="20"/>
  <peak_honor_shop type="2" id="5" item_id="73007|1" cost_num="1" exchange_limit_type="1" exchange_limit_time="100" show_sequence="19"/>
  <peak_honor_shop type="2" id="6" item_id="50014|1" cost_num="2" exchange_limit_type="1" exchange_limit_time="100" show_sequence="18"/>
  <peak_honor_shop type="2" id="7" item_id="60156|1" cost_num="6" exchange_limit_type="1" exchange_limit_time="100" show_sequence="13"/>
  <peak_honor_shop type="2" id="8" item_id="71017|1" cost_num="5" exchange_limit_type="1" exchange_limit_time="100" show_sequence="14"/>
  <peak_honor_shop type="2" id="9" item_id="71006|1" cost_num="5" exchange_limit_type="1" exchange_limit_time="100" show_sequence="15"/>
  <peak_honor_shop type="2" id="10" item_id="70805|1" cost_num="5" exchange_limit_type="1" exchange_limit_time="100" show_sequence="17"/>
  <peak_honor_shop type="2" id="11" item_id="73006|1" cost_num="18" exchange_limit_type="1" exchange_limit_time="100" show_sequence="16"/>
  <peak_honor_shop type="2" id="12" item_id="120013|1" cost_num="7" exchange_limit_type="1" exchange_limit_time="20" show_sequence="12"/>
  <peak_honor_shop type="2" id="13" item_id="60133|1" cost_num="7" exchange_limit_type="2" exchange_limit_time="10" show_sequence="11"/>
  <peak_honor_shop type="2" id="14" item_id="60134|1" cost_num="15" exchange_limit_type="2" exchange_limit_time="10" show_sequence="10"/>
  <peak_honor_shop type="2" id="15" item_id="60135|1" cost_num="35" exchange_limit_type="2" exchange_limit_time="10" show_sequence="9"/>
  <peak_honor_shop type="2" id="16" item_id="110083|1" cost_num="10000" exchange_limit_type="2" exchange_limit_time="1" show_sequence="1"/>
  <peak_honor_shop type="2" id="17" item_id="75174|1" cost_num="5000" exchange_limit_type="2" exchange_limit_time="1" show_sequence="2"/>
  <peak_honor_shop type="2" id="18" item_id="77103|1" cost_num="6000" exchange_limit_type="2" exchange_limit_time="1" show_sequence="3"/>
  <peak_honor_shop type="2" id="19" item_id="77105|1" cost_num="6000" exchange_limit_type="2" exchange_limit_time="1" show_sequence="5"/>
  <peak_honor_shop type="2" id="20" item_id="77107|1" cost_num="6000" exchange_limit_type="2" exchange_limit_time="1" show_sequence="7"/>
  <peak_honor_shop type="2" id="21" item_id="77104|1" cost_num="4000" exchange_limit_type="2" exchange_limit_time="1" show_sequence="4"/>
  <peak_honor_shop type="2" id="22" item_id="77106|1" cost_num="4000" exchange_limit_type="2" exchange_limit_time="1" show_sequence="6"/>
  <peak_honor_shop type="2" id="23" item_id="77108|1" cost_num="4000" exchange_limit_type="2" exchange_limit_time="1" show_sequence="8"/>
  <peak_honor_shop type="3" id="1" item_id="129230|1" cost_num="40" exchange_limit_type="0" exchange_limit_time="10000" show_sequence="23"/>
  <peak_honor_shop type="3" id="2" item_id="70725|1" cost_num="4" exchange_limit_type="1" exchange_limit_time="100" show_sequence="21"/>
  <peak_honor_shop type="3" id="3" item_id="70735|1" cost_num="4" exchange_limit_type="1" exchange_limit_time="100" show_sequence="22"/>
  <peak_honor_shop type="3" id="4" item_id="70528|1" cost_num="24" exchange_limit_type="1" exchange_limit_time="100" show_sequence="20"/>
  <peak_honor_shop type="3" id="5" item_id="73007|1" cost_num="2" exchange_limit_type="1" exchange_limit_time="100" show_sequence="19"/>
  <peak_honor_shop type="3" id="6" item_id="50014|1" cost_num="4" exchange_limit_type="1" exchange_limit_time="100" show_sequence="18"/>
  <peak_honor_shop type="3" id="7" item_id="60156|1" cost_num="12" exchange_limit_type="1" exchange_limit_time="100" show_sequence="13"/>
  <peak_honor_shop type="3" id="8" item_id="71017|1" cost_num="10" exchange_limit_type="1" exchange_limit_time="100" show_sequence="14"/>
  <peak_honor_shop type="3" id="9" item_id="71006|1" cost_num="10" exchange_limit_type="1" exchange_limit_time="100" show_sequence="15"/>
  <peak_honor_shop type="3" id="10" item_id="70805|1" cost_num="10" exchange_limit_type="1" exchange_limit_time="100" show_sequence="17"/>
  <peak_honor_shop type="3" id="11" item_id="73006|1" cost_num="36" exchange_limit_type="1" exchange_limit_time="100" show_sequence="16"/>
  <peak_honor_shop type="3" id="12" item_id="120013|1" cost_num="14" exchange_limit_type="1" exchange_limit_time="20" show_sequence="12"/>
  <peak_honor_shop type="3" id="13" item_id="60133|1" cost_num="14" exchange_limit_type="2" exchange_limit_time="10" show_sequence="11"/>
  <peak_honor_shop type="3" id="14" item_id="60134|1" cost_num="30" exchange_limit_type="2" exchange_limit_time="10" show_sequence="10"/>
  <peak_honor_shop type="3" id="15" item_id="60135|1" cost_num="70" exchange_limit_type="2" exchange_limit_time="10" show_sequence="9"/>
  <peak_honor_shop type="3" id="16" item_id="110083|1" cost_num="20000" exchange_limit_type="2" exchange_limit_time="1" show_sequence="1"/>
  <peak_honor_shop type="3" id="17" item_id="75174|1" cost_num="10000" exchange_limit_type="2" exchange_limit_time="1" show_sequence="2"/>
  <peak_honor_shop type="3" id="18" item_id="77103|1" cost_num="12000" exchange_limit_type="2" exchange_limit_time="1" show_sequence="3"/>
  <peak_honor_shop type="3" id="19" item_id="77105|1" cost_num="12000" exchange_limit_type="2" exchange_limit_time="1" show_sequence="5"/>
  <peak_honor_shop type="3" id="20" item_id="77107|1" cost_num="12000" exchange_limit_type="2" exchange_limit_time="1" show_sequence="7"/>
  <peak_honor_shop type="3" id="21" item_id="77104|1" cost_num="8000" exchange_limit_type="2" exchange_limit_time="1" show_sequence="4"/>
  <peak_honor_shop type="3" id="22" item_id="77106|1" cost_num="8000" exchange_limit_type="2" exchange_limit_time="1" show_sequence="6"/>
  <peak_honor_shop type="3" id="23" item_id="77108|1" cost_num="8000" exchange_limit_type="2" exchange_limit_time="1" show_sequence="8"/>
</root>