<root>
  <tips text="Lần đầu vào phụ bản thời gian tải sẽ khá lâu, vui lòng chờ…"/>
  <tips text="Chỉ có người đàn ông mạnh nhất mới có thể trở vua hải tặc."/>
  <tips text="Luffy là 1 đứa trẻ, có thể còn nhỏ hơn bạn…"/>
  <tips text="Chopper là 1 con hươu, ăn trái Hito Hito no Mi mới thành người."/>
  <tips text="Chờ tải game rất nhàm chán, nhưng không thể không chờ."/>
  <tips text="Nami rất gợi cảm đúng không…"/>
  <tips text="Zoro từng dùng kiếm gọt táo."/>
  <tips text="Nếu bạn có bất kỳ ý kiến gì hãy liên lạc với GM, ý kiến của bạn sẽ được gửi đến chương trình "/>
  <tips text="Bạn không bao giờ cùng lúc có được 2 nhiệm vụ tuyến chính"/>
  <tips text="Khi nhàm chán có thể xem NV có thể nhận"/>
  <tips text="Thấy quả cầu K.nghiệm đầy bạn rất muốn nhấn vào…"/>
  <tips text="Rèn luyện hàng ngày đều có số lần tăng tốc miến phí, nhớ dùng hết chúng"/>
  <tips text="Chỉ có đội quân từng đánh bại mới được tấn công liên tiếp"/>
  <tips text="Bạn không thể đánh đội quân khác khi đang tấn công liên tiếp 1 đội quân"/>
  <tips text="Tấn công liên tiếp có rất nhiều lợi ích, như không tổn thất sinh mệnh, không thất bại"/>
  <tips text="Cố gắng hoàn thành mục tiêu NV để tích lũy nhanh tích điểm NV"/>
  <tips text="Nếu may mắn, bạn có thể làm mới ra nhiệm vụ hàng ngày phẩm chất cao"/>
  <tips text="Hàng ngày nhớ xem nhiệm vụ hàng ngày trước, rồi hãy chọn làm việc gì trước"/>
  <tips text="Mỗi lần làm mới tàng bảo đồ đều có số lần làm mới C.tích nhất định"/>
  <tips text="Sắp xếp hợp lý số lần làm mới tàng bảo đồ, sẽ có được tàng bảo đồ cấp cao hơn"/>
  <tips text="Khi tầm bảo bị người khác cướp, sẽ không bị mất trang bị"/>
  <tips text="Gió to đến mấy cũng không thổi được tóc mái của Sanji"/>
  <tips text="Robin khi chán cũng tự chơi dây chun"/>
  <tips text="Vũ khí có thể tăng sát thương k.năng [vật lý], nên cường hóa"/>
  <tips text="Nhẫn có thể tăng sát thương k.năng [TC], nên cường hóa"/>
  <tips text="Ma khí có thể tăng sát thương k.năng [Ma khí], nên cường hóa"/>
  <tips text="Thua trong phụ bản không bị trừ lực hành động, nhưng sẽ bị mất sinh mệnh"/>
  <tips text="Hi vọng thức ăn hôm nay là cá voi~"/>
  <tips text="Có thức ăn, ta sẽ có động lực trưởng thành!"/>
  <tips text="Tiến hóa là con đường không có điểm cuối!"/>
  <tips text="Hắt xì hắt xì…"/>
  <tips text="Ta muốn ăn thức ăn hoàng gia mua bằng vàng!"/>
  <tips text="Chủ nhân, đừng bắt tôi đi dọn bồn cầu nữa!"/>
  <tips text="Chạm vào ta, mau!"/>
  <tips text="Sao dạo này cứ thấy ngứa ngáy khó chịu thế"/>
  <tips text="Gãi cho ta, mau!"/>
  <tips text="Chơi với ta, mau!"/>
  <tips text="Đánh ta, mau!"/>
  <tips text="Khen ta, mau!"/>
  <tips text="Cưỡi ta chạy về phía mặt trời lặn nào!"/>
  <tips text="Chủ nhân có vẻ thích nhặt những vật kì quái…"/>
  <tips text="Đừng cứ nhặt thứ gì hình cầu lại ném vào ta được không!"/>
  <tips text="Sân khấu lớn quá, chúng ta đi tầm bảo thôi!"/>
  <tips text="Chà chà, hay đấy~"/>
  <tips text="Chopper vừa chữa cho hắn chết… Chopper vừa chữa cho hắn chết…"/>
  <tips text="Lạnh quá… tìm con cừu bên cạnh đan 1 cái khăn thôi…"/>
  <tips text="Mặt trời, đất xanh, đây mới là cuộc sống của ta…"/>
  <tips text="Muốn có trứng vật nuôi của ta không?"/>
  <tips text="Chủ nhân, chúng ta cùng tầm bảo thôi!"/>
  <tips text="Lúc đó ta bị sốc…"/>
</root>