<root>
  <port portId="1" portName="Cảng cabin trung lập" iconId="" level="1" townId="1" type="101" resGroup="1" attr="" num="" childPort="" outOdds="10000" incomeMinLevel="50" incomeMaxLevel="50"/>
  <port portId="2" portName="Cảng Biển Tây" iconId="" level="1" townId="15" type="1" resGroup="1,2" attr="" num="" childPort="" outOdds="10000" incomeMinLevel="50" incomeMaxLevel="50"/>
  <port portId="3" portName="Cảng Biển Nam" iconId="" level="1" townId="15" type="2" resGroup="1,2" attr="" num="" childPort="" outOdds="10000" incomeMinLevel="50" incomeMaxLevel="50"/>
  <port portId="4" portName="Cảng Biển Bắc" iconId="" level="1" townId="15" type="3" resGroup="1,2" attr="" num="" childPort="" outOdds="10000" incomeMinLevel="50" incomeMaxLevel="50"/>
  <port portId="5" portName="Cảng Làng Cối Xay Gió" iconId="" level="1" townId="15" type="101" resGroup="1,2,3" attr="" num="" childPort="" outOdds="10000" incomeMinLevel="50" incomeMaxLevel="50"/>
  <port portId="6" portName="Cảng Đại Bản Doanh" iconId="" level="1" townId="15" type="103" resGroup="" attr="" num="" childPort="2,3,4" outOdds="" incomeMinLevel="50" incomeMaxLevel="50"/>
  <port portId="7" portName="Cảng Làng Cối Xay Gió [Trung lập]" iconId="2" level="15" townId="2" type="101" resGroup="1,2,3,4,5,6,7" attr="" num="" childPort="" outOdds="10000" incomeMinLevel="50" incomeMaxLevel="50"/>
  <port portId="8" portName="Cảng Syrup [Biển Tây]" iconId="101" level="30" townId="3" type="1" resGroup="101,102,103,104,105,106,107,108,109,110" attr="" num="" childPort="" outOdds="10000" incomeMinLevel="50" incomeMaxLevel="50"/>
  <port portId="9" portName="Cảng Syrup [Biển Nam]" iconId="103" level="30" townId="3" type="2" resGroup="111,112,113,114,115,116,117,118,119,120" attr="" num="" childPort="" outOdds="10000" incomeMinLevel="50" incomeMaxLevel="50"/>
  <port portId="10" portName="Cảng Syrup [Biển Bắc]" iconId="102" level="30" townId="3" type="3" resGroup="121,122,123,124,125,126,127,128,129,130" attr="" num="" childPort="" outOdds="10000" incomeMinLevel="50" incomeMaxLevel="50"/>
  <port portId="11" portName="Cảng Syrup" iconId="2" level="30" townId="3" type="103" resGroup="" attr="" num="" childPort="8,9,10" outOdds="" incomeMinLevel="50" incomeMaxLevel="50"/>
  <port portId="12" portName="Cảng Thị trấn Logue [Biển Tây]" iconId="101" level="40" townId="4" type="1" resGroup="201,202,203,204,205,206,207,208,209,210" attr="" num="" childPort="" outOdds="10000" incomeMinLevel="50" incomeMaxLevel="50"/>
  <port portId="13" portName="Cảng Thị trấn Logue [Biển Nam]" iconId="103" level="40" townId="4" type="2" resGroup="211,212,213,214,215,216,217,218,219,220" attr="" num="" childPort="" outOdds="10000" incomeMinLevel="50" incomeMaxLevel="50"/>
  <port portId="14" portName="Cảng Thị trấn Logue [Biển Bắc]" iconId="102" level="40" townId="4" type="3" resGroup="221,222,223,224,225,226,227,228,229,230" attr="" num="" childPort="" outOdds="10000" incomeMinLevel="50" incomeMaxLevel="50"/>
  <port portId="15" portName="Cảng Thị trấn Logue" iconId="2" level="40" townId="4" type="103" resGroup="" attr="" num="" childPort="12,13,14" outOdds="10000" incomeMinLevel="50" incomeMaxLevel="50"/>
  <port portId="16" portName="Cảng Thị trấn Logue [trung lập]" iconId="4" level="40" townId="4" type="101" resGroup="231,232,233,234,235,236,237,238,239,240" attr="" num="" childPort="" outOdds="10000" incomeMinLevel="50" incomeMaxLevel="50"/>
  <port portId="17" portName="Cảng đảo Drum [Biển Tây]" iconId="101" level="50" townId="5" type="1" resGroup="301,302,303,304,305,306,307,308,309,310" attr="" num="" childPort="" outOdds="10000" incomeMinLevel="50" incomeMaxLevel="50"/>
  <port portId="18" portName="Cảng đảo Drum [Biển Nam]" iconId="103" level="50" townId="5" type="2" resGroup="311,312,313,314,315,316,317,318,319,320" attr="" num="" childPort="" outOdds="10000" incomeMinLevel="50" incomeMaxLevel="50"/>
  <port portId="19" portName="Cảng đảo Drum [Biển Bắc]" iconId="102" level="50" townId="5" type="3" resGroup="321,322,323,324,325,326,327,328,329,330" attr="" num="" childPort="" outOdds="10000" incomeMinLevel="50" incomeMaxLevel="50"/>
  <port portId="20" portName="Cảng đảo Drum" iconId="2" level="50" townId="5" type="103" resGroup="" attr="" num="" childPort="17,18,19" outOdds="" incomeMinLevel="50" incomeMaxLevel="50"/>
  <port portId="21" portName="Cảng đảo Drum [Trung lập]" iconId="5" level="50" townId="5" type="101" resGroup="331,332,333,334,335,336,337,338,339,340" attr="" num="" childPort="" outOdds="10000" incomeMinLevel="50" incomeMaxLevel="50"/>
  <port portId="22" portName="Cảng Rainbase [Biển Tây]" iconId="101" level="60" townId="6" type="1" resGroup="401,402,403,404,405,406,407,408,409,410" attr="" num="" childPort="" outOdds="10000" incomeMinLevel="50" incomeMaxLevel="60"/>
  <port portId="23" portName="Cảng Rainbase [Biển Nam]" iconId="103" level="60" townId="6" type="2" resGroup="411,412,413,414,415,416,417,418,419,420" attr="" num="" childPort="" outOdds="10000" incomeMinLevel="50" incomeMaxLevel="60"/>
  <port portId="24" portName="Cảng Rainbase [Biển Bắc]" iconId="102" level="60" townId="6" type="3" resGroup="421,422,423,424,425,426,427,428,429,430" attr="" num="" childPort="" outOdds="10000" incomeMinLevel="50" incomeMaxLevel="60"/>
  <port portId="25" portName="Cảng Rainbase" iconId="2" level="60" townId="6" type="103" resGroup="" attr="" num="" childPort="22,23,24" outOdds="" incomeMinLevel="50" incomeMaxLevel="60"/>
  <port portId="26" portName=" Cảng Rainbase [Trung lập]" iconId="6" level="60" townId="6" type="101" resGroup="431,432,433,434,435,436,437,438,439,440" attr="" num="" childPort="" outOdds="10000" incomeMinLevel="50" incomeMaxLevel="60"/>
  <port portId="27" portName="Cảng Skypiea [Biển Tây]" iconId="101" level="70" townId="7" type="1" resGroup="501,502,503,504,505,506,507,529,530,531" attr="" num="" childPort="" outOdds="10000" incomeMinLevel="50" incomeMaxLevel="80"/>
  <port portId="28" portName="Cảng Skypiea [Biển Nam]" iconId="103" level="70" townId="7" type="2" resGroup="508,509,510,511,512,513,514,532,533,534" attr="" num="" childPort="" outOdds="10000" incomeMinLevel="50" incomeMaxLevel="80"/>
  <port portId="29" portName="Cảng Skypiea [Biển Bắc]" iconId="102" level="70" townId="7" type="3" resGroup="515,516,517,518,519,520,521,535,536,537" attr="" num="" childPort="" outOdds="10000" incomeMinLevel="50" incomeMaxLevel="80"/>
  <port portId="30" portName="Cảng Skypiea" iconId="2" level="70" townId="7" type="103" resGroup="" attr="" num="" childPort="27,28,29" outOdds="" incomeMinLevel="50" incomeMaxLevel="80"/>
  <port portId="31" portName="Cảng Skypiea [Trung lập]" iconId="7" level="70" townId="7" type="101" resGroup="522,523,524,525,526,527,528,538,539,540" attr="" num="" childPort="" outOdds="10000" incomeMinLevel="50" incomeMaxLevel="80"/>
  <port portId="32" portName="Cảng Water 7 [Biển Tây]" iconId="101" level="80" townId="8" type="1" resGroup="601,602,603,604,605,606,607,629,630,631,800,801,802,803,804,805,806,807,808,809" attr="" num="" childPort="" outOdds="10000" incomeMinLevel="50" incomeMaxLevel="100"/>
  <port portId="33" portName="Cảng Water 7 [Biển Nam]" iconId="103" level="80" townId="8" type="2" resGroup="608,609,610,611,612,613,614,632,633,634,810,811,812,813,814,815,816,817,818,819" attr="" num="" childPort="" outOdds="10000" incomeMinLevel="50" incomeMaxLevel="100"/>
  <port portId="34" portName="Cảng Water 7 [Biển Bắc]" iconId="102" level="80" townId="8" type="3" resGroup="615,616,617,618,619,620,621,635,636,637,820,821,822,823,824,825,826,827,828,829" attr="" num="" childPort="" outOdds="10000" incomeMinLevel="50" incomeMaxLevel="100"/>
  <port portId="35" portName="Cảng Water 7" iconId="" level="80" townId="8" type="103" resGroup="" attr="" num="" childPort="32,33,34" outOdds="" incomeMinLevel="50" incomeMaxLevel="100"/>
  <port portId="36" portName="Cảng Water 7 [Trung lập]" iconId="8" level="80" townId="8" type="101" resGroup="622,623,624,625,626,627,628,638,639,640,830,831,832,833,834,835,836,837,838,839" attr="" num="" childPort="" outOdds="10000" incomeMinLevel="50" incomeMaxLevel="100"/>
  <port portId="37" portName="Cảng Thriller Bark [Biển Tây]" iconId="101" level="100" townId="9" type="1" resGroup="701,702,703,704,705,706,707,729,730,731,841,842,843,844,845,846,847,848,849,850" attr="" num="" childPort="" outOdds="10000" incomeMinLevel="50" incomeMaxLevel="120"/>
  <port portId="38" portName="Cảng Thriller Bark [Biển Nam]" iconId="103" level="100" townId="9" type="2" resGroup="708,709,710,711,712,713,714,732,733,734,851,852,853,854,855,856,857,858,859,860" attr="" num="" childPort="" outOdds="10000" incomeMinLevel="50" incomeMaxLevel="120"/>
  <port portId="39" portName="Cảng Thriller Bark [Biển Bắc]" iconId="102" level="100" townId="9" type="3" resGroup="715,716,717,718,719,720,721,735,736,737,861,862,863,864,865,866,867,868,869,870" attr="" num="" childPort="" outOdds="10000" incomeMinLevel="50" incomeMaxLevel="120"/>
  <port portId="40" portName="Cảng Thriller Bark " iconId="" level="100" townId="9" type="103" resGroup="" attr="" num="" childPort="37,38,39" outOdds="" incomeMinLevel="50" incomeMaxLevel="120"/>
  <port portId="41" portName="Cảng Thriller Bark [Trung lập]" iconId="9" level="100" townId="9" type="101" resGroup="722,723,724,725,726,727,728,738,739,740,871,872,873,874,875,876,877,878,879,880" attr="" num="" childPort="" outOdds="10000" incomeMinLevel="50" incomeMaxLevel="120"/>
  <port portId="42" portName="Cảng Kuja[Biển Tây]" iconId="101" level="115" townId="10" type="1" resGroup="741,742,743,744,745,746,747,769,770,771,881,882,883,884,885,886,887,888,889,890" attr="" num="" childPort="" outOdds="10000" incomeMinLevel="50" incomeMaxLevel="130"/>
  <port portId="43" portName="Cảng Kuja[Biển Nam]" iconId="103" level="115" townId="10" type="2" resGroup="748,749,750,751,752,753,754,772,773,774,891,892,893,894,895,896,897,898,899,900" attr="" num="" childPort="" outOdds="10000" incomeMinLevel="50" incomeMaxLevel="130"/>
  <port portId="44" portName="Cảng Kuja[Biển Bắc]" iconId="102" level="115" townId="10" type="3" resGroup="755,756,757,758,759,760,761,775,776,777,901,902,903,904,905,906,907,908,909,910" attr="" num="" childPort="" outOdds="10000" incomeMinLevel="50" incomeMaxLevel="130"/>
  <port portId="45" portName="Cảng Kuja" iconId="" level="" townId="10" type="103" resGroup="" attr="" num="" childPort="42,43,44" outOdds="10000" incomeMinLevel="50" incomeMaxLevel="130"/>
  <port portId="46" portName="Cảng Kuja[Trung Lập]" iconId="10" level="115" townId="10" type="101" resGroup="762,763,764,765,766,767,768,778,779,780,911,912,913,914,915,916,917,918,919,920" attr="" num="" childPort="" outOdds="10000" incomeMinLevel="50" incomeMaxLevel="130"/>
  <port portId="47" portName="Cảng Moby Dick [Biển Tây]" iconId="101" level="130" townId="11" type="1" resGroup="921,922,923,924,925,926,927,949,950,951,961,962,963,964,965,966,967,968,969,970" attr="" num="" childPort="" outOdds="10000" incomeMinLevel="50" incomeMaxLevel="150"/>
  <port portId="48" portName="Cảng Moby Dick [Biển Nam]" iconId="103" level="130" townId="11" type="2" resGroup="928,929,930,931,932,933,934,952,953,954,971,972,973,974,975,976,977,978,979,980" attr="" num="" childPort="" outOdds="10000" incomeMinLevel="50" incomeMaxLevel="150"/>
  <port portId="49" portName="Cảng Moby Dick [Biển Bắc]" iconId="102" level="130" townId="11" type="3" resGroup="935,936,937,938,939,940,941,955,956,957,981,982,983,984,985,986,987,988,989,990" attr="" num="" childPort="" outOdds="10000" incomeMinLevel="50" incomeMaxLevel="150"/>
  <port portId="50" portName="Cảng Moby Dick" iconId="" level="" townId="11" type="103" resGroup="" attr="" num="" childPort="47,48,49" outOdds="10000" incomeMinLevel="50" incomeMaxLevel="150"/>
  <port portId="51" portName="Cảng Moby Dick [Trung lập]" iconId="11" level="130" townId="11" type="101" resGroup="942,943,944,945,946,947,948,958,959,960,991,992,993,994,995,996,997,998,999,1000" attr="" num="" childPort="" outOdds="10000" incomeMinLevel="50" incomeMaxLevel="150"/>
  <port portId="52" portName="Cảng Đảo Người Cá [Biển Tây]" iconId="101" level="150" townId="12" type="1" resGroup="1001,1002,1003,1004,1005,1006,1007,1029,1030,1031,1041,1042,1043,1044,1045,1046,1047,1048,1049,1050" attr="" num="" childPort="" outOdds="10000" incomeMinLevel="50" incomeMaxLevel="170"/>
  <port portId="53" portName="Cảng Đảo Người Cá  [Biển Nam]" iconId="103" level="150" townId="12" type="2" resGroup="1008,1009,1010,1011,1012,1013,1014,1032,1033,1034,1051,1052,1053,1054,1055,1056,1057,1058,1059,1060" attr="" num="" childPort="" outOdds="10000" incomeMinLevel="50" incomeMaxLevel="170"/>
  <port portId="54" portName="Cảng Đảo Người Cá  [Biển Bắc]" iconId="102" level="150" townId="12" type="3" resGroup="1015,1016,1017,1018,1019,1020,1021,1035,1036,1037,1061,1062,1063,1064,1065,1066,1067,1068,1069,1070" attr="" num="" childPort="" outOdds="10000" incomeMinLevel="50" incomeMaxLevel="170"/>
  <port portId="55" portName="Cảng Đảo Người Cá " iconId="" level="" townId="12" type="103" resGroup="" attr="" num="" childPort="52,53,54" outOdds="10000" incomeMinLevel="50" incomeMaxLevel="170"/>
  <port portId="56" portName="Cảng Đảo Người Cá [Trung lập]" iconId="12" level="150" townId="12" type="101" resGroup="1022,1023,1024,1025,1026,1027,1028,1038,1039,1040,1071,1072,1073,1074,1075,1076,1077,1078,1079,1080" attr="" num="" childPort="" outOdds="10000" incomeMinLevel="50" incomeMaxLevel="170"/>
  <port portId="57" portName="CảngPunk Hazard [Biển Tây]" iconId="101" level="175" townId="13" type="1" resGroup="1101,1102,1103,1104,1105,1106,1107,1129,1130,1131,1141,1142,1143,1144,1145,1146,1147,1148,1149,1150" attr="" num="" childPort="" outOdds="10000" incomeMinLevel="50" incomeMaxLevel="190"/>
  <port portId="58" portName="CảngPunk Hazard [Biển Nam]" iconId="103" level="175" townId="13" type="2" resGroup="1108,1109,1110,1111,1112,1113,1114,1132,1133,1134,1151,1152,1153,1154,1155,1156,1157,1158,1159,1160" attr="" num="" childPort="" outOdds="10000" incomeMinLevel="50" incomeMaxLevel="190"/>
  <port portId="59" portName="CảngPunk Hazard [Biển Bắc]" iconId="102" level="175" townId="13" type="3" resGroup="1115,1116,1117,1118,1119,1120,1121,1135,1136,1137,1161,1162,1163,1164,1165,1166,1167,1168,1169,1170" attr="" num="" childPort="" outOdds="10000" incomeMinLevel="50" incomeMaxLevel="190"/>
  <port portId="60" portName="CảngPunk Hazard " iconId="" level="" townId="13" type="103" resGroup="" attr="" num="" childPort="57,58,59" outOdds="10000" incomeMinLevel="50" incomeMaxLevel="190"/>
  <port portId="61" portName="CảngPunk Hazard [Trung lập]" iconId="13" level="175" townId="13" type="101" resGroup="1122,1123,1124,1125,1126,1127,1128,1138,1139,1140,1171,1172,1173,1174,1175,1176,1177,1178,1179,1180" attr="" num="" childPort="" outOdds="10000" incomeMinLevel="50" incomeMaxLevel="190"/>
  <port portId="62" portName="德雷斯罗萨岛港口[西海]" iconId="101" level="200" townId="14" type="1" resGroup="1201,1202,1203,1204,1205,1206,1207,1229,1230,1231,1241,1242,1243,1244,1245,1246,1247,1248,1249,1250" attr="" num="" childPort="" outOdds="10000" incomeMinLevel="50" incomeMaxLevel="190"/>
  <port portId="63" portName="德雷斯罗萨岛港口[南海]" iconId="103" level="200" townId="14" type="2" resGroup="1208,1209,1210,1211,1212,1213,1214,1232,1233,1234,1251,1252,1253,1254,1255,1256,1257,1258,1259,1260" attr="" num="" childPort="" outOdds="10000" incomeMinLevel="50" incomeMaxLevel="190"/>
  <port portId="64" portName="德雷斯罗萨岛港口[北海]" iconId="102" level="200" townId="14" type="3" resGroup="1215,1216,1217,1218,1219,1220,1221,1235,1236,1237,1261,1262,1263,1264,1265,1266,1267,1268,1269,1270" attr="" num="" childPort="" outOdds="10000" incomeMinLevel="50" incomeMaxLevel="190"/>
  <port portId="65" portName="德雷斯罗萨岛港口" iconId="" level="" townId="14" type="103" resGroup="" attr="" num="" childPort="62,63,64" outOdds="10000" incomeMinLevel="50" incomeMaxLevel="190"/>
  <port portId="66" portName="德雷斯罗萨岛港口[中立]" iconId="14" level="200" townId="14" type="101" resGroup="1222,1223,1224,1225,1226,1227,1228,1238,1239,1240,1271,1272,1273,1274,1275,1276,1277,1278,1279,1280" attr="" num="" childPort="" outOdds="10000" incomeMinLevel="50" incomeMaxLevel="190"/>
</root>