<root>
  <potentiality id="11" grade_1="0" gradeValue_1="5" grade_2="0" gradeValue_2="5" grade_3="0" gradeValue_3="5" grade_4="0" gradeValue_4="6" grade_5="0" gradeValue_5="6" max_num="7" type1="6" value1="5" type2="7" value2="15" type3="8" value3="15" type4="13" value4="30" type5="14" value5="15" type6="41" value6="18" type7="1" value7="2" type8="" value8="" type9="" value9="" type10="" value10="" type11="" value11="" type12="" value12="" type13="" value13="" type14="" value14="" type15="" value15="" type16="" value16="" type17="" value17="" type18="" value18="" type19="" value19="" type20="" value20="" type21="" value21=""/>
  <potentiality id="12" grade_1="0" gradeValue_1="2" grade_2="0" gradeValue_2="2" grade_3="0" gradeValue_3="2" grade_4="0" gradeValue_4="3" grade_5="0" gradeValue_5="3" max_num="7" type1="9" value1="15" type2="10" value2="15" type3="11" value3="15" type4="15" value4="30" type5="16" value5="36" type6="42" value6="18" type7="1" value7="2" type8="" value8="" type9="" value9="" type10="" value10="" type11="" value11="" type12="" value12="" type13="" value13="" type14="" value14="" type15="" value15="" type16="" value16="" type17="" value17="" type18="" value18="" type19="" value19="" type20="" value20="" type21="" value21=""/>
  <potentiality id="13" grade_1="0" gradeValue_1="2" grade_2="0" gradeValue_2="2" grade_3="0" gradeValue_3="2" grade_4="0" gradeValue_4="3" grade_5="0" gradeValue_5="3" max_num="13" type1="6" value1="15" type2="7" value2="15" type3="8" value3="15" type4="9" value4="15" type5="10" value5="15" type6="11" value6="15" type7="13" value7="30" type8="14" value8="15" type9="15" value9="30" type10="16" value10="36" type11="41" value11="18" type12="42" value12="18" type13="1" value13="2" type14="" value14="" type15="" value15="" type16="" value16="" type17="" value17="" type18="" value18="" type19="" value19="" type20="" value20="" type21="" value21=""/>
  <potentiality id="21" grade_1="0" gradeValue_1="180" grade_2="0" gradeValue_2="180" grade_3="22" gradeValue_3="180" grade_4="4" gradeValue_4="225" grade_5="4" gradeValue_5="225" max_num="7" type1="6" value1="5" type2="7" value2="15" type3="8" value3="15" type4="13" value4="30" type5="14" value5="15" type6="41" value6="18" type7="1" value7="2" type8="" value8="" type9="" value9="" type10="" value10="" type11="" value11="" type12="" value12="" type13="" value13="" type14="" value14="" type15="" value15="" type16="" value16="" type17="" value17="" type18="" value18="" type19="" value19="" type20="" value20="" type21="" value21=""/>
  <potentiality id="22" grade_1="0" gradeValue_1="90" grade_2="0" gradeValue_2="90" grade_3="11" gradeValue_3="90" grade_4="2" gradeValue_4="112" grade_5="2" gradeValue_5="112" max_num="7" type1="9" value1="15" type2="10" value2="15" type3="11" value3="15" type4="15" value4="30" type5="16" value5="36" type6="42" value6="18" type7="1" value7="2" type8="" value8="" type9="" value9="" type10="" value10="" type11="" value11="" type12="" value12="" type13="" value13="" type14="" value14="" type15="" value15="" type16="" value16="" type17="" value17="" type18="" value18="" type19="" value19="" type20="" value20="" type21="" value21=""/>
  <potentiality id="23" grade_1="0" gradeValue_1="90" grade_2="0" gradeValue_2="90" grade_3="11" gradeValue_3="90" grade_4="2" gradeValue_4="112" grade_5="2" gradeValue_5="112" max_num="13" type1="6" value1="15" type2="7" value2="15" type3="8" value3="15" type4="9" value4="15" type5="10" value5="15" type6="11" value6="15" type7="13" value7="30" type8="14" value8="15" type9="15" value9="30" type10="16" value10="36" type11="41" value11="18" type12="42" value12="18" type13="1" value13="2" type14="" value14="" type15="" value15="" type16="" value16="" type17="" value17="" type18="" value18="" type19="" value19="" type20="" value20="" type21="" value21=""/>
  <potentiality id="31" grade_1="0" gradeValue_1="576" grade_2="2" gradeValue_2="576" grade_3="72" gradeValue_3="576" grade_4="14" gradeValue_4="720" grade_5="14" gradeValue_5="720" max_num="7" type1="6" value1="5" type2="7" value2="15" type3="8" value3="15" type4="13" value4="30" type5="14" value5="15" type6="41" value6="18" type7="1" value7="2" type8="" value8="" type9="" value9="" type10="" value10="" type11="" value11="" type12="" value12="" type13="" value13="" type14="" value14="" type15="" value15="" type16="" value16="" type17="" value17="" type18="" value18="" type19="" value19="" type20="" value20="" type21="" value21=""/>
  <potentiality id="32" grade_1="0" gradeValue_1="288" grade_2="1" gradeValue_2="288" grade_3="36" gradeValue_3="288" grade_4="7" gradeValue_4="360" grade_5="7" gradeValue_5="360" max_num="7" type1="9" value1="15" type2="10" value2="15" type3="11" value3="15" type4="15" value4="30" type5="16" value5="36" type6="42" value6="18" type7="1" value7="2" type8="" value8="" type9="" value9="" type10="" value10="" type11="" value11="" type12="" value12="" type13="" value13="" type14="" value14="" type15="" value15="" type16="" value16="" type17="" value17="" type18="" value18="" type19="" value19="" type20="" value20="" type21="" value21=""/>
  <potentiality id="33" grade_1="0" gradeValue_1="288" grade_2="1" gradeValue_2="288" grade_3="36" gradeValue_3="288" grade_4="7" gradeValue_4="360" grade_5="7" gradeValue_5="360" max_num="13" type1="6" value1="15" type2="7" value2="15" type3="8" value3="15" type4="9" value4="15" type5="10" value5="15" type6="11" value6="15" type7="13" value7="30" type8="14" value8="15" type9="15" value9="30" type10="16" value10="36" type11="41" value11="18" type12="42" value12="18" type13="1" value13="2" type14="" value14="" type15="" value15="" type16="" value16="" type17="" value17="" type18="" value18="" type19="" value19="" type20="" value20="" type21="" value21=""/>
  <potentiality id="411" grade_1="0" gradeValue_1="1188" grade_2="5" gradeValue_2="1188" grade_3="148" gradeValue_3="1188" grade_4="29" gradeValue_4="1485" grade_5="29" gradeValue_5="1485" max_num="7" type1="6" value1="5" type2="7" value2="15" type3="8" value3="15" type4="13" value4="30" type5="14" value5="15" type6="41" value6="18" type7="1" value7="2" type8="" value8="" type9="" value9="" type10="" value10="" type11="" value11="" type12="" value12="" type13="" value13="" type14="" value14="" type15="" value15="" type16="" value16="" type17="" value17="" type18="" value18="" type19="" value19="" type20="" value20="" type21="" value21=""/>
  <potentiality id="421" grade_1="0" gradeValue_1="594" grade_2="2" gradeValue_2="594" grade_3="74" gradeValue_3="594" grade_4="14" gradeValue_4="742" grade_5="14" gradeValue_5="742" max_num="7" type1="9" value1="15" type2="10" value2="15" type3="11" value3="15" type4="15" value4="30" type5="16" value5="36" type6="42" value6="18" type7="1" value7="2" type8="" value8="" type9="" value9="" type10="" value10="" type11="" value11="" type12="" value12="" type13="" value13="" type14="" value14="" type15="" value15="" type16="" value16="" type17="" value17="" type18="" value18="" type19="" value19="" type20="" value20="" type21="" value21=""/>
  <potentiality id="431" grade_1="0" gradeValue_1="594" grade_2="2" gradeValue_2="594" grade_3="74" gradeValue_3="594" grade_4="14" gradeValue_4="742" grade_5="14" gradeValue_5="742" max_num="13" type1="6" value1="15" type2="7" value2="15" type3="8" value3="15" type4="9" value4="15" type5="10" value5="15" type6="11" value6="15" type7="13" value7="30" type8="14" value8="15" type9="15" value9="30" type10="16" value10="36" type11="41" value11="18" type12="42" value12="18" type13="1" value13="2" type14="" value14="" type15="" value15="" type16="" value16="" type17="" value17="" type18="" value18="" type19="" value19="" type20="" value20="" type21="" value21=""/>
  <potentiality id="412" grade_1="0" gradeValue_1="1188" grade_2="5" gradeValue_2="1188" grade_3="148" gradeValue_3="1188" grade_4="29" gradeValue_4="1485" grade_5="29" gradeValue_5="1485" max_num="7" type1="6" value1="5" type2="7" value2="15" type3="8" value3="15" type4="13" value4="30" type5="14" value5="15" type6="41" value6="18" type7="1" value7="2" type8="" value8="" type9="" value9="" type10="" value10="" type11="" value11="" type12="" value12="" type13="" value13="" type14="" value14="" type15="" value15="" type16="" value16="" type17="" value17="" type18="" value18="" type19="" value19="" type20="" value20="" type21="" value21=""/>
  <potentiality id="422" grade_1="0" gradeValue_1="594" grade_2="2" gradeValue_2="594" grade_3="74" gradeValue_3="594" grade_4="14" gradeValue_4="742" grade_5="14" gradeValue_5="742" max_num="7" type1="9" value1="15" type2="10" value2="15" type3="11" value3="15" type4="15" value4="30" type5="16" value5="36" type6="42" value6="18" type7="1" value7="2" type8="" value8="" type9="" value9="" type10="" value10="" type11="" value11="" type12="" value12="" type13="" value13="" type14="" value14="" type15="" value15="" type16="" value16="" type17="" value17="" type18="" value18="" type19="" value19="" type20="" value20="" type21="" value21=""/>
  <potentiality id="432" grade_1="0" gradeValue_1="594" grade_2="2" gradeValue_2="594" grade_3="74" gradeValue_3="594" grade_4="14" gradeValue_4="742" grade_5="14" gradeValue_5="742" max_num="13" type1="6" value1="15" type2="7" value2="15" type3="8" value3="15" type4="9" value4="15" type5="10" value5="15" type6="11" value6="15" type7="13" value7="30" type8="14" value8="15" type9="15" value9="30" type10="16" value10="36" type11="41" value11="18" type12="42" value12="18" type13="1" value13="2" type14="" value14="" type15="" value15="" type16="" value16="" type17="" value17="" type18="" value18="" type19="" value19="" type20="" value20="" type21="" value21=""/>
  <potentiality id="413" grade_1="0" gradeValue_1="1188" grade_2="5" gradeValue_2="1188" grade_3="148" gradeValue_3="1188" grade_4="29" gradeValue_4="1485" grade_5="29" gradeValue_5="1485" max_num="7" type1="6" value1="5" type2="7" value2="15" type3="8" value3="15" type4="13" value4="30" type5="14" value5="15" type6="41" value6="18" type7="1" value7="2" type8="" value8="" type9="" value9="" type10="" value10="" type11="" value11="" type12="" value12="" type13="" value13="" type14="" value14="" type15="" value15="" type16="" value16="" type17="" value17="" type18="" value18="" type19="" value19="" type20="" value20="" type21="" value21=""/>
  <potentiality id="423" grade_1="0" gradeValue_1="594" grade_2="2" gradeValue_2="594" grade_3="74" gradeValue_3="594" grade_4="14" gradeValue_4="742" grade_5="14" gradeValue_5="742" max_num="7" type1="9" value1="15" type2="10" value2="15" type3="11" value3="15" type4="15" value4="30" type5="16" value5="36" type6="42" value6="18" type7="1" value7="2" type8="" value8="" type9="" value9="" type10="" value10="" type11="" value11="" type12="" value12="" type13="" value13="" type14="" value14="" type15="" value15="" type16="" value16="" type17="" value17="" type18="" value18="" type19="" value19="" type20="" value20="" type21="" value21=""/>
  <potentiality id="433" grade_1="0" gradeValue_1="594" grade_2="2" gradeValue_2="594" grade_3="74" gradeValue_3="594" grade_4="14" gradeValue_4="742" grade_5="14" gradeValue_5="742" max_num="13" type1="6" value1="15" type2="7" value2="15" type3="8" value3="15" type4="9" value4="15" type5="10" value5="15" type6="11" value6="15" type7="13" value7="30" type8="14" value8="15" type9="15" value9="30" type10="16" value10="36" type11="41" value11="18" type12="42" value12="18" type13="1" value13="2" type14="" value14="" type15="" value15="" type16="" value16="" type17="" value17="" type18="" value18="" type19="" value19="" type20="" value20="" type21="" value21=""/>
  <potentiality id="414" grade_1="0" gradeValue_1="1188" grade_2="5" gradeValue_2="1188" grade_3="148" gradeValue_3="1188" grade_4="29" gradeValue_4="1485" grade_5="29" gradeValue_5="1485" max_num="7" type1="6" value1="5" type2="7" value2="15" type3="8" value3="15" type4="13" value4="30" type5="14" value5="15" type6="41" value6="18" type7="1" value7="2" type8="" value8="" type9="" value9="" type10="" value10="" type11="" value11="" type12="" value12="" type13="" value13="" type14="" value14="" type15="" value15="" type16="" value16="" type17="" value17="" type18="" value18="" type19="" value19="" type20="" value20="" type21="" value21=""/>
  <potentiality id="424" grade_1="0" gradeValue_1="594" grade_2="2" gradeValue_2="594" grade_3="74" gradeValue_3="594" grade_4="14" gradeValue_4="742" grade_5="14" gradeValue_5="742" max_num="7" type1="9" value1="15" type2="10" value2="15" type3="11" value3="15" type4="15" value4="30" type5="16" value5="36" type6="42" value6="18" type7="1" value7="2" type8="" value8="" type9="" value9="" type10="" value10="" type11="" value11="" type12="" value12="" type13="" value13="" type14="" value14="" type15="" value15="" type16="" value16="" type17="" value17="" type18="" value18="" type19="" value19="" type20="" value20="" type21="" value21=""/>
  <potentiality id="434" grade_1="0" gradeValue_1="594" grade_2="2" gradeValue_2="594" grade_3="74" gradeValue_3="594" grade_4="14" gradeValue_4="742" grade_5="14" gradeValue_5="742" max_num="13" type1="6" value1="15" type2="7" value2="15" type3="8" value3="15" type4="9" value4="15" type5="10" value5="15" type6="11" value6="15" type7="13" value7="30" type8="14" value8="15" type9="15" value9="30" type10="16" value10="36" type11="41" value11="18" type12="42" value12="18" type13="1" value13="2" type14="" value14="" type15="" value15="" type16="" value16="" type17="" value17="" type18="" value18="" type19="" value19="" type20="" value20="" type21="" value21=""/>
  <potentiality id="415" grade_1="0" gradeValue_1="1188" grade_2="5" gradeValue_2="1188" grade_3="148" gradeValue_3="1188" grade_4="29" gradeValue_4="1485" grade_5="29" gradeValue_5="1485" max_num="7" type1="6" value1="5" type2="7" value2="15" type3="8" value3="15" type4="13" value4="30" type5="14" value5="15" type6="41" value6="18" type7="1" value7="2" type8="" value8="" type9="" value9="" type10="" value10="" type11="" value11="" type12="" value12="" type13="" value13="" type14="" value14="" type15="" value15="" type16="" value16="" type17="" value17="" type18="" value18="" type19="" value19="" type20="" value20="" type21="" value21=""/>
  <potentiality id="425" grade_1="0" gradeValue_1="594" grade_2="2" gradeValue_2="594" grade_3="74" gradeValue_3="594" grade_4="14" gradeValue_4="742" grade_5="14" gradeValue_5="742" max_num="7" type1="9" value1="15" type2="10" value2="15" type3="11" value3="15" type4="15" value4="30" type5="16" value5="36" type6="42" value6="18" type7="1" value7="2" type8="" value8="" type9="" value9="" type10="" value10="" type11="" value11="" type12="" value12="" type13="" value13="" type14="" value14="" type15="" value15="" type16="" value16="" type17="" value17="" type18="" value18="" type19="" value19="" type20="" value20="" type21="" value21=""/>
  <potentiality id="435" grade_1="0" gradeValue_1="594" grade_2="2" gradeValue_2="594" grade_3="74" gradeValue_3="594" grade_4="14" gradeValue_4="742" grade_5="14" gradeValue_5="742" max_num="13" type1="6" value1="15" type2="7" value2="15" type3="8" value3="15" type4="9" value4="15" type5="10" value5="15" type6="11" value6="15" type7="13" value7="30" type8="14" value8="15" type9="15" value9="30" type10="16" value10="36" type11="41" value11="18" type12="42" value12="18" type13="1" value13="2" type14="" value14="" type15="" value15="" type16="" value16="" type17="" value17="" type18="" value18="" type19="" value19="" type20="" value20="" type21="" value21=""/>
  <potentiality id="511" grade_1="0" gradeValue_1="2016" grade_2="10" gradeValue_2="2016" grade_3="252" gradeValue_3="2016" grade_4="50" gradeValue_4="2520" grade_5="50" gradeValue_5="2520" max_num="7" type1="6" value1="15" type2="7" value2="15" type3="8" value3="15" type4="13" value4="30" type5="14" value5="15" type6="41" value6="18" type7="1" value7="2" type8="" value8="" type9="" value9="" type10="" value10="" type11="" value11="" type12="" value12="" type13="" value13="" type14="" value14="" type15="" value15="" type16="" value16="" type17="" value17="" type18="" value18="" type19="" value19="" type20="" value20="" type21="" value21=""/>
  <potentiality id="521" grade_1="0" gradeValue_1="1008" grade_2="5" gradeValue_2="1008" grade_3="126" gradeValue_3="1008" grade_4="25" gradeValue_4="1260" grade_5="25" gradeValue_5="1260" max_num="7" type1="9" value1="15" type2="10" value2="15" type3="11" value3="15" type4="15" value4="30" type5="16" value5="36" type6="42" value6="18" type7="1" value7="2" type8="" value8="" type9="" value9="" type10="" value10="" type11="" value11="" type12="" value12="" type13="" value13="" type14="" value14="" type15="" value15="" type16="" value16="" type17="" value17="" type18="" value18="" type19="" value19="" type20="" value20="" type21="" value21=""/>
  <potentiality id="531" grade_1="0" gradeValue_1="1008" grade_2="5" gradeValue_2="1008" grade_3="126" gradeValue_3="1008" grade_4="25" gradeValue_4="1260" grade_5="25" gradeValue_5="1260" max_num="13" type1="6" value1="15" type2="7" value2="15" type3="8" value3="15" type4="9" value4="15" type5="10" value5="15" type6="11" value6="15" type7="13" value7="30" type8="14" value8="15" type9="15" value9="30" type10="16" value10="36" type11="41" value11="18" type12="42" value12="18" type13="1" value13="2" type14="" value14="" type15="" value15="" type16="" value16="" type17="" value17="" type18="" value18="" type19="" value19="" type20="" value20="" type21="" value21=""/>
  <potentiality id="512" grade_1="0" gradeValue_1="2016" grade_2="10" gradeValue_2="2016" grade_3="252" gradeValue_3="2016" grade_4="50" gradeValue_4="2520" grade_5="50" gradeValue_5="2520" max_num="7" type1="6" value1="15" type2="7" value2="15" type3="8" value3="15" type4="13" value4="30" type5="14" value5="15" type6="41" value6="18" type7="1" value7="2" type8="" value8="" type9="" value9="" type10="" value10="" type11="" value11="" type12="" value12="" type13="" value13="" type14="" value14="" type15="" value15="" type16="" value16="" type17="" value17="" type18="" value18="" type19="" value19="" type20="" value20="" type21="" value21=""/>
  <potentiality id="522" grade_1="0" gradeValue_1="1008" grade_2="5" gradeValue_2="1008" grade_3="126" gradeValue_3="1008" grade_4="25" gradeValue_4="1260" grade_5="25" gradeValue_5="1260" max_num="7" type1="9" value1="15" type2="10" value2="15" type3="11" value3="15" type4="15" value4="30" type5="16" value5="36" type6="42" value6="18" type7="1" value7="2" type8="" value8="" type9="" value9="" type10="" value10="" type11="" value11="" type12="" value12="" type13="" value13="" type14="" value14="" type15="" value15="" type16="" value16="" type17="" value17="" type18="" value18="" type19="" value19="" type20="" value20="" type21="" value21=""/>
  <potentiality id="532" grade_1="0" gradeValue_1="1008" grade_2="5" gradeValue_2="1008" grade_3="126" gradeValue_3="1008" grade_4="25" gradeValue_4="1260" grade_5="25" gradeValue_5="1260" max_num="13" type1="6" value1="15" type2="7" value2="15" type3="8" value3="15" type4="9" value4="15" type5="10" value5="15" type6="11" value6="15" type7="13" value7="30" type8="14" value8="15" type9="15" value9="30" type10="16" value10="36" type11="41" value11="18" type12="42" value12="18" type13="1" value13="2" type14="" value14="" type15="" value15="" type16="" value16="" type17="" value17="" type18="" value18="" type19="" value19="" type20="" value20="" type21="" value21=""/>
  <potentiality id="513" grade_1="0" gradeValue_1="2016" grade_2="10" gradeValue_2="2016" grade_3="252" gradeValue_3="2016" grade_4="50" gradeValue_4="2520" grade_5="50" gradeValue_5="2520" max_num="7" type1="6" value1="15" type2="7" value2="15" type3="8" value3="15" type4="13" value4="30" type5="14" value5="15" type6="41" value6="18" type7="1" value7="2" type8="" value8="" type9="" value9="" type10="" value10="" type11="" value11="" type12="" value12="" type13="" value13="" type14="" value14="" type15="" value15="" type16="" value16="" type17="" value17="" type18="" value18="" type19="" value19="" type20="" value20="" type21="" value21=""/>
  <potentiality id="523" grade_1="0" gradeValue_1="1008" grade_2="5" gradeValue_2="1008" grade_3="126" gradeValue_3="1008" grade_4="25" gradeValue_4="1260" grade_5="25" gradeValue_5="1260" max_num="7" type1="9" value1="15" type2="10" value2="15" type3="11" value3="15" type4="15" value4="30" type5="16" value5="36" type6="42" value6="18" type7="1" value7="2" type8="" value8="" type9="" value9="" type10="" value10="" type11="" value11="" type12="" value12="" type13="" value13="" type14="" value14="" type15="" value15="" type16="" value16="" type17="" value17="" type18="" value18="" type19="" value19="" type20="" value20="" type21="" value21=""/>
  <potentiality id="533" grade_1="0" gradeValue_1="1008" grade_2="5" gradeValue_2="1008" grade_3="126" gradeValue_3="1008" grade_4="25" gradeValue_4="1260" grade_5="25" gradeValue_5="1260" max_num="13" type1="6" value1="15" type2="7" value2="15" type3="8" value3="15" type4="9" value4="15" type5="10" value5="15" type6="11" value6="15" type7="13" value7="30" type8="14" value8="15" type9="15" value9="30" type10="16" value10="36" type11="41" value11="18" type12="42" value12="18" type13="1" value13="2" type14="" value14="" type15="" value15="" type16="" value16="" type17="" value17="" type18="" value18="" type19="" value19="" type20="" value20="" type21="" value21=""/>
  <potentiality id="514" grade_1="0" gradeValue_1="2016" grade_2="10" gradeValue_2="2016" grade_3="252" gradeValue_3="2016" grade_4="50" gradeValue_4="2520" grade_5="50" gradeValue_5="2520" max_num="7" type1="6" value1="15" type2="7" value2="15" type3="8" value3="15" type4="13" value4="30" type5="14" value5="15" type6="41" value6="18" type7="1" value7="2" type8="" value8="" type9="" value9="" type10="" value10="" type11="" value11="" type12="" value12="" type13="" value13="" type14="" value14="" type15="" value15="" type16="" value16="" type17="" value17="" type18="" value18="" type19="" value19="" type20="" value20="" type21="" value21=""/>
  <potentiality id="524" grade_1="0" gradeValue_1="1008" grade_2="5" gradeValue_2="1008" grade_3="126" gradeValue_3="1008" grade_4="25" gradeValue_4="1260" grade_5="25" gradeValue_5="1260" max_num="7" type1="9" value1="15" type2="10" value2="15" type3="11" value3="15" type4="15" value4="30" type5="16" value5="36" type6="42" value6="18" type7="1" value7="2" type8="" value8="" type9="" value9="" type10="" value10="" type11="" value11="" type12="" value12="" type13="" value13="" type14="" value14="" type15="" value15="" type16="" value16="" type17="" value17="" type18="" value18="" type19="" value19="" type20="" value20="" type21="" value21=""/>
  <potentiality id="534" grade_1="0" gradeValue_1="1008" grade_2="5" gradeValue_2="1008" grade_3="126" gradeValue_3="1008" grade_4="25" gradeValue_4="1260" grade_5="25" gradeValue_5="1260" max_num="13" type1="6" value1="15" type2="7" value2="15" type3="8" value3="15" type4="9" value4="15" type5="10" value5="15" type6="11" value6="15" type7="13" value7="30" type8="14" value8="15" type9="15" value9="30" type10="16" value10="36" type11="41" value11="18" type12="42" value12="18" type13="1" value13="2" type14="" value14="" type15="" value15="" type16="" value16="" type17="" value17="" type18="" value18="" type19="" value19="" type20="" value20="" type21="" value21=""/>
  <potentiality id="611" grade_1="0" gradeValue_1="3060" grade_2="15" gradeValue_2="3060" grade_3="382" gradeValue_3="3060" grade_4="76" gradeValue_4="3825" grade_5="76" gradeValue_5="3825" max_num="7" type1="6" value1="15" type2="7" value2="15" type3="8" value3="15" type4="13" value4="30" type5="14" value5="15" type6="41" value6="18" type7="1" value7="2" type8="" value8="" type9="" value9="" type10="" value10="" type11="" value11="" type12="" value12="" type13="" value13="" type14="" value14="" type15="" value15="" type16="" value16="" type17="" value17="" type18="" value18="" type19="" value19="" type20="" value20="" type21="" value21=""/>
  <potentiality id="621" grade_1="0" gradeValue_1="1530" grade_2="7" gradeValue_2="1530" grade_3="191" gradeValue_3="1530" grade_4="38" gradeValue_4="1912" grade_5="38" gradeValue_5="1912" max_num="7" type1="9" value1="15" type2="10" value2="15" type3="11" value3="15" type4="15" value4="30" type5="16" value5="36" type6="42" value6="18" type7="1" value7="2" type8="" value8="" type9="" value9="" type10="" value10="" type11="" value11="" type12="" value12="" type13="" value13="" type14="" value14="" type15="" value15="" type16="" value16="" type17="" value17="" type18="" value18="" type19="" value19="" type20="" value20="" type21="" value21=""/>
  <potentiality id="631" grade_1="0" gradeValue_1="1530" grade_2="7" gradeValue_2="1530" grade_3="191" gradeValue_3="1530" grade_4="38" gradeValue_4="1912" grade_5="38" gradeValue_5="1912" max_num="13" type1="6" value1="15" type2="7" value2="15" type3="8" value3="15" type4="9" value4="15" type5="10" value5="15" type6="11" value6="15" type7="13" value7="30" type8="14" value8="15" type9="15" value9="30" type10="16" value10="36" type11="41" value11="18" type12="42" value12="18" type13="1" value13="2" type14="" value14="" type15="" value15="" type16="" value16="" type17="" value17="" type18="" value18="" type19="" value19="" type20="" value20="" type21="" value21=""/>
  <potentiality id="612" grade_1="0" gradeValue_1="3060" grade_2="15" gradeValue_2="3060" grade_3="382" gradeValue_3="3060" grade_4="76" gradeValue_4="3825" grade_5="76" gradeValue_5="3825" max_num="7" type1="6" value1="15" type2="7" value2="15" type3="8" value3="15" type4="13" value4="30" type5="14" value5="15" type6="41" value6="18" type7="1" value7="2" type8="" value8="" type9="" value9="" type10="" value10="" type11="" value11="" type12="" value12="" type13="" value13="" type14="" value14="" type15="" value15="" type16="" value16="" type17="" value17="" type18="" value18="" type19="" value19="" type20="" value20="" type21="" value21=""/>
  <potentiality id="622" grade_1="0" gradeValue_1="1530" grade_2="7" gradeValue_2="1530" grade_3="191" gradeValue_3="1530" grade_4="38" gradeValue_4="1912" grade_5="38" gradeValue_5="1912" max_num="7" type1="9" value1="15" type2="10" value2="15" type3="11" value3="15" type4="15" value4="30" type5="16" value5="36" type6="42" value6="18" type7="1" value7="2" type8="" value8="" type9="" value9="" type10="" value10="" type11="" value11="" type12="" value12="" type13="" value13="" type14="" value14="" type15="" value15="" type16="" value16="" type17="" value17="" type18="" value18="" type19="" value19="" type20="" value20="" type21="" value21=""/>
  <potentiality id="632" grade_1="0" gradeValue_1="1530" grade_2="7" gradeValue_2="1530" grade_3="191" gradeValue_3="1530" grade_4="38" gradeValue_4="1912" grade_5="38" gradeValue_5="1912" max_num="13" type1="6" value1="15" type2="7" value2="15" type3="8" value3="15" type4="9" value4="15" type5="10" value5="15" type6="11" value6="15" type7="13" value7="30" type8="14" value8="15" type9="15" value9="30" type10="16" value10="36" type11="41" value11="18" type12="42" value12="18" type13="1" value13="2" type14="" value14="" type15="" value15="" type16="" value16="" type17="" value17="" type18="" value18="" type19="" value19="" type20="" value20="" type21="" value21=""/>
  <potentiality id="613" grade_1="0" gradeValue_1="3978" grade_2="15" gradeValue_2="3978" grade_3="382" gradeValue_3="3978" grade_4="76" gradeValue_4="4972" grade_5="76" gradeValue_5="4972" max_num="7" type1="6" value1="15" type2="7" value2="15" type3="8" value3="15" type4="13" value4="30" type5="14" value5="15" type6="41" value6="18" type7="1" value7="2" type8="" value8="" type9="" value9="" type10="" value10="" type11="" value11="" type12="" value12="" type13="" value13="" type14="" value14="" type15="" value15="" type16="" value16="" type17="" value17="" type18="" value18="" type19="" value19="" type20="" value20="" type21="" value21=""/>
  <potentiality id="623" grade_1="0" gradeValue_1="1989" grade_2="7" gradeValue_2="1989" grade_3="191" gradeValue_3="1989" grade_4="38" gradeValue_4="2486" grade_5="38" gradeValue_5="2486" max_num="7" type1="9" value1="15" type2="10" value2="15" type3="11" value3="15" type4="15" value4="30" type5="16" value5="36" type6="42" value6="18" type7="1" value7="2" type8="" value8="" type9="" value9="" type10="" value10="" type11="" value11="" type12="" value12="" type13="" value13="" type14="" value14="" type15="" value15="" type16="" value16="" type17="" value17="" type18="" value18="" type19="" value19="" type20="" value20="" type21="" value21=""/>
  <potentiality id="633" grade_1="0" gradeValue_1="1989" grade_2="7" gradeValue_2="1989" grade_3="191" gradeValue_3="1989" grade_4="38" gradeValue_4="2486" grade_5="38" gradeValue_5="2486" max_num="13" type1="6" value1="15" type2="7" value2="15" type3="8" value3="15" type4="9" value4="15" type5="10" value5="15" type6="11" value6="15" type7="13" value7="30" type8="14" value8="15" type9="15" value9="30" type10="16" value10="36" type11="41" value11="18" type12="42" value12="18" type13="1" value13="2" type14="" value14="" type15="" value15="" type16="" value16="" type17="" value17="" type18="" value18="" type19="" value19="" type20="" value20="" type21="" value21=""/>
  <potentiality id="711" grade_1="0" gradeValue_1="4788" grade_2="23" gradeValue_2="4788" grade_3="598" gradeValue_3="4788" grade_4="119" gradeValue_4="6000" grade_5="119" gradeValue_5="6000" max_num="7" type1="6" value1="15" type2="7" value2="15" type3="8" value3="15" type4="13" value4="30" type5="14" value5="15" type6="41" value6="18" type7="1" value7="2" type8="" value8="" type9="" value9="" type10="" value10="" type11="" value11="" type12="" value12="" type13="" value13="" type14="" value14="" type15="" value15="" type16="" value16="" type17="" value17="" type18="" value18="" type19="" value19="" type20="" value20="" type21="" value21=""/>
  <potentiality id="721" grade_1="0" gradeValue_1="2394" grade_2="11" gradeValue_2="2394" grade_3="299" gradeValue_3="2394" grade_4="59" gradeValue_4="3007" grade_5="59" gradeValue_5="3007" max_num="7" type1="9" value1="15" type2="10" value2="15" type3="11" value3="15" type4="15" value4="30" type5="16" value5="36" type6="42" value6="18" type7="1" value7="2" type8="" value8="" type9="" value9="" type10="" value10="" type11="" value11="" type12="" value12="" type13="" value13="" type14="" value14="" type15="" value15="" type16="" value16="" type17="" value17="" type18="" value18="" type19="" value19="" type20="" value20="" type21="" value21=""/>
  <potentiality id="731" grade_1="0" gradeValue_1="2394" grade_2="11" gradeValue_2="2394" grade_3="299" gradeValue_3="2394" grade_4="59" gradeValue_4="3007" grade_5="59" gradeValue_5="3007" max_num="13" type1="6" value1="15" type2="7" value2="15" type3="8" value3="15" type4="9" value4="15" type5="10" value5="15" type6="11" value6="15" type7="13" value7="30" type8="14" value8="15" type9="15" value9="30" type10="16" value10="36" type11="41" value11="18" type12="42" value12="18" type13="1" value13="2" type14="" value14="" type15="" value15="" type16="" value16="" type17="" value17="" type18="" value18="" type19="" value19="" type20="" value20="" type21="" value21=""/>
  <potentiality id="712" grade_1="0" gradeValue_1="4788" grade_2="23" gradeValue_2="4788" grade_3="598" gradeValue_3="4788" grade_4="119" gradeValue_4="6600" grade_5="119" gradeValue_5="6600" max_num="7" type1="6" value1="15" type2="7" value2="15" type3="8" value3="15" type4="13" value4="30" type5="14" value5="15" type6="41" value6="18" type7="1" value7="2" type8="" value8="" type9="" value9="" type10="" value10="" type11="" value11="" type12="" value12="" type13="" value13="" type14="" value14="" type15="" value15="" type16="" value16="" type17="" value17="" type18="" value18="" type19="" value19="" type20="" value20="" type21="" value21=""/>
  <potentiality id="722" grade_1="0" gradeValue_1="2394" grade_2="11" gradeValue_2="2394" grade_3="299" gradeValue_3="2394" grade_4="59" gradeValue_4="3307" grade_5="59" gradeValue_5="3307" max_num="7" type1="9" value1="15" type2="10" value2="15" type3="11" value3="15" type4="15" value4="30" type5="16" value5="36" type6="42" value6="18" type7="1" value7="2" type8="" value8="" type9="" value9="" type10="" value10="" type11="" value11="" type12="" value12="" type13="" value13="" type14="" value14="" type15="" value15="" type16="" value16="" type17="" value17="" type18="" value18="" type19="" value19="" type20="" value20="" type21="" value21=""/>
  <potentiality id="732" grade_1="0" gradeValue_1="2394" grade_2="11" gradeValue_2="2394" grade_3="299" gradeValue_3="2394" grade_4="59" gradeValue_4="3307" grade_5="59" gradeValue_5="3307" max_num="13" type1="6" value1="15" type2="7" value2="15" type3="8" value3="15" type4="9" value4="15" type5="10" value5="15" type6="11" value6="15" type7="13" value7="30" type8="14" value8="15" type9="15" value9="30" type10="16" value10="36" type11="41" value11="18" type12="42" value12="18" type13="1" value13="2" type14="" value14="" type15="" value15="" type16="" value16="" type17="" value17="" type18="" value18="" type19="" value19="" type20="" value20="" type21="" value21=""/>
  <potentiality id="713" grade_1="0" gradeValue_1="4788" grade_2="23" gradeValue_2="4788" grade_3="598" gradeValue_3="4788" grade_4="119" gradeValue_4="7600" grade_5="119" gradeValue_5="7600" max_num="7" type1="6" value1="15" type2="7" value2="15" type3="8" value3="15" type4="13" value4="30" type5="14" value5="15" type6="41" value6="18" type7="1" value7="2" type8="" value8="" type9="" value9="" type10="" value10="" type11="" value11="" type12="" value12="" type13="" value13="" type14="" value14="" type15="" value15="" type16="" value16="" type17="" value17="" type18="" value18="" type19="" value19="" type20="" value20="" type21="" value21=""/>
  <potentiality id="723" grade_1="0" gradeValue_1="2394" grade_2="11" gradeValue_2="2394" grade_3="299" gradeValue_3="2394" grade_4="59" gradeValue_4="3807" grade_5="59" gradeValue_5="3807" max_num="7" type1="9" value1="15" type2="10" value2="15" type3="11" value3="15" type4="15" value4="30" type5="16" value5="36" type6="42" value6="18" type7="1" value7="2" type8="" value8="" type9="" value9="" type10="" value10="" type11="" value11="" type12="" value12="" type13="" value13="" type14="" value14="" type15="" value15="" type16="" value16="" type17="" value17="" type18="" value18="" type19="" value19="" type20="" value20="" type21="" value21=""/>
  <potentiality id="733" grade_1="0" gradeValue_1="2394" grade_2="11" gradeValue_2="2394" grade_3="299" gradeValue_3="2394" grade_4="59" gradeValue_4="3807" grade_5="59" gradeValue_5="3807" max_num="13" type1="6" value1="15" type2="7" value2="15" type3="8" value3="15" type4="9" value4="15" type5="10" value5="15" type6="11" value6="15" type7="13" value7="30" type8="14" value8="15" type9="15" value9="30" type10="16" value10="36" type11="41" value11="18" type12="42" value12="18" type13="1" value13="2" type14="" value14="" type15="" value15="" type16="" value16="" type17="" value17="" type18="" value18="" type19="" value19="" type20="" value20="" type21="" value21=""/>
  <potentiality id="714" grade_1="0" gradeValue_1="4788" grade_2="23" gradeValue_2="5288" grade_3="598" gradeValue_3="5788" grade_4="119" gradeValue_4="8600" grade_5="119" gradeValue_5="8600" max_num="7" type1="6" value1="15" type2="7" value2="15" type3="8" value3="15" type4="13" value4="30" type5="14" value5="15" type6="41" value6="18" type7="1" value7="2" type8="" value8="" type9="" value9="" type10="" value10="" type11="" value11="" type12="" value12="" type13="" value13="" type14="" value14="" type15="" value15="" type16="" value16="" type17="" value17="" type18="" value18="" type19="" value19="" type20="" value20="" type21="" value21=""/>
  <potentiality id="724" grade_1="0" gradeValue_1="2394" grade_2="11" gradeValue_2="2644" grade_3="299" gradeValue_3="2894" grade_4="59" gradeValue_4="4307" grade_5="59" gradeValue_5="4307" max_num="7" type1="9" value1="15" type2="10" value2="15" type3="11" value3="15" type4="15" value4="30" type5="16" value5="36" type6="42" value6="18" type7="1" value7="2" type8="" value8="" type9="" value9="" type10="" value10="" type11="" value11="" type12="" value12="" type13="" value13="" type14="" value14="" type15="" value15="" type16="" value16="" type17="" value17="" type18="" value18="" type19="" value19="" type20="" value20="" type21="" value21=""/>
  <potentiality id="734" grade_1="0" gradeValue_1="2394" grade_2="11" gradeValue_2="2644" grade_3="299" gradeValue_3="2894" grade_4="59" gradeValue_4="4307" grade_5="59" gradeValue_5="4307" max_num="13" type1="6" value1="15" type2="7" value2="15" type3="8" value3="15" type4="9" value4="15" type5="10" value5="15" type6="11" value6="15" type7="13" value7="30" type8="14" value8="15" type9="15" value9="30" type10="16" value10="36" type11="41" value11="18" type12="42" value12="18" type13="1" value13="2" type14="" value14="" type15="" value15="" type16="" value16="" type17="" value17="" type18="" value18="" type19="" value19="" type20="" value20="" type21="" value21=""/>
  <potentiality id="715" grade_1="0" gradeValue_1="4788" grade_2="23" gradeValue_2="5788" grade_3="598" gradeValue_3="6288" grade_4="119" gradeValue_4="9600" grade_5="119" gradeValue_5="9600" max_num="7" type1="6" value1="15" type2="7" value2="15" type3="8" value3="15" type4="13" value4="30" type5="14" value5="15" type6="41" value6="18" type7="1" value7="2" type8="" value8="" type9="" value9="" type10="" value10="" type11="" value11="" type12="" value12="" type13="" value13="" type14="" value14="" type15="" value15="" type16="" value16="" type17="" value17="" type18="" value18="" type19="" value19="" type20="" value20="" type21="" value21=""/>
  <potentiality id="725" grade_1="0" gradeValue_1="2394" grade_2="11" gradeValue_2="2894" grade_3="299" gradeValue_3="3144" grade_4="59" gradeValue_4="4807" grade_5="59" gradeValue_5="4807" max_num="7" type1="9" value1="15" type2="10" value2="15" type3="11" value3="15" type4="15" value4="30" type5="16" value5="36" type6="42" value6="18" type7="1" value7="2" type8="" value8="" type9="" value9="" type10="" value10="" type11="" value11="" type12="" value12="" type13="" value13="" type14="" value14="" type15="" value15="" type16="" value16="" type17="" value17="" type18="" value18="" type19="" value19="" type20="" value20="" type21="" value21=""/>
  <potentiality id="735" grade_1="0" gradeValue_1="2394" grade_2="11" gradeValue_2="2894" grade_3="299" gradeValue_3="3144" grade_4="59" gradeValue_4="4807" grade_5="59" gradeValue_5="4807" max_num="13" type1="6" value1="15" type2="7" value2="15" type3="8" value3="15" type4="9" value4="15" type5="10" value5="15" type6="11" value6="15" type7="13" value7="30" type8="14" value8="15" type9="15" value9="30" type10="16" value10="36" type11="41" value11="18" type12="42" value12="18" type13="1" value13="2" type14="" value14="" type15="" value15="" type16="" value16="" type17="" value17="" type18="" value18="" type19="" value19="" type20="" value20="" type21="" value21=""/>
  <potentiality id="716" grade_1="0" gradeValue_1="4788" grade_2="23" gradeValue_2="6288" grade_3="598" gradeValue_3="6788" grade_4="119" gradeValue_4="10600" grade_5="119" gradeValue_5="10600" max_num="7" type1="6" value1="15" type2="7" value2="15" type3="8" value3="15" type4="13" value4="30" type5="14" value5="15" type6="41" value6="18" type7="1" value7="2" type8="" value8="" type9="" value9="" type10="" value10="" type11="" value11="" type12="" value12="" type13="" value13="" type14="" value14="" type15="" value15="" type16="" value16="" type17="" value17="" type18="" value18="" type19="" value19="" type20="" value20="" type21="" value21=""/>
  <potentiality id="726" grade_1="0" gradeValue_1="2394" grade_2="11" gradeValue_2="3144" grade_3="299" gradeValue_3="3394" grade_4="59" gradeValue_4="5307" grade_5="59" gradeValue_5="5307" max_num="7" type1="9" value1="15" type2="10" value2="15" type3="11" value3="15" type4="15" value4="30" type5="16" value5="36" type6="42" value6="18" type7="1" value7="2" type8="" value8="" type9="" value9="" type10="" value10="" type11="" value11="" type12="" value12="" type13="" value13="" type14="" value14="" type15="" value15="" type16="" value16="" type17="" value17="" type18="" value18="" type19="" value19="" type20="" value20="" type21="" value21=""/>
  <potentiality id="736" grade_1="0" gradeValue_1="2394" grade_2="11" gradeValue_2="3144" grade_3="299" gradeValue_3="3394" grade_4="59" gradeValue_4="5307" grade_5="59" gradeValue_5="5307" max_num="13" type1="6" value1="15" type2="7" value2="15" type3="8" value3="15" type4="9" value4="15" type5="10" value5="15" type6="11" value6="15" type7="13" value7="30" type8="14" value8="15" type9="15" value9="30" type10="16" value10="36" type11="41" value11="18" type12="42" value12="18" type13="1" value13="2" type14="" value14="" type15="" value15="" type16="" value16="" type17="" value17="" type18="" value18="" type19="" value19="" type20="" value20="" type21="" value21=""/>
  <potentiality id="717" grade_1="0" gradeValue_1="4788" grade_2="23" gradeValue_2="6788" grade_3="598" gradeValue_3="7288" grade_4="119" gradeValue_4="11600" grade_5="119" gradeValue_5="11600" max_num="7" type1="6" value1="15" type2="7" value2="15" type3="8" value3="15" type4="13" value4="30" type5="14" value5="15" type6="41" value6="18" type7="1" value7="2" type8="" value8="" type9="" value9="" type10="" value10="" type11="" value11="" type12="" value12="" type13="" value13="" type14="" value14="" type15="" value15="" type16="" value16="" type17="" value17="" type18="" value18="" type19="" value19="" type20="" value20="" type21="" value21=""/>
  <potentiality id="727" grade_1="0" gradeValue_1="2394" grade_2="11" gradeValue_2="3394" grade_3="299" gradeValue_3="3644" grade_4="59" gradeValue_4="5807" grade_5="59" gradeValue_5="5807" max_num="7" type1="9" value1="15" type2="10" value2="15" type3="11" value3="15" type4="15" value4="30" type5="16" value5="36" type6="42" value6="18" type7="1" value7="2" type8="" value8="" type9="" value9="" type10="" value10="" type11="" value11="" type12="" value12="" type13="" value13="" type14="" value14="" type15="" value15="" type16="" value16="" type17="" value17="" type18="" value18="" type19="" value19="" type20="" value20="" type21="" value21=""/>
  <potentiality id="737" grade_1="0" gradeValue_1="2394" grade_2="11" gradeValue_2="3394" grade_3="299" gradeValue_3="3644" grade_4="59" gradeValue_4="5807" grade_5="59" gradeValue_5="5807" max_num="13" type1="6" value1="15" type2="7" value2="15" type3="8" value3="15" type4="9" value4="15" type5="10" value5="15" type6="11" value6="15" type7="13" value7="30" type8="14" value8="15" type9="15" value9="30" type10="16" value10="36" type11="41" value11="18" type12="42" value12="18" type13="1" value13="2" type14="" value14="" type15="" value15="" type16="" value16="" type17="" value17="" type18="" value18="" type19="" value19="" type20="" value20="" type21="" value21=""/>
  <potentiality id="818" grade_1="0" gradeValue_1="5280" grade_2="26" gradeValue_2="7280" grade_3="660" gradeValue_3="7780" grade_4="132" gradeValue_4="12215" grade_5="132" gradeValue_5="12215" max_num="7" type1="6" value1="15" type2="7" value2="15" type3="8" value3="15" type4="13" value4="30" type5="14" value5="15" type6="41" value6="18" type7="1" value7="2" type8="" value8="" type9="" value9="" type10="" value10="" type11="" value11="" type12="" value12="" type13="" value13="" type14="" value14="" type15="" value15="" type16="" value16="" type17="" value17="" type18="" value18="" type19="" value19="" type20="" value20="" type21="" value21=""/>
  <potentiality id="828" grade_1="0" gradeValue_1="2640" grade_2="13" gradeValue_2="3640" grade_3="330" gradeValue_3="3890" grade_4="66" gradeValue_4="6115" grade_5="66" gradeValue_5="6115" max_num="7" type1="9" value1="15" type2="10" value2="15" type3="11" value3="15" type4="15" value4="30" type5="16" value5="36" type6="42" value6="18" type7="1" value7="2" type8="" value8="" type9="" value9="" type10="" value10="" type11="" value11="" type12="" value12="" type13="" value13="" type14="" value14="" type15="" value15="" type16="" value16="" type17="" value17="" type18="" value18="" type19="" value19="" type20="" value20="" type21="" value21=""/>
  <potentiality id="838" grade_1="0" gradeValue_1="2640" grade_2="13" gradeValue_2="3640" grade_3="330" gradeValue_3="3890" grade_4="66" gradeValue_4="6115" grade_5="66" gradeValue_5="6115" max_num="13" type1="6" value1="15" type2="7" value2="15" type3="8" value3="15" type4="9" value4="15" type5="10" value5="15" type6="11" value6="15" type7="13" value7="30" type8="14" value8="15" type9="15" value9="30" type10="16" value10="36" type11="41" value11="18" type12="42" value12="18" type13="1" value13="2" type14="" value14="" type15="" value15="" type16="" value16="" type17="" value17="" type18="" value18="" type19="" value19="" type20="" value20="" type21="" value21=""/>
  <potentiality id="819" grade_1="0" gradeValue_1="5280" grade_2="26" gradeValue_2="7780" grade_3="660" gradeValue_3="8280" grade_4="132" gradeValue_4="13215" grade_5="132" gradeValue_5="13215" max_num="7" type1="6" value1="15" type2="7" value2="15" type3="8" value3="15" type4="13" value4="30" type5="14" value5="15" type6="41" value6="18" type7="1" value7="2" type8="" value8="" type9="" value9="" type10="" value10="" type11="" value11="" type12="" value12="" type13="" value13="" type14="" value14="" type15="" value15="" type16="" value16="" type17="" value17="" type18="" value18="" type19="" value19="" type20="" value20="" type21="" value21=""/>
  <potentiality id="829" grade_1="0" gradeValue_1="2640" grade_2="13" gradeValue_2="3890" grade_3="330" gradeValue_3="4140" grade_4="66" gradeValue_4="6615" grade_5="66" gradeValue_5="6615" max_num="7" type1="9" value1="15" type2="10" value2="15" type3="11" value3="15" type4="15" value4="30" type5="16" value5="36" type6="42" value6="18" type7="1" value7="2" type8="" value8="" type9="" value9="" type10="" value10="" type11="" value11="" type12="" value12="" type13="" value13="" type14="" value14="" type15="" value15="" type16="" value16="" type17="" value17="" type18="" value18="" type19="" value19="" type20="" value20="" type21="" value21=""/>
  <potentiality id="839" grade_1="0" gradeValue_1="2640" grade_2="13" gradeValue_2="3890" grade_3="330" gradeValue_3="4140" grade_4="66" gradeValue_4="6615" grade_5="66" gradeValue_5="6615" max_num="13" type1="6" value1="15" type2="7" value2="15" type3="8" value3="15" type4="9" value4="15" type5="10" value5="15" type6="11" value6="15" type7="13" value7="30" type8="14" value8="15" type9="15" value9="30" type10="16" value10="36" type11="41" value11="18" type12="42" value12="18" type13="1" value13="2" type14="" value14="" type15="" value15="" type16="" value16="" type17="" value17="" type18="" value18="" type19="" value19="" type20="" value20="" type21="" value21=""/>
  <potentiality id="8110" grade_1="0" gradeValue_1="5280" grade_2="26" gradeValue_2="8780" grade_3="660" gradeValue_3="9280" grade_4="132" gradeValue_4="15215" grade_5="132" gradeValue_5="15215" max_num="7" type1="6" value1="15" type2="7" value2="15" type3="8" value3="15" type4="13" value4="30" type5="14" value5="15" type6="41" value6="18" type7="1" value7="2" type8="" value8="" type9="" value9="" type10="" value10="" type11="" value11="" type12="" value12="" type13="" value13="" type14="" value14="" type15="" value15="" type16="" value16="" type17="" value17="" type18="" value18="" type19="" value19="" type20="" value20="" type21="" value21=""/>
  <potentiality id="8210" grade_1="0" gradeValue_1="2640" grade_2="13" gradeValue_2="4390" grade_3="330" gradeValue_3="4640" grade_4="66" gradeValue_4="7615" grade_5="66" gradeValue_5="7615" max_num="7" type1="9" value1="15" type2="10" value2="15" type3="11" value3="15" type4="15" value4="30" type5="16" value5="36" type6="42" value6="18" type7="1" value7="2" type8="" value8="" type9="" value9="" type10="" value10="" type11="" value11="" type12="" value12="" type13="" value13="" type14="" value14="" type15="" value15="" type16="" value16="" type17="" value17="" type18="" value18="" type19="" value19="" type20="" value20="" type21="" value21=""/>
  <potentiality id="8310" grade_1="0" gradeValue_1="2640" grade_2="13" gradeValue_2="4390" grade_3="330" gradeValue_3="4640" grade_4="66" gradeValue_4="7615" grade_5="66" gradeValue_5="7615" max_num="13" type1="6" value1="15" type2="7" value2="15" type3="8" value3="15" type4="9" value4="15" type5="10" value5="15" type6="11" value6="15" type7="13" value7="30" type8="14" value8="15" type9="15" value9="30" type10="16" value10="36" type11="41" value11="18" type12="42" value12="18" type13="1" value13="2" type14="" value14="" type15="" value15="" type16="" value16="" type17="" value17="" type18="" value18="" type19="" value19="" type20="" value20="" type21="" value21=""/>
</root>