<root>
  <prestige_salary level="1" pay="5000" nextLv_need="100000"/>
  <prestige_salary level="2" pay="10000" nextLv_need="200000"/>
  <prestige_salary level="3" pay="20000" nextLv_need="300000"/>
  <prestige_salary level="4" pay="30000" nextLv_need="400000"/>
  <prestige_salary level="5" pay="40000" nextLv_need="500000"/>
  <prestige_salary level="6" pay="50000" nextLv_need="600000"/>
  <prestige_salary level="7" pay="60000" nextLv_need="700000"/>
  <prestige_salary level="8" pay="70000" nextLv_need="800000"/>
  <prestige_salary level="9" pay="80000" nextLv_need="900000"/>
  <prestige_salary level="10" pay="90000" nextLv_need="1000000"/>
  <prestige_salary level="11" pay="100000" nextLv_need="1100000"/>
  <prestige_salary level="12" pay="110000" nextLv_need="1200000"/>
  <prestige_salary level="13" pay="120000" nextLv_need="1300000"/>
  <prestige_salary level="14" pay="130000" nextLv_need="1400000"/>
  <prestige_salary level="15" pay="140000" nextLv_need="1500000"/>
  <prestige_salary level="16" pay="150000" nextLv_need="1600000"/>
  <prestige_salary level="17" pay="160000" nextLv_need="1700000"/>
  <prestige_salary level="18" pay="170000" nextLv_need="1800000"/>
  <prestige_salary level="19" pay="180000" nextLv_need="1900000"/>
  <prestige_salary level="20" pay="190000" nextLv_need="2000000"/>
  <prestige_salary level="21" pay="200000" nextLv_need="2100000"/>
  <prestige_salary level="22" pay="210000" nextLv_need="2200000"/>
  <prestige_salary level="23" pay="220000" nextLv_need="2300000"/>
  <prestige_salary level="24" pay="230000" nextLv_need="2400000"/>
  <prestige_salary level="25" pay="240000" nextLv_need="2500000"/>
  <prestige_salary level="26" pay="250000" nextLv_need="2600000"/>
  <prestige_salary level="27" pay="260000" nextLv_need="2700000"/>
  <prestige_salary level="28" pay="270000" nextLv_need="2800000"/>
  <prestige_salary level="29" pay="280000" nextLv_need="2900000"/>
  <prestige_salary level="30" pay="290000" nextLv_need="3000000"/>
  <prestige_salary level="31" pay="300000" nextLv_need="3100000"/>
  <prestige_salary level="32" pay="310000" nextLv_need="3200000"/>
  <prestige_salary level="33" pay="320000" nextLv_need="3300000"/>
  <prestige_salary level="34" pay="330000" nextLv_need="3400000"/>
  <prestige_salary level="35" pay="340000" nextLv_need="3500000"/>
  <prestige_salary level="36" pay="350000" nextLv_need="3600000"/>
  <prestige_salary level="37" pay="360000" nextLv_need="3700000"/>
  <prestige_salary level="38" pay="370000" nextLv_need="3800000"/>
  <prestige_salary level="39" pay="380000" nextLv_need="3900000"/>
  <prestige_salary level="40" pay="390000" nextLv_need="4000000"/>
  <prestige_salary level="41" pay="400000" nextLv_need="4100000"/>
  <prestige_salary level="42" pay="410000" nextLv_need="4200000"/>
  <prestige_salary level="43" pay="420000" nextLv_need="4300000"/>
  <prestige_salary level="44" pay="430000" nextLv_need="4400000"/>
  <prestige_salary level="45" pay="440000" nextLv_need="4500000"/>
  <prestige_salary level="46" pay="450000" nextLv_need="4600000"/>
  <prestige_salary level="47" pay="460000" nextLv_need="4700000"/>
  <prestige_salary level="48" pay="470000" nextLv_need="4800000"/>
  <prestige_salary level="49" pay="480000" nextLv_need="4900000"/>
  <prestige_salary level="50" pay="490000" nextLv_need="5000000"/>
  <prestige_salary level="51" pay="500000" nextLv_need="5100000"/>
  <prestige_salary level="52" pay="510000" nextLv_need="5200000"/>
  <prestige_salary level="53" pay="520000" nextLv_need="5300000"/>
  <prestige_salary level="54" pay="530000" nextLv_need="5400000"/>
  <prestige_salary level="55" pay="540000" nextLv_need="5500000"/>
  <prestige_salary level="56" pay="550000" nextLv_need="5600000"/>
  <prestige_salary level="57" pay="560000" nextLv_need="5700000"/>
  <prestige_salary level="58" pay="570000" nextLv_need="5800000"/>
  <prestige_salary level="59" pay="580000" nextLv_need="5900000"/>
  <prestige_salary level="60" pay="590000" nextLv_need="6000000"/>
  <prestige_salary level="61" pay="600000" nextLv_need="6100000"/>
  <prestige_salary level="62" pay="610000" nextLv_need="6200000"/>
  <prestige_salary level="63" pay="620000" nextLv_need="6300000"/>
  <prestige_salary level="64" pay="630000" nextLv_need="6400000"/>
  <prestige_salary level="65" pay="640000" nextLv_need="6500000"/>
  <prestige_salary level="66" pay="650000" nextLv_need="6600000"/>
  <prestige_salary level="67" pay="660000" nextLv_need="6700000"/>
  <prestige_salary level="68" pay="670000" nextLv_need="6800000"/>
  <prestige_salary level="69" pay="680000" nextLv_need="6900000"/>
  <prestige_salary level="70" pay="690000" nextLv_need="7000000"/>
  <prestige_salary level="71" pay="700000" nextLv_need="7100000"/>
  <prestige_salary level="72" pay="710000" nextLv_need="7200000"/>
  <prestige_salary level="73" pay="720000" nextLv_need="7300000"/>
  <prestige_salary level="74" pay="730000" nextLv_need="7400000"/>
  <prestige_salary level="75" pay="740000" nextLv_need="7500000"/>
  <prestige_salary level="76" pay="750000" nextLv_need="7600000"/>
  <prestige_salary level="77" pay="760000" nextLv_need="7700000"/>
  <prestige_salary level="78" pay="770000" nextLv_need="7800000"/>
  <prestige_salary level="79" pay="780000" nextLv_need="7900000"/>
  <prestige_salary level="80" pay="790000" nextLv_need="8000000"/>
  <prestige_salary level="81" pay="800000" nextLv_need="8100000"/>
  <prestige_salary level="82" pay="810000" nextLv_need="8200000"/>
  <prestige_salary level="83" pay="820000" nextLv_need="8300000"/>
  <prestige_salary level="84" pay="830000" nextLv_need="8400000"/>
  <prestige_salary level="85" pay="840000" nextLv_need="8500000"/>
  <prestige_salary level="86" pay="850000" nextLv_need="8600000"/>
  <prestige_salary level="87" pay="860000" nextLv_need="8700000"/>
  <prestige_salary level="88" pay="870000" nextLv_need="8800000"/>
  <prestige_salary level="89" pay="880000" nextLv_need="8900000"/>
  <prestige_salary level="90" pay="890000" nextLv_need="9000000"/>
  <prestige_salary level="91" pay="900000" nextLv_need="9100000"/>
  <prestige_salary level="92" pay="910000" nextLv_need="9200000"/>
  <prestige_salary level="93" pay="920000" nextLv_need="9300000"/>
  <prestige_salary level="94" pay="930000" nextLv_need="9400000"/>
  <prestige_salary level="95" pay="940000" nextLv_need="9500000"/>
  <prestige_salary level="96" pay="950000" nextLv_need="9600000"/>
  <prestige_salary level="97" pay="960000" nextLv_need="9700000"/>
  <prestige_salary level="98" pay="970000" nextLv_need="9800000"/>
  <prestige_salary level="99" pay="980000" nextLv_need="9900000"/>
  <prestige_salary level="100" pay="990000" nextLv_need="10000000"/>
  <prestige_salary level="101" pay="1000000" nextLv_need="10100000"/>
  <prestige_salary level="102" pay="1010000" nextLv_need="10200000"/>
  <prestige_salary level="103" pay="1020000" nextLv_need="10300000"/>
  <prestige_salary level="104" pay="1030000" nextLv_need="10400000"/>
  <prestige_salary level="105" pay="1040000" nextLv_need="10500000"/>
  <prestige_salary level="106" pay="1050000" nextLv_need="10600000"/>
  <prestige_salary level="107" pay="1060000" nextLv_need="10700000"/>
  <prestige_salary level="108" pay="1070000" nextLv_need="10800000"/>
  <prestige_salary level="109" pay="1080000" nextLv_need="10900000"/>
  <prestige_salary level="110" pay="1090000" nextLv_need="11000000"/>
  <prestige_salary level="111" pay="1100000" nextLv_need="11100000"/>
  <prestige_salary level="112" pay="1110000" nextLv_need="11200000"/>
  <prestige_salary level="113" pay="1120000" nextLv_need="11300000"/>
  <prestige_salary level="114" pay="1130000" nextLv_need="11400000"/>
  <prestige_salary level="115" pay="1140000" nextLv_need="11500000"/>
  <prestige_salary level="116" pay="1150000" nextLv_need="11600000"/>
  <prestige_salary level="117" pay="1160000" nextLv_need="11700000"/>
  <prestige_salary level="118" pay="1170000" nextLv_need="11800000"/>
  <prestige_salary level="119" pay="1180000" nextLv_need="11900000"/>
  <prestige_salary level="120" pay="1190000" nextLv_need="12000000"/>
  <prestige_salary level="121" pay="1200000" nextLv_need="12100000"/>
  <prestige_salary level="122" pay="1210000" nextLv_need="12200000"/>
  <prestige_salary level="123" pay="1220000" nextLv_need="12300000"/>
  <prestige_salary level="124" pay="1230000" nextLv_need="12400000"/>
  <prestige_salary level="125" pay="1240000" nextLv_need="12500000"/>
  <prestige_salary level="126" pay="1250000" nextLv_need="12600000"/>
  <prestige_salary level="127" pay="1260000" nextLv_need="12700000"/>
  <prestige_salary level="128" pay="1270000" nextLv_need="12800000"/>
  <prestige_salary level="129" pay="1280000" nextLv_need="12900000"/>
  <prestige_salary level="130" pay="1290000" nextLv_need="13000000"/>
  <prestige_salary level="131" pay="1300000" nextLv_need="13100000"/>
  <prestige_salary level="132" pay="1310000" nextLv_need="13200000"/>
  <prestige_salary level="133" pay="1320000" nextLv_need="13300000"/>
  <prestige_salary level="134" pay="1330000" nextLv_need="13400000"/>
  <prestige_salary level="135" pay="1340000" nextLv_need="13500000"/>
  <prestige_salary level="136" pay="1350000" nextLv_need="13600000"/>
  <prestige_salary level="137" pay="1360000" nextLv_need="13700000"/>
  <prestige_salary level="138" pay="1370000" nextLv_need="13800000"/>
  <prestige_salary level="139" pay="1380000" nextLv_need="13900000"/>
  <prestige_salary level="140" pay="1390000" nextLv_need="14000000"/>
  <prestige_salary level="141" pay="1400000" nextLv_need="14100000"/>
  <prestige_salary level="142" pay="1410000" nextLv_need="14200000"/>
  <prestige_salary level="143" pay="1420000" nextLv_need="14300000"/>
  <prestige_salary level="144" pay="1430000" nextLv_need="14400000"/>
  <prestige_salary level="145" pay="1440000" nextLv_need="14500000"/>
  <prestige_salary level="146" pay="1450000" nextLv_need="14600000"/>
  <prestige_salary level="147" pay="1460000" nextLv_need="14700000"/>
  <prestige_salary level="148" pay="1470000" nextLv_need="14800000"/>
  <prestige_salary level="149" pay="1480000" nextLv_need="14900000"/>
  <prestige_salary level="150" pay="1490000" nextLv_need="15000000"/>
  <prestige_salary level="151" pay="1500000" nextLv_need="15100000"/>
  <prestige_salary level="152" pay="1510000" nextLv_need="15200000"/>
  <prestige_salary level="153" pay="1520000" nextLv_need="15300000"/>
  <prestige_salary level="154" pay="1530000" nextLv_need="15400000"/>
  <prestige_salary level="155" pay="1540000" nextLv_need="15500000"/>
  <prestige_salary level="156" pay="1550000" nextLv_need="15600000"/>
  <prestige_salary level="157" pay="1560000" nextLv_need="15700000"/>
  <prestige_salary level="158" pay="1570000" nextLv_need="15800000"/>
  <prestige_salary level="159" pay="1580000" nextLv_need="15900000"/>
  <prestige_salary level="160" pay="1590000" nextLv_need="16000000"/>
  <prestige_salary level="161" pay="1600000" nextLv_need="16100000"/>
  <prestige_salary level="162" pay="1610000" nextLv_need="16200000"/>
  <prestige_salary level="163" pay="1620000" nextLv_need="16300000"/>
  <prestige_salary level="164" pay="1630000" nextLv_need="16400000"/>
  <prestige_salary level="165" pay="1640000" nextLv_need="16500000"/>
  <prestige_salary level="166" pay="1650000" nextLv_need="16600000"/>
  <prestige_salary level="167" pay="1660000" nextLv_need="16700000"/>
  <prestige_salary level="168" pay="1670000" nextLv_need="16800000"/>
  <prestige_salary level="169" pay="1680000" nextLv_need="16900000"/>
  <prestige_salary level="170" pay="1690000" nextLv_need="17000000"/>
  <prestige_salary level="171" pay="1700000" nextLv_need="17100000"/>
  <prestige_salary level="172" pay="1710000" nextLv_need="17200000"/>
  <prestige_salary level="173" pay="1720000" nextLv_need="17300000"/>
  <prestige_salary level="174" pay="1730000" nextLv_need="17400000"/>
  <prestige_salary level="175" pay="1740000" nextLv_need="17500000"/>
  <prestige_salary level="176" pay="1750000" nextLv_need="17600000"/>
  <prestige_salary level="177" pay="1760000" nextLv_need="17700000"/>
  <prestige_salary level="178" pay="1770000" nextLv_need="17800000"/>
  <prestige_salary level="179" pay="1780000" nextLv_need="17900000"/>
  <prestige_salary level="180" pay="1790000" nextLv_need="18000000"/>
  <prestige_salary level="181" pay="1800000" nextLv_need="18100000"/>
  <prestige_salary level="182" pay="1810000" nextLv_need="18200000"/>
  <prestige_salary level="183" pay="1820000" nextLv_need="18300000"/>
  <prestige_salary level="184" pay="1830000" nextLv_need="18400000"/>
  <prestige_salary level="185" pay="1840000" nextLv_need="18500000"/>
  <prestige_salary level="186" pay="1850000" nextLv_need="18600000"/>
  <prestige_salary level="187" pay="1860000" nextLv_need="18700000"/>
  <prestige_salary level="188" pay="1870000" nextLv_need="18800000"/>
  <prestige_salary level="189" pay="1880000" nextLv_need="18900000"/>
  <prestige_salary level="190" pay="1890000" nextLv_need="19000000"/>
  <prestige_salary level="191" pay="1900000" nextLv_need="19100000"/>
  <prestige_salary level="192" pay="1910000" nextLv_need="19200000"/>
  <prestige_salary level="193" pay="1920000" nextLv_need="19300000"/>
  <prestige_salary level="194" pay="1930000" nextLv_need="19400000"/>
  <prestige_salary level="195" pay="1940000" nextLv_need="19500000"/>
  <prestige_salary level="196" pay="1950000" nextLv_need="19600000"/>
  <prestige_salary level="197" pay="1960000" nextLv_need="19700000"/>
  <prestige_salary level="198" pay="1970000" nextLv_need="19800000"/>
  <prestige_salary level="199" pay="1980000" nextLv_need="19900000"/>
  <prestige_salary level="200" pay="1990000" nextLv_need="20000000"/>
</root>