<root>
  <prison_big id="1" name="Đ.ngục Đỏ" des="Phạm nhân tầng này tội không nặng lắm, có một khu rộng như rừng rậm, trên là cây kiếm có lá sắc như dao cắt đứt mọi vật, dưới là cỏ kim giống như kim châm vào da thịt, tù nhân bị nhện độc và cai ngục đuổi và bị những lá cỏ đó đâm chảy máu, chịu giày vò đau đớn. Luffy gặp Buggy ở tầng này." type="" openLevel="0" index="1" openNeedPassID="" passAnimation="" icon="" hideLevelOpenWeight="10000" smallLevelList="1,2,3,4,5,6,7,8,9,10,11,12,13,14,15,16,17,18,19,20,21,22,23,24,25,26,27,28,29,30" whimyshire="4" nextLevel="2"/>
  <prison_big id="2" name="Đ.ngục Ma thú" des="Đặt nhiều mãnh thú hung ác, lớn nhất là Basilik, BOSS là Sphinx, phạm nhân tầng này sớm muộn cũng thành thức ăn cho mãnh thú, Mr.3 bị giam ở tầng này." type="" openLevel="0" index="2" openNeedPassID="1" passAnimation="" icon="" hideLevelOpenWeight="10000" smallLevelList="31,32,33,34,35,36,37,38,39,40,41,42,43,44,45,46,47,48,49,50,51,52,53,54,55,56,57,58,59,60,61,62,63,64,65,66,67,68,69,70" whimyshire="5" nextLevel="3"/>
  <prison_big id="3" name="Đ.ngục Chết đói" des="Khí nóng bị đốt cháy làm đất bị sa hóa, cai ngục không cho phạm nhân bất kì đồ ăn hay năng lượng nào, lâu dần, thi thể sẽ bị sa hóa, biến thành cát." type="" openLevel="0" index="3" openNeedPassID="2" passAnimation="" icon="" hideLevelOpenWeight="10000" smallLevelList="71,72,73,74,75,76,77,78,79,80,81,82,83,84,85,86,87,88,89,90,91,92,93,94,95,96,97,98,99,100,101,102,103,104,105,106,107,108,109,110,111,112,113,114,115,116,117,118,119,120" whimyshire="6" nextLevel="7"/>
  <prison_big id="4" name="Cửa ẩn Đ.ngục Đỏ" des="" type="1" openLevel="" index="1" openNeedPassID="1" passAnimation="" icon="" hideLevelOpenWeight="0" smallLevelList="121,122,123" whimyshire="" nextLevel=""/>
  <prison_big id="5" name="Cửa ẩn Đ.ngục Ma thú" des="" type="1" openLevel="" index="2" openNeedPassID="2" passAnimation="" icon="" hideLevelOpenWeight="0" smallLevelList="124,125,126" whimyshire="" nextLevel=""/>
  <prison_big id="6" name="Cửa ẩn Đ.ngục Chết đói" des="" type="1" openLevel="" index="3" openNeedPassID="3" passAnimation="" icon="" hideLevelOpenWeight="0" smallLevelList="127,128,129" whimyshire="" nextLevel=""/>
  <prison_big id="7" name="Đ.ngục Rực cháy" des="Phòng làm việc của Tổng tư lệnh nhà ngục Impel Down Magellan, nhiệt độ rất cao, giống như chiếc chảo nhiệt khổng lồ, phạm nhân trước khi vào ngục cần phải đốt cháy ở tầng này để khử trùng. MR.1 bị giam ở tầng này." type="" openLevel="0" index="4" openNeedPassID="3" passAnimation="" icon="" hideLevelOpenWeight="10000" smallLevelList="131,132,133,134,135,136,137,138,139,140,141,142,143,144,145,146,147,148,149,150,151,152,153,154,155,156,157,158,159,160,161,162,163,164,165,166,167,168,169,170,171,172,173,174,175,176,177,178,179,180,181,182,183,184,185,186,187,188,189,190" whimyshire="8" nextLevel="9"/>
  <prison_big id="8" name="Cửa ấn Đ.ngục Rực cháy" des="" type="1" openLevel="" index="4" openNeedPassID="7" passAnimation="" icon="" hideLevelOpenWeight="0" smallLevelList="191,192,193,194" whimyshire="" nextLevel=""/>
  <prison_big id="9" name="Đ.ngục Băng Giá" des="Tầng này giam giữ đều là những hải tặc có mức treo thưởng trên hàng trăm triệu, phạm nhân bị nhốt trong môi trường vô cùng lạnh sẽ bị đóng băng rồi chết, ngoài ra khu rừng trong Địa ngục băng giá còn nuôi một đàn “quân sói”. Đáng nhắc đến là, do tầng này nhiệt độ quá thấp nên không lắp đặt sâu truyền tin." type="" openLevel="0" index="5" openNeedPassID="7" passAnimation="" icon="" hideLevelOpenWeight="10000" smallLevelList="195,196,197,198,199,200,201,202,203,204,205,206,207,208,209,210,211,212,213,214,215,216,217,218,219,220,221,222,223,224,225,226,227,228,229,230,231,232,233,234,235,236,237,238,239,240,241,242,243,244,245,246,247,248,249,250,251,252,253,254,255,256,257,258,259,260,261,262,263,264,265,266,267,268,269,270,271,272,273,274" whimyshire="10" nextLevel="11"/>
  <prison_big id="10" name="Cửa ẩn Đ.ngục Băng Giá" des="" type="1" openLevel="" index="5" openNeedPassID="9" passAnimation="" icon="" hideLevelOpenWeight="0" smallLevelList="275,276,277,278" whimyshire="" nextLevel=""/>
  <prison_big id="11" name="Đ.ngục Vĩnh Cửu" des="Phạm nhân ở tầng này bởi quá hung hãn đã bị xóa khỏi lịch sử, toafnbooj đã bị phán tử hình hoặc tù chung thân, phạm nhân ở tầng này do làm những việc quá dã man nên đã bị Chính phủ bí mật bắt giữ, nên người thường cũng không biết có tầng này." type="" openLevel="0" index="6" openNeedPassID="9" passAnimation="" icon="" hideLevelOpenWeight="" smallLevelList="279,280,281,282,283,284,285,286,287,288,289,290,291,292,293,294,295,296,297,298,299,300,301,302,303,304,305,306,307,308,309,310,311,312,313,314,315,316,317,318,319,320,321,322,323" whimyshire="" nextLevel=""/>
</root>