<root>
  <question id="1" name="Tiên nữ đảo Cactus" info="Khi bạn đến bờ biển  đảo Cactus bỗng nhiên có một tiên nữ từ dưới nước xuất hiện và hỏi bạn có phải vừa đánh rơi một cây gậy vàng xuống nước." answer1="Quả là ta bị rơi một cây gậy vàng" prize1="2,10,0" answer2="Tôi nhớ là có một mụ béo làm rơi cái gậy sắt" prize2="7,100,0" answer3="" prize3="" answer4="" prize4=""/>
  <question id="2" name="Cánh tay kỳ quái" info="Bạn đánh bại một tên Hải vương, khi bạn mổ bụng hắn ra thì bất ngờ phát hiện một cánh tay bị bá khí bao bọc. Liệu đó có phải cánh tay trái của Shank?" answer1="Thu lại rồi đem trả Shank" prize1="7,85,0" answer2="Thu về làm bảo vật của tàu" prize2="6,50,1" answer3="" prize3="" answer4="" prize4=""/>
  <question id="3" name="Tàu buôn cầu cứu" info="Bạn nhận được tín hiệu cứu trợ, khi đến nơi thì bạn phát hiện ra thuyền buôn đã bị Hải vương  tấn công" answer1="Đánh lạc hướng bọn chúng từ khu vực thương thuyền" prize1="7,45,0" answer2="Vua hải tặc chuyên trộm đồ từ đằng sau" prize2="6,60,1" answer3="" prize3="" answer4="" prize4=""/>
  <question id="4" name="Sửa cối xay gió" info="Sau trận bão, cối xay gió của Làng Cối Xay Gió đã bị hủ hoại, người dân hy vọng có người sẽ giúp họ sửa chúng." answer1="Giúp đỡ người dân trong thôn sửa chữa" prize1="3,1,0" answer2="Bỏ qua" prize2="7,65,0" answer3="" prize3="" answer4="" prize4=""/>
  <question id="5" name="Cơm cuốn của Rika" info="Rika của thị trấn Shells đang chuẩn bị làm ra một loại cơm cuộn mới, muốn hỏi xem khẩu vị của bạn như thế nào?" answer1="Cho đường vào, thì cơm cuốn sẽ ngọt" prize1="7,85,0" answer2="Đương nhiên phải bỏ muối, không đi theo đường thông thường" prize2="1,90,1" answer3="" prize3="" answer4="" prize4=""/>
  <question id="6" name="Cây thánh giá" info="Quảng trường hải quân của thị trấn Shells dựng lên một  Cây thánh giá, đây là là biểu tượng trấn áp những kẻ phản kháng của đại tá Morgan" answer1="Gỡ bỏ nó" prize1="1,110,1" answer2="Để lại cho hải quân lời cảnh báo về sau" prize2="7,85,0" answer3="" prize3="" answer4="" prize4=""/>
  <question id="7" name="Cửa hàng Pet" info="Bạn đi qua cửa hàng pet ở Thị trấn Cam, bên trong bày rất nhiều loại đồ ăn của pet" answer1="Mua thức ăn có thể tăng thể lực cho Pet" prize1="6,50,1" answer2="Mua loại thức ăn có thể tăng trí tuệ cho Pet " prize2="1,130,1" answer3="" prize3="" answer4="" prize4=""/>
  <question id="8" name="Giúp đỡ thiết kế" info="Thị trấn Cam sau khi bị hải tặc phá hoại, rất nhiều công trình kiến trúc phải được xây dựng lại, thị trưởng đang tìm người giúp đỡ." answer1="Dùng Beri trợ giúp cho trưởng thôn" prize1="7,85,0" answer2="Thu thập gỗ để xây dựng" prize2="1,110,1" answer3="" prize3="" answer4="" prize4=""/>
  <question id="9" name="đứa trẻ hiếu kì" info="Khi bạn đi qua Làng Syrup, một vài đứa trẻ nhỏ khi biết bạn là hải tặc thì vây quanh muốn bạn kể cho nghe những cuộc phiêu lưu mạo hiểm" answer1="Tôi rất bận" prize1="7,45,0" answer2="Lại đây, ăn một cây kẹo gậy nhé" prize2="6,60,1" answer3="" prize3="" answer4="" prize4=""/>
  <question id="10" name="Đóng tàu mới" info="Merry yêu thích công việc đóng  tàu, muốn bạn giúp xem muốn chế tạo tàu thì đầu tiên phải làm như thế nào" answer1="Cá heo đáng yêu" prize1="1,120,1" answer2="Sư tử dũng mãnh" prize2="7,85,0" answer3="" prize3="" answer4="" prize4=""/>
  <question id="11" name="Bệnh hoại huyết" info="Do thiếu rau xanh mà trên thuyền những thuyền viên đều bị bệnh hoại huyết, phải nhanh chóng tìm cách trị bệnh" answer1="Làm nước ép hoa quả" prize1="1,120,1" answer2="Đi tìm Bác sĩ" prize2="7,45,0" answer3="" prize3="" answer4="" prize4=""/>
  <question id="12" name="Sự cám dỗ của mỹ vị" info="Bạn đi qua Nhà hàng trên biển, mùi thơm từ trong nhà hàng bay ra, khiến tất cả các thành viên đều tứa nước miếng ra" answer1="Tránh cám dỗ, nhanh chóng lên đường" prize1="3,1,0" answer2="Lái tàu tới thưởng thức món ngon" prize2="6,100,1" answer3="" prize3="" answer4="" prize4=""/>
  <question id="13" name="Hái cam" info="Lại tới mùa hái cam mỗi năm, Nojiko ở làn Konomi  muốn nhờ bạn giúp họ hái cam" answer1="Tự tay hái cam" prize1="6,60,1" answer2="Gọi các thuyền viên tới hái" prize2="7,65,0" answer3="" prize3="" answer4="" prize4=""/>
  <question id="14" name="bò biển chết đói " info="Bò biển Mohmoo bị mùi  thơm trên thuyền của bạn hấp dẫn, nhìn ánh mắt ướt long lanh của nó xem ra nó đã rất đói rồi." answer1="Tặng cho nó" prize1="7,45,0" answer2="Một chân bay nhảy" prize2="1,130,1" answer3="" prize3="" answer4="" prize4=""/>
  <question id="15" name="Thợ săn tiền thưởng " info="Hai thợ săn tiền thưởng ở Thị trấn Logue đang tranh cãi với nhau về kết quả cuộc thi bắn súng, muốn nhờ bạn xem cái gì mới thật sự là điểm mấu chốt của cuộc thi này." answer1="Tốc độ rút súng" prize1="7,65,0" answer2="Độ bắn chuẩn" prize2="6,60,1" answer3="" prize3="" answer4="" prize4=""/>
  <question id="16" name="Cuộc thi nấu ăn" info="Thị trấn Logue đang tổ chức cuộc thi nấu ăn, tất cả người qua đường đều có thể chọn một món ăn thử, không biết nên ăn món gì?" answer1="Món ăn Trung Quốc" prize1="6,50,1" answer2="Món Tây" prize2="1,130,1" answer3="" prize3="" answer4="" prize4=""/>
  <question id="17" name="Sào huyệt của Hải Vương" info="Chiếc thuyền đã bị lạc vào  Calm Belt ở hai bên Đại hải trình, đây có thể là sào huyệt của Hải Vương" answer1="Trấn tĩnh bản thân, chỉ huy đoàn thuyền rời khỏi vùng biển" prize1="1,90,1" answer2="Nghênh chiến Hải Vương" prize2="2,15,0" answer3="" prize3="" answer4="" prize4=""/>
  <question id="18" name="nạn nhân" info=" Khi bạn đến lối vào núi Reverse, bạn chợt phát hiện có rất nhiều hải tặc đang cầu cứu trên biển" answer1="Cứu bọn họ lên" prize1="1,90,1" answer2="Chỉ giúp người đẹp" prize2="2,10,0" answer3="" prize3="" answer4="" prize4=""/>
  <question id="19" name="Cọ rỉ sắt" info="Cửa sắt của trên người Laboon bị rỉ, mỗi lần mở ra đều rất khó khăn, Crocus đang tìm người giúp cọ rỉ sắt" answer1="Giúp đỡ cọ rỉ sắt" prize1="1,150,1" answer2="Giúp hắn đổi thép không rỉ" prize2="6,50,1" answer3="" prize3="" answer4="" prize4=""/>
  <question id="20" name="Báu vật trong dạ dày" info="Laboon đã nuốt chửng vô số thứ, bao gồm cả một vài hải tặc xấu số, hiện tại có một lượng lớn kho báu ngủ quên trong bụng Laboon" answer1="Tìm bảo" prize1="1,120,1" answer2="Sợ dịch vị mà từ bỏ" prize2="6,50,1" answer3="" prize3="" answer4="" prize4=""/>
  <question id="21" name="Lệch hướng" info="Đột nhiên không tìm thấy La bàn vĩnh cửu, bây giờ con thuyền đã đi lệch hướng rồi" answer1="Dừng thuyền, tìm la bàn rồi hãy nói" prize1="3,1,0" answer2="Đi theo trực giác" prize2="7,100,0" answer3="" prize3="" answer4="" prize4=""/>
  <question id="22" name="Đỉnh núi Cactus" info="Bạn tới đỉnh núi Whisky, phát hiện ra 2 đỉnh núi kì lạ hình Hoa xương rồng" answer1="Do hiếu kì, nên lên núi xem xét" prize1="2,10,0" answer2="Lưu lại trong thôn" prize2="6,100,1" answer3="" prize3="" answer4="" prize4=""/>
  <question id="23" name="Cuộc thi săn bắn" info="Zoro và Sanji đang tiến hành cuộc thi săn bắn ở Little Garden, nhưng không có cách nào để biết được rốt cuộc thì con mồi của ai to hơn" answer1="Khủng long ba sừng của Zoro" prize1="6,50,1" answer2="Khủng long của Sanji" prize2="1,120,1" answer3="" prize3="" answer4="" prize4=""/>
  <question id="24" name="Kẻ ăn đảo" info="Khi bạn đi qua vùng Little Garden phát hiện Kẻ ăn đảo, nghe nói quái vật này có thể một lúc nuốt chửng được một hòn đảo" answer1="Chuẩn bị nghênh chiến" prize1="3,1,0" answer2="Lặng lẽ rời đi" prize2="6,75,1" answer3="" prize3="" answer4="" prize4=""/>
  <question id="25" name="Gấu đi bộ" info="Đảo Drum có một sinh vật kì lạ gọi là Gấu đi bộ, những người leo núi trên  đảo Drum rất hay gặp nó" answer1="Gật đầu ra hiệu" prize1="2,10,0" answer2="Nằm xuống giả chết" prize2="6,75,1" answer3="" prize3="" answer4="" prize4=""/>
  <question id="26" name="Tuyết lở" info="Đảo Drum xảy ra một trận lở tuyết, bạn phát hiện có một con Lapin bị chôn ở trong tuyết" answer1="Đào nó lên" prize1="3,1,0" answer2="Nhanh chóng rời đi" prize2="1,120,1" answer3="" prize3="" answer4="" prize4=""/>
  <question id="27" name="Bột khiêu vũ" info="Phát hiện ra một căn nhà nhỏ trong sa mạc, bên trong lại có một đống bột khiêu vũ, nghe nói loại bột này có thể gọi mây mưa" answer1="Tặng cho người dân bản địa" prize1="7,45,0" answer2="Bán giá cao cho thương nhân" prize2="1,130,1" answer3="" prize3="" answer4="" prize4=""/>
  <question id="28" name="Chim nói dối" info="Sa mạc phía trước có nhiều chim bị rơi xuống đất, xem ra chúng đã quá khát hoặc có thể là loài chim nói dối lừa cướp tài sản" answer1="Cho chúng uống nước" prize1="6,75,1" answer2="Không quan tâm" prize2="2,5,0" answer3="" prize3="" answer4="" prize4=""/>
  <question id="29" name="Lạc đà cứng đầu" info="Có một con lạc đà cứng đầu, sống chết không cho ai cưỡi, chưa ai từng được cưỡi nó" answer1="Kể chuyện cười cho chúng nghe" prize1="1,130,1" answer2="Đánh đến khi nào nó cho cưỡi thì thôi" prize2="3,1,0" answer3="" prize3="" answer4="" prize4=""/>
  <question id="30" name="Sòng bạc" info="Bạn đến Sòng bạc Rainbase, nơi đây khiến bạn có thể trở thành giàu có trong một đêm nhưng cũng có thể trở thành trắng tay chỉ trong nháy mắt" answer1="Thử vận may" prize1="2,10,0" answer2="Từ chối đánh bạc" prize2="1,110,1" answer3="" prize3="" answer4="" prize4=""/>
  <question id="31" name="Di tích sa mạc" info="Bão cát làm cho các di tích chôn vùi trong sa mạc lộ ra, nơi đây có thể chôn giấu nhiều báu vật và cả những bí mật" answer1="Tự mình thám hiểm" prize1="6,60,1" answer2="Phái thuyền viên tới trước" prize2="7,65,0" answer3="" prize3="" answer4="" prize4=""/>
  <question id="32" name="Mật thám" info="Đội tỉ phú của Baroque Workshops muốn trà trộn vào quân phản loạn và quân đội của quốc vương, kích động xung đột hai bên" answer1="Tìm ra gián điệp" prize1="7,65,0" answer2="Ngăn chặn trận chiến" prize2="6,60,1" answer3="" prize3="" answer4="" prize4=""/>
  <question id="33" name="Yêu khí" info="Thủ thủ từ lúc xuất cảng từ một người thương gia bí mật mua được một con dao, được xác định là một con dao yêu ma. Trong khi ra khơi các thủy thủ mua được một con dao từ một thương gia bí mật, thông qua giám định thì đây là một Yêu đao" answer1="Dùng sự ngang ngược để áp chế" prize1="3,1,0" answer2="Tìm một nơi để niêm phong lại" prize2="6,60,1" answer3="" prize3="" answer4="" prize4=""/>
  <question id="34" name="Báo giấy" info="Chim đưa tin đưa tới tờ báo mới nhất, chỉ cần trả 100 Beri là có thể mua được" answer1="Tôi mua rồi!" prize1="6,50,1" answer2="Nướng chim ăn nào" prize2="1,150,1" answer3="" prize3="" answer4="" prize4=""/>
  <question id="35" name="Ẩu đả" info="Quần đảo Gaya thường xuyên xảy ra chuyện hải tặc đánh lộn lẫn nhau, mỗi lần đều ảnh hưởng đến các dân cư vùng lân cận" answer1="Ngăn chặn cuộc ẩu đả" prize1="3,1,0" answer2="Giúp một bên đánh một bên" prize2="1,150,1" answer3="" prize3="" answer4="" prize4=""/>
  <question id="36" name="Đảo cầu vồng" info="Trong chuyến hành trình, bạn phát hiện ra đảo Cầu Vồng trong truyền thuyết, nghe nói thời gian ở đây bị thay đổi, rất nhiều hải tặc đi vào đó đều không thấy trở về." answer1="Vào cuộc tìm kiếm bảo vật" prize1="2,5,0" answer2="Lệnh  cho thủy thủ rời đi" prize2="6,75,1" answer3="" prize3="" answer4="" prize4=""/>
  <question id="37" name="Núi lửa phun trào" info="Hoa tiêu báo cáo, núi lửa dưới đáy biển ở  phía trước sắp phun trào, nếu như không  tránh thì rất có khả năng sẽ bị cuốn vào vòng xoáy" answer1="Thách thức với biển cả!" prize1="2,3,0" answer2="Đợi cho núi lửa phun trào xong" prize2="6,60,1" answer3="" prize3="" answer4="" prize4=""/>
  <question id="38" name="Chiếc tàu cổ quái" info="Một chiếc tàu kỳ lạ rơi từ trên trời xuống, không hề có buồm mà lại có một tay nắm kỳ quái" answer1="Mở ra xem" prize1="7,85,0" answer2="Nghiên cứu trong Viện nghiên cứu tác chiến" prize2="3,1,0" answer3="" prize3="" answer4="" prize4=""/>
  <question id="39" name="Tàn tích dưới đáy biển" info="Liên minh hải tặc khỉ núi mời bạn tham gia cuộc săn tìm kho báu dưới đáy biển, người chiến thắng có thể lấy đi phần thưởng của cả hai bên" answer1="Chấp nhận tỉ thí" prize1="6,50,1" answer2="Thật nhàm chán, tôi bận rồi." prize2="1,110,1" answer3="" prize3="" answer4="" prize4=""/>
  <question id="40" name="Mescaline" info="Thủy thủ sau khi ăn phải một loại xương rồng kỳ lạ, thì nhất định sẽ phải hôn bạn 1 cái , thông qua chẩn đoán của các Bác sĩ trên tàu là một loại xương rồng có tên là Mescaline" answer1="Để cho thuyền viên hoành hành ngang ngược" prize1="2,5,0" answer2="Đánh thức anh ta" prize2="1,110,1" answer3="" prize3="" answer4="" prize4=""/>
  <question id="41" name="Thân cây Adam" info="Thủy thủ tìm được một thân cây rất lạ, bất luận dùng cách nào cũng không thể hủy hoại được nó, thông qua thẩm định thì thân cây quý Adam" answer1="Dùng để trang trí cho tàu chính" prize1="7,45,0" answer2="Bán cho chợ đen kiếm được một khoản tiền" prize2="1,150,1" answer3="" prize3="" answer4="" prize4=""/>
  <question id="42" name="Thuốc độc" info="Bác sĩ trên tàu tìm ra được thành phần tạo thành Thuốc độc,  chỉ cần cho thủy thủ uống một chút có thể làm tăng sinh lực trong thời gian ngắn nhưng lại làm rút ngắn tổn thọ" answer1="Dùng cho việc giết người" prize1="7,100,0" answer2="Vì các thủy thủ, phá hủy công thức" prize2="2,5,0" answer3="" prize3="" answer4="" prize4=""/>
  <question id="43" name="Nấm mọc trên người" info="Các thuyền viên ăn nhầm loại nấm mọc trên người, loại nấm này sau khi ăn thì toàn thân sẽ mọc ra rất nhiều nấm, cuối cùng thì vì hấp thụ khí độc mà chết" answer1="Đốt lửa tưng bừng" prize1="6,50,1" answer2="Dùng tay hái" prize2="1,90,1" answer3="" prize3="" answer4="" prize4=""/>
  <question id="44" name="Tàu hỏa trên biển" info="Lúc ra khơi thì gặp một đoàn tàu hỏa trên biển , nghe nói đoàn tàu này do một người đóng tàu nổi tiếng nhất thế giới chế tạo" answer1="Song hành với xe lửa trên biển" prize1="7,100,0" answer2="Lặng nhìn đoàn tàu rời xa" prize2="2,5,0" answer3="" prize3="" answer4="" prize4=""/>
  <question id="45" name="Bò biển Kungfu" info="Thủy thủ báo cáo nói phía trước có một đoàn quân bò biển chặn đường, những con bò này thích nhất là tìm người tỉ thí võ thuật" answer1="Tỉ thí với bọn họ" prize1="7,100,0" answer2="Bắt một con làm Pet" prize2="2,3,0" answer3="" prize3="" answer4="" prize4=""/>
  <question id="46" name="Bí ngô Skypiea" info="Thủy thủ phát hiện bí ngô đến từ Skypiea, nghe nói thứ đồ ăn này đến cả thần tiên cũng thích ăn" answer1="Ăn thử xem" prize1="6,60,1" answer2="Đem ra chợ đen bán đấu giá" prize2="2,3,0" answer3="" prize3="" answer4="" prize4=""/>
  <question id="47" name="Chiếc còi kì lạ" info="ở Skypiea bạn nhặt được một cái còi kì lạ, không biết thổi lên thì sẽ có chuyện gì xảy ra?" answer1="Thổi thử xem" prize1="1,90,1" answer2="Thận trọng là tốt nhất" prize2="7,45,0" answer3="" prize3="" answer4="" prize4=""/>
  <question id="48" name="Dial Skypiea" info="Vỏ sò ở  Skypiea nhiều sức mạnh khác nhau, phần lớn đều là những con sò mà trước tới giờ các hải tặc vẫn chưa được thấy qua." answer1="Đem đi nghiên cứu" prize1="3,1,0" answer2="Mua với số lượng lớn rồi bán lại" prize2="1,150,1" answer3="" prize3="" answer4="" prize4=""/>
  <question id="49" name="Zombie" info="Trong chuyến hành trình giữa đêm thâu, đột nhiên gặp phải cuộc tấn công của một đoàn thuyền bí mật, mà trên thuyền lại chỉ có đội quân Zombie" answer1="Dùng lửa đốt bọn họ" prize1="7,85,0" answer2="Dùng nước biển tưới bọn họ" prize2="6,50,1" answer3="" prize3="" answer4="" prize4=""/>
  <question id="50" name="Nàng tiên cá" info="Bạn cứu được một Nàng tiên cá bị hải tặc bắt giữ, cô ấy vô cùng cảm ơn bạn,bạn muốn được trả ơn cái gì?" answer1="Lấy anh nhé" prize1="7,100,0" answer2="Nhảy với chúng tôi nhé" prize2="2,15,0" answer3="" prize3="" answer4="" prize4=""/>
</root>