<root>
  <salary level="1" pay="10000" nextLv_need="500000"/>
  <salary level="2" pay="15000" nextLv_need="5000000"/>
  <salary level="3" pay="20000" nextLv_need="10000000"/>
  <salary level="4" pay="25000" nextLv_need="15000000"/>
  <salary level="5" pay="30000" nextLv_need="20000000"/>
  <salary level="6" pay="35000" nextLv_need="25000000"/>
  <salary level="7" pay="40000" nextLv_need="30000000"/>
  <salary level="8" pay="45000" nextLv_need="35000000"/>
  <salary level="9" pay="50000" nextLv_need="40000000"/>
  <salary level="10" pay="55000" nextLv_need="45000000"/>
  <salary level="11" pay="60000" nextLv_need="50000000"/>
  <salary level="12" pay="65000" nextLv_need="55000000"/>
  <salary level="13" pay="70000" nextLv_need="60000000"/>
  <salary level="14" pay="75000" nextLv_need="65000000"/>
  <salary level="15" pay="80000" nextLv_need="70000000"/>
  <salary level="16" pay="85000" nextLv_need="75000000"/>
  <salary level="17" pay="90000" nextLv_need="80000000"/>
  <salary level="18" pay="95000" nextLv_need="85000000"/>
  <salary level="19" pay="100000" nextLv_need="90000000"/>
  <salary level="20" pay="105000" nextLv_need="95000000"/>
  <salary level="21" pay="110000" nextLv_need="100000000"/>
  <salary level="22" pay="115000" nextLv_need="105000000"/>
  <salary level="23" pay="120000" nextLv_need="110000000"/>
  <salary level="24" pay="125000" nextLv_need="115000000"/>
  <salary level="25" pay="130000" nextLv_need="120000000"/>
  <salary level="26" pay="135000" nextLv_need="125000000"/>
  <salary level="27" pay="140000" nextLv_need="130000000"/>
  <salary level="28" pay="145000" nextLv_need="135000000"/>
  <salary level="29" pay="150000" nextLv_need="140000000"/>
  <salary level="30" pay="155000" nextLv_need="145000000"/>
  <salary level="31" pay="160000" nextLv_need="150000000"/>
  <salary level="32" pay="165000" nextLv_need="155000000"/>
  <salary level="33" pay="170000" nextLv_need="160000000"/>
  <salary level="34" pay="175000" nextLv_need="165000000"/>
  <salary level="35" pay="180000" nextLv_need="170000000"/>
  <salary level="36" pay="185000" nextLv_need="175000000"/>
  <salary level="37" pay="190000" nextLv_need="180000000"/>
  <salary level="38" pay="195000" nextLv_need="185000000"/>
  <salary level="39" pay="200000" nextLv_need="190000000"/>
  <salary level="40" pay="205000" nextLv_need="195000000"/>
  <salary level="41" pay="210000" nextLv_need="200000000"/>
  <salary level="42" pay="215000" nextLv_need="205000000"/>
  <salary level="43" pay="220000" nextLv_need="210000000"/>
  <salary level="44" pay="225000" nextLv_need="215000000"/>
  <salary level="45" pay="230000" nextLv_need="220000000"/>
  <salary level="46" pay="235000" nextLv_need="225000000"/>
  <salary level="47" pay="240000" nextLv_need="230000000"/>
  <salary level="48" pay="245000" nextLv_need="235000000"/>
  <salary level="49" pay="250000" nextLv_need="240000000"/>
  <salary level="50" pay="255000" nextLv_need="245000000"/>
  <salary level="51" pay="260000" nextLv_need="250000000"/>
  <salary level="52" pay="265000" nextLv_need="255000000"/>
  <salary level="53" pay="270000" nextLv_need="260000000"/>
  <salary level="54" pay="275000" nextLv_need="265000000"/>
  <salary level="55" pay="280000" nextLv_need="270000000"/>
  <salary level="56" pay="285000" nextLv_need="275000000"/>
  <salary level="57" pay="290000" nextLv_need="280000000"/>
  <salary level="58" pay="295000" nextLv_need="285000000"/>
  <salary level="59" pay="300000" nextLv_need="290000000"/>
  <salary level="60" pay="305000" nextLv_need="295000000"/>
  <salary level="61" pay="310000" nextLv_need="300000000"/>
  <salary level="62" pay="315000" nextLv_need="305000000"/>
  <salary level="63" pay="320000" nextLv_need="310000000"/>
  <salary level="64" pay="325000" nextLv_need="315000000"/>
  <salary level="65" pay="330000" nextLv_need="320000000"/>
  <salary level="66" pay="335000" nextLv_need="325000000"/>
  <salary level="67" pay="340000" nextLv_need="330000000"/>
  <salary level="68" pay="345000" nextLv_need="335000000"/>
  <salary level="69" pay="350000" nextLv_need="340000000"/>
  <salary level="70" pay="355000" nextLv_need="345000000"/>
  <salary level="71" pay="360000" nextLv_need="350000000"/>
  <salary level="72" pay="365000" nextLv_need="355000000"/>
  <salary level="73" pay="370000" nextLv_need="360000000"/>
  <salary level="74" pay="375000" nextLv_need="365000000"/>
  <salary level="75" pay="380000" nextLv_need="370000000"/>
  <salary level="76" pay="385000" nextLv_need="375000000"/>
  <salary level="77" pay="390000" nextLv_need="380000000"/>
  <salary level="78" pay="395000" nextLv_need="385000000"/>
  <salary level="79" pay="400000" nextLv_need="390000000"/>
  <salary level="80" pay="405000" nextLv_need="395000000"/>
  <salary level="81" pay="410000" nextLv_need="400000000"/>
  <salary level="82" pay="415000" nextLv_need="405000000"/>
  <salary level="83" pay="420000" nextLv_need="410000000"/>
  <salary level="84" pay="425000" nextLv_need="415000000"/>
  <salary level="85" pay="430000" nextLv_need="420000000"/>
  <salary level="86" pay="435000" nextLv_need="425000000"/>
  <salary level="87" pay="440000" nextLv_need="430000000"/>
  <salary level="88" pay="445000" nextLv_need="435000000"/>
  <salary level="89" pay="450000" nextLv_need="440000000"/>
  <salary level="90" pay="455000" nextLv_need="445000000"/>
  <salary level="91" pay="460000" nextLv_need="450000000"/>
  <salary level="92" pay="465000" nextLv_need="455000000"/>
  <salary level="93" pay="470000" nextLv_need="460000000"/>
  <salary level="94" pay="475000" nextLv_need="465000000"/>
  <salary level="95" pay="480000" nextLv_need="470000000"/>
  <salary level="96" pay="485000" nextLv_need="475000000"/>
  <salary level="97" pay="490000" nextLv_need="480000000"/>
  <salary level="98" pay="495000" nextLv_need="485000000"/>
  <salary level="99" pay="500000" nextLv_need="490000000"/>
  <salary level="100" pay="505000" nextLv_need="495000000"/>
  <salary level="101" pay="510000" nextLv_need="500000000"/>
  <salary level="102" pay="515000" nextLv_need="505000000"/>
  <salary level="103" pay="520000" nextLv_need="510000000"/>
  <salary level="104" pay="525000" nextLv_need="515000000"/>
  <salary level="105" pay="530000" nextLv_need="520000000"/>
  <salary level="106" pay="535000" nextLv_need="525000000"/>
  <salary level="107" pay="540000" nextLv_need="530000000"/>
  <salary level="108" pay="545000" nextLv_need="535000000"/>
  <salary level="109" pay="550000" nextLv_need="540000000"/>
  <salary level="110" pay="555000" nextLv_need="545000000"/>
  <salary level="111" pay="560000" nextLv_need="550000000"/>
  <salary level="112" pay="565000" nextLv_need="555000000"/>
  <salary level="113" pay="570000" nextLv_need="560000000"/>
  <salary level="114" pay="575000" nextLv_need="565000000"/>
  <salary level="115" pay="580000" nextLv_need="570000000"/>
  <salary level="116" pay="585000" nextLv_need="575000000"/>
  <salary level="117" pay="590000" nextLv_need="580000000"/>
  <salary level="118" pay="595000" nextLv_need="585000000"/>
  <salary level="119" pay="600000" nextLv_need="590000000"/>
  <salary level="120" pay="605000" nextLv_need="595000000"/>
  <salary level="121" pay="610000" nextLv_need="600000000"/>
  <salary level="122" pay="615000" nextLv_need="605000000"/>
  <salary level="123" pay="620000" nextLv_need="610000000"/>
  <salary level="124" pay="625000" nextLv_need="615000000"/>
  <salary level="125" pay="630000" nextLv_need="620000000"/>
  <salary level="126" pay="635000" nextLv_need="625000000"/>
  <salary level="127" pay="640000" nextLv_need="630000000"/>
  <salary level="128" pay="645000" nextLv_need="635000000"/>
  <salary level="129" pay="650000" nextLv_need="640000000"/>
  <salary level="130" pay="655000" nextLv_need="645000000"/>
  <salary level="131" pay="660000" nextLv_need="650000000"/>
  <salary level="132" pay="665000" nextLv_need="655000000"/>
  <salary level="133" pay="670000" nextLv_need="660000000"/>
  <salary level="134" pay="675000" nextLv_need="665000000"/>
  <salary level="135" pay="680000" nextLv_need="670000000"/>
  <salary level="136" pay="685000" nextLv_need="675000000"/>
  <salary level="137" pay="690000" nextLv_need="680000000"/>
  <salary level="138" pay="695000" nextLv_need="685000000"/>
  <salary level="139" pay="700000" nextLv_need="690000000"/>
  <salary level="140" pay="705000" nextLv_need="695000000"/>
  <salary level="141" pay="710000" nextLv_need="700000000"/>
  <salary level="142" pay="715000" nextLv_need="705000000"/>
  <salary level="143" pay="720000" nextLv_need="710000000"/>
  <salary level="144" pay="725000" nextLv_need="715000000"/>
  <salary level="145" pay="730000" nextLv_need="720000000"/>
  <salary level="146" pay="735000" nextLv_need="725000000"/>
  <salary level="147" pay="740000" nextLv_need="730000000"/>
  <salary level="148" pay="745000" nextLv_need="735000000"/>
  <salary level="149" pay="750000" nextLv_need="740000000"/>
  <salary level="150" pay="755000" nextLv_need="745000000"/>
  <salary level="151" pay="760000" nextLv_need="750000000"/>
  <salary level="152" pay="765000" nextLv_need="755000000"/>
  <salary level="153" pay="770000" nextLv_need="760000000"/>
  <salary level="154" pay="775000" nextLv_need="765000000"/>
  <salary level="155" pay="780000" nextLv_need="770000000"/>
  <salary level="156" pay="785000" nextLv_need="775000000"/>
  <salary level="157" pay="790000" nextLv_need="780000000"/>
  <salary level="158" pay="795000" nextLv_need="785000000"/>
  <salary level="159" pay="800000" nextLv_need="790000000"/>
  <salary level="160" pay="805000" nextLv_need="795000000"/>
  <salary level="161" pay="810000" nextLv_need="800000000"/>
  <salary level="162" pay="815000" nextLv_need="805000000"/>
  <salary level="163" pay="820000" nextLv_need="810000000"/>
  <salary level="164" pay="825000" nextLv_need="815000000"/>
  <salary level="165" pay="830000" nextLv_need="820000000"/>
  <salary level="166" pay="835000" nextLv_need="825000000"/>
  <salary level="167" pay="840000" nextLv_need="830000000"/>
  <salary level="168" pay="845000" nextLv_need="835000000"/>
  <salary level="169" pay="850000" nextLv_need="840000000"/>
  <salary level="170" pay="855000" nextLv_need="845000000"/>
  <salary level="171" pay="860000" nextLv_need="850000000"/>
  <salary level="172" pay="865000" nextLv_need="855000000"/>
  <salary level="173" pay="870000" nextLv_need="860000000"/>
  <salary level="174" pay="875000" nextLv_need="865000000"/>
  <salary level="175" pay="880000" nextLv_need="870000000"/>
  <salary level="176" pay="885000" nextLv_need="875000000"/>
  <salary level="177" pay="890000" nextLv_need="880000000"/>
  <salary level="178" pay="895000" nextLv_need="885000000"/>
  <salary level="179" pay="900000" nextLv_need="890000000"/>
  <salary level="180" pay="905000" nextLv_need="895000000"/>
  <salary level="181" pay="910000" nextLv_need="900000000"/>
  <salary level="182" pay="915000" nextLv_need="905000000"/>
  <salary level="183" pay="920000" nextLv_need="910000000"/>
  <salary level="184" pay="925000" nextLv_need="915000000"/>
  <salary level="185" pay="930000" nextLv_need="920000000"/>
  <salary level="186" pay="935000" nextLv_need="925000000"/>
  <salary level="187" pay="940000" nextLv_need="930000000"/>
  <salary level="188" pay="945000" nextLv_need="935000000"/>
  <salary level="189" pay="950000" nextLv_need="940000000"/>
  <salary level="190" pay="955000" nextLv_need="945000000"/>
  <salary level="191" pay="960000" nextLv_need="950000000"/>
  <salary level="192" pay="965000" nextLv_need="955000000"/>
  <salary level="193" pay="970000" nextLv_need="960000000"/>
  <salary level="194" pay="975000" nextLv_need="965000000"/>
  <salary level="195" pay="980000" nextLv_need="970000000"/>
  <salary level="196" pay="985000" nextLv_need="975000000"/>
  <salary level="197" pay="990000" nextLv_need="980000000"/>
  <salary level="198" pay="995000" nextLv_need="985000000"/>
  <salary level="199" pay="1000000" nextLv_need="990000000"/>
  <salary level="200" pay="1005000" nextLv_need="995000000"/>
  <salary level="201" pay="1010000" nextLv_need="1000000000"/>
  <salary level="202" pay="1015000" nextLv_need="1005000000"/>
  <salary level="203" pay="1020000" nextLv_need="1010000000"/>
  <salary level="204" pay="1025000" nextLv_need="1015000000"/>
  <salary level="205" pay="1030000" nextLv_need="1020000000"/>
  <salary level="206" pay="1035000" nextLv_need="1025000000"/>
  <salary level="207" pay="1040000" nextLv_need="1030000000"/>
  <salary level="208" pay="1045000" nextLv_need="1035000000"/>
  <salary level="209" pay="1050000" nextLv_need="1040000000"/>
  <salary level="210" pay="1055000" nextLv_need="1045000000"/>
  <salary level="211" pay="1060000" nextLv_need="1050000000"/>
  <salary level="212" pay="1065000" nextLv_need="1055000000"/>
  <salary level="213" pay="1070000" nextLv_need="1060000000"/>
  <salary level="214" pay="1075000" nextLv_need="1065000000"/>
  <salary level="215" pay="1080000" nextLv_need="1070000000"/>
  <salary level="216" pay="1085000" nextLv_need="1075000000"/>
  <salary level="217" pay="1090000" nextLv_need="1080000000"/>
  <salary level="218" pay="1095000" nextLv_need="1085000000"/>
  <salary level="219" pay="1100000" nextLv_need="1090000000"/>
  <salary level="220" pay="1105000" nextLv_need="1095000000"/>
  <salary level="221" pay="1110000" nextLv_need="1100000000"/>
  <salary level="222" pay="1115000" nextLv_need="1105000000"/>
  <salary level="223" pay="1120000" nextLv_need="1110000000"/>
  <salary level="224" pay="1125000" nextLv_need="1115000000"/>
  <salary level="225" pay="1130000" nextLv_need="1120000000"/>
  <salary level="226" pay="1135000" nextLv_need="1125000000"/>
  <salary level="227" pay="1140000" nextLv_need="1130000000"/>
  <salary level="228" pay="1145000" nextLv_need="1135000000"/>
  <salary level="229" pay="1150000" nextLv_need="1140000000"/>
  <salary level="230" pay="1155000" nextLv_need="1145000000"/>
  <salary level="231" pay="1160000" nextLv_need="1150000000"/>
  <salary level="232" pay="1165000" nextLv_need="1155000000"/>
  <salary level="233" pay="1170000" nextLv_need="1160000000"/>
  <salary level="234" pay="1175000" nextLv_need="1165000000"/>
  <salary level="235" pay="1180000" nextLv_need="1170000000"/>
  <salary level="236" pay="1185000" nextLv_need="1175000000"/>
  <salary level="237" pay="1190000" nextLv_need="1180000000"/>
  <salary level="238" pay="1195000" nextLv_need="1185000000"/>
  <salary level="239" pay="1200000" nextLv_need="1190000000"/>
  <salary level="240" pay="1205000" nextLv_need="1195000000"/>
  <salary level="241" pay="1210000" nextLv_need="1200000000"/>
  <salary level="242" pay="1215000" nextLv_need="1205000000"/>
  <salary level="243" pay="1220000" nextLv_need="1210000000"/>
  <salary level="244" pay="1225000" nextLv_need="1215000000"/>
  <salary level="245" pay="1230000" nextLv_need="1220000000"/>
  <salary level="246" pay="1235000" nextLv_need="1225000000"/>
  <salary level="247" pay="1240000" nextLv_need="1230000000"/>
  <salary level="248" pay="1245000" nextLv_need="1235000000"/>
  <salary level="249" pay="1250000" nextLv_need="1240000000"/>
  <salary level="250" pay="1255000" nextLv_need="1245000000"/>
  <salary level="251" pay="1260000" nextLv_need="1250000000"/>
  <salary level="252" pay="1265000" nextLv_need="1255000000"/>
  <salary level="253" pay="1270000" nextLv_need="1260000000"/>
  <salary level="254" pay="1275000" nextLv_need="1265000000"/>
  <salary level="255" pay="1280000" nextLv_need="1270000000"/>
  <salary level="256" pay="1285000" nextLv_need="1275000000"/>
  <salary level="257" pay="1290000" nextLv_need="1280000000"/>
  <salary level="258" pay="1295000" nextLv_need="1285000000"/>
  <salary level="259" pay="1300000" nextLv_need="1290000000"/>
  <salary level="260" pay="1305000" nextLv_need="1295000000"/>
  <salary level="261" pay="1310000" nextLv_need="1300000000"/>
  <salary level="262" pay="1315000" nextLv_need="1305000000"/>
  <salary level="263" pay="1320000" nextLv_need="1310000000"/>
  <salary level="264" pay="1325000" nextLv_need="1315000000"/>
  <salary level="265" pay="1330000" nextLv_need="1320000000"/>
  <salary level="266" pay="1335000" nextLv_need="1325000000"/>
  <salary level="267" pay="1340000" nextLv_need="1330000000"/>
  <salary level="268" pay="1345000" nextLv_need="1335000000"/>
  <salary level="269" pay="1350000" nextLv_need="1340000000"/>
  <salary level="270" pay="1355000" nextLv_need="1345000000"/>
  <salary level="271" pay="1360000" nextLv_need="1350000000"/>
  <salary level="272" pay="1365000" nextLv_need="1355000000"/>
  <salary level="273" pay="1370000" nextLv_need="1360000000"/>
  <salary level="274" pay="1375000" nextLv_need="1365000000"/>
  <salary level="275" pay="1380000" nextLv_need="1370000000"/>
  <salary level="276" pay="1385000" nextLv_need="1375000000"/>
  <salary level="277" pay="1390000" nextLv_need="1380000000"/>
  <salary level="278" pay="1395000" nextLv_need="1385000000"/>
  <salary level="279" pay="1400000" nextLv_need="1390000000"/>
  <salary level="280" pay="1405000" nextLv_need="1395000000"/>
  <salary level="281" pay="1410000" nextLv_need="1400000000"/>
  <salary level="282" pay="1415000" nextLv_need="1405000000"/>
  <salary level="283" pay="1420000" nextLv_need="1410000000"/>
  <salary level="284" pay="1425000" nextLv_need="1415000000"/>
  <salary level="285" pay="1430000" nextLv_need="1420000000"/>
  <salary level="286" pay="1435000" nextLv_need="1425000000"/>
  <salary level="287" pay="1440000" nextLv_need="1430000000"/>
  <salary level="288" pay="1445000" nextLv_need="1435000000"/>
  <salary level="289" pay="1450000" nextLv_need="1440000000"/>
  <salary level="290" pay="1455000" nextLv_need="1445000000"/>
  <salary level="291" pay="1460000" nextLv_need="1450000000"/>
  <salary level="292" pay="1465000" nextLv_need="1455000000"/>
  <salary level="293" pay="1470000" nextLv_need="1460000000"/>
  <salary level="294" pay="1475000" nextLv_need="1465000000"/>
  <salary level="295" pay="1480000" nextLv_need="1470000000"/>
  <salary level="296" pay="1485000" nextLv_need="1475000000"/>
  <salary level="297" pay="1490000" nextLv_need="1480000000"/>
  <salary level="298" pay="1495000" nextLv_need="1485000000"/>
  <salary level="299" pay="1500000" nextLv_need="1490000000"/>
  <salary level="300" pay="1505000" nextLv_need="1495000000"/>
  <salary level="301" pay="1510000" nextLv_need="1500000000"/>
  <salary level="302" pay="1515000" nextLv_need="1505000000"/>
  <salary level="303" pay="1520000" nextLv_need="1510000000"/>
  <salary level="304" pay="1525000" nextLv_need="1515000000"/>
  <salary level="305" pay="1530000" nextLv_need="1520000000"/>
  <salary level="306" pay="1535000" nextLv_need="1525000000"/>
  <salary level="307" pay="1540000" nextLv_need="1530000000"/>
  <salary level="308" pay="1545000" nextLv_need="1535000000"/>
  <salary level="309" pay="1550000" nextLv_need="1540000000"/>
  <salary level="310" pay="1555000" nextLv_need="1545000000"/>
  <salary level="311" pay="1560000" nextLv_need="1550000000"/>
  <salary level="312" pay="1565000" nextLv_need="1555000000"/>
  <salary level="313" pay="1570000" nextLv_need="1560000000"/>
  <salary level="314" pay="1575000" nextLv_need="1565000000"/>
  <salary level="315" pay="1580000" nextLv_need="1570000000"/>
  <salary level="316" pay="1585000" nextLv_need="1575000000"/>
  <salary level="317" pay="1590000" nextLv_need="1580000000"/>
  <salary level="318" pay="1595000" nextLv_need="1585000000"/>
  <salary level="319" pay="1600000" nextLv_need="1590000000"/>
  <salary level="320" pay="1605000" nextLv_need="1595000000"/>
  <salary level="321" pay="1610000" nextLv_need="1600000000"/>
  <salary level="322" pay="1615000" nextLv_need="1605000000"/>
  <salary level="323" pay="1620000" nextLv_need="1610000000"/>
  <salary level="324" pay="1625000" nextLv_need="1615000000"/>
  <salary level="325" pay="1630000" nextLv_need="1620000000"/>
  <salary level="326" pay="1635000" nextLv_need="1625000000"/>
  <salary level="327" pay="1640000" nextLv_need="1630000000"/>
  <salary level="328" pay="1645000" nextLv_need="1635000000"/>
  <salary level="329" pay="1650000" nextLv_need="1640000000"/>
  <salary level="330" pay="1655000" nextLv_need="1645000000"/>
  <salary level="331" pay="1660000" nextLv_need="1650000000"/>
  <salary level="332" pay="1665000" nextLv_need="1655000000"/>
  <salary level="333" pay="1670000" nextLv_need="1660000000"/>
  <salary level="334" pay="1675000" nextLv_need="1665000000"/>
  <salary level="335" pay="1680000" nextLv_need="1670000000"/>
  <salary level="336" pay="1685000" nextLv_need="1675000000"/>
  <salary level="337" pay="1690000" nextLv_need="1680000000"/>
  <salary level="338" pay="1695000" nextLv_need="1685000000"/>
  <salary level="339" pay="1700000" nextLv_need="1690000000"/>
  <salary level="340" pay="1705000" nextLv_need="1695000000"/>
  <salary level="341" pay="1710000" nextLv_need="1700000000"/>
  <salary level="342" pay="1715000" nextLv_need="1705000000"/>
  <salary level="343" pay="1720000" nextLv_need="1710000000"/>
  <salary level="344" pay="1725000" nextLv_need="1715000000"/>
  <salary level="345" pay="1730000" nextLv_need="1720000000"/>
  <salary level="346" pay="1735000" nextLv_need="1725000000"/>
  <salary level="347" pay="1740000" nextLv_need="1730000000"/>
  <salary level="348" pay="1745000" nextLv_need="1735000000"/>
  <salary level="349" pay="1750000" nextLv_need="1740000000"/>
  <salary level="350" pay="1755000" nextLv_need="1745000000"/>
  <salary level="351" pay="1760000" nextLv_need="1750000000"/>
</root>