<root>
  <sale_item sell_item="1" item="70308|1" start_price="500"/>
  <sale_item sell_item="2" item="121452|10" start_price="500"/>
  <sale_item sell_item="3" item="79009|1" start_price="500"/>
  <sale_item sell_item="4" item="120048|1" start_price="500"/>
  <sale_item sell_item="5" item="70761|1" start_price="9999"/>
  <sale_item sell_item="6" item="2400024|1" start_price="9999"/>
  <sale_item sell_item="7" item="120059|1" start_price="9999"/>
  <sale_item sell_item="8" item="70309|1" start_price="4999"/>
  <sale_item sell_item="9" item="70761|1" start_price="9999"/>
  <sale_item sell_item="10" item="2400024|1" start_price="9999"/>
  <sale_item sell_item="11" item="121452|100" start_price="9999"/>
  <sale_item sell_item="12" item="76200|1" start_price="9999"/>
  <sale_item sell_item="13" item="70761|1" start_price="9999"/>
  <sale_item sell_item="14" item="2400024|1" start_price="9999"/>
  <sale_item sell_item="15" item="120059|1" start_price="9999"/>
  <sale_item sell_item="16" item="70309|1" start_price="4999"/>
  <sale_item sell_item="17" item="70761|1" start_price="9999"/>
  <sale_item sell_item="18" item="2400024|1" start_price="9999"/>
  <sale_item sell_item="19" item="121452|100" start_price="9999"/>
  <sale_item sell_item="20" item="76200|1" start_price="9999"/>
  <sale_item sell_item="21" item="70761|1" start_price="9999"/>
  <sale_item sell_item="22" item="2400024|1" start_price="9999"/>
  <sale_item sell_item="23" item="50052|1" start_price="9999"/>
  <sale_item sell_item="24" item="70309|1" start_price="4999"/>
  <sale_item sell_item="25" item="120059|1" start_price="9999"/>
  <sale_item sell_item="26" item="50051|1" start_price="9999"/>
  <sale_item sell_item="27" item="121452|100" start_price="9999"/>
  <sale_item sell_item="28" item="76200|1" start_price="9999"/>
  <sale_item sell_item="29" item="70761|1" start_price="9999"/>
  <sale_item sell_item="30" item="2400024|1" start_price="9999"/>
  <sale_item sell_item="31" item="50052|1" start_price="9999"/>
  <sale_item sell_item="32" item="70309|1" start_price="4999"/>
  <sale_item sell_item="33" item="120059|1" start_price="9999"/>
  <sale_item sell_item="34" item="50051|1" start_price="9999"/>
  <sale_item sell_item="35" item="121452|100" start_price="9999"/>
  <sale_item sell_item="36" item="76200|1" start_price="9999"/>
  <sale_item sell_item="37" item="70761|1" start_price="9999"/>
  <sale_item sell_item="38" item="2400024|1" start_price="9999"/>
  <sale_item sell_item="39" item="50052|1" start_price="9999"/>
  <sale_item sell_item="40" item="70309|1" start_price="4999"/>
  <sale_item sell_item="41" item="70761|1" start_price="9999"/>
  <sale_item sell_item="42" item="2400024|1" start_price="9999"/>
  <sale_item sell_item="43" item="50053|1" start_price="9999"/>
  <sale_item sell_item="44" item="70309|1" start_price="4999"/>
  <sale_item sell_item="45" item="120059|1" start_price="9999"/>
  <sale_item sell_item="46" item="70810|1" start_price="9999"/>
  <sale_item sell_item="47" item="121452|100" start_price="9999"/>
  <sale_item sell_item="48" item="76200|1" start_price="9999"/>
  <sale_item sell_item="49" item="70761|1" start_price="9999"/>
  <sale_item sell_item="50" item="2400024|1" start_price="9999"/>
  <sale_item sell_item="51" item="50054|1" start_price="9999"/>
  <sale_item sell_item="52" item="70309|1" start_price="4999"/>
  <sale_item sell_item="53" item="120059|1" start_price="9999"/>
  <sale_item sell_item="54" item="50055|1" start_price="9999"/>
  <sale_item sell_item="55" item="121452|100" start_price="9999"/>
  <sale_item sell_item="56" item="76200|1" start_price="9999"/>
  <sale_item sell_item="57" item="70761|1" start_price="9999"/>
  <sale_item sell_item="58" item="2400024|1" start_price="9999"/>
  <sale_item sell_item="59" item="50056|1" start_price="9999"/>
  <sale_item sell_item="60" item="70309|1" start_price="4999"/>
  <sale_item sell_item="61" item="70763|1" start_price="9999"/>
  <sale_item sell_item="62" item="2400024|1" start_price="9999"/>
  <sale_item sell_item="63" item="50052|1" start_price="9999"/>
  <sale_item sell_item="64" item="70309|1" start_price="4999"/>
  <sale_item sell_item="65" item="79120|35" start_price="500"/>
  <sale_item sell_item="66" item="50043|20" start_price="999"/>
  <sale_item sell_item="67" item="50058|1" start_price="999"/>
  <sale_item sell_item="68" item="50041|30" start_price="999"/>
  <sale_item sell_item="69" item="70761|1" start_price="9999"/>
  <sale_item sell_item="70" item="120059|1" start_price="9999"/>
  <sale_item sell_item="71" item="50051|1" start_price="9999"/>
  <sale_item sell_item="72" item="121452|100" start_price="9999"/>
  <sale_item sell_item="73" item="76200|1" start_price="9999"/>
  <sale_item sell_item="74" item="79119|35" start_price="999"/>
  <sale_item sell_item="75" item="50044|15" start_price="999"/>
  <sale_item sell_item="76" item="50059|1" start_price="999"/>
  <sale_item sell_item="77" item="120019|120" start_price="999"/>
  <sale_item sell_item="78" item="70763|1" start_price="9999"/>
  <sale_item sell_item="79" item="2400024|1" start_price="9999"/>
  <sale_item sell_item="80" item="50052|1" start_price="9999"/>
  <sale_item sell_item="81" item="70309|1" start_price="4999"/>
  <sale_item sell_item="82" item="121452|10" start_price="500"/>
  <sale_item sell_item="83" item="76203|1" start_price="999"/>
  <sale_item sell_item="84" item="50060|1" start_price="999"/>
  <sale_item sell_item="85" item="50042|30" start_price="999"/>
  <sale_item sell_item="86" item="70761|1" start_price="9999"/>
  <sale_item sell_item="87" item="120059|1" start_price="9999"/>
  <sale_item sell_item="88" item="50051|1" start_price="9999"/>
  <sale_item sell_item="89" item="121452|100" start_price="9999"/>
  <sale_item sell_item="90" item="76200|1" start_price="9999"/>
  <sale_item sell_item="91" item="79120|35" start_price="500"/>
  <sale_item sell_item="92" item="50043|20" start_price="999"/>
  <sale_item sell_item="93" item="50058|1" start_price="999"/>
  <sale_item sell_item="94" item="50041|30" start_price="999"/>
  <sale_item sell_item="95" item="70763|1" start_price="9999"/>
  <sale_item sell_item="96" item="2400024|1" start_price="9999"/>
  <sale_item sell_item="97" item="50052|1" start_price="9999"/>
  <sale_item sell_item="98" item="70309|1" start_price="4999"/>
  <sale_item sell_item="99" item="121452|10" start_price="500"/>
  <sale_item sell_item="100" item="76203|1" start_price="999"/>
  <sale_item sell_item="101" item="50060|1" start_price="999"/>
  <sale_item sell_item="102" item="50042|30" start_price="999"/>
  <sale_item sell_item="103" item="70763|1" start_price="9999"/>
  <sale_item sell_item="104" item="2400024|1" start_price="9999"/>
  <sale_item sell_item="105" item="50052|1" start_price="9999"/>
  <sale_item sell_item="106" item="70309|1" start_price="4999"/>
  <sale_item sell_item="107" item="79120|35" start_price="500"/>
  <sale_item sell_item="108" item="50043|20" start_price="999"/>
  <sale_item sell_item="109" item="50058|1" start_price="999"/>
  <sale_item sell_item="110" item="50041|30" start_price="999"/>
  <sale_item sell_item="111" item="1291038|10" start_price="499"/>
  <sale_item sell_item="112" item="1291038|10" start_price="499"/>
  <sale_item sell_item="113" item="1291038|10" start_price="499"/>
  <sale_item sell_item="114" item="1291038|10" start_price="499"/>
  <sale_item sell_item="115" item="1291038|10" start_price="499"/>
  <sale_item sell_item="116" item="70761|1" start_price="9999"/>
  <sale_item sell_item="117" item="120059|1" start_price="9999"/>
  <sale_item sell_item="118" item="50051|1" start_price="9999"/>
  <sale_item sell_item="119" item="121452|100" start_price="9999"/>
  <sale_item sell_item="120" item="76200|1" start_price="9999"/>
  <sale_item sell_item="121" item="79119|35" start_price="200"/>
  <sale_item sell_item="122" item="50044|15" start_price="999"/>
  <sale_item sell_item="123" item="50059|1" start_price="999"/>
  <sale_item sell_item="124" item="120019|120" start_price="999"/>
  <sale_item sell_item="125" item="1291038|10" start_price="499"/>
  <sale_item sell_item="126" item="1291038|10" start_price="499"/>
  <sale_item sell_item="127" item="1291038|10" start_price="499"/>
  <sale_item sell_item="128" item="1291038|10" start_price="499"/>
  <sale_item sell_item="129" item="1291038|10" start_price="499"/>
  <sale_item sell_item="130" item="70763|1" start_price="9999"/>
  <sale_item sell_item="131" item="2400024|1" start_price="9999"/>
  <sale_item sell_item="132" item="50054|1" start_price="9999"/>
  <sale_item sell_item="133" item="70309|1" start_price="4999"/>
  <sale_item sell_item="134" item="121452|10" start_price="500"/>
  <sale_item sell_item="135" item="76203|1" start_price="999"/>
  <sale_item sell_item="136" item="50060|1" start_price="999"/>
  <sale_item sell_item="137" item="50042|30" start_price="999"/>
  <sale_item sell_item="138" item="1291038|10" start_price="499"/>
  <sale_item sell_item="139" item="1291038|10" start_price="499"/>
  <sale_item sell_item="140" item="1291038|10" start_price="499"/>
  <sale_item sell_item="141" item="1291038|10" start_price="499"/>
  <sale_item sell_item="142" item="1291038|10" start_price="499"/>
  <sale_item sell_item="143" item="70761|1" start_price="9999"/>
  <sale_item sell_item="144" item="120059|1" start_price="9999"/>
  <sale_item sell_item="145" item="50055|1" start_price="9999"/>
  <sale_item sell_item="146" item="121452|100" start_price="9999"/>
  <sale_item sell_item="147" item="76200|1" start_price="9999"/>
  <sale_item sell_item="148" item="79120|35" start_price="500"/>
  <sale_item sell_item="149" item="50043|20" start_price="999"/>
  <sale_item sell_item="150" item="50058|1" start_price="999"/>
  <sale_item sell_item="151" item="50041|30" start_price="999"/>
  <sale_item sell_item="152" item="1291038|10" start_price="499"/>
  <sale_item sell_item="153" item="1291038|10" start_price="499"/>
  <sale_item sell_item="154" item="1291038|10" start_price="499"/>
  <sale_item sell_item="155" item="1291038|10" start_price="499"/>
  <sale_item sell_item="156" item="1291038|10" start_price="499"/>
  <sale_item sell_item="157" item="70763|1" start_price="9999"/>
  <sale_item sell_item="158" item="2400024|1" start_price="9999"/>
  <sale_item sell_item="159" item="50056|1" start_price="9999"/>
  <sale_item sell_item="160" item="70309|1" start_price="4999"/>
  <sale_item sell_item="161" item="121452|10" start_price="500"/>
  <sale_item sell_item="162" item="76203|1" start_price="999"/>
  <sale_item sell_item="163" item="50060|1" start_price="999"/>
  <sale_item sell_item="164" item="50042|30" start_price="999"/>
  <sale_item sell_item="165" item="1291038|10" start_price="499"/>
  <sale_item sell_item="166" item="1291038|10" start_price="499"/>
  <sale_item sell_item="167" item="1291038|10" start_price="499"/>
  <sale_item sell_item="168" item="1291038|10" start_price="499"/>
  <sale_item sell_item="169" item="1291038|10" start_price="499"/>
  <sale_item sell_item="170" item="70763|1" start_price="9999"/>
  <sale_item sell_item="171" item="2400024|1" start_price="9999"/>
  <sale_item sell_item="172" item="50052|1" start_price="9999"/>
  <sale_item sell_item="173" item="70309|1" start_price="4999"/>
  <sale_item sell_item="174" item="79120|35" start_price="500"/>
  <sale_item sell_item="175" item="50043|20" start_price="999"/>
  <sale_item sell_item="176" item="50058|1" start_price="999"/>
  <sale_item sell_item="177" item="50041|30" start_price="999"/>
  <sale_item sell_item="178" item="129309|50" start_price="9999"/>
  <sale_item sell_item="179" item="129308|50" start_price="999"/>
  <sale_item sell_item="180" item="129307|200" start_price="299"/>
  <sale_item sell_item="181" item="1291038|10" start_price="499"/>
  <sale_item sell_item="182" item="1291038|10" start_price="499"/>
  <sale_item sell_item="183" item="1291038|10" start_price="499"/>
  <sale_item sell_item="184" item="1291038|10" start_price="499"/>
  <sale_item sell_item="185" item="1291038|10" start_price="499"/>
  <sale_item sell_item="186" item="70761|1" start_price="9999"/>
  <sale_item sell_item="187" item="120059|1" start_price="9999"/>
  <sale_item sell_item="188" item="50051|1" start_price="9999"/>
  <sale_item sell_item="189" item="121452|100" start_price="9999"/>
  <sale_item sell_item="190" item="76200|1" start_price="9999"/>
  <sale_item sell_item="191" item="79119|35" start_price="200"/>
  <sale_item sell_item="192" item="50044|15" start_price="999"/>
  <sale_item sell_item="193" item="50059|1" start_price="999"/>
  <sale_item sell_item="194" item="120019|120" start_price="999"/>
  <sale_item sell_item="195" item="129309|50" start_price="9999"/>
  <sale_item sell_item="196" item="129308|50" start_price="999"/>
  <sale_item sell_item="197" item="129307|200" start_price="299"/>
  <sale_item sell_item="198" item="1291038|10" start_price="499"/>
  <sale_item sell_item="199" item="1291038|10" start_price="499"/>
  <sale_item sell_item="200" item="1291038|10" start_price="499"/>
  <sale_item sell_item="201" item="1291038|10" start_price="499"/>
  <sale_item sell_item="202" item="1291038|10" start_price="499"/>
  <sale_item sell_item="203" item="70763|1" start_price="9999"/>
  <sale_item sell_item="204" item="2400024|1" start_price="9999"/>
  <sale_item sell_item="205" item="50054|1" start_price="9999"/>
  <sale_item sell_item="206" item="70309|1" start_price="4999"/>
  <sale_item sell_item="207" item="121452|10" start_price="500"/>
  <sale_item sell_item="208" item="76203|1" start_price="999"/>
  <sale_item sell_item="209" item="50060|1" start_price="999"/>
  <sale_item sell_item="210" item="50042|30" start_price="999"/>
  <sale_item sell_item="211" item="129309|50" start_price="9999"/>
  <sale_item sell_item="212" item="129308|50" start_price="999"/>
  <sale_item sell_item="213" item="129307|200" start_price="299"/>
  <sale_item sell_item="214" item="1291038|10" start_price="499"/>
  <sale_item sell_item="215" item="1291038|10" start_price="499"/>
  <sale_item sell_item="216" item="1291038|10" start_price="499"/>
  <sale_item sell_item="217" item="1291038|10" start_price="499"/>
  <sale_item sell_item="218" item="1291038|10" start_price="499"/>
  <sale_item sell_item="219" item="70761|1" start_price="9999"/>
  <sale_item sell_item="220" item="120059|1" start_price="9999"/>
  <sale_item sell_item="221" item="50055|1" start_price="9999"/>
  <sale_item sell_item="222" item="121452|100" start_price="9999"/>
  <sale_item sell_item="223" item="76200|1" start_price="9999"/>
  <sale_item sell_item="224" item="79120|35" start_price="500"/>
  <sale_item sell_item="225" item="50043|20" start_price="999"/>
  <sale_item sell_item="226" item="50058|1" start_price="999"/>
  <sale_item sell_item="227" item="50041|30" start_price="999"/>
  <sale_item sell_item="228" item="129309|50" start_price="9999"/>
  <sale_item sell_item="229" item="129308|50" start_price="999"/>
  <sale_item sell_item="230" item="129307|200" start_price="299"/>
  <sale_item sell_item="231" item="1291038|10" start_price="499"/>
  <sale_item sell_item="232" item="1291038|10" start_price="499"/>
  <sale_item sell_item="233" item="1291038|10" start_price="499"/>
  <sale_item sell_item="234" item="1291038|10" start_price="499"/>
  <sale_item sell_item="235" item="1291038|10" start_price="499"/>
  <sale_item sell_item="236" item="70763|1" start_price="9999"/>
  <sale_item sell_item="237" item="2400024|1" start_price="9999"/>
  <sale_item sell_item="238" item="50056|1" start_price="9999"/>
  <sale_item sell_item="239" item="70309|1" start_price="4999"/>
  <sale_item sell_item="240" item="121452|10" start_price="500"/>
  <sale_item sell_item="241" item="76203|1" start_price="999"/>
  <sale_item sell_item="242" item="50060|1" start_price="999"/>
  <sale_item sell_item="243" item="50042|30" start_price="999"/>
  <sale_item sell_item="244" item="1291038|10" start_price="499"/>
  <sale_item sell_item="245" item="1291038|10" start_price="499"/>
  <sale_item sell_item="246" item="1291038|10" start_price="499"/>
  <sale_item sell_item="247" item="1291038|10" start_price="499"/>
  <sale_item sell_item="248" item="1291038|10" start_price="499"/>
  <sale_item sell_item="249" item="129309|50" start_price="9999"/>
  <sale_item sell_item="250" item="129308|50" start_price="999"/>
  <sale_item sell_item="251" item="129307|200" start_price="299"/>
  <sale_item sell_item="252" item="70763|1" start_price="9999"/>
  <sale_item sell_item="253" item="2400024|1" start_price="9999"/>
  <sale_item sell_item="254" item="2217209|1" start_price="9999"/>
  <sale_item sell_item="255" item="2227209|1" start_price="9999"/>
  <sale_item sell_item="256" item="2237209|1" start_price="9999"/>
  <sale_item sell_item="257" item="50052|1" start_price="9999"/>
  <sale_item sell_item="258" item="70309|1" start_price="4999"/>
  <sale_item sell_item="259" item="79120|35" start_price="500"/>
  <sale_item sell_item="260" item="50043|20" start_price="999"/>
  <sale_item sell_item="261" item="50058|1" start_price="999"/>
  <sale_item sell_item="262" item="129309|50" start_price="9999"/>
  <sale_item sell_item="263" item="129308|50" start_price="999"/>
  <sale_item sell_item="264" item="129307|200" start_price="299"/>
  <sale_item sell_item="265" item="1291038|10" start_price="499"/>
  <sale_item sell_item="266" item="1291038|10" start_price="499"/>
  <sale_item sell_item="267" item="1291038|10" start_price="499"/>
  <sale_item sell_item="268" item="1291038|10" start_price="499"/>
  <sale_item sell_item="269" item="1291038|10" start_price="499"/>
  <sale_item sell_item="270" item="70761|1" start_price="9999"/>
  <sale_item sell_item="271" item="120059|1" start_price="9999"/>
  <sale_item sell_item="272" item="2247209|1" start_price="9999"/>
  <sale_item sell_item="273" item="2257209|1" start_price="9999"/>
  <sale_item sell_item="274" item="2267209|1" start_price="9999"/>
  <sale_item sell_item="275" item="50051|1" start_price="9999"/>
  <sale_item sell_item="276" item="121452|100" start_price="9999"/>
  <sale_item sell_item="277" item="76200|1" start_price="9999"/>
  <sale_item sell_item="278" item="79119|35" start_price="200"/>
  <sale_item sell_item="279" item="50044|15" start_price="999"/>
  <sale_item sell_item="280" item="50059|1" start_price="999"/>
  <sale_item sell_item="281" item="129309|50" start_price="9999"/>
  <sale_item sell_item="282" item="129308|50" start_price="999"/>
  <sale_item sell_item="283" item="129307|200" start_price="299"/>
  <sale_item sell_item="284" item="1291038|10" start_price="499"/>
  <sale_item sell_item="285" item="1291038|10" start_price="499"/>
  <sale_item sell_item="286" item="1291038|10" start_price="499"/>
  <sale_item sell_item="287" item="1291038|10" start_price="499"/>
  <sale_item sell_item="288" item="1291038|10" start_price="499"/>
  <sale_item sell_item="289" item="70763|1" start_price="9999"/>
  <sale_item sell_item="290" item="2400024|1" start_price="9999"/>
  <sale_item sell_item="291" item="2217209|1" start_price="9999"/>
  <sale_item sell_item="292" item="2227209|1" start_price="9999"/>
  <sale_item sell_item="293" item="2237209|1" start_price="9999"/>
  <sale_item sell_item="294" item="50054|1" start_price="9999"/>
  <sale_item sell_item="295" item="70309|1" start_price="4999"/>
  <sale_item sell_item="296" item="121452|10" start_price="500"/>
  <sale_item sell_item="297" item="76203|1" start_price="999"/>
  <sale_item sell_item="298" item="50060|1" start_price="999"/>
  <sale_item sell_item="299" item="129309|50" start_price="9999"/>
  <sale_item sell_item="300" item="129308|50" start_price="999"/>
  <sale_item sell_item="301" item="129307|200" start_price="299"/>
  <sale_item sell_item="302" item="1291038|10" start_price="499"/>
  <sale_item sell_item="303" item="1291038|10" start_price="499"/>
  <sale_item sell_item="304" item="1291038|10" start_price="499"/>
  <sale_item sell_item="305" item="1291038|10" start_price="499"/>
  <sale_item sell_item="306" item="1291038|10" start_price="499"/>
  <sale_item sell_item="307" item="70761|1" start_price="9999"/>
  <sale_item sell_item="308" item="120059|1" start_price="9999"/>
  <sale_item sell_item="309" item="2247209|1" start_price="9999"/>
  <sale_item sell_item="310" item="2257209|1" start_price="9999"/>
  <sale_item sell_item="311" item="2267209|1" start_price="9999"/>
  <sale_item sell_item="312" item="50055|1" start_price="9999"/>
  <sale_item sell_item="313" item="121452|100" start_price="9999"/>
  <sale_item sell_item="314" item="76200|1" start_price="9999"/>
  <sale_item sell_item="315" item="79120|35" start_price="500"/>
  <sale_item sell_item="316" item="50043|20" start_price="999"/>
  <sale_item sell_item="317" item="50058|1" start_price="999"/>
  <sale_item sell_item="318" item="129309|50" start_price="9999"/>
  <sale_item sell_item="319" item="129308|50" start_price="999"/>
  <sale_item sell_item="320" item="129307|200" start_price="299"/>
  <sale_item sell_item="321" item="1291038|10" start_price="499"/>
  <sale_item sell_item="322" item="1291038|10" start_price="499"/>
  <sale_item sell_item="323" item="1291038|10" start_price="499"/>
  <sale_item sell_item="324" item="1291038|10" start_price="499"/>
  <sale_item sell_item="325" item="1291038|10" start_price="499"/>
  <sale_item sell_item="326" item="70763|1" start_price="9999"/>
  <sale_item sell_item="327" item="2400024|1" start_price="9999"/>
  <sale_item sell_item="328" item="2217209|1" start_price="9999"/>
  <sale_item sell_item="329" item="2227209|1" start_price="9999"/>
  <sale_item sell_item="330" item="2237209|1" start_price="9999"/>
  <sale_item sell_item="331" item="2247209|1" start_price="9999"/>
  <sale_item sell_item="332" item="2257209|1" start_price="9999"/>
  <sale_item sell_item="333" item="2267209|1" start_price="9999"/>
  <sale_item sell_item="334" item="50056|1" start_price="9999"/>
  <sale_item sell_item="335" item="70309|1" start_price="4999"/>
  <sale_item sell_item="336" item="121452|10" start_price="500"/>
  <sale_item sell_item="337" item="76203|1" start_price="999"/>
  <sale_item sell_item="338" item="50060|1" start_price="999"/>
  <sale_item sell_item="339" item="1291038|10" start_price="499"/>
  <sale_item sell_item="340" item="1291038|10" start_price="499"/>
  <sale_item sell_item="341" item="1291038|10" start_price="499"/>
  <sale_item sell_item="342" item="1291038|10" start_price="499"/>
  <sale_item sell_item="343" item="1291038|10" start_price="499"/>
  <sale_item sell_item="344" item="129309|50" start_price="9999"/>
  <sale_item sell_item="345" item="129308|50" start_price="999"/>
  <sale_item sell_item="346" item="129307|200" start_price="299"/>
  <sale_item sell_item="347" item="70763|1" start_price="9999"/>
  <sale_item sell_item="348" item="2400024|1" start_price="9999"/>
  <sale_item sell_item="349" item="2217109|1" start_price="9999"/>
  <sale_item sell_item="350" item="2227109|1" start_price="9999"/>
  <sale_item sell_item="351" item="2237109|1" start_price="9999"/>
  <sale_item sell_item="352" item="50052|1" start_price="9999"/>
  <sale_item sell_item="353" item="70309|1" start_price="4999"/>
  <sale_item sell_item="354" item="79120|35" start_price="500"/>
  <sale_item sell_item="355" item="50043|20" start_price="999"/>
  <sale_item sell_item="356" item="50058|1" start_price="999"/>
  <sale_item sell_item="357" item="129309|50" start_price="9999"/>
  <sale_item sell_item="358" item="129308|50" start_price="999"/>
  <sale_item sell_item="359" item="129307|200" start_price="299"/>
  <sale_item sell_item="360" item="1291038|10" start_price="499"/>
  <sale_item sell_item="361" item="1291038|10" start_price="499"/>
  <sale_item sell_item="362" item="1291038|10" start_price="499"/>
  <sale_item sell_item="363" item="1291038|10" start_price="499"/>
  <sale_item sell_item="364" item="1291038|10" start_price="499"/>
  <sale_item sell_item="365" item="70761|1" start_price="9999"/>
  <sale_item sell_item="366" item="120059|1" start_price="9999"/>
  <sale_item sell_item="367" item="2247109|1" start_price="9999"/>
  <sale_item sell_item="368" item="2257109|1" start_price="9999"/>
  <sale_item sell_item="369" item="2267109|1" start_price="9999"/>
  <sale_item sell_item="370" item="50051|1" start_price="9999"/>
  <sale_item sell_item="371" item="121452|100" start_price="9999"/>
  <sale_item sell_item="372" item="76200|1" start_price="9999"/>
  <sale_item sell_item="373" item="79119|35" start_price="200"/>
  <sale_item sell_item="374" item="50044|15" start_price="999"/>
  <sale_item sell_item="375" item="50059|1" start_price="999"/>
  <sale_item sell_item="376" item="129309|50" start_price="9999"/>
  <sale_item sell_item="377" item="129308|50" start_price="999"/>
  <sale_item sell_item="378" item="129307|200" start_price="299"/>
  <sale_item sell_item="379" item="1291038|10" start_price="499"/>
  <sale_item sell_item="380" item="1291038|10" start_price="499"/>
  <sale_item sell_item="381" item="1291038|10" start_price="499"/>
  <sale_item sell_item="382" item="1291038|10" start_price="499"/>
  <sale_item sell_item="383" item="1291038|10" start_price="499"/>
  <sale_item sell_item="384" item="70763|1" start_price="9999"/>
  <sale_item sell_item="385" item="2400024|1" start_price="9999"/>
  <sale_item sell_item="386" item="2217109|1" start_price="9999"/>
  <sale_item sell_item="387" item="2227109|1" start_price="9999"/>
  <sale_item sell_item="388" item="2237109|1" start_price="9999"/>
  <sale_item sell_item="389" item="50054|1" start_price="9999"/>
  <sale_item sell_item="390" item="70309|1" start_price="4999"/>
  <sale_item sell_item="391" item="121452|10" start_price="500"/>
  <sale_item sell_item="392" item="76203|1" start_price="999"/>
  <sale_item sell_item="393" item="50060|1" start_price="999"/>
  <sale_item sell_item="394" item="129309|50" start_price="9999"/>
  <sale_item sell_item="395" item="129308|50" start_price="999"/>
  <sale_item sell_item="396" item="129307|200" start_price="299"/>
  <sale_item sell_item="397" item="1291038|10" start_price="499"/>
  <sale_item sell_item="398" item="1291038|10" start_price="499"/>
  <sale_item sell_item="399" item="1291038|10" start_price="499"/>
  <sale_item sell_item="400" item="1291038|10" start_price="499"/>
  <sale_item sell_item="401" item="1291038|10" start_price="499"/>
  <sale_item sell_item="402" item="70761|1" start_price="9999"/>
  <sale_item sell_item="403" item="120059|1" start_price="9999"/>
  <sale_item sell_item="404" item="2247109|1" start_price="9999"/>
  <sale_item sell_item="405" item="2257109|1" start_price="9999"/>
  <sale_item sell_item="406" item="2267109|1" start_price="9999"/>
  <sale_item sell_item="407" item="50055|1" start_price="9999"/>
  <sale_item sell_item="408" item="121452|100" start_price="9999"/>
  <sale_item sell_item="409" item="76200|1" start_price="9999"/>
  <sale_item sell_item="410" item="79120|35" start_price="500"/>
  <sale_item sell_item="411" item="50043|20" start_price="999"/>
  <sale_item sell_item="412" item="50058|1" start_price="999"/>
  <sale_item sell_item="413" item="129309|50" start_price="9999"/>
  <sale_item sell_item="414" item="129308|50" start_price="999"/>
  <sale_item sell_item="415" item="129307|200" start_price="299"/>
  <sale_item sell_item="416" item="1291038|10" start_price="499"/>
  <sale_item sell_item="417" item="1291038|10" start_price="499"/>
  <sale_item sell_item="418" item="1291038|10" start_price="499"/>
  <sale_item sell_item="419" item="1291038|10" start_price="499"/>
  <sale_item sell_item="420" item="1291038|10" start_price="499"/>
  <sale_item sell_item="421" item="70763|1" start_price="9999"/>
  <sale_item sell_item="422" item="2400024|1" start_price="9999"/>
  <sale_item sell_item="423" item="2217109|1" start_price="9999"/>
  <sale_item sell_item="424" item="2227109|1" start_price="9999"/>
  <sale_item sell_item="425" item="2237109|1" start_price="9999"/>
  <sale_item sell_item="426" item="2247109|1" start_price="9999"/>
  <sale_item sell_item="427" item="2257109|1" start_price="9999"/>
  <sale_item sell_item="428" item="2267109|1" start_price="9999"/>
  <sale_item sell_item="429" item="50056|1" start_price="9999"/>
  <sale_item sell_item="430" item="70309|1" start_price="4999"/>
  <sale_item sell_item="431" item="121452|10" start_price="500"/>
  <sale_item sell_item="432" item="76203|1" start_price="999"/>
  <sale_item sell_item="433" item="50060|1" start_price="999"/>
  <sale_item sell_item="434" item="1291038|10" start_price="499"/>
  <sale_item sell_item="435" item="1291038|10" start_price="499"/>
  <sale_item sell_item="436" item="1291038|10" start_price="499"/>
  <sale_item sell_item="437" item="1291038|10" start_price="499"/>
  <sale_item sell_item="438" item="1291038|10" start_price="499"/>
  <sale_item sell_item="439" item="129309|50" start_price="9999"/>
  <sale_item sell_item="440" item="129308|50" start_price="999"/>
  <sale_item sell_item="441" item="129307|200" start_price="299"/>
</root>