<root>
  <Scratch_reward id="1" type="1" rewardid="200009|1" refresh_weight="100" drop_weight="200"/>
  <Scratch_reward id="2" type="1" rewardid="120025|2" refresh_weight="120" drop_weight="300"/>
  <Scratch_reward id="3" type="1" rewardid="120018|2" refresh_weight="140" drop_weight="240"/>
  <Scratch_reward id="4" type="1" rewardid="60086|1" refresh_weight="160" drop_weight="180"/>
  <Scratch_reward id="5" type="1" rewardid="60053|3" refresh_weight="180" drop_weight="230"/>
  <Scratch_reward id="6" type="1" rewardid="120017|3" refresh_weight="200" drop_weight="310"/>
  <Scratch_reward id="7" type="1" rewardid="121402|2" refresh_weight="220" drop_weight="220"/>
  <Scratch_reward id="8" type="1" rewardid="70802|1" refresh_weight="100" drop_weight="300"/>
  <Scratch_reward id="9" type="2" rewardid="120402|2" refresh_weight="120" drop_weight="200"/>
  <Scratch_reward id="10" type="2" rewardid="120013|3" refresh_weight="140" drop_weight="300"/>
  <Scratch_reward id="11" type="2" rewardid="120017|4" refresh_weight="160" drop_weight="240"/>
  <Scratch_reward id="12" type="2" rewardid="60097|1" refresh_weight="180" drop_weight="180"/>
  <Scratch_reward id="13" type="2" rewardid="50013|2" refresh_weight="200" drop_weight="230"/>
  <Scratch_reward id="14" type="2" rewardid="120502|3" refresh_weight="220" drop_weight="310"/>
  <Scratch_reward id="15" type="3" rewardid="120014|4" refresh_weight="100" drop_weight="220"/>
  <Scratch_reward id="16" type="3" rewardid="121302|1" refresh_weight="120" drop_weight="300"/>
  <Scratch_reward id="17" type="3" rewardid="60098|2" refresh_weight="100" drop_weight="200"/>
  <Scratch_reward id="18" type="3" rewardid="60030|3" refresh_weight="120" drop_weight="300"/>
  <Scratch_reward id="19" type="4" rewardid="120021|4" refresh_weight="100" drop_weight="240"/>
  <Scratch_reward id="20" type="4" rewardid="121202|1" refresh_weight="120" drop_weight="180"/>
  <Scratch_reward id="21" type="4" rewardid="120102|2" refresh_weight="140" drop_weight="230"/>
  <Scratch_reward id="22" type="5" rewardid="120018|3" refresh_weight="160" drop_weight="310"/>
  <Scratch_reward id="23" type="5" rewardid="120017|4" refresh_weight="180" drop_weight="220"/>
  <Scratch_reward id="24" type="5" rewardid="50022|5" refresh_weight="200" drop_weight="300"/>
  <Scratch_reward id="25" type="6" rewardid="121102|1" refresh_weight="220" drop_weight="200"/>
  <Scratch_reward id="26" type="6" rewardid="120202|2" refresh_weight="100" drop_weight="300"/>
  <Scratch_reward id="27" type="6" rewardid="120022|3" refresh_weight="120" drop_weight="240"/>
  <Scratch_reward id="28" type="7" rewardid="120010|4" refresh_weight="140" drop_weight="180"/>
  <Scratch_reward id="29" type="7" rewardid="50013|5" refresh_weight="160" drop_weight="230"/>
  <Scratch_reward id="30" type="8" rewardid="50023|1" refresh_weight="180" drop_weight="310"/>
  <Scratch_reward id="31" type="8" rewardid="120023|2" refresh_weight="200" drop_weight="220"/>
  <Scratch_reward id="32" type="8" rewardid="120019|3" refresh_weight="220" drop_weight="300"/>
  <Scratch_reward id="33" type="9" rewardid="120302|4" refresh_weight="100" drop_weight="200"/>
  <Scratch_reward id="34" type="9" rewardid="120039|5" refresh_weight="120" drop_weight="300"/>
  <Scratch_reward id="35" type="10" rewardid="129100|6" refresh_weight="100" drop_weight="240"/>
  <Scratch_reward id="36" type="10" rewardid="50024|1" refresh_weight="120" drop_weight="180"/>
  <Scratch_reward id="37" type="11" rewardid="60109|2" refresh_weight="100" drop_weight="230"/>
  <Scratch_reward id="38" type="11" rewardid="120024|3" refresh_weight="120" drop_weight="310"/>
  <Scratch_reward id="39" type="11" rewardid="120014|4" refresh_weight="140" drop_weight="220"/>
  <Scratch_reward id="40" type="12" rewardid="76009|1" refresh_weight="160" drop_weight="300"/>
  <Scratch_reward id="41" type="12" rewardid="71006|2" refresh_weight="180" drop_weight="200"/>
  <Scratch_reward id="42" type="13" rewardid="60110|3" refresh_weight="200" drop_weight="300"/>
  <Scratch_reward id="43" type="14" rewardid="200009|4" refresh_weight="220" drop_weight="240"/>
  <Scratch_reward id="44" type="14" rewardid="120025|1" refresh_weight="100" drop_weight="180"/>
  <Scratch_reward id="45" type="15" rewardid="120018|2" refresh_weight="120" drop_weight="230"/>
  <Scratch_reward id="46" type="15" rewardid="70802|3" refresh_weight="140" drop_weight="310"/>
</root>