<root>
  <speedConfig speedupNum="1" speedupGold="0"/>
  <speedConfig speedupNum="2" speedupGold="0"/>
  <speedConfig speedupNum="3" speedupGold="2"/>
  <speedConfig speedupNum="4" speedupGold="2"/>
  <speedConfig speedupNum="5" speedupGold="2"/>
  <speedConfig speedupNum="6" speedupGold="2"/>
  <speedConfig speedupNum="7" speedupGold="2"/>
  <speedConfig speedupNum="8" speedupGold="2"/>
  <speedConfig speedupNum="9" speedupGold="2"/>
  <speedConfig speedupNum="10" speedupGold="2"/>
  <speedConfig speedupNum="11" speedupGold="10"/>
  <speedConfig speedupNum="12" speedupGold="10"/>
  <speedConfig speedupNum="13" speedupGold="10"/>
  <speedConfig speedupNum="14" speedupGold="10"/>
  <speedConfig speedupNum="15" speedupGold="10"/>
  <speedConfig speedupNum="16" speedupGold="10"/>
  <speedConfig speedupNum="17" speedupGold="10"/>
  <speedConfig speedupNum="18" speedupGold="10"/>
  <speedConfig speedupNum="19" speedupGold="10"/>
  <speedConfig speedupNum="20" speedupGold="10"/>
  <speedConfig speedupNum="21" speedupGold="20"/>
  <speedConfig speedupNum="22" speedupGold="20"/>
  <speedConfig speedupNum="23" speedupGold="20"/>
  <speedConfig speedupNum="24" speedupGold="20"/>
  <speedConfig speedupNum="25" speedupGold="20"/>
  <speedConfig speedupNum="26" speedupGold="20"/>
  <speedConfig speedupNum="27" speedupGold="20"/>
  <speedConfig speedupNum="28" speedupGold="20"/>
  <speedConfig speedupNum="29" speedupGold="20"/>
  <speedConfig speedupNum="30" speedupGold="20"/>
  <speedConfig speedupNum="31" speedupGold="50"/>
  <speedConfig speedupNum="32" speedupGold="50"/>
  <speedConfig speedupNum="33" speedupGold="50"/>
  <speedConfig speedupNum="34" speedupGold="50"/>
  <speedConfig speedupNum="35" speedupGold="50"/>
  <speedConfig speedupNum="36" speedupGold="50"/>
  <speedConfig speedupNum="37" speedupGold="50"/>
  <speedConfig speedupNum="38" speedupGold="50"/>
  <speedConfig speedupNum="39" speedupGold="50"/>
  <speedConfig speedupNum="40" speedupGold="50"/>
</root>