<root>
  <talks_event id="101" t_name="Koby" detail="Ước nguyện của tôi là trở thành một viên hải quân vĩ đại" ico="kebi" type="1" belly="0" gold="0" fatigue="0" prestige="60" experience="0" success="0" item_id="0" item_num="0" hero_id="" army_id="" open_lv="1" weight="1000" broadcast_channel="" broadcast_detail=""/>
  <talks_event id="102" t_name="Koby" detail="&quot;Bí mật nói cậu biết, Alvida lão bà béo đó bị hôi miệng~&quot;" ico="kebi" type="1" belly="125" gold="0" fatigue="0" prestige="0" experience="0" success="0" item_id="0" item_num="0" hero_id="" army_id="" open_lv="1" weight="1000" broadcast_channel="" broadcast_detail=""/>
  <talks_event id="103" t_name="Koby" detail="&quot;Tôi, tôi không phải là kẻ nhát gan&quot;" ico="kebi" type="1" belly="125" gold="0" fatigue="0" prestige="0" experience="0" success="0" item_id="0" item_num="0" hero_id="" army_id="" open_lv="1" weight="1000" broadcast_channel="" broadcast_detail=""/>
  <talks_event id="104" t_name="Tiểu binh hải quân" detail="&quot;Ôi, tôi lúc nào mới được làm đội trưởng đây.&quot;" ico="big_xiaobing" type="1" belly="0" gold="0" fatigue="0" prestige="0" experience="40" success="0" item_id="0" item_num="0" hero_id="" army_id="" open_lv="1" weight="1000" broadcast_channel="" broadcast_detail=""/>
  <talks_event id="105" t_name="Tiểu binh hải quân" detail="&quot;Tôi mới không muốn quay về làm việc, hàng ngày đều là quét đất.&quot;" ico="big_xiaobing" type="1" belly="0" gold="0" fatigue="0" prestige="65" experience="0" success="0" item_id="0" item_num="0" hero_id="" army_id="" open_lv="1" weight="1000" broadcast_channel="" broadcast_detail=""/>
  <talks_event id="106" t_name="Tiểu binh hải quân" detail="Lực lương chiến đâu mạnh nhất của hải quân gần đây chỉ có ba vị đại tướng thôi." ico="big_xiaobing" type="1" belly="0" gold="0" fatigue="0" prestige="0" experience="50" success="0" item_id="0" item_num="0" hero_id="" army_id="" open_lv="1" weight="1000" broadcast_channel="" broadcast_detail=""/>
  <talks_event id="107" t_name="Tiểu binh hải quân" detail="&quot;Cậu hải tặc bên đó, tôi thấy rất quen, nào uống với tôi một ly rồi nói tiếp!&quot;" ico="big_xiaobing" type="1" belly="175" gold="0" fatigue="0" prestige="0" experience="0" success="0" item_id="0" item_num="0" hero_id="" army_id="" open_lv="1" weight="1000" broadcast_channel="" broadcast_detail=""/>
  <talks_event id="108" t_name="Sĩ quan hải quân" detail="Kỉ lục cao nhất của tôi gần đây là dành được 500 vạn tiền thưởng do đánh bại hải tặc" ico="big_junguan" type="1" belly="200" gold="0" fatigue="0" prestige="0" experience="0" success="0" item_id="0" item_num="0" hero_id="" army_id="" open_lv="1" weight="1000" broadcast_channel="" broadcast_detail=""/>
  <talks_event id="109" t_name="Sĩ quan hải quân" detail="&quot;Bà vợ tôi suốt ngày cứ lầm bầm cằn nhằn tôi không hay về nhà, thực ra bà ấy càng nói tôi càng không muốn về nhà.&quot;" ico="big_junguan" type="1" belly="0" gold="0" fatigue="0" prestige="75" experience="0" success="0" item_id="0" item_num="0" hero_id="" army_id="" open_lv="1" weight="1000" broadcast_channel="" broadcast_detail=""/>
  <talks_event id="110" t_name="Sĩ quan hải quân" detail="&quot;Trung tâm thế giới này ở Marineford Arc, nơi ấy đồng thời là nơi tập trung công lý &quot;" ico="big_junguan" type="1" belly="0" gold="0" fatigue="0" prestige="0" experience="60" success="0" item_id="0" item_num="0" hero_id="" army_id="" open_lv="1" weight="1000" broadcast_channel="" broadcast_detail=""/>
  <talks_event id="111" t_name="Sĩ quan hải quân" detail="&quot;Này, mấy người đừng uống nữa, tí nữa còn phải làm việc đấy!&quot;" ico="big_junguan" type="1" belly="225" gold="0" fatigue="0" prestige="0" experience="0" success="0" item_id="0" item_num="0" hero_id="" army_id="" open_lv="1" weight="1000" broadcast_channel="" broadcast_detail=""/>
  <talks_event id="112" t_name="Hải tặc" detail="Cả đời này tôi ghét nhất là mấy bọn sơn tặc." ico="big_haizei" type="1" belly="0" gold="0" fatigue="0" prestige="80" experience="0" success="0" item_id="0" item_num="0" hero_id="" army_id="" open_lv="1" weight="1000" broadcast_channel="" broadcast_detail=""/>
  <talks_event id="113" t_name="Hải tặc" detail="Cả đời này tôi ghét nhất là bọn hải quân." ico="big_haizei" type="1" belly="0" gold="0" fatigue="0" prestige="0" experience="70" success="0" item_id="0" item_num="0" hero_id="" army_id="" open_lv="1" weight="1000" broadcast_channel="" broadcast_detail=""/>
  <talks_event id="114" t_name="Hải tặc" detail="&quot;Nhớ kĩ, lần sau phải tìm một người đẹp đến rót rượu cho ta!&quot;" ico="big_haizei" type="1" belly="225" gold="0" fatigue="0" prestige="0" experience="0" success="0" item_id="0" item_num="0" hero_id="" army_id="" open_lv="1" weight="1000" broadcast_channel="" broadcast_detail=""/>
  <talks_event id="115" t_name="Hải tặc" detail="&quot;Này, tôi thấy cậu rất quen, có phải chúng ta đã từng gặp nhau ở đâu rồi không?&quot;" ico="big_haizei" type="1" belly="0" gold="3" fatigue="0" prestige="0" experience="0" success="0" item_id="0" item_num="0" hero_id="" army_id="" open_lv="1" weight="1000" broadcast_channel="" broadcast_detail=""/>
  <talks_event id="116" t_name="Đội trưởng hải tặc" detail="&quot;Tất cả tránh ra, ta chính là đội trưởng của băng hải tặc Râu trắng&quot;" ico="big_duizhang" type="1" belly="250" gold="0" fatigue="0" prestige="0" experience="0" success="0" item_id="0" item_num="0" hero_id="" army_id="" open_lv="1" weight="1000" broadcast_channel="" broadcast_detail=""/>
  <talks_event id="117" t_name="Đội trưởng hải tặc" detail="&quot;Đại hải trình đúng là rất đáng sợ, rất nhiều anh em đều phải trốn về hết.&quot;" ico="big_duizhang" type="1" belly="0" gold="0" fatigue="0" prestige="90" experience="0" success="0" item_id="0" item_num="0" hero_id="" army_id="" open_lv="1" weight="1000" broadcast_channel="" broadcast_detail=""/>
  <talks_event id="118" t_name="Đội trưởng hải tặc" detail="&quot;Nhớ năm xưa, tôi cũng đã từng đến đảo người cá.&quot;" ico="big_duizhang" type="1" belly="0" gold="0" fatigue="0" prestige="0" experience="80" success="0" item_id="0" item_num="0" hero_id="" army_id="" open_lv="1" weight="1000" broadcast_channel="" broadcast_detail=""/>
  <talks_event id="119" t_name="Độ trưởng hải tặc" detail="&quot;Những hải tặc thuộc hạ của tôi, người người đều mạnh hơn hổ, ha ha ha …&quot;" ico="big_duizhang" type="1" belly="275" gold="0" fatigue="0" prestige="0" experience="0" success="0" item_id="0" item_num="0" hero_id="" army_id="" open_lv="1" weight="1000" broadcast_channel="" broadcast_detail=""/>
  <talks_event id="120" t_name="Rika" detail="&quot;Hi hi, sau này trưởng thành rồi tôi muốn lấy một người giống như anh Zoro vậy.&quot;" ico="lijia" type="1" belly="300" gold="0" fatigue="0" prestige="0" experience="0" success="0" item_id="0" item_num="0" hero_id="" army_id="" open_lv="1" weight="1000" broadcast_channel="" broadcast_detail=""/>
  <talks_event id="121" t_name="Rika" detail="&quot;Không được nói với người khác là tối đến quán rượu đấy, ở đây nghe được rất nhiều chuyện hay.&quot;" ico="lijia" type="1" belly="0" gold="3" fatigue="0" prestige="0" experience="0" success="0" item_id="0" item_num="0" hero_id="" army_id="" open_lv="1" weight="1000" broadcast_channel="" broadcast_detail=""/>
  <talks_event id="122" t_name="Rika" detail="Có thể để cho tôi kể câu chuyện thám hiểm của các anh không?" ico="lijia" type="1" belly="0" gold="5" fatigue="0" prestige="0" experience="0" success="0" item_id="0" item_num="0" hero_id="" army_id="" open_lv="1" weight="1000" broadcast_channel="" broadcast_detail=""/>
  <talks_event id="123" t_name="Rika" detail="Mọi người đều rất thích ăn cơm nắm tôi làm." ico="lijia" type="1" belly="0" gold="0" fatigue="0" prestige="100" experience="0" success="0" item_id="0" item_num="0" hero_id="" army_id="" open_lv="1" weight="1000" broadcast_channel="" broadcast_detail=""/>
  <talks_event id="124" t_name="Mariko" detail="&quot;Ha ha, hoan nghêng ghé quá, cho dù cậu là hải tặc hay hải quân cũng được, chỉ cần vui là được.&quot;" ico="maqinuo" type="1" belly="175" gold="0" fatigue="0" prestige="0" experience="0" success="0" item_id="0" item_num="0" hero_id="" army_id="" open_lv="1" weight="1000" broadcast_channel="" broadcast_detail=""/>
  <talks_event id="125" t_name="Mariko" detail="Cậu nói Luffy à? Lúc được Garp đưa tới vẫn chỉ là một cậu nhóc thôi." ico="maqinuo" type="1" belly="0" gold="5" fatigue="0" prestige="0" experience="0" success="0" item_id="0" item_num="0" hero_id="" army_id="" open_lv="1" weight="1000" broadcast_channel="" broadcast_detail=""/>
  <talks_event id="126" t_name="Mariko" detail="&quot;Ôi, giá như được nhìn thấy Shanks một lần thôi đã là tốt rồi.&quot;" ico="maqinuo" type="1" belly="0" gold="5" fatigue="0" prestige="0" experience="0" success="0" item_id="0" item_num="0" hero_id="" army_id="" open_lv="1" weight="1000" broadcast_channel="" broadcast_detail=""/>
  <talks_event id="127" t_name="Mariko" detail="&quot;Năm đó, sau khi Luffy ăn quả ác ma, cậu ấy trở nên đờ đẫn, nhất là lúc cậu ấy biết mình sau này không thể bơi dưới biển được nữa.&quot;" ico="maqinuo" type="1" belly="0" gold="0" fatigue="0" prestige="110" experience="0" success="0" item_id="0" item_num="0" hero_id="" army_id="" open_lv="1" weight="1000" broadcast_channel="" broadcast_detail=""/>
  <talks_event id="128" t_name="Chou Chou" detail="Oẳng oẳng! … oẳng oẳng oẳng" ico="ququ" type="1" belly="200" gold="0" fatigue="0" prestige="0" experience="0" success="0" item_id="0" item_num="0" hero_id="" army_id="" open_lv="1" weight="1000" broadcast_channel="" broadcast_detail=""/>
  <talks_event id="129" t_name="Boodle" detail="&quot;Được rồi, được rồi, đùng gọi nữa, để tôi uống thêm 1 cốc nữa rồi đí&quot;" ico="zhenzhang" type="1" belly="80" gold="0" fatigue="0" prestige="0" experience="0" success="0" item_id="0" item_num="0" hero_id="" army_id="" open_lv="1" weight="1000" broadcast_channel="" broadcast_detail=""/>
  <talks_event id="130" t_name="Boodle" detail="Có muốn uống thêm một cốc rượu quất dùng quất đặc chế của thị trấn chúng tôi không?" ico="zhenzhang" type="1" belly="225" gold="0" fatigue="0" prestige="0" experience="0" success="0" item_id="0" item_num="0" hero_id="" army_id="" open_lv="1" weight="1000" broadcast_channel="" broadcast_detail=""/>
  <talks_event id="131" t_name="Merry" detail="&quot;Các cậu có nhìn thấy tiểu thư nhà tôi không?cũng thật là, tiểu thư Kaya sao lại đến những nơi huyên náo thế này.&quot;" ico="meili" type="1" belly="250" gold="0" fatigue="0" prestige="0" experience="0" success="0" item_id="0" item_num="0" hero_id="" army_id="" open_lv="1" weight="1000" broadcast_channel="" broadcast_detail=""/>
  <talks_event id="132" t_name="Merry" detail="&quot;Ha ha ha, đôi khi thư giãn một chút cũng không tệ nhỉ！&quot;" ico="meili" type="1" belly="275" gold="0" fatigue="0" prestige="0" experience="0" success="0" item_id="0" item_num="0" hero_id="" army_id="" open_lv="1" weight="1000" broadcast_channel="" broadcast_detail=""/>
  <talks_event id="133" t_name="Đứa bé" detail="&quot;Sau khi trưởng thành, tôi phải trở thành chiến sĩ dũng cảm vĩ đại như Usopp.&quot;" ico="xiaohai" type="1" belly="275" gold="0" fatigue="0" prestige="0" experience="0" success="0" item_id="0" item_num="0" hero_id="" army_id="" open_lv="1" weight="1000" broadcast_channel="" broadcast_detail=""/>
  <talks_event id="134" t_name="Đứa bé" detail="&quot;Mọi manh mối đều gặp nhau tại một điểm, thật giống như chỉ có một, tộ phạm chính là ngươi。&quot;" ico="xiaohai" type="1" belly="0" gold="0" fatigue="0" prestige="120" experience="0" success="0" item_id="0" item_num="0" hero_id="" army_id="" open_lv="1" weight="1000" broadcast_channel="" broadcast_detail=""/>
  <talks_event id="135" t_name="Đứa bé" detail="&quot;Cậu nhìn thấy cha tôi chưa? Người béo béo, ông ấy thường đến quán uống rượu.&quot;" ico="xiaohai" type="1" belly="0" gold="0" fatigue="0" prestige="0" experience="90" success="0" item_id="0" item_num="0" hero_id="" army_id="" open_lv="1" weight="1000" broadcast_channel="" broadcast_detail=""/>
  <talks_event id="136" t_name="Đứa bé" detail="&quot;Bố tôi nói mọi thuyền trưởng hải tặc đều có một bộ râu quai nón, anh có không?&quot;" ico="xiaohai" type="1" belly="300" gold="0" fatigue="0" prestige="0" experience="0" success="0" item_id="0" item_num="0" hero_id="" army_id="" open_lv="1" weight="1000" broadcast_channel="" broadcast_detail=""/>
  <talks_event id="137" t_name="Johnny " detail="Nhớ năm xưa tôi cúng là kẻ săn tiền thưởng tiếng tăm lẫy lừng nhưng sau khi anh Zoro trở thành hải tặc tôi cùng không làm kẻ săn tiền thưởng nữa" ico="qiangni" type="1" belly="100" gold="0" fatigue="0" prestige="0" experience="0" success="0" item_id="0" item_num="0" hero_id="" army_id="" open_lv="1" weight="1000" broadcast_channel="" broadcast_detail=""/>
  <talks_event id="138" t_name="Yosaku" detail="&quot;Đi biển, rau xanh là vô cùng quan trọng, nếu không có thể vì thiếu dưỡng chất của rau mà mắc bệnh suy dinh dưỡng.&quot;" ico="yuesefu" type="1" belly="350" gold="0" fatigue="0" prestige="0" experience="0" success="0" item_id="0" item_num="0" hero_id="" army_id="" open_lv="1" weight="1000" broadcast_channel="" broadcast_detail=""/>
  <talks_event id="139" t_name="Zeff" detail="&quot;Đã nghe qua Đầu bếp tiếng tăm lừng lẫy của băng hải tặc chưa? Ta cũng có tuổi thanh xuân mà,&quot;" ico="zhefu" type="1" belly="0" gold="0" fatigue="0" prestige="0" experience="0" success="0" item_id="17001" item_num="1" hero_id="" army_id="" open_lv="1" weight="1000" broadcast_channel="" broadcast_detail=""/>
  <talks_event id="140" t_name="Zeff" detail="&quot;Quán này bố trí rất bình thường, nhưng rượu thì không tồi, ha ha ha.&quot;" ico="zhefu" type="1" belly="175" gold="0" fatigue="0" prestige="0" experience="0" success="0" item_id="0" item_num="0" hero_id="" army_id="" open_lv="1" weight="1000" broadcast_channel="" broadcast_detail=""/>
  <talks_event id="141" t_name="Birdie" detail="&quot;Làm việc của chúng tôi phải luôn ghi nhớ một đạo lý, đó là: khách hàng là thương đế. &quot;" ico="bodi" type="1" belly="200" gold="0" fatigue="0" prestige="0" experience="0" success="0" item_id="0" item_num="0" hero_id="" army_id="" open_lv="1" weight="1000" broadcast_channel="" broadcast_detail=""/>
  <talks_event id="142" t_name="Đầu bếp" detail="&quot;Lúc nào ăn đồ ăn mình nấu cũng đều thấy quá ngấy, đến quán khác thì thấy khó chịu giống như là vụng trộm vậy.&quot;" ico="big_chushi" type="1" belly="0" gold="0" fatigue="0" prestige="0" experience="105" success="0" item_id="0" item_num="0" hero_id="" army_id="" open_lv="1" weight="1000" broadcast_channel="" broadcast_detail=""/>
  <talks_event id="143" t_name="Đầu bếp" detail="&quot;Thực ra sắp xếp mọi việc cũng giống như tình yêu vậy, chỉ co tỉ mỉ vun đắp mới nở hoa.&quot;" ico="big_chushi" type="1" belly="0" gold="0" fatigue="0" prestige="120" experience="0" success="0" item_id="0" item_num="0" hero_id="" army_id="" open_lv="1" weight="1000" broadcast_channel="" broadcast_detail=""/>
  <talks_event id="144" t_name="Đầu bếp" detail="&quot;Tôi sớm đã nghe nói phương pháp chế biến sườn bò của quán này rất đặc biệt, hôm nay nhất định phải nắm được cách làm&quot;" ico="big_chushi" type="1" belly="0" gold="0" fatigue="0" prestige="0" experience="120" success="0" item_id="0" item_num="0" hero_id="" army_id="" open_lv="1" weight="1000" broadcast_channel="" broadcast_detail=""/>
  <talks_event id="145" t_name="Đầu bếp" detail="&quot;Đã từng có một hải tặc mời tôi gia nhập , nhưng tôi không biết trân trọng, cầu xin anh, cho tôi đi theo.&quot;" ico="big_chushi" type="1" belly="0" gold="5" fatigue="0" prestige="0" experience="0" success="0" item_id="0" item_num="0" hero_id="" army_id="" open_lv="1" weight="1000" broadcast_channel="" broadcast_detail=""/>
  <talks_event id="146" t_name="Nojiko" detail="&quot;Sao vậy? Hay hay là cùng tôi uống một li, tửu lượng của tôi cũng không tốt lắm đâu.&quot;" ico="lusigao" type="1" belly="0" gold="7" fatigue="0" prestige="0" experience="0" success="0" item_id="0" item_num="0" hero_id="" army_id="" open_lv="1" weight="1000" broadcast_channel="" broadcast_detail=""/>
  <talks_event id="147" t_name="Nojiko" detail="&quot;Được rồi, được rôi, Nami đừng rót cho tôi nữa, tôi sắp không trụ được rồi.&quot;" ico="lusigao" type="1" belly="225" gold="0" fatigue="0" prestige="0" experience="0" success="0" item_id="0" item_num="0" hero_id="" army_id="" open_lv="1" weight="1000" broadcast_channel="" broadcast_detail=""/>
  <talks_event id="148" t_name="Genzo" detail="&quot;Ôi, hải quân bây giờ đều vì lợi ích bản thân không dám đối đầu Arlong, vậy mà cũng coi là làm việc trượng nghĩa sao?&quot;" ico="jianzhu" type="1" belly="0" gold="0" fatigue="0" prestige="0" experience="135" success="0" item_id="0" item_num="0" hero_id="" army_id="" open_lv="1" weight="1000" broadcast_channel="" broadcast_detail=""/>
  <talks_event id="149" t_name="Genzo" detail="&quot;Hôm nay uống đến đây thôi, trong thôn vẫn còn nhiều việc chưa làm xong.&quot;" ico="jianzhu" type="1" belly="0" gold="0" fatigue="0" prestige="0" experience="120" success="0" item_id="0" item_num="0" hero_id="" army_id="" open_lv="1" weight="1000" broadcast_channel="" broadcast_detail=""/>
  <talks_event id="150" t_name="Matsu" detail="Thanh đao trong tay cậu lẽ nào là… mau đưa tôi xem." ico="bensong" type="1" belly="250" gold="0" fatigue="0" prestige="0" experience="0" success="0" item_id="0" item_num="0" hero_id="" army_id="" open_lv="1" weight="1000" broadcast_channel="" broadcast_detail=""/>
  <talks_event id="151" t_name="Matsu" detail="&quot;Thỉnh thoảng ghé qua quán rượu có thể thấy rất nhiều đao tôt, nếu có thể có được tất cả chúng thì tôi phát tài rồi!&quot;" ico="bensong" type="1" belly="0" gold="0" fatigue="0" prestige="0" experience="0" success="0" item_id="17002" item_num="1" hero_id="" army_id="" open_lv="1" weight="1000" broadcast_channel="" broadcast_detail=""/>
  <talks_event id="152" t_name="Thợ rèn" detail="&quot;Những đao tốt trên thế giới này có thể chia làm bốn loại:bình thương, bảo kiếm, đại bảo kiếm, cực phẩm đại bảo kiếm.&quot;" ico="tiejiang" type="1" belly="0" gold="0" fatigue="0" prestige="0" experience="0" success="0" item_id="17101" item_num="1" hero_id="" army_id="" open_lv="1" weight="1000" broadcast_channel="" broadcast_detail=""/>
  <talks_event id="153" t_name="Thợ rèn" detail="&quot;Đao sắc nhất được gọi là dạ, nghe nói hiện tại dang ở trong tay kiếm khách mạnh nhất: “Mắt diều hâu&quot;" ico="tiejiang" type="1" belly="0" gold="0" fatigue="0" prestige="0" experience="0" success="0" item_id="17103" item_num="1" hero_id="" army_id="" open_lv="1" weight="1000" broadcast_channel="" broadcast_detail=""/>
  <talks_event id="154" t_name="Dorey" detail="Quán rượu của loài người chỉ ít rượu như vậy sao? Như này đến giải khát cũng không đủ!" ico="big_qinggui" type="1" belly="0" gold="7" fatigue="0" prestige="0" experience="0" success="0" item_id="0" item_num="0" hero_id="" army_id="" open_lv="1" weight="1000" broadcast_channel="" broadcast_detail=""/>
  <talks_event id="155" t_name="Brogy" detail="&quot;Ha ha ha ha, còn nhớ lần trước lúc uống rượu với Dorey, là do đã bắt được 2 con hải vương cực lớn.&quot;" ico="big_chigui" type="1" belly="0" gold="7" fatigue="0" prestige="0" experience="0" success="0" item_id="0" item_num="0" hero_id="" army_id="" open_lv="1" weight="1000" broadcast_channel="" broadcast_detail=""/>
  <talks_event id="156" t_name="Dalton" detail="&quot;Nhìn gì mà nhìn, cậu cho rằng tôi ăn nhiều trái cây như vậy thì sẽ không uông rượu nữa sao?&quot;" ico="big_duoerdun" type="1" belly="125" gold="0" fatigue="0" prestige="0" experience="0" success="0" item_id="0" item_num="0" hero_id="" army_id="" open_lv="1" weight="1000" broadcast_channel="" broadcast_detail=""/>
  <talks_event id="157" t_name="Dalton" detail="&quot;Đảo Drum thật sự quá lạnh, lúc không vận động giống như là mặc thiếu một chiếc áo len vậy.&quot;" ico="big_duoerdun" type="1" belly="0" gold="0" fatigue="0" prestige="0" experience="150" success="0" item_id="0" item_num="0" hero_id="" army_id="" open_lv="1" weight="1000" broadcast_channel="" broadcast_detail=""/>
  <talks_event id="158" t_name="DrKureha" detail="Có muốn biết bí quyết giữ vững tuổi xuân của tôi không? Chính là rượu đó." ico="guleiwa" type="1" belly="0" gold="0" fatigue="0" prestige="0" experience="40" success="0" item_id="0" item_num="0" hero_id="" army_id="" open_lv="1" weight="1000" broadcast_channel="" broadcast_detail=""/>
  <talks_event id="159" t_name="DrKureha" detail="&quot;Cái gì? Muốn tôi đi phiêu lưu cùng anh, tuổi trẻ quý báu của tô sao có thể lãng phí vào những việc thế này được.&quot;" ico="guleiwa" type="1" belly="0" gold="7" fatigue="0" prestige="0" experience="0" success="0" item_id="0" item_num="0" hero_id="" army_id="" open_lv="1" weight="1000" broadcast_channel="" broadcast_detail=""/>
  <talks_event id="160" t_name="Bác sĩ trên thuyền" detail="Tôi chỉ là một Bác sĩ mà thôi.. Tai sao phải đi chiến đấu?" ico="big_chuanyi" type="1" belly="0" gold="0" fatigue="0" prestige="0" experience="50" success="0" item_id="0" item_num="0" hero_id="" army_id="" open_lv="1" weight="1000" broadcast_channel="" broadcast_detail=""/>
  <talks_event id="161" t_name="Bác sĩ trên thuyền" detail="&quot;Cậu biết không, bệnh của tôi chỉ có rượu mới trị khỏi.&quot;" ico="big_chuanyi" type="1" belly="175" gold="0" fatigue="0" prestige="0" experience="0" success="0" item_id="0" item_num="0" hero_id="" army_id="" open_lv="60" weight="1000" broadcast_channel="" broadcast_detail=""/>
  <talks_event id="162" t_name="Bác sĩ trên thuyền" detail="&quot;Hình như thường có người đến quán rượu chiêm mộ Bác sĩ, tôi phải nhìn đúng thuyền trưởng mới được.&quot;" ico="big_chuanyi" type="1" belly="150" gold="0" fatigue="0" prestige="0" experience="0" success="0" item_id="0" item_num="0" hero_id="" army_id="" open_lv="60" weight="1000" broadcast_channel="" broadcast_detail=""/>
  <talks_event id="163" t_name="Bác sĩ trên thuyền" detail="Cậu tin không?trên thế giới này tồn tại một loại y thuật có thể trị khỏi tâm bệnh." ico="big_chuanyi" type="1" belly="175" gold="0" fatigue="0" prestige="0" experience="0" success="0" item_id="0" item_num="0" hero_id="" army_id="" open_lv="60" weight="1000" broadcast_channel="" broadcast_detail=""/>
  <talks_event id="164" t_name="Quan canh giữ" detail="&quot;Những thôn trang dưới quyền quản lý của Chính phủ Thế giới đều có Quan canh giữ, định kỳ báo cáo tình hình thông trang với Chính phủ Thế giới.&quot;" ico="big_shoubei" type="1" belly="0" gold="0" fatigue="0" prestige="0" experience="60" success="0" item_id="0" item_num="0" hero_id="" army_id="" open_lv="60" weight="1000" broadcast_channel="" broadcast_detail=""/>
  <talks_event id="165" t_name="Quan canh giữ" detail="&quot;Nghe nói Đông hải có một người là Arlong, chiếm lĩnh thôn trang khắp nơi, may mà chúng ta cách xa.&quot;" ico="big_shoubei" type="1" belly="200" gold="0" fatigue="0" prestige="0" experience="0" success="0" item_id="0" item_num="0" hero_id="" army_id="" open_lv="60" weight="1000" broadcast_channel="" broadcast_detail=""/>
  <talks_event id="166" t_name="Quan canh giữ" detail="&quot;Thôn của tôi bị Arlong chiếm mất rồi, chỉ có mình tôi thoát ra được, có ai có thể giúp tôi không?&quot;" ico="big_shoubei" type="1" belly="225" gold="0" fatigue="0" prestige="0" experience="0" success="0" item_id="0" item_num="0" hero_id="" army_id="" open_lv="60" weight="1000" broadcast_channel="" broadcast_detail=""/>
  <talks_event id="167" t_name="Quan canh giữ" detail="&quot;Chỉ cần thôn trang phát triển thành một quốc gia, ta có thể làm quốc vương, ha ha ha.&quot;" ico="big_shoubei" type="1" belly="0" gold="0" fatigue="0" prestige="0" experience="0" success="0" item_id="17202" item_num="1" hero_id="" army_id="" open_lv="60" weight="1000" broadcast_channel="" broadcast_detail=""/>
  <talks_event id="168" t_name="vua Cobra" detail="&quot;Suỵt, đùng để cảnh vệ của ta phát hiện. Làm vua, nhiều lúc cũng cần phải thư giản một chút.&quot;" ico="guowang" type="1" belly="250" gold="0" fatigue="0" prestige="0" experience="0" success="0" item_id="0" item_num="0" hero_id="" army_id="" open_lv="60" weight="1000" broadcast_channel="" broadcast_detail=""/>
  <talks_event id="169" t_name="vua Cobra" detail="&quot;Được rồi, được rồi, không phải đuổi nữa. Tiểu cô nương, chúng ta hẹn lần sau gặp lại.&quot;" ico="guowang" type="1" belly="0" gold="0" fatigue="0" prestige="0" experience="150" success="0" item_id="0" item_num="0" hero_id="" army_id="" open_lv="60" weight="1000" broadcast_channel="" broadcast_detail=""/>
  <talks_event id="170" t_name="Nữ Lang" detail="Trang sức của con gái Alabasta khổng phải ở đâu cũng tìm được đâu." ico="big_meinv" type="1" belly="125" gold="0" fatigue="0" prestige="0" experience="0" success="0" item_id="0" item_num="0" hero_id="" army_id="" open_lv="60" weight="1000" broadcast_channel="" broadcast_detail=""/>
  <talks_event id="171" t_name="Nữ Lang" detail="&quot;Không được tin người bán táo vàng, thực ra chỉ là táo bình thường bôi phẩm màu thực phẩm lên.&quot;" ico="big_meinv" type="1" belly="0" gold="0" fatigue="0" prestige="150" experience="0" success="0" item_id="0" item_num="0" hero_id="" army_id="" open_lv="60" weight="1000" broadcast_channel="" broadcast_detail=""/>
  <talks_event id="172" t_name="Pell" detail="&quot;Ôi,công chúa Vivi đã lớn rồi, giờ tôi chẳng có việc gì làm cả. &quot;" ico="big_beila" type="1" belly="0" gold="0" fatigue="0" prestige="60" experience="0" success="0" item_id="0" item_num="0" hero_id="" army_id="" open_lv="60" weight="1000" broadcast_channel="" broadcast_detail=""/>
  <talks_event id="173" t_name="Pell" detail="Cậu thử qua cảm giác uống say rồi bay liệng trên trời cao chưa? Tôi thật sự chưa từng uống rượu rồi lái." ico="big_beila" type="1" belly="0" gold="0" fatigue="0" prestige="65" experience="0" success="0" item_id="0" item_num="0" hero_id="" army_id="" open_lv="60" weight="1000" broadcast_channel="" broadcast_detail=""/>
  <talks_event id="174" t_name="Ông lão" detail="Tại mỗi quán rượu ở Alabasta đều có một cái giếng riêng của mình." ico="big_laotou" type="1" belly="0" gold="0" fatigue="0" prestige="0" experience="70" success="0" item_id="0" item_num="0" hero_id="" army_id="" open_lv="60" weight="1000" broadcast_channel="" broadcast_detail=""/>
  <talks_event id="175" t_name="Ông lão" detail="&quot;Còn nhớ lúc tôi còn trẻ, tôi chưa hề thua khi thi uống rượu với người khác.&quot;" ico="big_laotou" type="1" belly="0" gold="0" fatigue="0" prestige="0" experience="80" success="0" item_id="0" item_num="0" hero_id="" army_id="" open_lv="60" weight="1000" broadcast_channel="" broadcast_detail=""/>
  <talks_event id="176" t_name="Ông lão" detail="&quot;Các bạn trẻ mau đến đây, tôi kể cho các bạn nghe câu chuyện phiêu lưu của chúng tôi trên đại hải trình.&quot;" ico="big_laotou" type="1" belly="0" gold="0" fatigue="0" prestige="75" experience="0" success="0" item_id="0" item_num="0" hero_id="" army_id="" open_lv="60" weight="1000" broadcast_channel="" broadcast_detail=""/>
  <talks_event id="177" t_name="Ông lão" detail="&quot;Rất nhiều người bạn đã không còn nữa, giờ muốn tìm người cùng tôi ăn cơm uống rượu cũng chẳng còn mấy ai.&quot;" ico="big_laotou" type="1" belly="0" gold="0" fatigue="0" prestige="0" experience="0" success="0" item_id="17204" item_num="1" hero_id="" army_id="" open_lv="60" weight="1000" broadcast_channel="" broadcast_detail=""/>
  <talks_event id="178" t_name="Chim Phương Nam" detail="Mohoo！" ico="nanniao" type="1" belly="0" gold="0" fatigue="0" prestige="0" experience="0" success="0" item_id="16204" item_num="1" hero_id="" army_id="" open_lv="60" weight="1000" broadcast_channel="" broadcast_detail=""/>
  <talks_event id="179" t_name="Gan Fall" detail="Ta rất thích uống nước bí ngô!" ico="big_ganfuer" type="1" belly="0" gold="8" fatigue="0" prestige="0" experience="0" success="0" item_id="0" item_num="0" hero_id="" army_id="" open_lv="60" weight="1000" broadcast_channel="" broadcast_detail=""/>
  <talks_event id="180" t_name="GonForr" detail="Có ai nhìn thấy cái còi tôi không cẩn thẩn đánh rơi ở bên ngoài không?" ico="big_ganfuer" type="1" belly="150" gold="0" fatigue="0" prestige="0" experience="0" success="0" item_id="0" item_num="0" hero_id="" army_id="" open_lv="60" weight="1000" broadcast_channel="" broadcast_detail=""/>
  <talks_event id="181" t_name="Conis" detail="Có muốn nếm thử rượu của Không đảo không? Cả thế giới chỉ có ở đây mới có thôi." ico="big_kenisi" type="1" belly="0" gold="8" fatigue="0" prestige="0" experience="0" success="0" item_id="0" item_num="0" hero_id="" army_id="" open_lv="999" weight="1000" broadcast_channel="" broadcast_detail=""/>
  <talks_event id="182" t_name="Conis" detail="Có muốn nghe tôi đàn một bản không?" ico="big_kenisi" type="1" belly="325" gold="0" fatigue="0" prestige="0" experience="0" success="0" item_id="0" item_num="0" hero_id="" army_id="" open_lv="999" weight="1000" broadcast_channel="" broadcast_detail=""/>
  <talks_event id="183" t_name="Cáo mây" detail="Chew~" ico="yunhu" type="1" belly="0" gold="0" fatigue="0" prestige="0" experience="0" success="0" item_id="17203" item_num="1" hero_id="" army_id="" open_lv="999" weight="1000" broadcast_channel="" broadcast_detail=""/>
  <talks_event id="184" t_name="Kẻ ám sát" detail="&quot;Nhìn gì mà nhìn, chưa nhìn thấy ai đẹp trai uống rượu sao?&quot;" ico="big_1046" type="1" belly="0" gold="0" fatigue="0" prestige="80" experience="0" success="0" item_id="0" item_num="0" hero_id="" army_id="" open_lv="999" weight="1000" broadcast_channel="" broadcast_detail=""/>
  <talks_event id="185" t_name="Kẻ ám sát" detail="Mọi lần chỉ có thể hoàn toàn thư giãn sau khi uống say thôi." ico="big_1046" type="1" belly="0" gold="8" fatigue="0" prestige="0" experience="0" success="0" item_id="0" item_num="0" hero_id="" army_id="" open_lv="999" weight="1000" broadcast_channel="" broadcast_detail=""/>
  <talks_event id="186" t_name="Thủy thủ" detail="&quot;Tôi chỉ là một Thủy thủ bình thường, không phải là hải tặc cũng không phải là hải quân, đừng đánh tôi.&quot;" ico="big_shuishou" type="1" belly="0" gold="0" fatigue="0" prestige="90" experience="0" success="0" item_id="0" item_num="0" hero_id="" army_id="" open_lv="999" weight="1000" broadcast_channel="" broadcast_detail=""/>
  <talks_event id="187" t_name="Thủy thủ" detail="Hả? cậu muốn tôi gia nhập băng hải tặc của cậu? Để tôi suy nghĩ đã." ico="big_shuishou" type="1" belly="0" gold="0" fatigue="0" prestige="100" experience="0" success="0" item_id="0" item_num="0" hero_id="" army_id="" open_lv="999" weight="1000" broadcast_channel="" broadcast_detail=""/>
  <talks_event id="188" t_name="Thủy thủ" detail="&quot;Đôi lúc,nếu như gặp nạn trên biển, cầu cứu hải tặc còn đáng tin hơn cầu cứu hải quân.&quot;" ico="big_shuishou" type="1" belly="0" gold="0" fatigue="0" prestige="0" experience="90" success="0" item_id="0" item_num="0" hero_id="" army_id="" open_lv="999" weight="1000" broadcast_channel="" broadcast_detail=""/>
  <talks_event id="189" t_name="Thủy thủ" detail="&quot;Cho dù là những Thủy thủ rất có kinh nghiệm ở khu vực lãnh hải bình thường, lần đầu tiến vào Đại hải trình cũng thấy choáng.&quot;" ico="big_shuishou" type="1" belly="0" gold="0" fatigue="0" prestige="110" experience="0" success="0" item_id="0" item_num="0" hero_id="" army_id="" open_lv="999" weight="1000" broadcast_channel="" broadcast_detail=""/>
  <talks_event id="190" t_name="Nhà khảo cổ" detail="&quot;Thế giới này vẫn còn nhiều lịch sử bị che đậy, bên trong này có thể tồn tại một bí mật khiến người khác phải kinh sợ.&quot;" ico="big_xuejia" type="1" belly="0" gold="0" fatigue="0" prestige="0" experience="105" success="0" item_id="0" item_num="0" hero_id="" army_id="" open_lv="999" weight="1000" broadcast_channel="" broadcast_detail=""/>
  <talks_event id="191" t_name="Nhà khảo cổ" detail="&quot;Cư dân cổ đại này cất dấu một thứ binh khí có thể hủy diệt thế giới, đều dùng tên của các vị thần Hy Lạp đặt tên, ví dụPluto hay làPoseidon&quot;" ico="big_xuejia" type="1" belly="0" gold="0" fatigue="0" prestige="130" experience="0" success="0" item_id="0" item_num="0" hero_id="" army_id="" open_lv="999" weight="1000" broadcast_channel="" broadcast_detail=""/>
  <talks_event id="192" t_name="Nhà khảo cổ" detail="&quot;Cậu nghe qua Skypea chưa? Nơi đó từng là ước mơ của nhiều Nhà khảo cổ, nhưng đã bị hải quân phá hủy mất rồi.&quot;" ico="big_xuejia" type="1" belly="0" gold="10" fatigue="0" prestige="0" experience="0" success="0" item_id="0" item_num="0" hero_id="" army_id="" open_lv="999" weight="1000" broadcast_channel="" broadcast_detail=""/>
  <talks_event id="193" t_name="Hoa tiêu" detail="&quot;Tôi thật sự chiu không nổi đại hải trình nữa rồi, những thứ trước đây học được đều không co tác dụng.&quot;" ico="big_hanghaishi" type="1" belly="250" gold="0" fatigue="0" prestige="0" experience="0" success="0" item_id="0" item_num="0" hero_id="" army_id="" open_lv="999" weight="1000" broadcast_channel="" broadcast_detail=""/>
  <talks_event id="194" t_name="Hoa tiêu" detail="&quot;Lí tưởng của tôi là hoàn thành bản đồ hàng hải thế giới, bao gồm cả đại hải trình.&quot;" ico="big_hanghaishi" type="1" belly="0" gold="0" fatigue="0" prestige="0" experience="135" success="0" item_id="0" item_num="0" hero_id="" army_id="" open_lv="999" weight="1000" broadcast_channel="" broadcast_detail=""/>
  <talks_event id="195" t_name="Hoa tiêu" detail="&quot;Trên biển lớn, năng lực của cậu mạnh hơn nữa, nhưng nếu không có những Thủy thủ này thì việc đi lại cũng khó khăn.&quot;" ico="big_hanghaishi" type="1" belly="0" gold="0" fatigue="0" prestige="130" experience="0" success="0" item_id="0" item_num="0" hero_id="" army_id="" open_lv="999" weight="1000" broadcast_channel="" broadcast_detail=""/>
  <talks_event id="196" t_name="Kiếm hào" detail="&quot;Kiếm sĩ mạnh nhất thế giới này là một người tên gọi làMắt diều hâu,danh hiệu này là do cậu ta có đôi mắt sắc bén như diều hâu vậy&quot;" ico="big_jianhao" type="1" belly="325" gold="0" fatigue="0" prestige="0" experience="0" success="0" item_id="0" item_num="0" hero_id="" army_id="" open_lv="999" weight="1000" broadcast_channel="" broadcast_detail=""/>
  <talks_event id="197" t_name="Kiếm hào" detail="&quot;Cậu biết không, có một thợ san tiền thưởng là Zoro, có thể sử dụng cùng lúc ba cây đao, vì vậy chúng tôi gọi cậu ta là kiếm khách tam đao lưu.&quot;" ico="big_jianhao" type="1" belly="0" gold="12" fatigue="0" prestige="0" experience="0" success="0" item_id="0" item_num="0" hero_id="" army_id="" open_lv="999" weight="1000" broadcast_channel="" broadcast_detail=""/>
  <talks_event id="198" t_name="Kiếm hào" detail="Ước mơ của tôi là trở thành kiếm khách nổi danh nhất thế giới này." ico="big_jianhao" type="1" belly="0" gold="0" fatigue="0" prestige="0" experience="0" success="0" item_id="17304" item_num="1" hero_id="" army_id="" open_lv="999" weight="1000" broadcast_channel="" broadcast_detail=""/>
  <talks_event id="199" t_name="Mỹ nữ" detail="&quot;Sao, cậu lại muốn cùng tôi uống một li phải không?&quot;" ico="big_meinv" type="1" belly="0" gold="0" fatigue="0" prestige="150" experience="0" success="0" item_id="0" item_num="0" hero_id="" army_id="" open_lv="999" weight="1000" broadcast_channel="" broadcast_detail=""/>
  <talks_event id="200" t_name="Mỹ nữ" detail="&quot;Bên kia có người đang kể chuyện bách hợp Amazon, nói cứ như là anh ta từng đi qua vậy, nhưng tôi nhớ nơi ấy không cho phép đàn ông bước vào.&quot;" ico="big_meinv" type="1" belly="0" gold="0" fatigue="0" prestige="0" experience="0" success="0" item_id="15302" item_num="1" hero_id="" army_id="" open_lv="999" weight="1000" broadcast_channel="" broadcast_detail=""/>
  <talks_event id="1001" t_name="Huấn luyện thú mohji" detail="&quot;Tôi vẫn đanh chờ đợi, chờ đợi một người có thể thưởng thức kiểu đầu của tôi.&quot;" ico="big_10033" type="2" belly="" gold="" fatigue="" prestige="" experience="" success="" item_id="" item_num="" hero_id="10033" army_id="317" open_lv="1" weight="1000" broadcast_channel="" broadcast_detail=""/>
  <talks_event id="1002" t_name="Buchi" detail="&quot;Cậu có thức ăn cho mèo cho tôi ăn không, meo~&quot;" ico="big_10035" type="2" belly="" gold="" fatigue="" prestige="" experience="" success="" item_id="" item_num="" hero_id="10035" army_id="413" open_lv="1" weight="1000" broadcast_channel="" broadcast_detail=""/>
  <talks_event id="1003" t_name="Sham" detail="&quot;Một người đàn ông yêu đuối giống như tôi, làm sao có thể lên tiền tuyến chiến đấu được cơ chứ?&quot;" ico="big_10036" type="2" belly="" gold="" fatigue="" prestige="" experience="" success="" item_id="" item_num="" hero_id="10036" army_id="404" open_lv="1" weight="1000" broadcast_channel="" broadcast_detail=""/>
  <talks_event id="1004" t_name="Nhà thôi miên Jango" detail="Cậu cũng đến xem tôi biểu diến à？ONE！TWO！THREE！JANGO！" ico="big_10028" type="2" belly="" gold="" fatigue="" prestige="" experience="" success="" item_id="" item_num="" hero_id="10028" army_id="422" open_lv="1" weight="1000" broadcast_channel="" broadcast_detail=""/>
  <talks_event id="1005" t_name="Pearl" detail="&quot;Là cậu, người khiến tôi lần đầu tiên chảy máu trong lúc chiến đấu, tôi thích cậu rồi đó. &quot;" ico="big_10037" type="2" belly="" gold="" fatigue="" prestige="" experience="" success="" item_id="" item_num="" hero_id="10037" army_id="509" open_lv="1" weight="1000" broadcast_channel="" broadcast_detail=""/>
  <talks_event id="1006" t_name="Lãnh chúa Krieg" detail="&quot;Trên thế giới này, chỉ có vũ lưc mạnh mới là thứ có thật, cậu có được vũ lực chân chính thế này, mới đúng là bạn tôi！&quot;" ico="big_10011" type="2" belly="" gold="" fatigue="" prestige="" experience="" success="" item_id="" item_num="" hero_id="10011" army_id="522" open_lv="1" weight="1000" broadcast_channel="" broadcast_detail=""/>
  <talks_event id="1007" t_name="Kuroobi" detail="&quot;xem ra không thủ đạo của tôi vẫn cần tôi luyện thêm, đưa tôi đến thế giới mới đi.&quot;" ico="big_10040" type="2" belly="" gold="" fatigue="" prestige="" experience="" success="" item_id="" item_num="" hero_id="10040" army_id="619" open_lv="1" weight="1000" broadcast_channel="" broadcast_detail=""/>
  <talks_event id="1008" t_name="Lục đao Hatchi" detail="&quot;Tôi vẫn đi tìm món bạch tuộc rán ngon nhất thế giới này, cậu đi tìm cùng tôi được không?&quot;" ico="big_10029" type="2" belly="" gold="" fatigue="" prestige="" experience="" success="" item_id="" item_num="" hero_id="10029" army_id="617" open_lv="1" weight="1000" broadcast_channel="" broadcast_detail=""/>
  <talks_event id="1009" t_name="Mr.9" detail="&quot;Tôi đây tràn đầy nhiệt huyết, tôi tin rằng mình có thể giúp được Vivi！&quot;" ico="big_10041" type="2" belly="" gold="" fatigue="" prestige="" experience="" success="" item_id="" item_num="" hero_id="10041" army_id="915" open_lv="1" weight="1000" broadcast_channel="" broadcast_detail=""/>
  <talks_event id="1010" t_name="Mr.5" detail="Cậu muốn biết bí mật gỉ mũi của tôi không? Sau này từ từ cảm thụ đi。Ha ha ha" ico="big_10046" type="2" belly="" gold="" fatigue="" prestige="" experience="" success="" item_id="" item_num="" hero_id="10046" army_id="1025" open_lv="1" weight="1000" broadcast_channel="" broadcast_detail=""/>
  <talks_event id="1011" t_name="Chess" detail="&quot;Thật ra tôi sớm đã không chịu nổi Wapol rổi, cho tôi đi theo anh đi.&quot;" ico="big_10067" type="2" belly="" gold="" fatigue="" prestige="" experience="" success="" item_id="" item_num="" hero_id="10067" army_id="1219" open_lv="1" weight="1000" broadcast_channel="" broadcast_detail=""/>
  <talks_event id="1012" t_name="Koromarimo" detail="&quot;Lúc trước đi theo Wapol thật ra chỉ vì để cậu cho phép tôi chữa bệnh cho người nhà của tôi, nếu cậu tìm được Bác sĩ thì tôi đi theo cậu.&quot;" ico="big_10068" type="2" belly="" gold="" fatigue="" prestige="" experience="" success="" item_id="" item_num="" hero_id="10068" army_id="1215" open_lv="1" weight="1000" broadcast_channel="" broadcast_detail=""/>
  <talks_event id="1013" t_name="Wapol" detail="&quot;Muốn mời tôi ư? Cậu khẳng định đồ ăn trên thuyền các cậu đủ để cho tôi ăn chứ, cẩn thận tôi ăn luôn cả thuyền của các cậu đấy. Ha ha ha&quot;" ico="big_10043" type="2" belly="" gold="" fatigue="" prestige="" experience="" success="" item_id="" item_num="" hero_id="10043" army_id="1221" open_lv="1" weight="1000" broadcast_channel="" broadcast_detail=""/>
  <talks_event id="1014" t_name="Mr.4" detail="Cầu đồng ý cùng tôi chơi bóng chày chứ? Tôi muốn chơi trên thuyền của cậu từ lậu rồi!" ico="big_10073" type="2" belly="" gold="" fatigue="" prestige="" experience="" success="" item_id="" item_num="" hero_id="10073" army_id="1513" open_lv="1" weight="1000" broadcast_channel="" broadcast_detail=""/>
  <talks_event id="1015" t_name="MissChristmas" detail="&quot;Đừng nhìn bộ dạng bà lão của tôi, thực ra tôi vẫn rất mong được cùng cậu đi thám hiểm. ôi~ lưng của tôi!&quot;" ico="big_10074" type="2" belly="" gold="" fatigue="" prestige="" experience="" success="" item_id="" item_num="" hero_id="10074" army_id="1512" open_lv="1" weight="1000" broadcast_channel="" broadcast_detail=""/>
  <talks_event id="1016" t_name="MissDouble Finger" detail="&quot;Muốn tôi đi cùng trước hết phải đóng quán rượu nhền nhện của tôi đã, thật có chút đáng tiếc.&quot;" ico="big_10055" type="2" belly="" gold="" fatigue="" prestige="" experience="" success="" item_id="" item_num="" hero_id="10055" army_id="1520" open_lv="1" weight="1000" broadcast_channel="" broadcast_detail=""/>
  <talks_event id="1017" t_name="Mr.7" detail="&quot;Từ lâu tôi đã không thể chịu được Crocodile rồi, cho tôi gia nhập vói các cậu đi.&quot;" ico="big_10075" type="2" belly="" gold="" fatigue="" prestige="" experience="" success="" item_id="" item_num="" hero_id="10075" army_id="1620" open_lv="1" weight="1000" broadcast_channel="" broadcast_detail=""/>
  <talks_event id="1018" t_name="MissFather Day" detail="Có thể cho tôi đi xem băng hải tặc chú hề trong truyền thuyết không? " ico="big_10076" type="2" belly="" gold="" fatigue="" prestige="" experience="" success="" item_id="" item_num="" hero_id="10076" army_id="1621" open_lv="1" weight="1000" broadcast_channel="" broadcast_detail=""/>
  <talks_event id="1019" t_name="Mr.1" detail="&quot;Thật không thể ngờ tôi lại bị người dùng kiếm vượt qua, phải mạnh hơn mới được, cho tôi đi biển tập luyện đi cùng cậu đi!&quot;" ico="big_10056" type="2" belly="" gold="" fatigue="" prestige="" experience="" success="" item_id="" item_num="" hero_id="10056" army_id="1521" open_lv="1" weight="1000" broadcast_channel="" broadcast_detail=""/>
  <talks_event id="1020" t_name="Mr.3" detail="&quot;Sao, cậu có thể thưởng thức nghệ thuật hình thể sao?&quot;" ico="big_10050" type="2" belly="" gold="" fatigue="" prestige="" experience="" success="" item_id="" item_num="" hero_id="10050" army_id="1120" open_lv="1" weight="1000" broadcast_channel="" broadcast_detail=""/>
  <talks_event id="1021" t_name="Sarquiss" detail="&quot;Ê này, cậu thật sự có thể đưa tôi đến quê hương của Vàng?&quot;" ico="big_10077" type="2" belly="" gold="" fatigue="" prestige="" experience="" success="" item_id="" item_num="" hero_id="10077" army_id="1716" open_lv="1" weight="1000" broadcast_channel="" broadcast_detail=""/>
  <talks_event id="1022" t_name="Myure" detail="&quot;Nốt ruồi trên mắt của tôi là do tôi đi nước khác mà gắn lên đó, tôi thật hi vọng có người thích nó.&quot;" ico="big_10078" type="2" belly="" gold="" fatigue="" prestige="" experience="" success="" item_id="" item_num="" hero_id="10078" army_id="1712" open_lv="1" weight="1000" broadcast_channel="" broadcast_detail=""/>
  <talks_event id="1023" t_name="Linh cẩu Bellamy" detail="&quot;Trên vùng biển này,những thứ như mong ước thật không xứng nhắc đến, người mạnh như cậu mới là ước mơ của tôi.&quot;" ico="big_10057" type="2" belly="" gold="" fatigue="" prestige="" experience="" success="" item_id="" item_num="" hero_id="10057" army_id="1720" open_lv="1" weight="1000" broadcast_channel="" broadcast_detail=""/>
  <talks_event id="1024" t_name="Người khỉ" detail="&quot;Cho tôi đi cùng sẽ rất có ích, tôi có thể lợi dụng sóng âm tìm báu vật bị giấu dưới nước.&quot;" ico="big_10079" type="2" belly="" gold="" fatigue="" prestige="" experience="" success="" item_id="" item_num="" hero_id="10079" army_id="1704" open_lv="1" weight="1000" broadcast_channel="" broadcast_detail=""/>
  <talks_event id="1025" t_name="Tinh Tinh" detail="&quot;Tôi sẽ theo anh! Đừng đưa cho tôi chuối nữa, được không!&quot;" ico="big_10080" type="2" belly="" gold="" fatigue="" prestige="" experience="" success="" item_id="" item_num="" hero_id="10080" army_id="1708" open_lv="1" weight="1000" broadcast_channel="" broadcast_detail=""/>
  <talks_event id="1026" t_name="Thần quan Shura" detail="Để Kỵ sỹ bầu trời tôi giúp cậu một tay đi." ico="big_10093" type="2" belly="" gold="" fatigue="" prestige="" experience="" success="" item_id="" item_num="" hero_id="10093" army_id="2021" open_lv="1" weight="1000" broadcast_channel="" broadcast_detail=""/>
  <talks_event id="1027" t_name="Thần quan Satori" detail="Ê..ê.. Cùng đến chơi bóng đi!" ico="big_10092" type="2" belly="" gold="" fatigue="" prestige="" experience="" success="" item_id="" item_num="" hero_id="10092" army_id="2120" open_lv="1" weight="1000" broadcast_channel="" broadcast_detail=""/>
  <talks_event id="1028" t_name="Kamakiri" detail="&quot;Sấm sét từ xa xưa đãlà năng lực của thần, nhưng tôi tin các cậu có thể vượt qua được cả thần.&quot;" ico="big_10086" type="2" belly="" gold="" fatigue="" prestige="" experience="" success="" item_id="" item_num="" hero_id="10086" army_id="1915" open_lv="1" weight="1000" broadcast_channel="" broadcast_detail=""/>
  <talks_event id="1029" t_name="Thần binh trưởng Yama" detail="&quot;Robin, em sai rồi, lần sau em sẽ không phá hỏng di tích nữa, cho em theo chị đi mà!&quot;" ico="big_10087" type="2" belly="" gold="" fatigue="" prestige="" experience="" success="" item_id="" item_num="" hero_id="10087" army_id="2116" open_lv="1" weight="1000" broadcast_channel="" broadcast_detail=""/>
  <talks_event id="1030" t_name="Wiper" detail="&quot;Tôi cũng rất muốn xem người thanh hải có khả năng gì, cùng nhau chiến đấu đi！&quot;" ico="big_weipa" type="2" belly="" gold="" fatigue="" prestige="" experience="" success="" item_id="" item_num="" hero_id="10059" army_id="1920" open_lv="1" weight="1000" broadcast_channel="" broadcast_detail=""/>
  <talks_event id="1031" t_name="Laki" detail="&quot;Nghe nói thanh hải khắp nơi đều là đất, tôi rất muốn cùng cậu đi xem xem。 &quot;" ico="big_laqi" type="2" belly="" gold="" fatigue="" prestige="" experience="" success="" item_id="" item_num="" hero_id="10094" army_id="1911" open_lv="1" weight="1000" broadcast_channel="" broadcast_detail=""/>
  <talks_event id="1032" t_name="Thần quan Ohm" detail="&quot;Cậu là người đầu tiên sống sót trongthử thách sắt, tôi thích cậu.&quot;" ico="big_10090" type="2" belly="" gold="" fatigue="" prestige="" experience="" success="" item_id="" item_num="" hero_id="10090" army_id="2220" open_lv="1" weight="1000" broadcast_channel="" broadcast_detail=""/>
  <talks_event id="1033" t_name="Thân Enel" detail="&quot;Làm thần cũng sẽ bị vài người phàm đánh bại, phải không? Ha ha, xem ra hải tặc vương xứng đáng để tôi mong đợi.&quot;" ico="big_10045" type="2" belly="" gold="" fatigue="" prestige="" experience="" success="" item_id="" item_num="" hero_id="10045" army_id="2324" open_lv="1" weight="1000" broadcast_channel="" broadcast_detail=""/>
  <talks_event id="1034" t_name="Đại tá Morgan" detail="Có lẽ chỉ có thể để Helmeppo rời xa ta mói có thể khiến cậu ấy trưởng thành được." ico="big_10026" type="2" belly="" gold="" fatigue="" prestige="" experience="" success="" item_id="" item_num="" hero_id="10026" army_id="221" open_lv="1" weight="1000" broadcast_channel="" broadcast_detail=""/>
  <talks_event id="1035" t_name="Kohza" detail="&quot;Bị Crocodile tiêu khiển như trong lòng bàn tay,xem ra tôi còn phải luyện tập nhiều. &quot;" ico="big_kousha" type="2" belly="" gold="" fatigue="" prestige="" experience="" success="" item_id="" item_num="" hero_id="10054" army_id="1618" open_lv="1" weight="1000" broadcast_channel="" broadcast_detail=""/>
  <talks_event id="1036" t_name="Kịch nghệ Cabaji" detail="&quot;Cúi lạy dưới nghệ thuật nhào lộn điêu luyện của ta, đã đến thời khắc chứng kiến kì tích.&quot;" ico="big_10027" type="2" belly="" gold="" fatigue="" prestige="" experience="" success="" item_id="" item_num="" hero_id="10027" army_id="314" open_lv="1" weight="1000" broadcast_channel="" broadcast_detail=""/>
  <talks_event id="1037" t_name="Miss Golden Week" detail="Tôi có thể vẽ cho cậu một bức tranh không?" ico="big_30001" type="2" belly="" gold="" fatigue="" prestige="" experience="" success="" item_id="" item_num="" hero_id="30001" army_id="1119" open_lv="1" weight="1000" broadcast_channel="" broadcast_detail=""/>
  <talks_event id="1038" t_name="Chew" detail="&quot;Mau giúp tôi, vị quản thành nói tôi khạc đờm tùy tiện, mốn bắt tôi quay về!&quot;" ico="big_10039" type="2" belly="" gold="" fatigue="" prestige="" experience="" success="" item_id="" item_num="" hero_id="10039" army_id="616" open_lv="1" weight="1000" broadcast_channel="" broadcast_detail=""/>
  <talks_event id="1039" t_name="Thiếu tá Drake" detail="&quot;Mau giúp tôi cản Jessica lại, tôi không muốn ăn cà rốt nữa!&quot;" ico="big_deleike" type="2" belly="" gold="" fatigue="" prestige="" experience="" success="" item_id="" item_num="" hero_id="30004" army_id="2412" open_lv="1" weight="1000" broadcast_channel="" broadcast_detail=""/>
  <talks_event id="1040" t_name="Jessica" detail="&quot;Tin rằng vùng biển này vẫn còn rất nhiều Đầu bếp giỏi, đáng để chúng ta học hỏi.&quot;" ico="big_jiexika" type="2" belly="" gold="" fatigue="" prestige="" experience="" success="" item_id="" item_num="" hero_id="30005" army_id="2416" open_lv="1" weight="1000" broadcast_channel="" broadcast_detail=""/>
  <talks_event id="1041" t_name="Kabato" detail="&quot;May mà được cùng chiến đấu với mọi người, cảm ơn mọi người đã chữa khỏi bệnhcho tôi.&quot;" ico="big_kebatuo" type="2" belly="" gold="" fatigue="" prestige="" experience="" success="" item_id="" item_num="" hero_id="30006" army_id="2404" open_lv="1" weight="1000" broadcast_channel="" broadcast_detail=""/>
  <talks_event id="1042" t_name="Capote" detail="&quot;Tôi lần tiên bị đánh bại ở cuộc đua thuyền, mọi người để cho tôi gia nhập đi.&quot;" ico="big_kabodi" type="2" belly="" gold="" fatigue="" prestige="" experience="" success="" item_id="" item_num="" hero_id="30009" army_id="2505" open_lv="1" weight="1000" broadcast_channel="" broadcast_detail=""/>
  <talks_event id="1043" t_name="Hamburg" detail="phù phù …đại ca lại bị đánh rồi…phù phù" ico="big_hanbaogu" type="2" belly="" gold="" fatigue="" prestige="" experience="" success="" item_id="" item_num="" hero_id="30010" army_id="2510" open_lv="1" weight="1000" broadcast_channel="" broadcast_detail=""/>
  <talks_event id="1044" t_name="Kiwi" detail="&quot;Chúng tôi được đại ca thu nhận từ nhỏ, lần này cho dù thế nào cũng phải giúp ông ấy.&quot;" ico="big_jiwei" type="2" belly="" gold="" fatigue="" prestige="" experience="" success="" item_id="" item_num="" hero_id="30012" army_id="2615" open_lv="1" weight="1000" broadcast_channel="" broadcast_detail=""/>
  <talks_event id="1045" t_name="Tamagon" detail="&quot;Tôi cướp được quần trong của đại ca rồi, mau đến lấy , tôi sắp bị đuổi kịp rồi!&quot;" ico="big_danzi" type="2" belly="" gold="" fatigue="" prestige="" experience="" success="" item_id="" item_num="" hero_id="30015" army_id="2605" open_lv="1" weight="1000" broadcast_channel="" broadcast_detail=""/>
  <talks_event id="1046" t_name="Jerry" detail="&quot;Đến tập Yoga cùng ta nào, đừng chỉ ngồi thế, người thanh niên!&quot;" ico="big_jieli" type="2" belly="" gold="" fatigue="" prestige="" experience="" success="" item_id="" item_num="" hero_id="30027" army_id="2905" open_lv="1" weight="1000" broadcast_channel="" broadcast_detail=""/>
  <talks_event id="1047" t_name="Wanze" detail="&quot;Cảm ơn đã nói cho ta đạo lý của 1 đầu bếp, ta sẽ phát triển mỳ kéo lỗ mũi.&quot;" ico="big_wajie" type="2" belly="" gold="" fatigue="" prestige="" experience="" success="" item_id="" item_num="" hero_id="30028" army_id="2915" open_lv="1" weight="1000" broadcast_channel="" broadcast_detail=""/>
  <talks_event id="1048" t_name="Baskerville" detail="&quot;Có tội! Có tội! Tất cả các ngươi đều có tội! Không được chạy, những tên tội phạm kia!&quot;" ico="big_shenpanzhang" type="2" belly="" gold="" fatigue="" prestige="" experience="" success="" item_id="" item_num="" hero_id="30034" army_id="3025" open_lv="1" weight="1000" broadcast_channel="" broadcast_detail=""/>
  <talks_event id="1049" t_name="Shu" detail="&quot;Nếu như ngươi có vũ khí bằng sắt thì hãy giao cho ta nhé, ta sẽ biến chúng rỉ sắt hết!&quot;" ico="big_xiuen" type="2" belly="" gold="" fatigue="" prestige="" experience="" success="" item_id="" item_num="" hero_id="30032" army_id="3415" open_lv="1" weight="1000" broadcast_channel="" broadcast_detail=""/>
  <talks_event id="1050" t_name="Very Good" detail="&quot;Đừng hỏi ta tại sao mỗi ngày lại chỉ ăn và ngủ, không bắn bóng nữa!&quot;" ico="big_doudou" type="2" belly="" gold="" fatigue="" prestige="" experience="" success="" item_id="" item_num="" hero_id="30025" army_id="3410" open_lv="1" weight="1000" broadcast_channel="" broadcast_detail=""/>
  <talks_event id="1051" t_name="Kaku" detail="&quot;Đáng tiếc, sát thủ không thể đổi nghề. Nhưng, dùng cái cổ của ta để làm cầu trượt cho các em nhỏ thì ta rất vui lòng.&quot;" ico="big_kaku" type="2" belly="" gold="" fatigue="" prestige="" experience="" success="" item_id="" item_num="" hero_id="30017" army_id="3425" open_lv="1" weight="1000" broadcast_channel="" broadcast_detail=""/>
  <talks_event id="1052" t_name="Spandam" detail="&quot;Chỉ cần có được vũ khí cổ đại, thì ta sẽ là anh hùng thời đại mới rồi!&quot;" ico="big_sipandamu" type="2" belly="" gold="" fatigue="" prestige="" experience="" success="" item_id="" item_num="" hero_id="30021" army_id="3421" open_lv="1" weight="1000" broadcast_channel="" broadcast_detail=""/>
  <talks_event id="1053" t_name="Fukuro" detail="Ta sẽ nói cho ngươi biết chỉ số Douriki của Spandam chỉ là 9 sao? Chapapa..." ico="big_ywmaotouying" type="2" belly="" gold="" fatigue="" prestige="" experience="" success="" item_id="" item_num="" hero_id="30023" army_id="3305" open_lv="1" weight="1000" broadcast_channel="" broadcast_detail=""/>
  <talks_event id="1054" t_name="Lil" detail="Người đã hứa là chơi với ta cơ mà!" ico="big_lilu" type="2" belly="" gold="" fatigue="" prestige="" experience="" success="" item_id="" item_num="" hero_id="30065" army_id="3620" open_lv="1" weight="1000" broadcast_channel="" broadcast_detail=""/>
  <talks_event id="1055" t_name="Campacino" detail="Tình cảm huynh đệ của chúng ta chính là sức mạnh lớn nhất!" ico="big_kapaqinuo" type="2" belly="" gold="" fatigue="" prestige="" experience="" success="" item_id="" item_num="" hero_id="30066" army_id="3625" open_lv="1" weight="1000" broadcast_channel="" broadcast_detail=""/>
  <talks_event id="1056" t_name="Arbell" detail="&quot;Salchow, anh hấp dẫn quá, oh my honey.&quot;" ico="big_aerbeidi" type="2" belly="" gold="" fatigue="" prestige="" experience="" success="" item_id="" item_num="" hero_id="30061" army_id="3610" open_lv="1" weight="1000" broadcast_channel="" broadcast_detail=""/>
  <talks_event id="1057" t_name="Stansen" detail="&quot;Ta quyết định giúp thuyền trưởng tiến quân vào Tân thế giới, Vua hải tặc, nhất định là có thể.&quot;" ico="big_sitansen" type="2" belly="" gold="" fatigue="" prestige="" experience="" success="" item_id="" item_num="" hero_id="30063" army_id="3520" open_lv="1" weight="1000" broadcast_channel="" broadcast_detail=""/>
  <talks_event id="1058" t_name="Kyier" detail="&quot;Hiện tại chỉ có Stansen là lấy lại được ý chí chiến đấu, ta cũng không thể thua hắn!&quot;" ico="big_kaiyier" type="2" belly="" gold="" fatigue="" prestige="" experience="" success="" item_id="" item_num="" hero_id="30062" army_id="3515" open_lv="1" weight="1000" broadcast_channel="" broadcast_detail=""/>
  <talks_event id="1059" t_name="Sarton" detail="&quot;Wa, 2 vị bên kia (Nami và Robin), là 2 mỹ nữ! Sao bây giờ ta mới thấy nhỉ!&quot;" ico="big_sadun" type="2" belly="" gold="" fatigue="" prestige="" experience="" success="" item_id="" item_num="" hero_id="30064" army_id="3510" open_lv="1" weight="1000" broadcast_channel="" broadcast_detail=""/>
  <talks_event id="1060" t_name="Brindo" detail="&quot;Lực từ của chúng ta, có thể hút mà cũng có thể đẩy, đủ để tạo thành một chiến thuật hoàn mỹ!&quot;" ico="big_bulandi" type="2" belly="" gold="" fatigue="" prestige="" experience="" success="" item_id="" item_num="" hero_id="30067" army_id="3715" open_lv="1" weight="1000" broadcast_channel="" broadcast_detail=""/>
  <talks_event id="1061" t_name="Salchow" detail="&quot;Arbell, có thể lấy được nàng là niềm vinh hạnh cả đời của ta!&quot;" ico="big_saluke" type="2" belly="" gold="" fatigue="" prestige="" experience="" success="" item_id="" item_num="" hero_id="30060" army_id="3605" open_lv="1" weight="1000" broadcast_channel="" broadcast_detail=""/>
  <talks_event id="1062" t_name="Smoker" detail="&quot;Nhóc con, muốn một miếng không?&quot;" ico="big_10014" type="2" belly="" gold="" fatigue="" prestige="" experience="" success="" item_id="" item_num="" hero_id="10014" army_id="1321" open_lv="1" weight="300" broadcast_channel="" broadcast_detail=""/>
  <talks_event id="1063" t_name="Absalom" detail="&quot;Nami, đến đây là cô dâu của ta nào!&quot;" ico="big_abusaluomu" type="2" belly="" gold="" fatigue="" prestige="" experience="" success="" item_id="" item_num="" hero_id="30074" army_id="4120" open_lv="1" weight="1000" broadcast_channel="" broadcast_detail=""/>
  <talks_event id="1064" t_name="Jigoro" detail="&quot;Vết thương sau lưng là nỗi nhục của kiếm sĩ, tuy toàn thân ta đầy vết thương.&quot;" ico="big_fengwulang" type="2" belly="" gold="" fatigue="" prestige="" experience="" success="" item_id="" item_num="" hero_id="30075" army_id="4215" open_lv="1" weight="1000" broadcast_channel="" broadcast_detail=""/>
  <talks_event id="1065" t_name="Kiếm hào Ryuma" detail="&quot;Phi long kiếm sĩ thời xưa, ở thế giới mới, sẽ có những hành động gì đây?&quot;" ico="big_longma" type="2" belly="" gold="" fatigue="" prestige="" experience="" success="" item_id="" item_num="" hero_id="30076" army_id="4226" open_lv="1" weight="1000" broadcast_channel="" broadcast_detail=""/>
  <talks_event id="1066" t_name="Hildon" detail="&quot;Đến đây, ta đưa các ngươi tham quan thành lũy của chủ nhân nào!&quot;" ico="big_xierdun" type="2" belly="" gold="" fatigue="" prestige="" experience="" success="" item_id="" item_num="" hero_id="30077" army_id="4015" open_lv="1" weight="1000" broadcast_channel="" broadcast_detail=""/>
  <talks_event id="1067" t_name="Cindry" detail="Nếu như xương bánh chè của ngươi cũng rơi vỡ như cái đĩa thì thật là tốt." ico="big_xindeli" type="2" belly="" gold="" fatigue="" prestige="" experience="" success="" item_id="" item_num="" hero_id="30079" army_id="4020" open_lv="1" weight="1000" broadcast_channel="" broadcast_detail=""/>
  <talks_event id="1068" t_name="Inuppe" detail="&quot;Cô gái  xinh đẹp ơi, tôi có thể mời cô cốc trà không?&quot;" ico="big_qiequan" type="2" belly="" gold="" fatigue="" prestige="" experience="" success="" item_id="" item_num="" hero_id="30080" army_id="4210" open_lv="1" weight="1000" broadcast_channel="" broadcast_detail=""/>
  <talks_event id="1069" t_name="Lola" detail="&quot;Absalom, mồm miệng anh quá dã man, đúng là không thể chịu nổi!&quot;" ico="big_luola" type="2" belly="" gold="" fatigue="" prestige="" experience="" success="" item_id="" item_num="" hero_id="30082" army_id="4125" open_lv="1" weight="1000" broadcast_channel="" broadcast_detail=""/>
  <talks_event id="1070" t_name="Huynh đệ sóc" detail="&quot;Không xong rồi không xong rồi, những con vật săn được đều chạy trốn cả rồi!&quot;" ico="big_songshu" type="2" belly="" gold="" fatigue="" prestige="" experience="" success="" item_id="" item_num="" hero_id="30083" army_id="4105" open_lv="1" weight="1000" broadcast_channel="" broadcast_detail=""/>
  <talks_event id="1071" t_name="Gallant Hippo" detail="Trên đời này tại sao lại có người tiêu cực như vậy!" ico="big_hemashenshi" type="2" belly="" gold="" fatigue="" prestige="" experience="" success="" item_id="" item_num="" hero_id="30095" army_id="4315" open_lv="1" weight="1000" broadcast_channel="" broadcast_detail=""/>
  <talks_event id="1072" t_name="Perona" detail="&quot;A la a la, ta ngưỡng mộ nhất là thành cổ vừa âm u đáng sợ vừa ẩm ướt~&quot;" ico="big_peiluona" type="2" belly="" gold="" fatigue="" prestige="" experience="" success="" item_id="" item_num="" hero_id="30070" army_id="4326" open_lv="1" weight="300" broadcast_channel="" broadcast_detail=""/>
  <talks_event id="1073" t_name="Kỵ sỹ cá chuồn" detail="BÍ quyết bắt cá chuồn là 1 gậy đánh ngất!" ico="big_feiyu" type="2" belly="" gold="" fatigue="" prestige="" experience="" success="" item_id="" item_num="" hero_id="30102" army_id="4708" open_lv="1" weight="1000" broadcast_channel="" broadcast_detail=""/>
  <talks_event id="1074" t_name="Gyaro" detail="Ngươi muốn cho ta ăn cá đèn lồng mĩ vị sao?" ico="big_gailuo" type="2" belly="" gold="" fatigue="" prestige="" experience="" success="" item_id="" item_num="" hero_id="30104" army_id="4805" open_lv="1" weight="1000" broadcast_channel="" broadcast_detail=""/>
  <talks_event id="1075" t_name="Tansui" detail="Sự cải trang hoàn mỹ của ta bị phát hiện sao?" ico="big_tangxi" type="2" belly="" gold="" fatigue="" prestige="" experience="" success="" item_id="" item_num="" hero_id="30105" army_id="4810" open_lv="1" weight="1000" broadcast_channel="" broadcast_detail=""/>
  <talks_event id="1076" t_name="Macro" detail="&quot;Ta là đồng đội của ngươi, Macro vô dụng!&quot;" ico="big_makuluo" type="2" belly="" gold="" fatigue="" prestige="" experience="" success="" item_id="" item_num="" hero_id="30106" army_id="4815" open_lv="1" weight="1000" broadcast_channel="" broadcast_detail=""/>
  <talks_event id="1077" t_name="Doran" detail="&quot;Hi hi, nói cho ta bí mật chế tác bảo thạch đi, cô em?&quot;" ico="big_duolang" type="2" belly="" gold="" fatigue="" prestige="" experience="" success="" item_id="" item_num="" hero_id="30108" army_id="4625" open_lv="1" weight="1000" broadcast_channel="" broadcast_detail=""/>
  <talks_event id="1078" t_name="Peterman" detail="Con gấu bông đó là lần cải trang hoàn hảo nhất của ta!" ico="big_bideman" type="2" belly="" gold="" fatigue="" prestige="" experience="" success="" item_id="" item_num="" hero_id="30113" army_id="4925" open_lv="1" weight="1000" broadcast_channel="" broadcast_detail=""/>
  <talks_event id="1079" t_name="Disco" detail="Hôm nay có vô số nô lệ ư tú đấu giá đây!" ico="big_disike" type="2" belly="" gold="" fatigue="" prestige="" experience="" success="" item_id="" item_num="" hero_id="30110" army_id="5025" open_lv="1" weight="1000" broadcast_channel="" broadcast_detail=""/>
  <talks_event id="1080" t_name="Sweet Pea" detail="Ở giữa còn sót 1 cái nấm? Ta phải nhổ nó lên!" ico="big_siduobi" type="2" belly="" gold="" fatigue="" prestige="" experience="" success="" item_id="" item_num="" hero_id="30147" army_id="5815" open_lv="1" weight="1000" broadcast_channel="" broadcast_detail=""/>
  <talks_event id="1081" t_name="Kikyou" detail="Cấm đàn ông là luật pháp bất biến ở đảo Kuja!" ico="big_jigeng" type="2" belly="" gold="" fatigue="" prestige="" experience="" success="" item_id="" item_num="" hero_id="30148" army_id="5826" open_lv="1" weight="1000" broadcast_channel="" broadcast_detail=""/>
  <talks_event id="1082" t_name="Marguerite" detail="Ngươi… ngươi tặng ta một kintama nhé?" ico="big_gemalite" type="2" belly="" gold="" fatigue="" prestige="" experience="" success="" item_id="" item_num="" hero_id="30145" army_id="5820" open_lv="1" weight="1000" broadcast_channel="" broadcast_detail=""/>
  <talks_event id="1083" t_name="Atmos" detail="Ta không thich đàn ông chơi con rối." ico="big_atemosi" type="2" belly="" gold="" fatigue="" prestige="" experience="" success="" item_id="" item_num="" hero_id="30258" army_id="8627" open_lv="1" weight="1000" broadcast_channel="" broadcast_detail=""/>
  <talks_event id="1084" t_name="Saldeath" detail="Tên ta là Saldeath……Không phải gọi là khỉ!" ico="big_houzi" type="2" belly="" gold="" fatigue="" prestige="" experience="" success="" item_id="" item_num="" hero_id="30177" army_id="6626" open_lv="1" weight="1000" broadcast_channel="" broadcast_detail=""/>
  <talks_event id="1085" t_name="Marigold" detail="&quot;Để mạnh hơn, ta không ngừng ăn lẩu sumo và luyện tập thể hình, hiện tại ta không phải là bé khỏe bé đẹp sao.&quot;" ico="big_maligelude" type="2" belly="" gold="" fatigue="" prestige="" experience="" success="" item_id="" item_num="" hero_id="30143" army_id="5921" open_lv="1" weight="1000" broadcast_channel="" broadcast_detail=""/>
  <talks_event id="1086" t_name="Sandersonia" detail="&quot;Không được phép vô lễ với chị, đây là sức chịu đựng cao nhất của ta rồi.&quot;" ico="big_sandasuoniya" type="2" belly="" gold="" fatigue="" prestige="" experience="" success="" item_id="" item_num="" hero_id="30144" army_id="5926" open_lv="1" weight="1000" broadcast_channel="" broadcast_detail=""/>
  <talks_event id="1087" t_name="Squard" detail="Ta đồng ý với cha sẽ trở về Tân Thế Giới." ico="big_sikuyade" type="2" belly="" gold="" fatigue="" prestige="" experience="" success="" item_id="" item_num="" hero_id="30275" army_id="9115" open_lv="1" weight="1000" broadcast_channel="" broadcast_detail=""/>
  <talks_event id="1088" t_name="Fullbody" detail="Ta đã không còn là nô lệ của Hina nữa rồi!" ico="big_fenbudi" type="2" belly="" gold="" fatigue="" prestige="" experience="" success="" item_id="" item_num="" hero_id="30343" army_id="8816" open_lv="1" weight="1000" broadcast_channel="" broadcast_detail=""/>
  <talks_event id="1089" t_name="Haredas" detail="Ta phát hiện ra 1 hòn đào có cả ngày nắng và ngày mưa cùng lúc." ico="big_haleida" type="2" belly="" gold="" fatigue="" prestige="" experience="" success="" item_id="" item_num="" hero_id="30344" army_id="10027" open_lv="1" weight="1000" broadcast_channel="" broadcast_detail=""/>
  <talks_event id="1090" t_name="Manboshi" detail="&quot;Nhìn động tác của ta, giống như khiêu vũ, có phải rất thú vị không?&quot;" ico="big_fanchexing" type="2" belly="" gold="" fatigue="" prestige="" experience="" success="" item_id="" item_num="" hero_id="30367" army_id="10510" open_lv="1" weight="1000" broadcast_channel="" broadcast_detail=""/>
  <talks_event id="1091" t_name="Heracles" detail="Dũng sĩ rừng xanh đẹp trai nhất chính là ta!" ico="big_helakelesi" type="2" belly="" gold="" fatigue="" prestige="" experience="" success="" item_id="" item_num="" hero_id="30382" army_id="10022" open_lv="1" weight="1000" broadcast_channel="" broadcast_detail=""/>
  <talks_event id="1092" t_name="Elizabeth" detail="Tôi thấy đầm ren dài trắng hợp với bạn nhất~" ico="big_xinrenyaoyihao" type="2" belly="" gold="" fatigue="" prestige="" experience="" success="" item_id="" item_num="" hero_id="30383" army_id="10216" open_lv="1" weight="1000" broadcast_channel="" broadcast_detail=""/>
  <talks_event id="1093" t_name="Caroline" detail="Bạn có một trái tim thiếu nữ chân chính!" ico="big_jialuolaiyin" type="2" belly="" gold="" fatigue="" prestige="" experience="" success="" item_id="" item_num="" hero_id="30384" army_id="10221" open_lv="1" weight="1000" broadcast_channel="" broadcast_detail=""/>
  <talks_event id="1094" t_name="Zeo" detail="&quot;Đi theo ta, thống trị loài người, thay đổi lịch sử!&quot;" ico="big_jieou" type="2" belly="" gold="" fatigue="" prestige="" experience="" success="" item_id="" item_num="" hero_id="30398" army_id="11327" open_lv="1" weight="1000" broadcast_channel="" broadcast_detail=""/>
  <talks_event id="1095" t_name="伊卡洛斯" detail="穆嘿嘿！" ico="big_yikaluosi" type="2" belly="" gold="" fatigue="" prestige="" experience="" success="" item_id="" item_num="" hero_id="30413" army_id="11226" open_lv="1" weight="1000" broadcast_channel="" broadcast_detail=""/>
  <talks_event id="1096" t_name="蛋蛋男爵伙伴" detail="你们的点心都是我的！" ico="big_dandannanjue" type="2" belly="" gold="" fatigue="" prestige="" experience="" success="" item_id="" item_num="" hero_id="30420" army_id="12325" open_lv="1" weight="1000" broadcast_channel="" broadcast_detail=""/>
  <talks_event id="1097" t_name="修佐" detail="泽法才是真正的传说！" ico="big_xiuzuo" type="2" belly="" gold="" fatigue="" prestige="" experience="" success="" item_id="" item_num="" hero_id="30423" army_id="12628" open_lv="1" weight="1000" broadcast_channel="" broadcast_detail=""/>
  <talks_event id="1098" t_name="丽丽" detail="我会做世界上独一无二的天国料理！" ico="big_lili" type="2" belly="" gold="" fatigue="" prestige="" experience="" success="" item_id="" item_num="" hero_id="30432" army_id="12511" open_lv="1" weight="1000" broadcast_channel="" broadcast_detail=""/>
  <talks_event id="1099" t_name="豹人马" detail="人马才是这个世界的最强者！" ico="big_baorenma" type="2" belly="" gold="" fatigue="" prestige="" experience="" success="" item_id="" item_num="" hero_id="30441" army_id="12825" open_lv="1" weight="1000" broadcast_channel="" broadcast_detail=""/>
  <talks_event id="1100" t_name="狐火锦卫门" detail="在下，是一名武士！" ico="big_huhuojinmenwei" type="2" belly="" gold="" fatigue="" prestige="" experience="" success="" item_id="" item_num="" hero_id="30456" army_id="13225" open_lv="1" weight="1000" broadcast_channel="" broadcast_detail=""/>
</root>