<root>
  <tehuishop_item id="100100" itemid="76009" excost="60" nowcost="50"/>
  <tehuishop_item id="100200" itemid="70734" excost="100" nowcost="50"/>
  <tehuishop_item id="100300" itemid="70724" excost="200" nowcost="100"/>
  <tehuishop_item id="100400" itemid="200010" excost="30" nowcost="10"/>
  <tehuishop_item id="100500" itemid="200009" excost="30" nowcost="10"/>
  <tehuishop_item id="100600" itemid="42006" excost="80" nowcost="40"/>
  <tehuishop_item id="100700" itemid="120039" excost="20" nowcost="16"/>
  <tehuishop_item id="100800" itemid="81122" excost="300" nowcost="10"/>
  <tehuishop_item id="100900" itemid="200009" excost="30" nowcost="1"/>
  <tehuishop_item id="200101" itemid="72004" excost="250" nowcost="100"/>
  <tehuishop_item id="200201" itemid="71005" excost="500" nowcost="150"/>
  <tehuishop_item id="200301" itemid="76009" excost="60" nowcost="50"/>
  <tehuishop_item id="200401" itemid="60024" excost="62.5" nowcost="30"/>
  <tehuishop_item id="200501" itemid="76009" excost="60" nowcost="50"/>
  <tehuishop_item id="200601" itemid="60024" excost="50" nowcost="24"/>
  <tehuishop_item id="200701" itemid="120024" excost="400" nowcost="200"/>
  <tehuishop_item id="200801" itemid="120025" excost="500" nowcost="250"/>
  <tehuishop_item id="200901" itemid="120024" excost="400" nowcost="120"/>
  <tehuishop_item id="201001" itemid="120025" excost="500" nowcost="150"/>
  <tehuishop_item id="201101" itemid="70721" excost="1000" nowcost="100"/>
  <tehuishop_item id="201201" itemid="70731" excost="2000" nowcost="50"/>
  <tehuishop_item id="200102" itemid="121102" excost="150" nowcost="75"/>
  <tehuishop_item id="200202" itemid="121202" excost="150" nowcost="75"/>
  <tehuishop_item id="200302" itemid="121102" excost="150" nowcost="75"/>
  <tehuishop_item id="200402" itemid="121302" excost="150" nowcost="75"/>
  <tehuishop_item id="200502" itemid="121102" excost="150" nowcost="75"/>
  <tehuishop_item id="200602" itemid="121402" excost="150" nowcost="75"/>
  <tehuishop_item id="200702" itemid="121102" excost="150" nowcost="75"/>
  <tehuishop_item id="200802" itemid="121102" excost="150" nowcost="75"/>
  <tehuishop_item id="200902" itemid="121505" excost="25" nowcost="2"/>
  <tehuishop_item id="201002" itemid="121506" excost="30" nowcost="2"/>
  <tehuishop_item id="201102" itemid="121507" excost="35" nowcost="2"/>
  <tehuishop_item id="201202" itemid="121508" excost="40" nowcost="2"/>
  <tehuishop_item id="200103" itemid="120018" excost="200" nowcost="100"/>
  <tehuishop_item id="200203" itemid="120018" excost="200" nowcost="99"/>
  <tehuishop_item id="200303" itemid="120018" excost="200" nowcost="98"/>
  <tehuishop_item id="200403" itemid="120018" excost="200" nowcost="97"/>
  <tehuishop_item id="200503" itemid="120018" excost="200" nowcost="96"/>
  <tehuishop_item id="200603" itemid="120018" excost="200" nowcost="95"/>
  <tehuishop_item id="200703" itemid="120018" excost="200" nowcost="94"/>
  <tehuishop_item id="200803" itemid="120018" excost="200" nowcost="93"/>
  <tehuishop_item id="200903" itemid="120019" excost="50" nowcost="5"/>
  <tehuishop_item id="201003" itemid="120019" excost="50" nowcost="5"/>
  <tehuishop_item id="201103" itemid="120019" excost="50" nowcost="5"/>
  <tehuishop_item id="201203" itemid="120019" excost="50" nowcost="5"/>
  <tehuishop_item id="200104" itemid="120031" excost="10" nowcost="5"/>
  <tehuishop_item id="200204" itemid="120032" excost="10" nowcost="5"/>
  <tehuishop_item id="200304" itemid="120033" excost="10" nowcost="5"/>
  <tehuishop_item id="200404" itemid="120031" excost="10" nowcost="5"/>
  <tehuishop_item id="200504" itemid="120032" excost="10" nowcost="5"/>
  <tehuishop_item id="200604" itemid="120033" excost="10" nowcost="5"/>
  <tehuishop_item id="200704" itemid="73001" excost="270" nowcost="135"/>
  <tehuishop_item id="200804" itemid="73002" excost="900" nowcost="450"/>
  <tehuishop_item id="200904" itemid="120033" excost="10" nowcost="5"/>
  <tehuishop_item id="201004" itemid="120031" excost="10" nowcost="5"/>
  <tehuishop_item id="201104" itemid="120032" excost="10" nowcost="5"/>
  <tehuishop_item id="201204" itemid="120033" excost="10" nowcost="5"/>
  <tehuishop_item id="303501" itemid="60030" excost="25" nowcost="15"/>
  <tehuishop_item id="304501" itemid="60030" excost="25" nowcost="15"/>
  <tehuishop_item id="305501" itemid="2225001" excost="300" nowcost="16"/>
  <tehuishop_item id="306501" itemid="2215002" excost="500" nowcost="24"/>
  <tehuishop_item id="307501" itemid="2246001" excost="1400" nowcost="32"/>
  <tehuishop_item id="308501" itemid="2256002" excost="1000" nowcost="40"/>
  <tehuishop_item id="309501" itemid="2266003" excost="1800" nowcost="48"/>
  <tehuishop_item id="310501" itemid="2256004" excost="1400" nowcost="56"/>
  <tehuishop_item id="311501" itemid="2266005" excost="2200" nowcost="64"/>
  <tehuishop_item id="312501" itemid="2256006" excost="1800" nowcost="72"/>
  <tehuishop_item id="313501" itemid="2267003" excost="4000" nowcost="80"/>
  <tehuishop_item id="314501" itemid="2257004" excost="4500" nowcost="88"/>
  <tehuishop_item id="303502" itemid="70200" excost="20" nowcost="10"/>
  <tehuishop_item id="304502" itemid="70200" excost="20" nowcost="10"/>
  <tehuishop_item id="305502" itemid="70200" excost="20" nowcost="10"/>
  <tehuishop_item id="306502" itemid="70200" excost="20" nowcost="10"/>
  <tehuishop_item id="307502" itemid="70200" excost="20" nowcost="10"/>
  <tehuishop_item id="308502" itemid="70200" excost="20" nowcost="10"/>
  <tehuishop_item id="309502" itemid="60022" excost="20" nowcost="12"/>
  <tehuishop_item id="310502" itemid="60022" excost="20" nowcost="12"/>
  <tehuishop_item id="311502" itemid="50013" excost="400" nowcost="200"/>
  <tehuishop_item id="312502" itemid="50013" excost="400" nowcost="200"/>
  <tehuishop_item id="313502" itemid="60024" excost="50" nowcost="25"/>
  <tehuishop_item id="314502" itemid="60024" excost="50" nowcost="25"/>
  <tehuishop_item id="303503" itemid="70523" excost="100" nowcost="60"/>
  <tehuishop_item id="304503" itemid="74001" excost="20" nowcost="10"/>
  <tehuishop_item id="305503" itemid="70523" excost="100" nowcost="60"/>
  <tehuishop_item id="306503" itemid="74001" excost="20" nowcost="10"/>
  <tehuishop_item id="307503" itemid="70708" excost="50" nowcost="25"/>
  <tehuishop_item id="308503" itemid="70734" excost="100" nowcost="60"/>
  <tehuishop_item id="309503" itemid="60024" excost="50" nowcost="25"/>
  <tehuishop_item id="310503" itemid="70902" excost="100" nowcost="50"/>
  <tehuishop_item id="311503" itemid="70802" excost="200" nowcost="100"/>
  <tehuishop_item id="312503" itemid="70802" excost="200" nowcost="100"/>
  <tehuishop_item id="313503" itemid="60022" excost="20" nowcost="12"/>
  <tehuishop_item id="314503" itemid="60022" excost="20" nowcost="12"/>
  <tehuishop_item id="303504" itemid="70302" excost="50" nowcost="10"/>
  <tehuishop_item id="304504" itemid="74002" excost="20" nowcost="10"/>
  <tehuishop_item id="305504" itemid="200010" excost="30" nowcost="15"/>
  <tehuishop_item id="306504" itemid="74002" excost="20" nowcost="10"/>
  <tehuishop_item id="307504" itemid="70709" excost="50" nowcost="25"/>
  <tehuishop_item id="308504" itemid="70724" excost="100" nowcost="60"/>
  <tehuishop_item id="309504" itemid="200009" excost="30" nowcost="15"/>
  <tehuishop_item id="310504" itemid="72003" excost="100" nowcost="50"/>
  <tehuishop_item id="311504" itemid="72003" excost="100" nowcost="50"/>
  <tehuishop_item id="312504" itemid="200009" excost="30" nowcost="15"/>
  <tehuishop_item id="313504" itemid="200009" excost="30" nowcost="15"/>
  <tehuishop_item id="314504" itemid="200009" excost="30" nowcost="15"/>
</root>