<root>
  <item mapid="1" id="1" type="1" name="Cửa di chuyển PB" data="Cửa di chuyển PB" tx="56" ty="17" typeid="1"/>
  <item mapid="2" id="3" type="1" name="Cửa di chuyển PB" data="Cửa di chuyển PB" tx="59" ty="14" typeid="1"/>
  <item mapid="3" id="4" type="1" name="Cửa di chuyển PB" data="Cửa di chuyển PB" tx="66" ty="16" typeid="1"/>
  <item mapid="4" id="5" type="1" name="Cửa di chuyển PB" data="Cửa di chuyển PB" tx="65" ty="17" typeid="1"/>
  <item mapid="5" id="6" type="1" name="Cửa di chuyển PB" data="Cửa di chuyển PB" tx="66" ty="17" typeid="1"/>
  <item mapid="6" id="7" type="1" name="Cửa di chuyển PB" data="Cửa di chuyển PB" tx="80" ty="17" typeid="1"/>
  <item mapid="7" id="8" type="1" name="Cửa di chuyển PB" data="Cửa di chuyển PB" tx="76" ty="18" typeid="1"/>
  <item mapid="8" id="9" type="1" name="Cửa di chuyển PB" data="Cửa di chuyển PB" tx="78" ty="18" typeid="1"/>
  <item mapid="9" id="10" type="1" name="Cửa di chuyển PB" data="Cửa di chuyển PB" tx="76" ty="18" typeid="1"/>
  <item mapid="10" id="11" type="1" name="Cửa di chuyển PB" data="Cửa di chuyển PB" tx="79" ty="18" typeid="1"/>
  <item mapid="11" id="19" type="1" name="Cửa di chuyển PB" data="Cửa di chuyển PB" tx="79" ty="18" typeid="1"/>
  <item mapid="12" id="20" type="1" name="Cửa di chuyển PB" data="Cửa di chuyển PB" tx="79" ty="16" typeid="1"/>
  <item mapid="13" id="22" type="1" name="Cửa di chuyển PB" data="Cửa di chuyển PB" tx="79" ty="18" typeid="1"/>
  <item mapid="14" id="24" type="1" name="副本传送门" data="副本传送门"  tx="79" ty="18" typeid="1"></item>	
  <item mapid="19" id="2" type="2" name="Cửa di chuyển Thị trấn Carnival" data="Cửa di chuyển Thị trấn Carnival" tx="78" ty="16" typeid="1"/>
  <item mapid="20" id="2" type="2" name="Cửa di chuyển Club" data="Cửa di chuyển  Club" tx="38" ty="16" typeid="1"/>
  <item mapid="7" id="12" type="3" name="Cửa di chuyển PB Vực sâu" data="Cửa di chuyển PB Vực sâu" tx="73" ty="16" typeid="800"/>
  <item mapid="8" id="13" type="3" name="Cửa di chuyển PB Vực sâu" data="Cửa di chuyển PB Vực sâu" tx="75" ty="15" typeid="800"/>
  <item mapid="9" id="14" type="3" name="Cửa di chuyển PB Vực sâu" data="Cửa di chuyển PB Vực sâu" tx="72" ty="16" typeid="800"/>
  <item mapid="10" id="15" type="3" name="Cửa di chuyển PB Vực sâu" data="Cửa di chuyển PB Vực sâu" tx="75" ty="16" typeid="800"/>
  <item mapid="5" id="16" type="3" name="Cửa di chuyển PB Vực sâu" data="Cửa di chuyển PB Vực sâu" tx="63" ty="15" typeid="800"/>
  <item mapid="6" id="17" type="3" name="Cửa di chuyển PB Vực sâu" data="Cửa di chuyển PB Vực sâu" tx="75" ty="16" typeid="800"/>
  <item mapid="11" id="18" type="3" name="Cửa di chuyển PB Vực sâu" data="Cửa di chuyển PB Vực sâu" tx="75" ty="16" typeid="800"/>
  <item mapid="12" id="21" type="3" name="Cửa di chuyển PB Vực sâu" data="Cửa di chuyển PB Vực sâu" tx="76" ty="14" typeid="800"/>
  <item mapid="13" id="23" type="3" name="Cửa di chuyển PB Vực sâu" data="Cửa di chuyển PB Vực sâu" tx="76" ty="15" typeid="800"/>
  <item mapid="14" id="25" type="3" name="深渊副本传送门" data="深渊副本传送门"  tx="76" ty="15" typeid="800"></item>
</root>