<root>
  <temp_msg_content id="1" channel="1" temp_content="&quot;Vòng đấu XH Đấu trường lần này đã kết thúc, lát nữa sẽ phát thưởng, cảm ơn mọi người đã tham gia.&quot;"/>
  <temp_msg_content id="2" channel="1" temp_content="&quot;Phần thưởng Đấu trường đã phát, {0} XH 1, {1} XH 2, {2} XH 3.&quot;"/>
  <temp_msg_content id="3" channel="1" temp_content="&quot;P.thưởng XH may mắn của Đấu trường lần này đã phát, nhấn chuột lĩnh thưởng.&quot;"/>
  <temp_msg_content id="4" channel="1" temp_content="&quot;Vòng Đấu trường mới và P.thưởng XH may mắn mới đã bắt đầu mở lại, mọi người tiếp tục cố gắng thách đấu, cố giành được thành tích tốt nhất trong lần thi đấu này.&quot;"/>
  <temp_msg_content id="5" channel="1" temp_content="&quot;{0}đánh bại {1}, trở thành Tân quán quân của Đấu trường.&quot;"/>
  <temp_msg_content id="6" channel="1" temp_content="&quot;{0} bộc lộ bá khí, kết thúc {2} thắng liên tiếp của {1}.&quot;"/>
  <temp_msg_content id="7" channel="1" temp_content="&quot;{0} lần đầu xuất chiêu, thành công đạt mức 15 thắng liên tiếp trong Đấu trường! &quot;"/>
  <temp_msg_content id="8" channel="1" temp_content="&quot;{0} vô địch, thành công đạt mức 20 thắng liên tiếp trong Đấu trường! &quot;"/>
  <temp_msg_content id="9" channel="1" temp_content="&quot;{0} nộ khí bùng phát, thành công đạt mức 30 thắng liên tiếp trong Đấu trường! &quot;"/>
  <temp_msg_content id="10" channel="1" temp_content="&quot;{0}đã vượt qua cảnh giới của vua cướp biển, thành công đạt mức 50 thắng liên tiếp trong Đấu trường! &quot;"/>
  <temp_msg_content id="11" channel="1" temp_content="&quot;{0}kết hợp chặt chẽ, trong Đấu Trường liên tiếp tăng lên 200 hạng, trở thành minh tinh Đấu trường! &quot;"/>
  <temp_msg_content id="12" channel="1" temp_content="&quot;{0}càng tiếp xúc càng lợi hại, trong Đấu trường liên tiếp tăng lên 500 hạng, trở thành bá chủ Đấu trường! &quot;"/>
  <temp_msg_content id="13" channel="1" temp_content="&quot;{0}khó ngăn cản được sự dũng cảm, trong Đấu trường liên tiếp tăng lên 800 hạng, trở thành ông hoàng Đấu trường! &quot;"/>
  <temp_msg_content id="14" channel="1" temp_content="&quot;{0}Thế như chẻ tre, như vào chỗ không người, trong Đấu trường liên tăng 1000 hạng, trở thành vua cướp biển của Đấu trường! &quot;"/>
  <temp_msg_content id="15" channel="2" temp_content="&quot;{0}đã đánh bại{1}, trở thành tân Quán quân của đấu trường!{2}&quot;"/>
  <temp_msg_content id="101" channel="1" temp_content="{0} sau khi không ngừng cố gắng đã hoàn thành {1}."/>
  <temp_msg_content id="201" channel="1" temp_content="{0} trong hành trình kì lạ đã giành được {1} thành tựu."/>
  <temp_msg_content id="301" channel="1" temp_content="{0} đã giành được danh hiệu {1} mà nhiều người phải ghen tỵ."/>
  <temp_msg_content id="401" channel="1" temp_content="&quot;{0} khi làm mới bản đồ kho báu nhân phẩm bùng phát, được {1} bản đồ kho báu. Mọi người chuẩn bị đón thuyền trở về! &quot;"/>
  <temp_msg_content id="501" channel="1" temp_content="&quot;{0} thiện chiến dũng mãnh, thông quan phụ bản {1}! Tiến gần “One Piece” hơn rồi! &quot;"/>
  <temp_msg_content id="601" channel="4" temp_content="&quot;{0} xin gia nhập C.hội, đang chờ để xét duyệt.&quot;"/>
  <temp_msg_content id="602" channel="4" temp_content="&quot;{0} đã gia nhập C.hội, nhanh đi chào hỏi người mới đi! &quot;"/>
  <temp_msg_content id="603" channel="0" temp_content="&quot;Đề nghị gia nhập C.hội của bạn đã được thông qua, thành công gia nhập {0}! Nhanh đi chào hỏi mọi người đi! &quot;"/>
  <temp_msg_content id="604" channel="0" temp_content="{0} từ chối đề nghị gia nhập C.hội của bạn! "/>
  <temp_msg_content id="605" channel="4" temp_content="{0} đã rời khỏi C.hội! "/>
  <temp_msg_content id="606" channel="4" temp_content="Hội trưởng C.hội {0} sẽ nhường chức hội trưởng cho {1}"/>
  <temp_msg_content id="607" channel="0" temp_content="Hội trưởng C.hội{0} sẽ nhường chức hội trưởng cho bạn! Bạn trở thành Hội trưởng C.hội {1}! "/>
  <temp_msg_content id="608" channel="4" temp_content="&quot;Yến tiệc C.hội sẽ được tiến hành sau {0}phút nữa, mời tất cả thành viên C.hội đến Câu lạc bộ C.hội dự tiệc! &quot;"/>
  <temp_msg_content id="609" channel="4" temp_content="&quot;Yến tiệc C.hội đã bắt đầu tiến hành, mời các thành viên C.hội đến Câu lạc bộ C.hội dự tiệc! &quot;"/>
  <temp_msg_content id="610" channel="4" temp_content="&quot;Yến tiệc C.hội đang tiến hành, cách kết thúc còn {0} phút nữa, mời tất cả thành viên C.hội đên Câu lạc bộ C.hội dự tiệc.&quot;"/>
  <temp_msg_content id="611" channel="4" temp_content="&quot;Yến tiệc C.hội đã kết thúc, cảm ơn tất cả thành viên C.hội đã tích cực tham gia! &quot;"/>
  <temp_msg_content id="612" channel="0" temp_content="Thông báo của C.hội: {0}"/>
  <temp_msg_content id="613" channel="0" temp_content="Bạn bị {0} đá ra khỏi {1}!"/>
  <temp_msg_content id="614" channel="4" temp_content="{0} bị đá khỏi C.hội! "/>
  <temp_msg_content id="615" channel="0" temp_content="Bạn trở thành Hội phó C.hội {0}! "/>
  <temp_msg_content id="616" channel="4" temp_content="{0} trở thành Hội phó C.hội {1}! "/>
  <temp_msg_content id="617" channel="0" temp_content="&quot;T.gian tổ chức Yến tiệc C.hội đã định, {0} hôm nay bắt đầu tổ chức yến tiệc. Xin mọi người chuẩn bị thật tốt để dự tiệc! &quot;"/>
  <temp_msg_content id="618" channel="4" temp_content="&quot;{0} tố cáo {1} thành công, {0} trở thành hội trưởng mới của {2}! &quot;"/>
  <temp_msg_content id="701" channel="0" temp_content="&quot;Cách Boss Thế giới {0} vẫn còn 5 phút nữa, xin mọi người chuẩn bị tốt để chiến đấu! &quot;"/>
  <temp_msg_content id="702" channel="1" temp_content="&quot;Cách Boss Thế giới {0} vẫn còn 5 phút nữa, xin mọi người chuẩn bị tốt để chiến đấu! &quot;"/>
  <temp_msg_content id="703" channel="0" temp_content="&quot;Boss Thế giới {0} đã bắt đầu, xin mọi người hãy nhanh chóng tham gia! Đánh bại Boss Thế giới được Beri, D.vọng và chiến tích! &quot;"/>
  <temp_msg_content id="704" channel="1" temp_content="&quot;Boss Thế giới {0} đã bắt đầu, xin mọi người hãy nhanh chóng tham gia! Đánh bại Boss Thế giới được Beri, D.vọng và chiến tích! &quot;"/>
  <temp_msg_content id="705" channel="0" temp_content="&quot;{0} tiêu diệt thành công Boss Thế giới {1}, được P.thưởng tiêu diệt：{2}! &quot;"/>
  <temp_msg_content id="706" channel="1" temp_content="&quot;{0} sức mạnh vô địch, cho Boss Thế giới {1} cú last shot, giết chết Boss Thế giới{1}! &quot;"/>
  <temp_msg_content id="707" channel="1" temp_content="&quot;{0} đánh tan tất cả, trong trận chiến khiêu chiến với Boss Thế giới {1}, XH S.thương thứ 1! &quot;"/>
  <temp_msg_content id="708" channel="1" temp_content="&quot;{0} đại triển thần uy, trong trận chiến khiêu chiến với Boss Thế giới {1}, XH S.thương thứ 2! &quot;"/>
  <temp_msg_content id="709" channel="1" temp_content="&quot;{0} dũng mãnh thiện chiến, trong trận chiến khiêu chiến với Boss Thế giới {1}, XH S.thương thứ 3! &quot;"/>
  <temp_msg_content id="710" channel="0" temp_content="Top 3 S.thương cao nhất trong cuộc chiến Boss Thế Giới {0} lần này: /rXH 1: {1} s.thương {2}/rXH 2: {3} s.thương{4}/rXH 3：{5} s.thương {6}/r{1} nhận được PT XH s.thương: {7}/r{3} nhận được PT XH s.thương: {8}/r{5} nhận được PT XH s.thương: {9}"/>
  <temp_msg_content id="711" channel="0" temp_content="&quot;Người chơi s.thương cao nhất trong cuộc chiến Boss Thế Giới Boss{0} lần này: /r{1} s.thương {2}, nhận được PT XH s.thương: {3}&quot;"/>
  <temp_msg_content id="712" channel="0" temp_content="Top 2 s.thương cao nhất trong Cuộc chiến Boss Thế giới {0} lần này: /rXH 1: {1} s.thương {2}/rXH 2: {3} s.thương {4}/r{1} nhận được PT XH s.thương: {5}/r{3} nhận được XH s.thương:{6}"/>
  <temp_msg_content id="801" channel="3" temp_content="{0} nhận được {1}"/>
  <temp_msg_content id="802" channel="2" temp_content="{0} nhận được {1}"/>
  <temp_msg_content id="803" channel="3" temp_content="{0} đã hợp {1} thành{2}! "/>
  <temp_msg_content id="804" channel="2" temp_content="{0} đã hợp {1} thành{2}! "/>
  <temp_msg_content id="805" channel="2" temp_content="{0} đã hợp {1} thành{2}! "/>
  <temp_msg_content id="901" channel="2" temp_content="&quot;{0}lúc Hội đàm ở quán rượu nhân phẩm bộc phát, hội đàm được Đ.đội {1}! &quot;"/>
  <temp_msg_content id="1001" channel="3" temp_content="{0} thông qua chế đồ đã nhận được {1}! "/>
  <temp_msg_content id="1002" channel="2" temp_content="{0} thông qua chế đồ đã nhận được {1}! "/>
  <temp_msg_content id="1101" channel="3" temp_content="{0} thông qua NV hàng ngày đã nhận được {1}! "/>
  <temp_msg_content id="1102" channel="2" temp_content="{0} thông qua NV hàng ngày đã nhận được {1}! "/>
  <temp_msg_content id="1003" channel="3" temp_content="{0} thông qua Tích điểm chế đồ đã đổi được {1}! "/>
  <temp_msg_content id="1004" channel="2" temp_content="{0} thông qua Tích điểm chế đồ đã đổi được {1}! "/>
  <temp_msg_content id="402" channel="3" temp_content="{0} thông qua Tầm bảo đã nhận được {1}! "/>
  <temp_msg_content id="403" channel="2" temp_content="{0} thông qua Tầm bảo đã nhận được {1}! "/>
  <temp_msg_content id="404" channel="3" temp_content="{0}thông qua Tích điểm Tầm bảo đã đổi được {1}! "/>
  <temp_msg_content id="405" channel="2" temp_content="{0}thông qua Tích điểm Tầm bảo đã đổi được {1}! "/>
  <temp_msg_content id="1201" channel="3" temp_content="{0}thông qua Tìm kiếm bảo thạch đã nhận được {1}! "/>
  <temp_msg_content id="1202" channel="2" temp_content="{0}thông qua Tìm kiếm bảo thạch đã nhận được {1}! "/>
  <temp_msg_content id="1301" channel="0" temp_content="&quot;{0} Tài nguyên chiến đã bắt đầu, {1} tấn công {2}, C.hội của bạn đã tham gia, xin hãy nhanh chóng chuẩn bị cho trận đấu.&quot;"/>
  <temp_msg_content id="1302" channel="0" temp_content="&quot;Thời gian đăng ký Tài nguyên C.hội đã bắt đầu, xin yêu cầu C.hội tham gia vào trận chiến tài nguyên của C.hội đăng kí kịp thời, để tránh lỡ mất thời gian đăng kí.&quot;"/>
  <temp_msg_content id="1303" channel="0" temp_content="&quot;{0} Tài nguyên chiến đã bắt đầu, {1} tấn công Quân bảo vệ {0}, C.hội của bạn đã tham gia, xin hãy nhanh chóng chuẩn bị cho trận đấu.&quot;"/>
  <temp_msg_content id="1401" channel="2" temp_content="&quot;{0} trong vòng Top 4 Lôi Đài đã đánh bại {1}, tiến vào chung kết! {2}&quot;"/>
  <temp_msg_content id="1402" channel="2" temp_content="&quot;{0} trong vòng chung kết Lôi Đài đã đánh bại {1}, giành Quán quân! Mọi người hãy chúc mừng {0} nào! {2}&quot;"/>
  <temp_msg_content id="1403" channel="2" temp_content="&quot;{0} do Vòng Top 4 không có đối thủ, vào thẳng chung kết! &quot;"/>
  <temp_msg_content id="1404" channel="2" temp_content="&quot;{0} do vòng Chung kết Lôi đài không có đối thủ, đã giành vị trí Quán quân! Mọi người hãy chúc mừng {0} nào! &quot;"/>
  <temp_msg_content id="1405" channel="2" temp_content="Công bố người chơi nhận được giải may mắn vòng này: {0}!"/>
  <temp_msg_content id="1406" channel="2" temp_content="&quot;Công bố người chơi nhận được giải may mắn siêu cấp vòng này: {0}!, mọi người cùng cho họ nào!&quot;"/>
  <temp_msg_content id="1407" channel="2" temp_content="&quot;Top 8 đã xuất hiện, mời các bạn nắm bắt cơ hội bắt đầu trợ uy!&quot;"/>
  <temp_msg_content id="1408" channel="2" temp_content="&quot;Lôi Đài sắp bắt đầu, mời các bạn nhanh chóng đăng ký!&quot;"/>
  <temp_msg_content id="1501" channel="0" temp_content="&quot;{0} trở thành  VIP {1}, sẽ nhận được sự phục vụ xa hoa như quý tộc thế giới, các tính năng đang đợi bạn trải nghiệm! {2} &quot;"/>
  <temp_msg_content id="1502" channel="1" temp_content="&quot;{0} trở thành VIP {1}, sẽ nhận được sự phục vụ xa hoa như quý tộc thế giới, các tính năng đang đợi bạn trải nghiệm! &quot;"/>
  <temp_msg_content id="10001" channel="2" temp_content=" {0} nhận được quà khuyến mãi nạp thẻ là 288 vàng! {1}"/>
  <temp_msg_content id="10002" channel="2" temp_content=" {0} nhận được quà khuyến mãi nạp thẻ là 1388 vàng! {1}"/>
  <temp_msg_content id="10003" channel="2" temp_content=" {0} nhận được quà khuyến mãi nạp thẻ là 2888 vàng! {1}"/>
  <temp_msg_content id="10004" channel="2" temp_content=" {0} nhận được quà khuyến mãi nạp thẻ là 5888 vàng! {1}"/>
  <temp_msg_content id="10005" channel="2" temp_content=" {0} nhận được quà khuyến mãi nạp thẻ là 13888 vàng! {1}"/>
  <temp_msg_content id="10006" channel="2" temp_content=" {0} nhận được quà khuyến mãi nạp thẻ là 28888 vàng! {1}"/>
  <temp_msg_content id="10007" channel="2" temp_content=" {0} nhận được quà khuyến mãi nạp thẻ là 58888 vàng! {1}"/>
  <temp_msg_content id="10008" channel="2" temp_content=" {0} nhận được quà khuyến mãi nạp thẻ là 88888 vàng! {1}"/>
  <temp_msg_content id="1601" channel="2" temp_content=" {0} thông qua rèn trang bị đã rèn {1} thành {2}!"/>
  <temp_msg_content id="1701" channel="1" temp_content="{0} trong Thương thành HĐ đã đổi {1}!"/>
  <temp_msg_content id="1801" channel="0" temp_content="{0} đánh {1}{2}"/>
  <temp_msg_content id="1802" channel="2" temp_content="{0} ở Thương thành Vinh Dự đổi {1}!"/>
  <temp_msg_content id="1803" channel="0" temp_content="&quot;Còn 5 phút sẽ mở Chiến trường Hải tặc trận 1, mọi người chuẩn bị!&quot;"/>
  <temp_msg_content id="1804" channel="0" temp_content="&quot;Chiến trường Hải tặc trận 1 đã mở, hãy tham gia ngay! Trong Chiến trường Hải tặc nhận được vinh dự, beri, danh vọng~!&quot;"/>
  <temp_msg_content id="1805" channel="0" temp_content="&quot;Chiến trường Hải tặc trận 1 đã kết thúc, nghỉ 5 phút giữa hiệp, sau đó sẽ mở nửa trận sau! &quot;"/>
  <temp_msg_content id="1806" channel="0" temp_content="&quot;Chiến trường Hải tặc trận 2 đã mở, hãy tham gia ngay! Trong Chiến trường Hải tặc nhận được vinh dự, beri, danh vọng~! &quot;"/>
  <temp_msg_content id="1807" channel="1" temp_content="&quot;Còn 5 phút sẽ mở Chiến trường Hải tặc trận 1, mọi người chuẩn bị!&quot;"/>
  <temp_msg_content id="1808" channel="1" temp_content="&quot;Chiến trường Hải tặc trận 1 đã mở, hãy tham gia ngay! Trong Chiến trường Hải tặc nhận được vinh dự, beri, danh vọng~!&quot;"/>
  <temp_msg_content id="1809" channel="1" temp_content="&quot;Chiến trường Hải tặc trận 1 đã kết thúc, nghỉ 5 phút giữa hiệp, sau đó sẽ mở nửa trận sau! &quot;"/>
  <temp_msg_content id="1810" channel="1" temp_content="&quot;Chiến trường Hải tặc trận 2 đã mở, hãy tham gia ngay! Trong Chiến trường Hải tặc nhận được vinh dự, beri, danh vọng~! &quot;"/>
  <temp_msg_content id="1901" channel="0" temp_content="&quot;Thời gian báo danh Vương Giả Chiến đã bắt đầu, nhanh đến báo danh.&quot;"/>
  <temp_msg_content id="1902" channel="0" temp_content="&quot;Vòng loại Vương Giả Chiến còn 15 phút nữa bắt đầu, hãy bố trí trận hình và cập nhật t.tin chiến đấu, trước thi đấu {0} không thể cập nhật t.tin.&quot;"/>
  <temp_msg_content id="1903" channel="0" temp_content="&quot;Vòng 1/16 Vương Giả Chiến còn 15 phút nữa bắt đầu, mọi người mau trợ uy, {0} phút trước khi trận đấu bắt đầu không thể trợ uy.&quot;"/>
  <temp_msg_content id="1904" channel="1" temp_content="&quot;Vòng 1/16 Vương Giả Chiến còn 15 phút nữa bắt đầu, hãy bố trí trận hình và cập nhật t.tin chiến đấu, trước thi đấu {0} không thể cập nhật t.tin.&quot;"/>
  <temp_msg_content id="1905" channel="0" temp_content="&quot;Vòng 1/16 Vương Giả Chiến đã kết thúc, top 16 của Tân TG và Đại Hải Trình có, mọi người hãy trợ uy.&quot;"/>
  <temp_msg_content id="1906" channel="1" temp_content="&quot;Vòng 1/16 Vương Giả Chiến đã kết thúc, top 16 của Tân TG và Đại Hải Trình có, mọi người hãy trợ uy.&quot;"/>
  <temp_msg_content id="1907" channel="0" temp_content="&quot;Vòng 1/8 Vương Giả Chiến còn 15 phút nữa bắt đầu, mọi người mau trợ uy, {0} phút trước trận đấu không thể trợ uy.&quot;"/>
  <temp_msg_content id="1908" channel="1" temp_content="&quot;Vòng 1/8 Vương Giả Chiến còn 15 phút nữa bắt đầu, hãy bố trí trận hình và cập nhật t.tin chiến đấu, trước thi đấu {0} không thể cập nhật t.tin.&quot;"/>
  <temp_msg_content id="1909" channel="0" temp_content="&quot;Vòng 1/8 Vương Giả Chiến đã kết thúc, top 8 Tân TG và Đại Hải Trình đã có, mọi người hãy trợ uy.&quot;"/>
  <temp_msg_content id="1910" channel="1" temp_content="&quot;Vòng 1/8 Vương Giả Chiến đã kết thúc, top 8 Tân TG và Đại Hải Trình đã có, mọi người hãy trợ uy.&quot;"/>
  <temp_msg_content id="1911" channel="0" temp_content="&quot;Vòng 1/4 Vương Giả Chiến còn 15 phút nữa bắt đầu, mọi người mau trợ uy, {0} phút trước trận đấu không thể trợ uy.&quot;"/>
  <temp_msg_content id="1912" channel="1" temp_content="&quot;Vòng 1/4 Vương Giả Chiến còn 15 phút nữa bắt đầu, hãy bố trí trận hình và cập nhật t.tin chiến đấu, trước thi đấu {0} không thể cập nhật t.tin.&quot;"/>
  <temp_msg_content id="1913" channel="0" temp_content="&quot;Vòng 1/4 Vương Giả Chiến đã kết thúc,top 4 Tân TG và Đại Hải Trình đã có, mọi người hãy trợ uy.&quot;"/>
  <temp_msg_content id="1914" channel="1" temp_content="&quot;Vòng 1/4 Vương Giả Chiến đã kết thúc,top 4 Tân TG và Đại Hải Trình đã có, mọi người hãy trợ uy.&quot;"/>
  <temp_msg_content id="1915" channel="0" temp_content="&quot;Bán kết Vương Giả Chiến còn 15 phút nữa bắt đầu, mọi người mau trợ uy, {0} phút trước trận đấu không thể trợ uy.&quot;"/>
  <temp_msg_content id="1916" channel="1" temp_content="&quot;Bán kết Vương Giả Chiến còn 15 phút nữa bắt đầu, hãy bố trí trận hình và cập nhật t.tin chiến đấu, trước thi đấu {0} không thể cập nhật t.tin.&quot;"/>
  <temp_msg_content id="1917" channel="0" temp_content="&quot;Bán kết Vương Giả Chiến đã kết thúc, {0} và {1} vào chung kết Tân TG,{2} và {3} vào chung kết Đại Hải Trình, mọi người hãy trợ uy.&quot;"/>
  <temp_msg_content id="1918" channel="1" temp_content="&quot;Bán kết Vương Giả Chiến đã kết thúc, {0} và {1} vào chung kết Tân TG,{2} và {3} vào chung kết Đại Hải Trình, mọi người hãy trợ uy.&quot;"/>
  <temp_msg_content id="1919" channel="0" temp_content="&quot;Chung kết Vương Giả Chiến còn 15 phút nữa bắt đầu, mọi người mau trợ uy, {0} phút trước trận đấu không thể trợ uy.&quot;"/>
  <temp_msg_content id="1920" channel="1" temp_content="&quot;Chung kết Vương Giả Chiến còn 15 phút nữa bắt đầu, hãy bố trí trận hình và cập nhật t.tin chiến đấu, trước thi đấu {0} không thể cập nhật t.tin.&quot;"/>
  <temp_msg_content id="1921" channel="0" temp_content="&quot;Chung kết Vương Giả Chiến đã kết thúc, {0} đánh bại {1},là quán quân Tân TG, {2}đánh bại {3} ở chung kết Đại Hải Trình,chúc mừng!&quot;"/>
  <temp_msg_content id="1922" channel="0" temp_content="&quot;Chung kết Vương Giả Chiến đã kết thúc, {0} đặc cách ở chung kết Tân TG,là quán quân Tân TG, {2} đánh bại {3} ở chung kết Đại Hải Trình,trở thành quán quân Đại Hải Trình, chúc mừng!&quot;"/>
  <temp_msg_content id="1923" channel="0" temp_content="&quot;Chung kết Vương Giả Chiến đã kết thúc, {0} đánh bại {1},là quán quân Tân TG, {2} đặc cách ở chung kết Đại Hải Trình,trở thành quán quân Đại Hải Trình, chúc mừng!&quot;"/>
  <temp_msg_content id="1924" channel="0" temp_content="&quot;Chung kết Vương Giả Chiến đã kết thúc, {0} đặc cách ở chung kết Tân TG,là quán quân Tân TG, {2} đặc cách ở chung kết Đại Hải Trình,trở thành quán quân Đại Hải Trình, chúc mừng!&quot;"/>
  <temp_msg_content id="1925" channel="1" temp_content="&quot;Chung kết Vương Giả Chiến đã kết thúc, {0} đánh bại {1},là quán quân Tân TG, {2}đánh bại {3} ở chung kết Đại Hải Trình,chúc mừng!&quot;"/>
  <temp_msg_content id="1926" channel="1" temp_content="&quot;Chung kết Vương Giả Chiến đã kết thúc, {0} đặc cách ở chung kết Tân TG,là quán quân Tân TG, {2} đánh bại {3} ở chung kết Đại Hải Trình,trở thành quán quân Đại Hải Trình, chúc mừng!&quot;"/>
  <temp_msg_content id="1927" channel="1" temp_content="&quot;Chung kết Vương Giả Chiến đã kết thúc, {0} đánh bại {1},là quán quân Tân TG, {2} đặc cách ở chung kết Đại Hải Trình,trở thành quán quân Đại Hải Trình, chúc mừng!&quot;"/>
  <temp_msg_content id="1928" channel="1" temp_content="&quot;Chung kết Vương Giả Chiến đã kết thúc, {0} đặc cách ở chung kết Tân TG,là quán quân Tân TG, {2} đặc cách ở chung kết Đại Hải Trình,trở thành quán quân Đại Hải Trình, chúc mừng!&quot;"/>
  <temp_msg_content id="1929" channel="0" temp_content="&quot;Vòng loại Vương Giả Chiến liên server còn 15 phút nữa bắt đầu, hãy bố trí trận hình và cập nhật t.tin chiến đấu, trước thi đấu {0} không thể cập nhật t.tin.&quot;"/>
  <temp_msg_content id="1930" channel="0" temp_content="&quot;Vòng 1/16 Vương Giả Chiến liên server còn 15 phút nữa bắt đầu, mọi người mau trợ uy, {0} phút trước khi trận đấu bắt đầu không thể trợ uy.&quot;"/>
  <temp_msg_content id="1931" channel="1" temp_content="&quot;Vòng 1/16 Vương Giả Chiến liên server còn 15 phút nữa bắt đầu, hãy bố trí trận hình và cập nhật t.tin chiến đấu, trước thi đấu {0} không thể cập nhật t.tin.&quot;"/>
  <temp_msg_content id="1932" channel="0" temp_content="&quot;Vòng 1/16 Vương Giả Chiến liên server đã kết thúc, top 16 của Tân TG và Đại Hải Trình có, mọi người hãy trợ uy.&quot;"/>
  <temp_msg_content id="1933" channel="1" temp_content="&quot;Vòng 1/16 Vương Giả Chiến liên server đã kết thúc, top 16 của Tân TG và Đại Hải Trình có, mọi người hãy trợ uy.&quot;"/>
  <temp_msg_content id="1934" channel="0" temp_content="&quot;Vòng 1/8 Vương Giả Chiến liên server còn 15 phút nữa bắt đầu, mọi người mau trợ uy, {0} phút trước trận đấu không thể trợ uy.&quot;"/>
  <temp_msg_content id="1935" channel="1" temp_content="&quot;Vòng 1/8 Vương Giả Chiến liên server còn 15 phút nữa bắt đầu, hãy bố trí trận hình và cập nhật t.tin chiến đấu, trước thi đấu {0} không thể cập nhật t.tin.&quot;"/>
  <temp_msg_content id="1936" channel="0" temp_content="&quot;Vòng 1/8 Vương Giả Chiến liên server đã kết thúc, top 8 Tân TG và Đại Hải Trình đã có, mọi người hãy trợ uy.&quot;"/>
  <temp_msg_content id="1937" channel="1" temp_content="&quot;Vòng 1/8 Vương Giả Chiến liên server đã kết thúc, top 8 Tân TG và Đại Hải Trình đã có, mọi người hãy trợ uy.&quot;"/>
  <temp_msg_content id="1938" channel="0" temp_content="&quot;Vòng 1/4 Vương Giả Chiến liên server còn 15 phút nữa bắt đầu, mọi người mau trợ uy, {0} phút trước trận đấu không thể trợ uy.&quot;"/>
  <temp_msg_content id="1939" channel="1" temp_content="&quot;Vòng 1/4 Vương Giả Chiến liên server còn 15 phút nữa bắt đầu, hãy bố trí trận hình và cập nhật t.tin chiến đấu, trước thi đấu {0} không thể cập nhật t.tin.&quot;"/>
  <temp_msg_content id="1940" channel="0" temp_content="&quot;Vòng 1/4 Vương Giả Chiến liên server đã kết thúc,top 4 Tân TG và Đại Hải Trình đã có, mọi người hãy trợ uy.&quot;"/>
  <temp_msg_content id="1941" channel="1" temp_content="&quot;Vòng 1/4 Vương Giả Chiến liên server đã kết thúc,top 4 Tân TG và Đại Hải Trình đã có, mọi người hãy trợ uy.&quot;"/>
  <temp_msg_content id="1942" channel="0" temp_content="&quot;Bán kết Vương Giả Chiến liên server còn 15 phút nữa bắt đầu, mọi người mau trợ uy, {0} phút trước trận đấu không thể trợ uy.&quot;"/>
  <temp_msg_content id="1943" channel="1" temp_content="&quot;Bán kết Vương Giả Chiến liên server còn 15 phút nữa bắt đầu, hãy bố trí trận hình và cập nhật t.tin chiến đấu, trước thi đấu {0} không thể cập nhật t.tin.&quot;"/>
  <temp_msg_content id="1944" channel="0" temp_content="&quot;Bán kết Vương Giả Chiến liên server đã kết thúc, {0} và {1} vào chung kết Tân TG,{2} và {3} vào chung kết Đại Hải Trình, mọi người hãy trợ uy.&quot;"/>
  <temp_msg_content id="1945" channel="1" temp_content="&quot;Bán kết Vương Giả Chiến liên server đã kết thúc, {0} và {1} vào chung kết Tân TG,{2} và {3} vào chung kết Đại Hải Trình, mọi người hãy trợ uy.&quot;"/>
  <temp_msg_content id="1946" channel="0" temp_content="&quot;Chung kết Vương Giả Chiến liên server còn 15 phút nữa bắt đầu, mọi người mau trợ uy, {0} phút trước trận đấu không thể trợ uy.&quot;"/>
  <temp_msg_content id="1947" channel="1" temp_content="&quot;Chung kết Vương Giả Chiến liên server còn 15 phút nữa bắt đầu, hãy bố trí trận hình và cập nhật t.tin chiến đấu, trước thi đấu {0} không thể cập nhật t.tin.&quot;"/>
  <temp_msg_content id="1948" channel="0" temp_content="&quot;Chung kết Vương Giả Chiến liên server đã kết thúc, {0} đánh bại {1},là quán quân Tân TG, {2}đánh bại {3} ở chung kết Đại Hải Trình,chúc mừng!&quot;"/>
  <temp_msg_content id="1949" channel="0" temp_content="&quot;Chung kết Vương Giả Chiến liên server đã kết thúc, {0} đặc cách ở chung kết Tân TG,là quán quân Tân TG, {2} đánh bại {3} ở chung kết Đại Hải Trình,trở thành quán quân Đại Hải Trình, chúc mừng!&quot;"/>
  <temp_msg_content id="1950" channel="0" temp_content="&quot;Chung kết Vương Giả Chiến liên server đã kết thúc, {0} đánh bại {1},là quán quân Tân TG, {2} đặc cách ở chung kết Đại Hải Trình,trở thành quán quân Đại Hải Trình, chúc mừng!&quot;"/>
  <temp_msg_content id="1951" channel="0" temp_content="&quot;Chung kết Vương Giả Chiến liên server đã kết thúc, {0} đánh bại {1},là quán quân Tân TG, {2}đánh bại {3} ở chung kết Đại Hải Trình,chúc mừng!&quot;"/>
  <temp_msg_content id="1952" channel="1" temp_content="&quot;Chung kết Vương Giả Chiến liên server đã kết thúc, {0} đánh bại {1},là quán quân Tân TG, {2}đánh bại {3} ở chung kết Đại Hải Trình,chúc mừng!&quot;"/>
  <temp_msg_content id="1953" channel="1" temp_content="&quot;Chung kết Vương Giả Chiến liên server đã kết thúc, {0} đặc cách ở chung kết Tân TG,là quán quân Tân TG, {2}đánh bại {3} ở chung kết Đại Hải Trình,trở thành quán quân Đại Hải Trình, chúc mừng!&quot;"/>
  <temp_msg_content id="1954" channel="1" temp_content="&quot;Chung kết Vương Giả Chiến liên server đã kết thúc, {0} đánh bại {1},là quán quân Tân TG, {2} đặc cách ở chung kết Đại Hải Trình,trở thành quán quân Đại Hải Trình, chúc mừng!&quot;"/>
  <temp_msg_content id="1955" channel="1" temp_content="&quot;Chung kết Vương Giả Chiến liên server đã kết thúc, {0} đặc cách ở chung kết Tân TG,là quán quân Tân TG, {2} đặc cách ở chung kết Đại Hải Trình,trở thành quán quân Đại Hải Trình, chúc mừng!&quot;"/>
  <temp_msg_content id="1956" channel="0" temp_content="&quot;Vòng loại Vương Giả Chiến Tân TG đã kết thúc, tiếp theo sẽ mở vòng loại nhóm Đại Hải Trình.&quot;"/>
  <temp_msg_content id="1957" channel="0" temp_content="&quot;Vòng loại Vương Giả Chiến liên server Tân TG đã kết thúc, tiếp theo sẽ mở vòng loại nhóm Đại Hải Trình.&quot;"/>
  <temp_msg_content id="1958" channel="0" temp_content="&quot;Vòng 1/4 Vương Giả Chiến đã kết thúc,top 4 Tân TG và Đại Hải Trình đã có, mọi người hãy trợ uy.&quot;"/>
  <temp_msg_content id="1959" channel="1" temp_content="&quot;Vòng 1/4 Vương Giả Chiến đã kết thúc,top 4 Tân TG và Đại Hải Trình đã có, mọi người hãy trợ uy.&quot;"/>
  <temp_msg_content id="2001" channel="0" temp_content="&quot;Hải lưu Bạch Long xuất hiện thuyền hải tặc, chúng đang tầm bảo trở về, đánh bại chúng nhận p.thưởng phong phú, mau đi tầm bảo!!&quot;"/>
  <temp_msg_content id="2002" channel="1" temp_content="&quot;Hải lưu Bạch Long xuất hiện thuyền hải tặc, chúng đang tầm bảo trở về, đánh bại chúng nhận p.thưởng phong phú, mau đi tầm bảo!!&quot;"/>
  <temp_msg_content id="2003" channel="0" temp_content="&quot;Tầm bảo NPC trở về đã kết thúc, nhiều người chơi được báu vật! Người chơi nào chưa cướp được hãy mau tăng thực lực!&quot;"/>
  <temp_msg_content id="2004" channel="1" temp_content="&quot;Tầm bảo NPC trở về đã kết thúc, nhiều người chơi được báu vật! Người chơi nào chưa cướp được hãy mau tăng thực lực!&quot;"/>
  <temp_msg_content id="2101" channel="2" temp_content="{0} thông qua HĐ Đào vàng đào được {1}! Ta và đ.đội đều rất kinh ngạc!"/>
  <temp_msg_content id="2201" channel="2" temp_content="Chúc mừng {0} trong PB Vực Sâu lật bài nhận được {1}!"/>
  <temp_msg_content id="2301" channel="2" temp_content="Chúc mừng {0} trong Vòng quay may mắn nhận được {1}!"/>
  <temp_msg_content id="2401" channel="2" temp_content="Chúc mừng {0} đổi được {1} ở Shop lễ phẩm!"/>
  <temp_msg_content id="2501" channel="2" temp_content="Chúc mừng {0} trong Shop Ác ma đổi được {1}!"/>
  <temp_msg_content id="2601" channel="2" temp_content="Chúc mừng {0} trong Giảm giá hạn chế đã mua được {1}!"/>
  <temp_msg_content id="2701" channel="0" temp_content="&quot;G.đoạn đăng ký Đua top Tranh bá đã bắt đầu, hãy nhanh chóng đi đăng ký nào.&quot;"/>
  <temp_msg_content id="2702" channel="0" temp_content="&quot;Vòng loại Đua top Tranh bá còn 15 phút nữa sẽ bắt đầu, hãy nhanh chóng bày trận và cập nhật thông tin c.đấu,{0} phút trước trận đấu sẽ ko thể cập nhật thông tin.&quot;"/>
  <temp_msg_content id="2703" channel="0" temp_content="&quot;Vòng 1/8 Đua top Tranh bá còn 15 phút nữa sẽ bắt đầu, hãy nhanh chóng trợ uy,{0} phút trước trận đấu sẽ ko thể trợ uy.&quot;"/>
  <temp_msg_content id="2704" channel="1" temp_content="&quot;Vòng 1/8 Đua top Tranh bá còn 15 phút nữa sẽ bắt đầu, hãy nhanh chóng bày trận và cập nhật thông tin c.đấu,{0} phút trước trận đấu sẽ ko thể cập nhật thông tin.&quot;"/>
  <temp_msg_content id="2705" channel="0" temp_content="&quot;Vòng 1/8 Đua top Tranh bá đã kết thúc, đã xuất hiện Top 8, mọi người có thể trợ uy rồi.&quot;"/>
  <temp_msg_content id="2706" channel="1" temp_content="&quot;Vòng 1/8 Đua top Tranh bá đã kết thúc, đã xuất hiện Top 8, mọi người có thể trợ uy rồi.&quot;"/>
  <temp_msg_content id="2707" channel="0" temp_content="&quot;Vòng 1/4 Đua top Tranh bá còn 15 phút nữa sẽ bắt đầu, hãy nhanh chóng trợ uy,{0} phút trước trận đấu sẽ ko thể trợ uy.&quot;"/>
  <temp_msg_content id="2708" channel="1" temp_content="&quot;Vòng 1/4 Đua top Tranh bá còn 15 phút nữa sẽ bắt đầu, hãy nhanh chóng bày trận và cập nhật thông tin c.đấu,{0} phút trước trận đấu sẽ ko thể cập nhật thông tin.&quot;"/>
  <temp_msg_content id="2709" channel="0" temp_content="&quot;Vòng 1/4 Đua top Tranh bá đã kết thúc, đã xuất hiện Top 8, mọi người có thể trợ uy rồi.&quot;"/>
  <temp_msg_content id="2710" channel="1" temp_content="&quot;Vòng 1/4 Đua top Tranh bá đã kết thúc, đã xuất hiện Top 8, mọi người có thể trợ uy rồi.&quot;"/>
  <temp_msg_content id="2711" channel="0" temp_content="&quot;Vòng bán kết Đua top Tranh bá còn 15 phút nữa sẽ bắt đầu, hãy nhanh chóng trợ uy,{0} phút trước trận đấu sẽ ko thể trợ uy.&quot;"/>
  <temp_msg_content id="2712" channel="1" temp_content="&quot;Vòng bán kết Đua top Tranh bá còn 15 phút nữa sẽ bắt đầu, hãy nhanh chóng bày trận và cập nhật thông tin c.đấu,{0} phút trước trận đấu sẽ ko thể cập nhật thông tin.&quot;"/>
  <temp_msg_content id="2713" channel="0" temp_content="&quot;Vòng Bán kết Đua top Tranh bá đã kết thúc, {0} vs {1} tiến vào Vòng chung kết, mọi người có thể trợ uy rồi.&quot;"/>
  <temp_msg_content id="2714" channel="1" temp_content="&quot;Vòng Bán kết Đua top Tranh bá đã kết thúc, {0} vs {1} tiến vào Vòng chung kết, mọi người có thể trợ uy rồi.&quot;"/>
  <temp_msg_content id="2715" channel="0" temp_content="&quot;Vòng chung kết Đua top Tranh bá còn 15 phút nữa sẽ bắt đầu, hãy nhanh chóng trợ uy,{0} phút trước trận đấu sẽ ko thể trợ uy.&quot;"/>
  <temp_msg_content id="2716" channel="1" temp_content="&quot;Vòng chung kết Đua top Tranh bá còn 15 phút nữa sẽ bắt đầu, hãy nhanh chóng bày trận và cập nhật thông tin c.đấu,{0} phút trước trận đấu sẽ ko thể cập nhật thông tin.&quot;"/>
  <temp_msg_content id="2717" channel="0" temp_content="&quot;Vòng chung kết Đua top Tranh bá đã kết thúc, {0} đánh bại {1}, trở thành Quán quân, mọi người hãy chúc mừng nào!&quot;"/>
  <temp_msg_content id="2718" channel="0" temp_content="&quot;Vòng chung kết Đua top Tranh bá đã kết thúc,{0} được đặc cách,trở thành Quán quân, mọi người hãy chúc mừng nào!&quot;"/>
  <temp_msg_content id="2719" channel="1" temp_content="&quot;Vòng chung kết Đua top Tranh bá đã kết thúc, {0} đánh bại {1}, trở thành Quán quân, mọi người hãy chúc mừng nào!&quot;"/>
  <temp_msg_content id="2720" channel="1" temp_content="&quot;Vòng chung kết Đua top Tranh bá đã kết thúc,{0} được đặc cách,trở thành Quán quân, mọi người hãy chúc mừng nào!&quot;"/>
  <temp_msg_content id="2801" channel="0" temp_content="&quot;Tinh Linh trốn khỏi Đại ngục Dung luyện đang ở khu mỏ trung lập {0}, mọi người mau chiếm Mỏ được Tinh Linh chúc phúc nào!&quot;"/>
  <temp_msg_content id="2802" channel="0" temp_content="&quot;Tinh Linh bay mất rồi, chúc mừng người chơi được Tinh linh chúc phúc!&quot;"/>
  <temp_msg_content id="2901" channel="2" temp_content="{0} đổi được {1} ở Trung tâm đổi!"/>
  <temp_msg_content id="3001" channel="2" temp_content="{0} trong Thu thập Thẻ bài thông qua đổi {1} nhận được quà!"/>
  <temp_msg_content id="3101" channel="2" temp_content="{0} thông qua Điểm danh hàng ngày nhận được {1}!"/>
  <temp_msg_content id="3201" channel="0" temp_content="&quot;Quán Quân Vương Giả Chiến, #201{0} online rồi, Đại tướng Hải quân đều phải tránh đường!&quot;"/>
  <temp_msg_content id="3301" channel="0" temp_content="&quot;Quán quân Đua top tranh bá, #202{0}#203{1} online rồi!&quot;"/>
  <temp_msg_content id="3401" channel="2" temp_content="{0} trong Đồ giám Pet nhận được {1}"/>
  <temp_msg_content id="3402" channel="2" temp_content="0} trong Đồ giám Pet phụ được {1}!"/>
  <temp_msg_content id="3501" channel="1" temp_content="&quot;Sâu truyền tin thông báo: 1 tốp lớn H.tặc mang theo kho báu 5 phút nữa sẽ đến thành phố, tấn công bọn chúng sẽ được p.thưởng, mọi người chuẩn bị chiến đấu nào!&quot;"/>
  <temp_msg_content id="3502" channel="1" temp_content="&quot;Trong {0} phát hiện ra hải tặc mang theo kho báu, vì kho báu, mọi người xông lên nào!&quot;"/>
  <temp_msg_content id="3503" channel="1" temp_content="&quot;Hải tặc mang theo kho báu đã rời khỏi thành phố, chúc mừng người chơi được p.thưởng, có thể bắt đầu mở tiệc rồi!&quot;"/>
  <temp_msg_content id="3504" channel="1" temp_content="&quot;Trên {0} có người phát hiện ra hải tặc mang theo kho báu, cầm vũ khí lên chuẩn bị chiến đấu thôi!&quot;"/>
  <temp_msg_content id="3505" channel="1" temp_content="&quot;Bọn hải tặc còn sót lại chuẩn bị rời khỏi {0}, trước khi bọn chúng rời đi, vì kho báu, hãy tấn công lần nữa!&quot;"/>
  <temp_msg_content id="3506" channel="1" temp_content="&quot;Đội thứ 1 đã rời khỏi bến cảng, người chơi không lấy được kho báu, hãy tìm kiếm bọn hải tặc còn sót lại trong thành phố nhé!&quot;"/>
  <temp_msg_content id="3507" channel="1" temp_content="&quot;Đội thứ 2 đã rời khỏi bến cảng, người chơi không lấy được kho báu, hãy tìm kiếm bọn hải tặc còn sót lại trong thành phố nhé!&quot;"/>
  <temp_msg_content id="3508" channel="2" temp_content="&quot;{0} giống như được tiêm hormone kích thích, đã đánh bại {1}, nhận được {2}.&quot;"/>
  <temp_msg_content id="3601" channel="2" temp_content="&quot;{0} không phụ sự kì vọng của mọi người, trong Tấn công Hải quân chiêu mộ được {1}!&quot;"/>
  <temp_msg_content id="3602" channel="2" temp_content="Chúc mừng {0} trong Tấn công Hải quân đổi được {1}!"/>
  <temp_msg_content id="3701" channel="1" temp_content="&quot;{0} kiến thức uyên bác, trong HĐ hỏi đáp trả lời đúng 50 câu, được D.hiệu {1}!&quot;"/>
  <temp_msg_content id="3801" channel="1" temp_content="&quot;{0} Vua may mắn, nhận được giải đặc biệt trong HĐ Vui đoán thẻ bài lần này, chuẩn bị sẵn vệ sĩ để đến nhận thưởng nào!&quot;"/>
  <temp_msg_content id="3802" channel="1" temp_content="&quot;Ko ai nhận được giải đặc biệt trong HĐ Vui đoán thẻ bài lần này, giải đặc biệt lần sau sẽ gấp đôi, mau đi xem rốt cục ai mới là người may mắn nào!&quot;"/>
  <temp_msg_content id="3901" channel="0" temp_content="&quot;Trong màn sương dày đặc xuất hiện ra 1 con tàu hải tặc thần bí, đó chính là con tàu Black Pearl chở đầy kho báu. Các đại hải tặc, tập trung hỏa lực, đi đánh Thuyền trưởng Hồn Ma thôi!&quot;"/>
  <temp_msg_content id="3902" channel="0" temp_content="&quot;Black Pearl lại biến mất trong màn sương rồi, hải tặc nào vẫn chưa cướp thành công, hãy tiếp tục chờ đợi nó xuất hiện lần nữa nhé!&quot;"/>
  <temp_msg_content id="4001" channel="0" temp_content="&quot;Giai đoạn đăng ký Hải tặc chiến đấu đã bắt đầu, mọi người hãy khẩn trương báo danh.&quot;"/>
  <temp_msg_content id="4002" channel="0" temp_content="&quot;Vòng tích điểm Hải tặc chiến đấu bắt đầu, các đội tham gia hãy ghép cặp đối thủ, giành tích điểm.&quot;"/>
  <temp_msg_content id="4003" channel="0" temp_content="&quot;Vòng tích điểm Hải tặc chiến đấu đã kết thúc, chúc mừng vào gia nhập đội ngũ lôi đài, hãy kịp thời điều chỉnh thứ tự xuất chiến, cập nhật T.tin C.đấu.&quot;"/>
  <temp_msg_content id="4004" channel="0" temp_content="&quot;Trận 1/8 Hải tặc chiến đấu còn 15 nữa sẽ bắt đầu, mọi người hãy nhanh chóng trợ uy nào, {0} phút trước trận đấu sẽ không thể trợ uy.&quot;"/>
  <temp_msg_content id="4005" channel="1" temp_content="&quot;Trận 1/8 Hải tặc chiến đấu còn 15 nữa sẽ bắt đầu, hãy nhanh chóng bày trận và cập nhật T.tin C.đấu, {0} phút trước trận đấu sẽ không thể cập nhật T.tin.&quot;"/>
  <temp_msg_content id="4006" channel="0" temp_content="&quot;Trận 1/8 Hải tặc chiến đấu đã kết thúc, Top 8 hải tặc đã xuất hiện, mọi người có thể trợ uy rồi.&quot;"/>
  <temp_msg_content id="4007" channel="1" temp_content="&quot;Trận 1/8 Hải tặc chiến đấu đã kết thúc, Top 8 hải tặc đã xuất hiện, mọi người có thể trợ uy rồi.&quot;"/>
  <temp_msg_content id="4008" channel="0" temp_content="&quot;Trận 1/4 Hải tặc chiến đấu còn 15 nữa sẽ bắt đầu, mọi người hãy nhanh chóng trợ uy nào, {0} phút trước trận đấu sẽ không thể trợ uy.&quot;"/>
  <temp_msg_content id="4009" channel="1" temp_content="&quot;Trận 1/4 Hải tặc chiến đấu còn 15 nữa sẽ bắt đầu, hãy nhanh chóng bày trận và cập nhật T.tin C.đấu, {0} phút trước trận đấu sẽ không thể cập nhật T.tin.&quot;"/>
  <temp_msg_content id="4010" channel="0" temp_content="&quot;Trận 1/4 Hải tặc chiến đấu đã kết thúc, Top 4 hải tặc đã xuất hiện, mọi người có thể trợ uy rồi.&quot;"/>
  <temp_msg_content id="4011" channel="1" temp_content="&quot;Trận 1/4 Hải tặc chiến đấu đã kết thúc, Top 4 hải tặc đã xuất hiện, mọi người có thể trợ uy rồi.&quot;"/>
  <temp_msg_content id="4012" channel="0" temp_content="&quot;Trận Bán kết Hải tặc chiến đấu còn 15 nữa sẽ bắt đầu, mọi người hãy nhanh chóng trợ uy nào, {0} phút trước trận đấu sẽ không thể trợ uy.&quot;"/>
  <temp_msg_content id="4013" channel="1" temp_content="&quot;Trận Bán kết Hải tặc chiến đấu còn 15 nữa sẽ bắt đầu, hãy nhanh chóng bày trận và cập nhật T.tin C.đấu, {0} phút trước trận đấu sẽ không thể cập nhật T.tin.&quot;"/>
  <temp_msg_content id="4014" channel="0" temp_content="&quot;Trận Bán kết Hải tặc chiến đấu đã kết thúc, {0} và {1} thẳng tiến vào Trận Chung kết Hải tặc chiến đấu , mọi người có thể trợ uy rồi.&quot;"/>
  <temp_msg_content id="4015" channel="1" temp_content="&quot;Trận Bán kết Hải tặc chiến đấu đã kết thúc, {0} và {1} thẳng tiến vào Trận Chung kết Hải tặc chiến đấu , mọi người có thể trợ uy rồi.&quot;"/>
  <temp_msg_content id="4016" channel="0" temp_content="&quot;Trận Chung kết Hải tặc chiến đấu còn 15 nữa sẽ bắt đầu, mọi người hãy nhanh chóng trợ uy nào, {0} phút trước trận đấu sẽ không thể trợ uy.&quot;"/>
  <temp_msg_content id="4017" channel="1" temp_content="&quot;Trận Chung kết Hải tặc chiến đấu còn 15 nữa sẽ bắt đầu, hãy nhanh chóng bày trận và cập nhật T.tin C.đấu, {0} phút trước trận đấu sẽ không thể cập nhật T.tin.&quot;"/>
  <temp_msg_content id="4018" channel="0" temp_content="&quot;Trận Chung kết Hải tặc chiến đấu đã kết thúc, {0} đã đánh bại {1}, trở thành Quán quân Hải tặc chiến đấu, mọi người hãy chúc mừng nào!&quot;"/>
  <temp_msg_content id="4019" channel="0" temp_content="&quot;Trận Chung kết Hải tặc chiến đấu đã kết thúc, {0} ko có đối thủ ở trận chúng kết, trở thành Quán quân Hải tặc chiến đấu, mọi người hãy chúc mừng nào!&quot;"/>
  <temp_msg_content id="4020" channel="1" temp_content="&quot;Trận Chung kết Hải tặc chiến đấu đã kết thúc, {0} đã đánh bại {1}, trở thành Quán quân Hải tặc chiến đấu, mọi người hãy chúc mừng nào!&quot;"/>
  <temp_msg_content id="4021" channel="1" temp_content="&quot;Trận Chung kết Hải tặc chiến đấu đã kết thúc, {0} ko có đối thủ ở trận chúng kết, trở thành Quán quân Hải tặc chiến đấu, mọi người hãy chúc mừng nào!&quot;"/>
  <temp_msg_content id="4022" channel="0" temp_content="&quot;Đội trưởng Quán quân Hải tặc chiến đấu {0}, #204{1} online rồi, với sức mạnh của Haki bá vương, 3 Đại tướng cũng sắp không thở nổi rồi!&quot;"/>
  <temp_msg_content id="4023" channel="0" temp_content="&quot;Thành viên Quán quân Hải tặc chiến đấu {0}, #204的#205{1} online rồi, vòng đấu giữa những kẻ mạnh lại sắp bắt đầu rồi!&quot;"/>
  <temp_msg_content id="4101" channel="2" temp_content="{0} đã nhận được quà của Ông già Noel {1}!"/>
  <temp_msg_content id="4102" channel="2" temp_content="{0} khi gửi lời chúc Giáng sinh đã được Ông già Noel tặng {1}!"/>
  <temp_msg_content id="4201" channel="2" temp_content="Chúc mừng {0} trong Năm ngọ may mắn mở Rương báu thần bí nhận được {1}!"/>
  <temp_msg_content id="4202" channel="2" temp_content="Chúc mừng {0} trong HĐ Năm ngọ may mắn nhận được {1}!"/>
  <temp_msg_content id="4301" channel="2" temp_content="&quot;Chúc mừng {0} trong Pháo hoa vui vẻ, đổi được {1}!&quot;"/>
  <temp_msg_content id="4401" channel="2" temp_content="&quot;{0} trong HĐ Thất tịch, nhận được {1} quà may mắn!&quot;"/>
  <temp_msg_content id="4501" channel="2" temp_content="Chúc mừng {0} ở Quay số may mắn nhận được {1}!"/>
  <temp_msg_content id="4601" channel="2" temp_content="&quot;{0} trong #206, đã xuất 1 chiêu vô cùng mạnh, nhận được thành tích thứ {1}!&quot;"/>
  <temp_msg_content id="4602" channel="2" temp_content="{0} trong trung tâm đổi #206 đổi được {1}!"/>
  <temp_msg_content id="4701" channel="2" temp_content="{0} trong trung tâm đổi của Colosseum đổi được {1}!"/>
  <temp_msg_content id="4702" channel="1" temp_content="&quot;Đấu trường Corrida đã bắt đầu bào danh rồi, 1 phút trước khi mở HĐ ko thể báo danh, báo danh sớm sẽ được chiến công đấy, các hải tặc hãy tới báo danh nào!&quot;"/>
  <temp_msg_content id="4801" channel="2" temp_content="{0} trong Quay thưởng vui vẻ được {1}!"/>
  <temp_msg_content id="4802" channel="2" temp_content="Chúc mừng {0} trong thuyền tầm bảo thế giới mới nhận phần thưởng siêu cấp {1}!"/>
  <temp_msg_content id="4803" channel="2" temp_content="Chúc mừng {0} tại tàu tầm bảo Tân thế giới đã nhận được {1}!"/>
  <temp_msg_content id="4901" channel="2" temp_content="{0} trong Thẻ cào vui vẻ được {1}!"/>
  <temp_msg_content id="5001" channel="2" temp_content="Chúc mừng{0} hợp thành công{1}!"/>
  <temp_msg_content id="5101" channel="4" temp_content="&quot;{0} đánh đâu thắng đó, trong Bảo vệ C.hội chiến, S.thương hạng 1!&quot;"/>
  <temp_msg_content id="5102" channel="4" temp_content="&quot;{0} đại triển thần uy, trong Bảo vệ C.hội chiến, S.thương hạng 2!&quot;"/>
  <temp_msg_content id="5103" channel="4" temp_content="&quot;{0} dũng sĩ thiện chiến, trong bảo vệ c.hội, sát thương xếp hạng 3!&quot;"/>
  <temp_msg_content id="5104" channel="4" temp_content="&quot;{0} thần vô địch, đánh lui kẻ xâm phạm {1}, và từ người hắn lấy được {2}!&quot;"/>
  <temp_msg_content id="5105" channel="0" temp_content="&quot;Cách Khiêu chiến Bảo vệ C.hội chiến còn 5 phút, mời mọi người chuẩn bị!&quot;"/>
  <temp_msg_content id="5106" channel="4" temp_content="&quot;{0} ra 1 chưởng, thành công đẩy lui kẻ xâm phạm {1}, cướp được{2}!&quot;"/>
  <temp_msg_content id="5107" channel="4" temp_content="&quot;{0} thần vô địch, thành công đẩy lui kẻ xâm phạm{1}!&quot;"/>
  <temp_msg_content id="5108" channel="0" temp_content="&quot;C.hội bảo hộ chiến bắt đầu sau 15 phút nữa, mời mọi người chuẩn bị!&quot;"/>
  <temp_msg_content id="5109" channel="2" temp_content="{0} trong Thương Thành Công họi mua được {1}!"/>
  <temp_msg_content id="5110" channel="2" temp_content="{0} trong Shop Thần bí mua được {1}!"/>
  <temp_msg_content id="5111" channel="2" temp_content="{0} trong Thẻ cào vui vẻ được {1}!"/>
  <temp_msg_content id="5112" channel="2" temp_content="Chúc mừng {0} trong Cào trúng thưởng đổi được {1}!"/>
  <temp_msg_content id="5113" channel="2" temp_content="&quot;Chúc mừng {0} mở được Sức mạnh nguyên tố thần bí, được {1}!&quot;"/>
  <temp_msg_content id="5201" channel="2" temp_content="Chúc mừng {0} được Xuân Ất Mùi {1}!"/>
  <temp_msg_content id="5301" channel="2" temp_content="Chúc mừng {0} trong rương Top thế giới nhận được {1}!"/>
  <temp_msg_content id="5302" channel="2" temp_content="Chúc mừng {0} trong Kho báu thần bí Strong World nhận được {1}!"/>
  <temp_msg_content id="5303" channel="2" temp_content="Chúc mừng {0} trong Trung tâm đổi của Strong Wordl nhận được {1}!"/>
  <temp_msg_content id="5401" channel="1" temp_content="&quot;【Cao cấp】Sàn Đấu Giá Hắc Ám đã mở, Đội thi pháp Hải quân sẽ đến sau 2 tiếng nữa! Hãy mau chóng tranh mua VP mục tiêu!&quot;"/>
  <temp_msg_content id="5402" channel="1" temp_content="&quot;【Sơ cấp】Sàn Đấu Giá Hắc Ám đã mở, Đội thi pháp Hải quân sẽ đến sau 2 tiếng nữa! Hãy mau chóng tranh mua VP mục tiêu!&quot;"/>
  <temp_msg_content id="5403" channel="2" temp_content="Chúc mừng {0} trong Sán Đấu giá mua được {1}!"/>
  <temp_msg_content id="5500" channel="2" temp_content="&quot;Chúc mừng {0} sau một hồi nỗ lực, dung hợp ra {1}!&quot;"/>
  <temp_msg_content id="5501" channel="2" temp_content="&quot;Chúc mừng {0} sau một hồi nỗ lực, phân giải được {1}!&quot;"/>
  <temp_msg_content id="5601" channel="1" temp_content="&quot;Sàn đấu giá dưới đất còn 10 phút sẽ kết thúc, người chơi hãy tranh thủ!&quot;"/>
  <temp_msg_content id="5602" channel="1" temp_content="&quot;Chúc mừng {0} trong sàn đấu giá dưới đất thành công với {1}, nhận {2}, mọi người cùng chúc mừng!&quot;"/>
  <temp_msg_content id="5701" channel="2" temp_content="Chúc mừng {0} Tiệm thuê lính nhận được {1}!"/>
  <temp_msg_content id="5801" channel="1" temp_content="恭喜{0}的{1}在精灵森林中寻宝发现了{2}！"/>
  <temp_msg_content id="6000" channel="1" temp_content="巅峰王者跨服战【分赛区1/16决赛】还有15分钟开始，请抓紧时间布置阵形与更新战斗信息，祝大家好运！"/>
  <temp_msg_content id="6001" channel="1" temp_content="巅峰王者跨服战【分赛区1/8决赛】还有15分钟开始，请抓紧时间布置阵形与更新战斗信息，祝大家好运！"/>
  <temp_msg_content id="6002" channel="1" temp_content="巅峰王者跨服战【分赛区1/4决赛】还有15分钟开始，请抓紧时间布置阵形与更新战斗信息，祝大家好运！"/>
  <temp_msg_content id="6003" channel="1" temp_content="巅峰王者跨服战【分赛区半决赛】还有15分钟开始，请抓紧时间布置阵形与更新战斗信息，祝大家好运！"/>
  <temp_msg_content id="6004" channel="1" temp_content="巅峰王者跨服战【分赛区决赛】还有15分钟开始，请抓紧时间布置阵形与更新战斗信息，祝大家好运！"/>
  <temp_msg_content id="6005" channel="1" temp_content="巅峰王者跨服战【总赛区半决赛】还有15分钟开始，请抓紧时间布置阵形与更新战斗信息，祝大家好运！"/>
  <temp_msg_content id="6006" channel="1" temp_content="巅峰王者跨服战【总决赛】还有15分钟开始，请抓紧时间布置阵形与更新战斗信息，祝大家好运！"/>
  <temp_msg_content id="6007" channel="1" temp_content="巅峰王者跨服战【分赛区1/16决赛】已经结束，巅峰王者分赛区16强已经产生，大家可以助威啦"/>
  <temp_msg_content id="6008" channel="1" temp_content="巅峰王者跨服战【分赛区1/8决赛】已经结束，巅峰王者分赛区8强已经产生，大家可以助威啦"/>
  <temp_msg_content id="6009" channel="1" temp_content="巅峰王者跨服战【分赛区1/4决赛】已经结束，巅峰王者分赛区4强已经产生，大家可以助威啦"/>
  <temp_msg_content id="6010" channel="1" temp_content="巅峰王者跨服战【分赛区半决赛】已经结束，{0}和{1}成功晋级东海赛区决赛；{2}和{3}成功晋级西海赛区决赛；{4}和{5}成功晋级南海赛区决赛；{6}和{7}成功晋级北海赛区决赛，大家可以助威啦"/>
  <temp_msg_content id="6011" channel="1" temp_content="巅峰王者跨服战【分赛区决赛】已经结束，{0}击败了{1}，成为了东海赛区冠军；{2}击败了{3}，成为了西海赛区冠军；{4}击败了{5}，成为了南海赛区冠军；{6}击败了{7}，成为了北海赛区冠军，大家可以在总赛区中为他们助威啦"/>
  <temp_msg_content id="6012" channel="1" temp_content="巅峰王者跨服战【总赛区半决赛】已经结束，{0}和{1}成功晋级巅峰王者总决赛，大家可以为他们助威啦"/>
  <temp_msg_content id="6013" channel="1" temp_content="巅峰王者跨服战【总决赛】已经结束，{0}击败了{1}，成为了此次巅峰王者跨服战总冠军，大家为他欢呼吧！"/>
  <temp_msg_content id="6014" channel="1" temp_content="巅峰王者跨服战报名阶段已开始，请准备参与的各位船长抓紧时间报名"/>
  <temp_msg_content id="6015" channel="1" temp_content="巅峰王者跨服战报名阶段还剩30分钟就要结束了，请还没有报名的船长抓紧时间报名"/>
  <temp_msg_content id="6101" channel="1" temp_content="恭喜{0}在海贼黑杰克活动中获得了{1}！"/>
  <temp_msg_content id="6102" channel="1" temp_content="恭喜{0}在海贼黑杰克活动中兑换了{1}！"/>
  <temp_msg_content id="6201" channel="0" temp_content="{0}"/>
  <temp_msg_content id="6301" channel="1" temp_content="恭喜{0}在秘密研究所兑换中心中兑换了{1}！"/>
  <temp_msg_content id="6401" channel="2" temp_content="传说中载满宝藏的幽灵船出现在{0}中立港口，大海贼们赶快去占领幽灵船吧！"/>
  <temp_msg_content id="6402" channel="2" temp_content="幽灵船在迷之雾霾中慢慢消失，这次没有获得宝藏的玩家赶快提升实力吧！"/>
</root>