<root>
  <town townId="1" townName="Đốt tàu chiến" maxY="22" maxX="60" townDesc="" iconId="" level="Lv.1~10" townType="1" conditionDesc="Yêu cầu NV Lv.1|Thông quan phụ bản Đảo Cactus" endX="16" endY="21" startX="7" startY="18" portGroup="" copySelectedId="1" showForceId="16" moveTaskId="" moveLevel="1" isSelectCamp="0" defaultMovePort="" movePort1="" movePort2="" movePort3="" serviceGroup="1,3001" mapid="1" musicid="2" effectid="" moveEffectId=""/>
  <town townId="2" townName="Làng Cối Xay Gió" maxY="22" maxX="70" townDesc="" iconId="" level="Lv.10~25" townType="1" conditionDesc="Yêu cầu NV Lv.1|Nhận NV chính “Hoàng hôn trên biển”" endX="20" endY="19" startX="6" startY="15" portGroup="7" copySelectedId="1" showForceId="32" moveTaskId="32" moveLevel="1" isSelectCamp="0" defaultMovePort="7" movePort1="" movePort2="" movePort3="" serviceGroup="2,3001" mapid="1" musicid="6" effectid="2|32" moveEffectId="1"/>
  <town townId="3" townName="Làng Syrup" maxY="22" maxX="70" townDesc="" iconId="" level="Lv.25~40" townType="1" conditionDesc="Yêu cầu NV Lv.1|Nhận NV chính  “Đến Làng Syrup”" endX="20" endY="19" startX="6" startY="16" portGroup="8,9,10,11" copySelectedId="2" showForceId="221" moveTaskId="13007" moveLevel="1" isSelectCamp="1" defaultMovePort="" movePort1="8" movePort2="9" movePort3="10" serviceGroup="3,1004,3001,3002" mapid="1" musicid="10" effectid="3|13007" moveEffectId="2"/>
  <town townId="4" townName="Trấn Logue" maxY="22" maxX="70" townDesc="" iconId="" level="Lv.40~50" townType="1" conditionDesc="Yêu cầu NV Lv.1|Nhận NV chính “Đến Trấn Logue”" endX="20" endY="20" startX="6" startY="16" portGroup="12,13,14,15,16" copySelectedId="3" showForceId="620" moveTaskId="16011" moveLevel="1" isSelectCamp="1" defaultMovePort="" movePort1="12" movePort2="13" movePort3="14" serviceGroup="4,1004,3001,3002,7002,2001" mapid="1" musicid="14" effectid="4|16011" moveEffectId="3"/>
  <town townId="15" townName="Boss thế giới" maxY="22" maxX="83" townDesc="" iconId="" level="" townType="" conditionDesc="" endX="14" endY="20" startX="7" startY="14" portGroup="" copySelectedId="" showForceId="" moveTaskId="" moveLevel="" isSelectCamp="" defaultMovePort="" movePort1="" movePort2="" movePort3="" serviceGroup="" mapid="" musicid="5" effectid="" moveEffectId=""/>
  <town townId="20" townName="Club công hội" maxY="22" maxX="42" townDesc="" iconId="" level="" townType="" conditionDesc="" endX="20" endY="20" startX="6" startY="16" portGroup="" copySelectedId="" showForceId="" moveTaskId="" moveLevel="" isSelectCamp="" defaultMovePort="" movePort1="" movePort2="" movePort3="" serviceGroup="" mapid="" musicid="31" effectid="" moveEffectId=""/>
  <town townId="5" townName="Đảo Drum" maxY="22" maxX="70" townDesc="" iconId="" level="Lv.50~60" townType="1" conditionDesc="Yêu cầu NV Lv.1|Nhận NV chính “Tiến về Đại hải trình”" endX="14" endY="20" startX="2" startY="15" portGroup="17,18,19,20,21" copySelectedId="4" showForceId="916" moveTaskId="19006" moveLevel="1" isSelectCamp="1" defaultMovePort="" movePort1="17" movePort2="18" movePort3="19" serviceGroup="5,1004,3001,3002,7002" mapid="2" musicid="18" effectid="5|19006" moveEffectId="4"/>
  <town townId="6" townName="Rainbase" maxY="22" maxX="83" townDesc="" iconId="" level="Lv.60~70" townType="1" conditionDesc="Yêu cầu NV Lv.1|Nhận NV chính “Đến  Rainbase”" endX="14" endY="20" startX="2" startY="17" portGroup="22,23,24,25,26" copySelectedId="5" showForceId="1320" moveTaskId="23006" moveLevel="1" isSelectCamp="1" defaultMovePort="" movePort1="22" movePort2="23" movePort3="24" serviceGroup="6,1004,3001,3002,7002" mapid="2" musicid="22" effectid="6|23006" moveEffectId="5"/>
  <town townId="7" townName="Skypea" maxY="22" maxX="83" townDesc="" iconId="" level="Lv.70~80" townType="1" conditionDesc="Yêu cầu NV Lv.1| Nhận NV chính “Xông lên Skypea”" endX="14" endY="20" startX="2" startY="17" portGroup="27,28,29,30,31" copySelectedId="6" showForceId="1816" moveTaskId="28005" moveLevel="1" isSelectCamp="1" defaultMovePort="" movePort1="27" movePort2="28" movePort3="29" serviceGroup="7,1004,3001,3002,2001,7002" mapid="2" musicid="26" effectid="7|28005" moveEffectId="6"/>
  <town townId="16" townName="Boss TG 2" maxY="22" maxX="66" townDesc="" iconId="" level="" townType="" conditionDesc="" endX="14" endY="20" startX="7" startY="14" portGroup="" copySelectedId="" showForceId="" moveTaskId="" moveLevel="" isSelectCamp="" defaultMovePort="" movePort1="" movePort2="" movePort3="" serviceGroup="" mapid="" musicid="3" effectid="" moveEffectId=""/>
  <town townId="8" townName="Water 7" maxY="22" maxX="83" townDesc="" iconId="" level="Lv.80~90" townType="1" conditionDesc="Yêu cầu NV Lv.1| Nhận NV chính “Trở về Thanh Hải”" endX="14" endY="20" startX="2" startY="17" portGroup="32,33,34,35,36" copySelectedId="7,8,9" showForceId="2324" moveTaskId="34001" moveLevel="1" isSelectCamp="1" defaultMovePort="" movePort1="32" movePort2="33" movePort3="34" serviceGroup="8,1004,3001,3002,2001,7002,7003" mapid="2" musicid="30" effectid="8|34001" moveEffectId="7"/>
  <town townId="9" townName="Thriller Bark" maxY="22" maxX="83" townDesc="" iconId="" level="Lv.90~100" townType="1" conditionDesc="Yêu cầu NV Lv.1|Nhận NV chính “ Tam giác ma quỷ”" endX="14" endY="19" startX="2" startY="16" portGroup="37,38,39,40,41" copySelectedId="10" showForceId="3825" moveTaskId="49001" moveLevel="1" isSelectCamp="1" defaultMovePort="" movePort1="37" movePort2="38" movePort3="39" serviceGroup="9,1004,3001,3002,2001,7002,7003" mapid="2" musicid="40" effectid="9|49001" moveEffectId="8"/>
  <town townId="10" townName="Đảo Kuja" maxY="22" maxX="83" townDesc="" iconId="" level="Lv.100~115" townType="1" conditionDesc="Yêu cầu NV Lv.1|Nhận NV chính “ Lần đầu vào đảo Kuja”" endX="14" endY="19" startX="2" startY="16" portGroup="42,43,44,45,46" copySelectedId="12" showForceId="5629" moveTaskId="67001" moveLevel="1" isSelectCamp="1" defaultMovePort="" movePort1="42" movePort2="43" movePort3="44" serviceGroup="10,1004,3001,3002,2001,7002,7003" mapid="2" musicid="26" effectid="10|67002" moveEffectId="9"/>
  <town townId="21" townName="PB Vực sâu Skypiea" maxY="22" maxX="63" townDesc="" iconId="" level="" townType="" conditionDesc="" endX="12" endY="20" startX="2" startY="15" portGroup="" copySelectedId="" showForceId="" moveTaskId="" moveLevel="" isSelectCamp="" defaultMovePort="" movePort1="" movePort2="" movePort3="" serviceGroup="" mapid="" musicid="26" effectid="" moveEffectId=""/>
  <town townId="22" townName="PB Vực sâu Trên Water 7" maxY="22" maxX="63" townDesc="" iconId="" level="" townType="" conditionDesc="" endX="12" endY="20" startX="2" startY="15" portGroup="" copySelectedId="" showForceId="" moveTaskId="" moveLevel="" isSelectCamp="" defaultMovePort="" movePort1="" movePort2="" movePort3="" serviceGroup="" mapid="" musicid="30" effectid="" moveEffectId=""/>
  <town townId="23" townName="PB Vực sâu Dưới Water 7" maxY="22" maxX="63" townDesc="" iconId="" level="" townType="" conditionDesc="" endX="12" endY="20" startX="2" startY="15" portGroup="" copySelectedId="" showForceId="" moveTaskId="" moveLevel="" isSelectCamp="" defaultMovePort="" movePort1="" movePort2="" movePort3="" serviceGroup="" mapid="" musicid="30" effectid="" moveEffectId=""/>
  <town townId="24" townName="PB Vực sâu Trên Enies Lobby" maxY="22" maxX="63" townDesc="" iconId="" level="" townType="" conditionDesc="" endX="12" endY="20" startX="2" startY="15" portGroup="" copySelectedId="" showForceId="" moveTaskId="" moveLevel="" isSelectCamp="" defaultMovePort="" movePort1="" movePort2="" movePort3="" serviceGroup="" mapid="" musicid="39" effectid="" moveEffectId=""/>
  <town townId="25" townName="PB Vực sâu Dưới Enies Lobby" maxY="22" maxX="63" townDesc="" iconId="" level="" townType="" conditionDesc="" endX="12" endY="20" startX="2" startY="15" portGroup="" copySelectedId="" showForceId="" moveTaskId="" moveLevel="" isSelectCamp="" defaultMovePort="" movePort1="" movePort2="" movePort3="" serviceGroup="" mapid="" musicid="39" effectid="" moveEffectId=""/>
  <town townId="26" townName="PB Vực sâu Trên Thriller Bark" maxY="22" maxX="63" townDesc="" iconId="" level="" townType="" conditionDesc="" endX="12" endY="20" startX="2" startY="15" portGroup="" copySelectedId="" showForceId="" moveTaskId="" moveLevel="" isSelectCamp="" defaultMovePort="" movePort1="" movePort2="" movePort3="" serviceGroup="" mapid="" musicid="40" effectid="" moveEffectId=""/>
  <town townId="27" townName="PB Vực sâu Dưới Thriller Bark" maxY="22" maxX="63" townDesc="" iconId="" level="" townType="" conditionDesc="" endX="12" endY="20" startX="2" startY="15" portGroup="" copySelectedId="" showForceId="" moveTaskId="" moveLevel="" isSelectCamp="" defaultMovePort="" movePort1="" movePort2="" movePort3="" serviceGroup="" mapid="" musicid="40" effectid="" moveEffectId=""/>
  <town townId="28" townName="Đảo Drum" maxY="22" maxX="63" townDesc="" iconId="" level="" townType="" conditionDesc="" endX="12" endY="20" startX="2" startY="15" portGroup="" copySelectedId="" showForceId="" moveTaskId="" moveLevel="" isSelectCamp="" defaultMovePort="" movePort1="" movePort2="" movePort3="" serviceGroup="" mapid="" musicid="18" effectid="" moveEffectId=""/>
  <town townId="29" townName="Rainbase" maxY="22" maxX="63" townDesc="" iconId="" level="" townType="" conditionDesc="" endX="12" endY="20" startX="2" startY="15" portGroup="" copySelectedId="" showForceId="" moveTaskId="" moveLevel="" isSelectCamp="" defaultMovePort="" movePort1="" movePort2="" movePort3="" serviceGroup="" mapid="" musicid="22" effectid="" moveEffectId=""/>
  <town townId="30" townName="Trên Đảo Sabaody" maxY="22" maxX="63" townDesc="" iconId="" level="" townType="" conditionDesc="" endX="12" endY="20" startX="2" startY="15" portGroup="" copySelectedId="" showForceId="" moveTaskId="" moveLevel="" isSelectCamp="" defaultMovePort="" movePort1="" movePort2="" movePort3="" serviceGroup="" mapid="" musicid="26" effectid="" moveEffectId=""/>
  <town townId="31" townName="Dưới Đảo Sabaody" maxY="22" maxX="63" townDesc="" iconId="" level="" townType="" conditionDesc="" endX="12" endY="20" startX="2" startY="15" portGroup="" copySelectedId="" showForceId="" moveTaskId="" moveLevel="" isSelectCamp="" defaultMovePort="" movePort1="" movePort2="" movePort3="" serviceGroup="" mapid="" musicid="26" effectid="" moveEffectId=""/>
  <town townId="32" townName="Trên Đảo Kuja" maxY="22" maxX="63" townDesc="" iconId="" level="" townType="" conditionDesc="" endX="12" endY="20" startX="2" startY="15" portGroup="" copySelectedId="" showForceId="" moveTaskId="" moveLevel="" isSelectCamp="" defaultMovePort="" movePort1="" movePort2="" movePort3="" serviceGroup="" mapid="" musicid="26" effectid="" moveEffectId=""/>
  <town townId="33" townName="Dưới Đảo Kuja" maxY="22" maxX="63" townDesc="" iconId="" level="" townType="" conditionDesc="" endX="12" endY="20" startX="2" startY="15" portGroup="" copySelectedId="" showForceId="" moveTaskId="" moveLevel="" isSelectCamp="" defaultMovePort="" movePort1="" movePort2="" movePort3="" serviceGroup="" mapid="" musicid="26" effectid="" moveEffectId=""/>
  <town townId="11" townName="Moby Dick" maxY="22" maxX="83" townDesc="" iconId="" level="Lv.115~150" townType="1" conditionDesc="Yêu cầu NV Lv.1|Nhận NV chính “Trời yên biển lặng”" endX="14" endY="19" startX="2" startY="16" portGroup="47,48,49,50,51" copySelectedId="18" showForceId="8125" moveTaskId="92001" moveLevel="1" isSelectCamp="1" defaultMovePort="" movePort1="47" movePort2="48" movePort3="49" serviceGroup="11,1004,3001,3002,2001,7002,7003" mapid="2" musicid="2" effectid="11|92001" moveEffectId="10"/>
  <town townId="34" townName="Impel Down thượng" maxY="22" maxX="63" townDesc="" iconId="" level="" townType="" conditionDesc="" endX="12" endY="20" startX="2" startY="15" portGroup="" copySelectedId="" showForceId="" moveTaskId="" moveLevel="" isSelectCamp="" defaultMovePort="" movePort1="" movePort2="" movePort3="" serviceGroup="" mapid="" musicid="26" effectid="" moveEffectId=""/>
  <town townId="35" townName="Impel Down trung" maxY="22" maxX="63" townDesc="" iconId="" level="" townType="" conditionDesc="" endX="12" endY="20" startX="2" startY="15" portGroup="" copySelectedId="" showForceId="" moveTaskId="" moveLevel="" isSelectCamp="" defaultMovePort="" movePort1="" movePort2="" movePort3="" serviceGroup="" mapid="" musicid="26" effectid="" moveEffectId=""/>
  <town townId="19" townName="莫比迪克狂欢镇" maxY="22" maxX="83" townDesc="" iconId="" level="" townType="" conditionDesc="" endX="52" endY="19" startX="40" startY="16" portGroup="" copySelectedId="" showForceId="" moveTaskId="" moveLevel="1" isSelectCamp="0" defaultMovePort="" movePort1="" movePort2="" movePort3="" serviceGroup="1,3001" mapid="" musicid="31" effectid="" moveEffectId=""/>
  <town townId="18" townName="Đấu trường Hải tặc" maxY="22" maxX="60" townDesc="" iconId="" level="" townType="" conditionDesc="" endX="36" endY="20" startX="25" startY="13" portGroup="" copySelectedId="" showForceId="" moveTaskId="" moveLevel="" isSelectCamp="" defaultMovePort="" movePort1="" movePort2="" movePort3="" serviceGroup="" mapid="" musicid="31" effectid="" moveEffectId=""/>
  <town townId="12" townName="Đảo Người Cá" maxY="22" maxX="83" townDesc="" iconId="" level="Lv.150~180" townType="1" conditionDesc="Yêu cầu NV Lv.1|Nhận NV chính “Đến Đảo Người Cá”" endX="14" endY="19" startX="2" startY="16" portGroup="52,53,54,55,56" copySelectedId="22" showForceId="10425" moveTaskId="114001" moveLevel="1" isSelectCamp="1" defaultMovePort="" movePort1="52" movePort2="53" movePort3="54" serviceGroup="12,1004,3001,3002,2001,7002,7003" mapid="2" musicid="6" effectid="12|114001" moveEffectId="11"/>
  <town townId="36" townName="Impel Down hạ" maxY="22" maxX="63" townDesc="" iconId="" level="" townType="" conditionDesc="" endX="12" endY="20" startX="2" startY="15" portGroup="" copySelectedId="" showForceId="" moveTaskId="" moveLevel="" isSelectCamp="" defaultMovePort="" movePort1="" movePort2="" movePort3="" serviceGroup="" mapid="" musicid="26" effectid="" moveEffectId=""/>
  <town townId="37" townName="Trận chiến Marineford thượng" maxY="22" maxX="63" townDesc="" iconId="" level="" townType="" conditionDesc="" endX="12" endY="20" startX="2" startY="15" portGroup="" copySelectedId="" showForceId="" moveTaskId="" moveLevel="" isSelectCamp="" defaultMovePort="" movePort1="" movePort2="" movePort3="" serviceGroup="" mapid="" musicid="26" effectid="" moveEffectId=""/>
  <town townId="38" townName="Trận chiến Marineford trung" maxY="22" maxX="63" townDesc="" iconId="" level="" townType="" conditionDesc="" endX="12" endY="20" startX="2" startY="15" portGroup="" copySelectedId="" showForceId="" moveTaskId="" moveLevel="" isSelectCamp="" defaultMovePort="" movePort1="" movePort2="" movePort3="" serviceGroup="" mapid="" musicid="26" effectid="" moveEffectId=""/>
  <town townId="39" townName="Trận ch" maxY="22" maxX="63" townDesc="" iconId="" level="" townType="" conditionDesc="" endX="12" endY="20" startX="2" startY="15" portGroup="" copySelectedId="" showForceId="" moveTaskId="" moveLevel="" isSelectCamp="" defaultMovePort="" movePort1="" movePort2="" movePort3="" serviceGroup="" mapid="" musicid="26" effectid="" moveEffectId=""/>
  <town townId="40" townName="Đảo Thử Luyện thượng" maxY="22" maxX="63" townDesc="" iconId="" level="" townType="" conditionDesc="" endX="12" endY="20" startX="2" startY="15" portGroup="" copySelectedId="" showForceId="" moveTaskId="" moveLevel="" isSelectCamp="" defaultMovePort="" movePort1="" movePort2="" movePort3="" serviceGroup="" mapid="" musicid="26" effectid="" moveEffectId=""/>
  <town townId="41" townName="Đảo Thử Luyện hạ" maxY="22" maxX="63" townDesc="" iconId="" level="" townType="" conditionDesc="" endX="12" endY="20" startX="2" startY="15" portGroup="" copySelectedId="" showForceId="" moveTaskId="" moveLevel="" isSelectCamp="" defaultMovePort="" movePort1="" movePort2="" movePort3="" serviceGroup="" mapid="" musicid="26" effectid="" moveEffectId=""/>
  <town townId="13" townName="Punk Hazard" maxY="22" maxX="83" townDesc="" iconId="" level="Lv.180~210" townType="1" conditionDesc="Yêu cầu NV Lv.1|Nhận NV chính “Hòn đảo không thể tin nổi”" endX="14" endY="19" startX="2" startY="16" portGroup="57,58,59,60,61" copySelectedId="27" showForceId="12727" moveTaskId="136001" moveLevel="1" isSelectCamp="1" defaultMovePort="" movePort1="57" movePort2="58" movePort3="59" serviceGroup="13,1004,3001,3002,2001,7002,7003" mapid="3" musicid="20" effectid="13|136001" moveEffectId="12"/>
  <town townId="14" townName="德雷斯罗萨岛" maxY="22" maxX="84" townDesc="" iconId="" level="Lv.210~240" townType="1" conditionDesc="需要人物等级Lv.1|接取“爱与热情之国”主线任务" endX="14" endY="19" startX="2" startY="16" portGroup="62,63,64,65,66" copySelectedId="31" showForceId="14326" moveTaskId="153001" moveLevel="1" isSelectCamp="1" defaultMovePort="" movePort1="62" movePort2="63" movePort3="64" serviceGroup="14,1004,3001,3002,2001,7002,7003" mapid="3" musicid="20" effectid="14|153001" moveEffectId="13"/>
</root>