<root>
  <trayMain mainStage="1" mainIDGroup="1,2,3,4,5,6,7,8,9,10" picID="1"/>
  <trayMain mainStage="2" mainIDGroup="11,12,13,14,15,16,17,18,19,20" picID="2"/>
  <trayMain mainStage="3" mainIDGroup="21,22,23,24,25,26,27,28,29,30" picID="2"/>
  <trayMain mainStage="4" mainIDGroup="31,32,33,34,35,36,37,38,39,40" picID="3"/>
  <trayMain mainStage="5" mainIDGroup="41,42,43,44,45,46,47,48,49,50" picID="3"/>
  <trayMain mainStage="6" mainIDGroup="51,52,53,54,55,56,57,58,59,60" picID="4"/>
  <trayMain mainStage="7" mainIDGroup="61,62,63,64,65,66,67,68,69,70" picID="4"/>
  <trayMain mainStage="8" mainIDGroup="71,72,73,74,75,76,77,78,79,80" picID="5"/>
  <trayMain mainStage="9" mainIDGroup="81,82,83,84,85,86,87,88,89,90" picID="5"/>
  <trayMain mainStage="10" mainIDGroup="91,92,93,94,95,96,97,98,99,100" picID="6"/>
  <trayMain mainStage="11" mainIDGroup="101,102,103,104,105,106,107,108,109,110" picID="6"/>
  <trayMain mainStage="12" mainIDGroup="111,112,113,114,115,116,117,118,119,120" picID="7"/>
  <trayMain mainStage="13" mainIDGroup="121,122,123,124,125,126,127,128,129,130" picID="7"/>
  <trayMain mainStage="14" mainIDGroup="131,132,133,134,135,136,137,138,139,140" picID="8"/>
  <trayMain mainStage="15" mainIDGroup="141,142,143,144,145,146,147,148,149,150" picID="8"/>
  <trayMain mainStage="16" mainIDGroup="151,152,153,154,155,156,157,158,159,160" picID="9"/>
  <trayMain mainStage="17" mainIDGroup="161,162,163,164,165,166,167,168,169,170" picID="9"/>
  <trayMain mainStage="18" mainIDGroup="171,172,173,174,175,176,177,178,179,180" picID="10"/>
  <trayMain mainStage="19" mainIDGroup="181,182,183,184,185,186,187,188,189,190" picID="10"/>
  <trayMain mainStage="20" mainIDGroup="191,192,193,194,195,196,197,198,199,200" picID="10"/>
  <trayMain mainStage="21" mainIDGroup="201,202,203,204,205,206,207,208,209,210" picID="1"/>
  <trayMain mainStage="22" mainIDGroup="211,212,213,214,215,216,217,218,219,220" picID="2"/>
  <trayMain mainStage="23" mainIDGroup="221,222,223,224,225,226,227,228,229,230" picID="3"/>
  <trayMain mainStage="24" mainIDGroup="231,232,233,234,235,236,237,238,239,240" picID="4"/>
  <trayMain mainStage="25" mainIDGroup="241,242,243,244,245,246,247,248,249,250" picID="5"/>
  <trayMain mainStage="26" mainIDGroup="251,252,253,254,255,256,257,258,259,260" picID="6"/>
  <trayMain mainStage="27" mainIDGroup="261,262,263,264,265,266,267,268,269,270" picID="7"/>
  <trayMain mainStage="28" mainIDGroup="271,272,273,274,275,276,277,278,279,280" picID="8"/>
  <trayMain mainStage="29" mainIDGroup="281,282,283,284,285,286,287,288,289,290" picID="9"/>
  <trayMain mainStage="30" mainIDGroup="291,292,293,294,295,296,297,298,299,300" picID="10"/>
  <trayMain mainStage="31" mainIDGroup="301,302,303,304,305,306,307,308,309,310" picID="1"/>
  <trayMain mainStage="32" mainIDGroup="311,312,313,314,315,316,317,318,319,320" picID="2"/>
  <trayMain mainStage="33" mainIDGroup="321,322,323,324,325,326,327,328,329,330" picID="3"/>
  <trayMain mainStage="34" mainIDGroup="331,332,333,334,335,336,337,338,339,340" picID="4"/>
  <trayMain mainStage="35" mainIDGroup="341,342,343,344,345,346,347,348,349,350" picID="5"/>
  <trayMain mainStage="36" mainIDGroup="351,352,353,354,355,356,357,358,359,360" picID="6"/>
  <trayMain mainStage="37" mainIDGroup="361,362,363,364,365,366,367,368,369,370" picID="7"/>
  <trayMain mainStage="38" mainIDGroup="371,372,373,374,375,376,377,378,379,380" picID="8"/>
  <trayMain mainStage="39" mainIDGroup="381,382,383,384,385,386,387,388,389,390" picID="9"/>
  <trayMain mainStage="40" mainIDGroup="391,392,393,394,395,396,397,398,399" picID="10"/>
</root>