<root>
  <trayDower giftastID="2" giftGroupID="2001,2002,2003,2004,2005,2006,2007,2008,2009" giftCoord="289|132,233|136,186|154,141|187,127|239,171|283,239|300,295|261,235|221" bgpicID="2" name="T.Bàn Phá pháp" info="Tinh bàn nhánh được lĩnh ngộ từ quỹ đạo di chuyển của Tinh Linh, rất giỏi đối phó với kẻ địch sử dụng ma pháp, ngoài việc tăng năng lực ban đầu, còn chú trọng nhiều đến năng lực ma phòng." buttontips="MP tăng mạnh"/>
  <trayDower giftastID="3" giftGroupID="3001,3002,3003,3004,3005,3006,3007,3008,3009" giftCoord="321|182,267|182,215|162,165|163,139|212,180|259,233|285,289|273,233|223.50" bgpicID="3" name="T.Bàn Trọng kỵ sỹ" info="Tinh bàn nhánh được lĩnh ngộ từ quỹ đạo di chuyển của Tinh Linh, giống như Trọng kỵ sỹ bảo vệ đồng đội chống lại tà ma, ngoài việc tăng năng lực ban đầu, còn chú trọng nhiều đến năng lực TC phòng." buttontips="TCP tăng mạnh"/>
  <trayDower giftastID="4" giftGroupID="4001,4002,4003,4004,4005,4006,4007,4008,4009" giftCoord="334|250,320|190,267|159.5,210|150,152|169.5,135|225.5,169|272.5,226|279,233|223.5" bgpicID="4" name="T.Bàn Ma pháp sư" info="Tinh bàn nhánh được lĩnh ngộ từ quỹ đạo di chuyển của Tinh Linh,chú trọng nghiên cứu kiến thức ma pháp, ngoài việc tăng năng lực ban đầu, còn có thiên phú về ma công." buttontips="MC tăng mạnh"/>
  <trayDower giftastID="5" giftGroupID="5001,5002,5003,5004,5005,5006,5007,5008,5009" giftCoord="302|281,333|220,307|158,255|129,208|165,157|194,149|252,203|283,244|227" bgpicID="5" name="T.Bàn Cuồng kỵ sĩ" info="Tinh bàn nhánh được lĩnh ngộ từ quỹ đạo di chuyển của Tinh Linh, chú trọng kỹ xảo chiến đấu bản thân, ngoài việc tăng năng lực ban đầu, còn có thiên phú TC mạnh mẽ." buttontips="TC tăng mạnh"/>
  <trayDower giftastID="6" giftGroupID="6001,6002,6003,6004,6005,6006,6007,6008,6009,6010" giftCoord="266.95|321.5,208.95|305.5,165.95|269.5,126.5|223,143|167.5,183|131,237.95|121.5,284.95|152.5,278.95|209.5,228|213.5" bgpicID="6" name="T.Bàn Thánh chức giả" info="Tinh bàn nhánh được lĩnh ngộ từ quỹ đạo di chuyển của Tinh Linh, chú trọng tấn công và phòng ngự bản thân, ngài việc tăng cao năng lực vốn có, càng có thiên phú tấn công phòng ngự manh mẽ." buttontips="Công phòng tăng mạnh"/>
  <trayDower giftastID="7" giftGroupID="7001,7002,7003,7004,7005,7006,7007,7008,7009,7010" giftCoord="184.45|295.45,140.5|240.45,149.6|172.45,187.45|120.45,234.45|140.45,295.45|158.45,324.45|210.45,315.45|260.45,255.45|263.45,213.45|229.45" bgpicID="7" name="T.Bàn Asura" info="Tinh bàn nhánh được lĩnh ngộ từ quỹ đạo di chuyển của Tinh Linh, chú trọng kỹ năng chiến đấu của bản thân, ngoài tăng mạnh khả năng vốn có, còn có thiên phú V.công, TC vô cùng mạnh." buttontips="VC, TC tăng mạnh"/>
  <trayDower giftastID="8" giftGroupID="8001,8002,8003,8004,8005,8006,8007,8008,8009,8010" giftCoord="229|120,176|160,148|214,166|271,222|301,287|282,336|246,331|185,274|180,232|219" bgpicID="8" name="T.Bàn Ma Đạo Sư" info="Tinh bàn nhánh được lĩnh ngộ từ quỹ đạo di chuyển của Tinh Linh, chú trọng kỹ năng chiến đấu của bản thân, ngoài tăng mạnh khả năng vốn có, còn có thiên phú V.công, M.công vô cùng mạnh." buttontips="VC, MC tăng mạnh"/>
  <trayDower giftastID="9" giftGroupID="9001,9002,9003,9004,9005,9006,9007,9008,9009,9010" giftCoord="230|322,276|287,305|255,320|205,298|149,243|120,184|136,157|184,168|244,226|214" bgpicID="9" name="T.Bàn Thiên Kiếm Giả" info="Tinh bàn nhánh được lĩnh ngộ từ quỹ đạo di chuyển của Tinh Linh, chú trọng kỹ năng chiến đấu của bản thân, ngoài tăng mạnh khả năng vốn có, còn có thiên phú V.công, V.phòng vô cùng mạnh." buttontips="物理攻击大幅变强"/>
</root>