<root>
  <treasureSuit id="1" name="Dial Skpiea" description="Cư dân Skypiea vì muốn làm cho cuộc sống thuận tiện hơn, đã sử dụng nhiều loại dial, nếu như tổng hợp sử dụng chúng, bạn sẽ đạt được hiệu quả bất ngờ…" treasure="2217105,2227105,2237105,2247105,2257105,2267105" property1="0" property2="11|160,9|160" property3="0" property4="1|3000,8|200" property5="0" property6="7|200,2|200,6|200,10|160"/>
  <treasureSuit id="2" name="Sự trợ lực của Thriller Bark" description="Thuyền viên Băng H.tặc Moria đều có những bí mật nhỏ của bản thân, có những thứ được bọn họ coi là kho báu cứ coi như bạn có lấy được cũng không thể phát hiện ra, đương nhiên, rất nhiều thứ người thường không dám cầm…" treasure="2217102,2237102,2257102" property1="0" property2="10|60,9|60" property3="7|70,11|60,1|1500" property4="0" property5="0" property6="0"/>
  <treasureSuit id="3" name="Sự lãng mạn hắc ám" description="Tập hợp sự lãng mạn trong tâm hồn của những tiểu đội Zombie, đến cả mặt trời cũng không thể cản trở…" treasure="2227102,2247102,2267102" property1="0" property2="6|70,9|60" property3="8|70,11|60,1|1500" property4="0" property5="0" property6="0"/>
  <treasureSuit id="4" name="Cốt hỏa pháo" description="Có 1 vị yêu thích hỏa pháo đã liệt kê ra đơn hàng hỏa pháo nhất định phải thu thập được, 2 đơn vị đầu chính là…" treasure="2246003,2266003" property1="0" property2="7|60,10|40,1|1250" property3="0" property4="0" property5="0" property6="0"/>
  <treasureSuit id="5" name="Sự thần bí của Kashigami" description="Người đến thảm hiểm ở Shandora   thường trở về tay không, bọn họ không thể đoán được kho báu được cất giấu ở đâu…" treasure="2216002,2236002" property1="0" property2="6|50,9|30,1|1000" property3="0" property4="0" property5="0" property6="0"/>
  <treasureSuit id="6" name="Công lý tuyệt đối" description="Vật tùy thân của Đô đốc Hải quân mới, chúng phát ra là công lý tuyệt đối, không một chút dơ bẩn……" treasure="2217106,2227106,2237106,2247106,2257106,2267106" property1="0" property2="10|220,38|500" property3="0" property4="1|3200,7|220" property5="0" property6="37|500,2|220,4|100,7|100"/>
  <treasureSuit id="7" name="Bóng tối nuốt chửng" description="Bóng tối nuốt chửng mọi thứ, có phải thực sự có thể che phủ mặt đất không?" treasure="2217206,2227206,2237206,2247206,2257206,2267206" property1="0" property2="9|220,36|500" property3="0" property4="1|3200,6|220" property5="0" property6="35|500,2|220,3|100,6|100"/>
  <treasureSuit id="8" name="Vết sẹo đỏ" description="Vết sẹo đỏ không phải đại diện cho vết thương và sự yếu đuối, mà là dấu ấn được truyền từ đời này sang đời khác." treasure="2217306,2227306,2237306,2247306,2257306,2267306" property1="0" property2="11|220,40|500" property3="0" property4="1|3200,8|220" property5="0" property6="39|500,2|220,5|100,8|100"/>
  <treasureSuit id="9" name="K.cương vĩnh hằng" description="Bất kể là sự nhấn chìm của bóng tối hay sát thương chí mệnh, ngăn chặn tất cả mọi vật vô hình hay hữu hình……" treasure="2217406,2227406,2237406,2247406,2257406,2267406" property1="0" property2="9|220,11|220" property3="0" property4="1|3200,10|300" property5="0" property6="36|350,2|350,38|350,40|350"/>
  <treasureSuit id="10" name="Sự thuần khiết của Người cá" description="Người cá như lạc trong cõi mộng, lặng lẽ chịu thương đau, cố gằng dùng thân mình che chở cho Noah đang rơi xuống, trái tim thuần khiết sẽ chỉ dẫn mọi người tìm được phương hướng chính xác……" treasure="2217107,2227107,2237107,2247107,2257107,2267107" property1="0" property2="11|300,40|700" property3="0" property4="1|3600,8|260" property5="0" property6="39|700,2|240,5|120,8|150"/>
  <treasureSuit id="11" name="Niềm tin của Hải Hiệp" description="Sức mạnh có được từ thù hận và phẫn nộ đều là sức mạnh ảo, niềm tin giải phóng và tự do sẽ được truyền tải tới Thời đại mới……" treasure="2217207,2227207,2237207,2247207,2257207,2267207" property1="0" property2="9|360,36|750" property3="0" property4="1|3800,6|280" property5="0" property6="35|750,2|260,3|140,6|180"/>
  <treasureSuit id="12" name="Tự do của anh hùng" description="Dám trở thành kẻ thù của Thế giới, tạo ra khái niệm “Giải phóng” và “Tự do”, anh hùng……" treasure="2217307,2227307,2237307,2247307,2257307,2267307" property1="0" property2="10|360,38|750" property3="0" property4="1|3800,7|280" property5="0" property6="37|750,2|260,4|140,7|180"/>
  <treasureSuit id="13" name="Bá niệm của Sư tử" description="Có dã tâm và dũng khí thôn tính thiên hạ. Kẻ ẩn nấp của đại thời đại, tạo ra cơn bão giết người giống như sư tử đực……" treasure="2217108,2227108,2237108,2247108,2257108,2267108" property1="0" property2="11|400,40|800" property3="0" property4="1|4000,8|300" property5="0" property6="39|800,2|300,5|160,8|200"/>
  <treasureSuit id="14" name="Ác ý của Heavenly Yaksha" description="Trêu đùa người đời, khinh thường tất cả, Thiên Quỷ bạo tàn! Heavenly Yaksha sẽ khiến mọi thứ hư hỏng……" treasure="2217208,2227208,2237208,2247208,2257208,2267208" property1="0" property2="10|400,38|800" property3="0" property4="1|4000,7|300" property5="0" property6="37|800,2|300,4|160,7|200"/>
  <treasureSuit id="15" name="Khoa học điên cuồng" description="Tín đồ tiên cuồng vượt qua mọi thời đại, thách thức sức mạnh thần thánh của Tạo vật chủ. Nắm cái chết, thích cái chết……" treasure="2217308,2227308,2237308,2247308,2257308,2267308" property1="0" property2="9|400,36|800" property3="0" property4="1|4000,6|300" property5="0" property6="35|800,2|300,3|160,6|200"/>
  <treasureSuit id="16" name="绅士的智谋" description="看破世界的丑陋，遵从自己的意志，向往自由。改变世界的动向……" treasure="2217109,2227109,2237109,2247109,2257109,2267109" property1="0" property2="11|500,40|1000" property3="0" property4="1|4500,8|350" property5="0" property6="39|900,2|360,5|200,8|260"/>
  <treasureSuit id="17" name="冥王的辉煌" description="曾经的王者，现在的传说，时代的见证者，目睹旧时代的终结，见证新时代的开启……" treasure="2217209,2227209,2237209,2247209,2257209,2267209" property1="0" property2="10|500,38|1000" property3="0" property4="1|4500,7|350" property5="0" property6="37|900,2|360,4|200,7|260"/>
  <treasureSuit id="18" name="冥王的辉煌" description="曾经的王者，现在的传说，时代的见证者，目睹旧时代的终结，见证新时代的开启……" treasure="2217309,2227309,2237309,2247309,2257309,2267309" property1="0" property2="9|500,36|1000" property3="0" property4="1|4500,6|350" property5="0" property6="35|900,2|360,3|200,6|260"/>
</root>