<root>
  <tips text="Ta quyết định! Phải dùng ngày sinh của ta làm thành Tết trồng cây!"/>
  <tips text="Chỉ có người đàn ông mạnh nhất mới xứng đáng với quả của ta!"/>
  <tips text="Là lá la, ta là cây con đáng yêu~"/>
  <tips text="Hốc cây của ta luôn chào đón những cô gái xinh đẹp trẻ trung."/>
  <tips text="Trên đời này, ta đã trải qua những năm tháng dài đằng đẵng..."/>
  <tips text="Thế nào, trông ta rất sexy phải không~"/>
  <tips text="Nếu 1 cô gái tâm sự với ngươi, mà ngươi đưa ra cách giải quyết thì quả là sai lầm!"/>
  <tips text="Ta cứ cho trái ác quỷ mọc ở nơi cao nhất đấy, thì sao?"/>
  <tips text="Trái ác quỷ tốt nhưng đừng có tham đấy~"/>
  <tips text="Hôm nay buồn chán quá~"/>
  <tips text="Đừng có tưới nước liên tục cho ta~"/>
  <tips text="Mưa gió vô  tình, cứ chà đạp ta đi!"/>
  <tips text="Người trẻ, dám đấu với cành cây của ta không?"/>
  <tips text="Mỗi khi 1 trái ác quỷ mới mọc ra ta biết, lại có 1 sinh mạng nữa biến mất..."/>
  <tips text="Trái ác quỷ của ta là sản phẩm tự nhiên, không có tác dụng phụ~"/>
  <tips text="Nhớ tới thăm ta, không ta sẽ nhớ ngươi đó~"/>
  <tips text="Đừng xoa ta, có xoa ta cũng không cho ngươi trái ác quỷ mới đâu!"/>
  <tips text="Sao giờ mới tới, sáng nay ngươi đã thỉnh an ta chưa?"/>
  <tips text="Ta cho ngươi biết, lần trước có 1 hải tặc chôn bản đồ kho báu dưới gốc cây của ta~"/>
  <tips text="Nói! Lần trước ngươi gọt gốc của ta khi ta đang ngủ đúng không!"/>
  <tips text="Ngươi nói xem một cái cây mà chỉ muốn đi bơi thì có hơi quá không?"/>
  <tips text="Hôm nay gió mát quá~"/>
  <tips text="Có lúc nhìn hoa cỏ dưới chân cũng rất vui."/>
  <tips text="Cho ta xem vũ khí của ngươi được không?"/>
  <tips text="Òa, nhẫn của ngươi sáng quá~"/>
  <tips text="Khát quá, mau mưa 1 trận to đi!"/>
  <tips text="Ta cược là ta cao hơn Oars!"/>
  <tips text="Ngươi dùng nước nuôi cá ở AllBlue tưới cho ta hả?"/>
  <tips text="Có phân bón, ta có động lực phát triển!"/>
  <tips text="Sự phát triển của ta là vô cùng vô tận!"/>
  <tips text="Òng ọc òng ọc..."/>
  <tips text="Quý tộc thế giới? Chưa từng nghe qua~"/>
  <tips text="Lưng ta ngứa quá, mau gãi giúp ta..."/>
  <tips text="Ngươi hỏi ta sao nấm lại mọc trên thân cây?"/>
  <tips text="Đừng để ý tiểu tiết!"/>
  <tips text="Quả đó...quả của ta khó ăn thế sao?"/>
  <tips text="Chúng ta chơi trò “ai cử động trước” đi!"/>
  <tips text="Chọc tức ta, ta sẽ lấy dây leo vụt ngươi!"/>
  <tips text="Ngươi cứ nhìn ta thế, ta xấu hổ đấy~"/>
  <tips text="Buồn ngủ quá, ta ngủ đây~"/>
  <tips text="Hôm nay ngươi dâng cho ta cái gì?"/>
  <tips text="Ta sẽ ghi nhớ ngươi!"/>
  <tips text="Cống hiến của ngươi chưa đủ!"/>
  <tips text="Độ trưởng thành càng cao, phần thưởng cuối cùng càng hấp dẫn đấy~"/>
  <tips text="Không làm mới không nhìn thấy xếp hạng cá nhân!"/>
  <tips text="Mau quyên góp cho ta đi!"/>
  <tips text="Đến ngày cuối cùng ta sẽ không tiếp nhận hiến tặng nữa~"/>
  <tips text="Mong chờ ngày cuối cùng quá!"/>
  <tips text="Muốn biết nhiều hơn? Mau đi xem trợ giúp đi!"/>
  <tips text="Được rồi, đừng hỏi ta nữa, ta không phải là 100 nghìn câu hỏi tại sao."/>
</root>