<root>
  <tuitu_fightLevel level="1" exp="0" phyAtt="0" phyDef="0" kilAtt="0" kiDef="0" migAtt="0" migDef="0" life="0"/>
  <tuitu_fightLevel level="2" exp="75" phyAtt="80" phyDef="40" kilAtt="80" kiDef="40" migAtt="80" migDef="40" life="600"/>
  <tuitu_fightLevel level="3" exp="155" phyAtt="160" phyDef="80" kilAtt="160" kiDef="80" migAtt="160" migDef="80" life="1200"/>
  <tuitu_fightLevel level="4" exp="245" phyAtt="240" phyDef="120" kilAtt="240" kiDef="120" migAtt="240" migDef="120" life="1800"/>
  <tuitu_fightLevel level="5" exp="340" phyAtt="320" phyDef="160" kilAtt="320" kiDef="160" migAtt="320" migDef="160" life="2400"/>
  <tuitu_fightLevel level="6" exp="445" phyAtt="400" phyDef="200" kilAtt="400" kiDef="200" migAtt="400" migDef="200" life="3000"/>
  <tuitu_fightLevel level="7" exp="555" phyAtt="480" phyDef="240" kilAtt="480" kiDef="240" migAtt="480" migDef="240" life="3600"/>
  <tuitu_fightLevel level="8" exp="675" phyAtt="560" phyDef="280" kilAtt="560" kiDef="280" migAtt="560" migDef="280" life="4200"/>
  <tuitu_fightLevel level="9" exp="800" phyAtt="640" phyDef="320" kilAtt="640" kiDef="320" migAtt="640" migDef="320" life="4800"/>
  <tuitu_fightLevel level="10" exp="935" phyAtt="720" phyDef="360" kilAtt="720" kiDef="360" migAtt="720" migDef="360" life="5400"/>
  <tuitu_fightLevel level="11" exp="1075" phyAtt="800" phyDef="400" kilAtt="800" kiDef="400" migAtt="800" migDef="400" life="6000"/>
  <tuitu_fightLevel level="12" exp="1225" phyAtt="880" phyDef="440" kilAtt="880" kiDef="440" migAtt="880" migDef="440" life="6600"/>
  <tuitu_fightLevel level="13" exp="1380" phyAtt="960" phyDef="480" kilAtt="960" kiDef="480" migAtt="960" migDef="480" life="7200"/>
  <tuitu_fightLevel level="14" exp="1545" phyAtt="1040" phyDef="520" kilAtt="1040" kiDef="520" migAtt="1040" migDef="520" life="7800"/>
  <tuitu_fightLevel level="15" exp="1715" phyAtt="1120" phyDef="560" kilAtt="1120" kiDef="560" migAtt="1120" migDef="560" life="8400"/>
  <tuitu_fightLevel level="16" exp="1895" phyAtt="1200" phyDef="600" kilAtt="1200" kiDef="600" migAtt="1200" migDef="600" life="9000"/>
  <tuitu_fightLevel level="17" exp="2080" phyAtt="1280" phyDef="640" kilAtt="1280" kiDef="640" migAtt="1280" migDef="640" life="9600"/>
  <tuitu_fightLevel level="18" exp="2275" phyAtt="1360" phyDef="680" kilAtt="1360" kiDef="680" migAtt="1360" migDef="680" life="10200"/>
  <tuitu_fightLevel level="19" exp="2475" phyAtt="1440" phyDef="720" kilAtt="1440" kiDef="720" migAtt="1440" migDef="720" life="10800"/>
  <tuitu_fightLevel level="20" exp="2685" phyAtt="1520" phyDef="760" kilAtt="1520" kiDef="760" migAtt="1520" migDef="760" life="11400"/>
  <tuitu_fightLevel level="21" exp="2900" phyAtt="1600" phyDef="800" kilAtt="1600" kiDef="800" migAtt="1600" migDef="800" life="12000"/>
  <tuitu_fightLevel level="22" exp="3125" phyAtt="1680" phyDef="840" kilAtt="1680" kiDef="840" migAtt="1680" migDef="840" life="12600"/>
  <tuitu_fightLevel level="23" exp="3355" phyAtt="1760" phyDef="880" kilAtt="1760" kiDef="880" migAtt="1760" migDef="880" life="13200"/>
  <tuitu_fightLevel level="24" exp="3595" phyAtt="1840" phyDef="920" kilAtt="1840" kiDef="920" migAtt="1840" migDef="920" life="13800"/>
  <tuitu_fightLevel level="25" exp="3840" phyAtt="1920" phyDef="960" kilAtt="1920" kiDef="960" migAtt="1920" migDef="960" life="14400"/>
  <tuitu_fightLevel level="26" exp="4095" phyAtt="2000" phyDef="1000" kilAtt="2000" kiDef="1000" migAtt="2000" migDef="1000" life="15000"/>
  <tuitu_fightLevel level="27" exp="4355" phyAtt="2080" phyDef="1040" kilAtt="2080" kiDef="1040" migAtt="2080" migDef="1040" life="15600"/>
  <tuitu_fightLevel level="28" exp="4625" phyAtt="2160" phyDef="1080" kilAtt="2160" kiDef="1080" migAtt="2160" migDef="1080" life="16200"/>
  <tuitu_fightLevel level="29" exp="4900" phyAtt="2240" phyDef="1120" kilAtt="2240" kiDef="1120" migAtt="2240" migDef="1120" life="16800"/>
  <tuitu_fightLevel level="30" exp="5185" phyAtt="2320" phyDef="1160" kilAtt="2320" kiDef="1160" migAtt="2320" migDef="1160" life="17400"/>
  <tuitu_fightLevel level="31" exp="5475" phyAtt="2400" phyDef="1200" kilAtt="2400" kiDef="1200" migAtt="2400" migDef="1200" life="18000"/>
  <tuitu_fightLevel level="32" exp="5775" phyAtt="2480" phyDef="1240" kilAtt="2480" kiDef="1240" migAtt="2480" migDef="1240" life="18600"/>
  <tuitu_fightLevel level="33" exp="6080" phyAtt="2560" phyDef="1280" kilAtt="2560" kiDef="1280" migAtt="2560" migDef="1280" life="19200"/>
  <tuitu_fightLevel level="34" exp="6395" phyAtt="2640" phyDef="1320" kilAtt="2640" kiDef="1320" migAtt="2640" migDef="1320" life="19800"/>
  <tuitu_fightLevel level="35" exp="6715" phyAtt="2720" phyDef="1360" kilAtt="2720" kiDef="1360" migAtt="2720" migDef="1360" life="20400"/>
  <tuitu_fightLevel level="36" exp="7045" phyAtt="2800" phyDef="1400" kilAtt="2800" kiDef="1400" migAtt="2800" migDef="1400" life="21000"/>
  <tuitu_fightLevel level="37" exp="7380" phyAtt="2880" phyDef="1440" kilAtt="2880" kiDef="1440" migAtt="2880" migDef="1440" life="21600"/>
  <tuitu_fightLevel level="38" exp="7725" phyAtt="2960" phyDef="1480" kilAtt="2960" kiDef="1480" migAtt="2960" migDef="1480" life="22200"/>
  <tuitu_fightLevel level="39" exp="8075" phyAtt="3040" phyDef="1520" kilAtt="3040" kiDef="1520" migAtt="3040" migDef="1520" life="22800"/>
  <tuitu_fightLevel level="40" exp="8435" phyAtt="3120" phyDef="1560" kilAtt="3120" kiDef="1560" migAtt="3120" migDef="1560" life="23400"/>
  <tuitu_fightLevel level="41" exp="8800" phyAtt="3200" phyDef="1600" kilAtt="3200" kiDef="1600" migAtt="3200" migDef="1600" life="24000"/>
  <tuitu_fightLevel level="42" exp="9175" phyAtt="3280" phyDef="1640" kilAtt="3280" kiDef="1640" migAtt="3280" migDef="1640" life="24600"/>
  <tuitu_fightLevel level="43" exp="9555" phyAtt="3360" phyDef="1680" kilAtt="3360" kiDef="1680" migAtt="3360" migDef="1680" life="25200"/>
  <tuitu_fightLevel level="44" exp="9945" phyAtt="3440" phyDef="1720" kilAtt="3440" kiDef="1720" migAtt="3440" migDef="1720" life="25800"/>
  <tuitu_fightLevel level="45" exp="10340" phyAtt="3520" phyDef="1760" kilAtt="3520" kiDef="1760" migAtt="3520" migDef="1760" life="26400"/>
  <tuitu_fightLevel level="46" exp="10745" phyAtt="3600" phyDef="1800" kilAtt="3600" kiDef="1800" migAtt="3600" migDef="1800" life="27000"/>
  <tuitu_fightLevel level="47" exp="11155" phyAtt="3680" phyDef="1840" kilAtt="3680" kiDef="1840" migAtt="3680" migDef="1840" life="27600"/>
  <tuitu_fightLevel level="48" exp="11575" phyAtt="3760" phyDef="1880" kilAtt="3760" kiDef="1880" migAtt="3760" migDef="1880" life="28200"/>
  <tuitu_fightLevel level="49" exp="12000" phyAtt="3840" phyDef="1920" kilAtt="3840" kiDef="1920" migAtt="3840" migDef="1920" life="28800"/>
  <tuitu_fightLevel level="50" exp="12435" phyAtt="3920" phyDef="1960" kilAtt="3920" kiDef="1960" migAtt="3920" migDef="1960" life="29400"/>
  <tuitu_fightLevel level="51" exp="12875" phyAtt="4000" phyDef="2000" kilAtt="4000" kiDef="2000" migAtt="4000" migDef="2000" life="30000"/>
  <tuitu_fightLevel level="52" exp="13325" phyAtt="4080" phyDef="2040" kilAtt="4080" kiDef="2040" migAtt="4080" migDef="2040" life="30600"/>
  <tuitu_fightLevel level="53" exp="13780" phyAtt="4160" phyDef="2080" kilAtt="4160" kiDef="2080" migAtt="4160" migDef="2080" life="31200"/>
  <tuitu_fightLevel level="54" exp="14245" phyAtt="4240" phyDef="2120" kilAtt="4240" kiDef="2120" migAtt="4240" migDef="2120" life="31800"/>
  <tuitu_fightLevel level="55" exp="14715" phyAtt="4320" phyDef="2160" kilAtt="4320" kiDef="2160" migAtt="4320" migDef="2160" life="32400"/>
  <tuitu_fightLevel level="56" exp="15195" phyAtt="4400" phyDef="2200" kilAtt="4400" kiDef="2200" migAtt="4400" migDef="2200" life="33000"/>
  <tuitu_fightLevel level="57" exp="15680" phyAtt="4480" phyDef="2240" kilAtt="4480" kiDef="2240" migAtt="4480" migDef="2240" life="33600"/>
  <tuitu_fightLevel level="58" exp="16175" phyAtt="4560" phyDef="2280" kilAtt="4560" kiDef="2280" migAtt="4560" migDef="2280" life="34200"/>
  <tuitu_fightLevel level="59" exp="16675" phyAtt="4640" phyDef="2320" kilAtt="4640" kiDef="2320" migAtt="4640" migDef="2320" life="34800"/>
  <tuitu_fightLevel level="60" exp="17185" phyAtt="4720" phyDef="2360" kilAtt="4720" kiDef="2360" migAtt="4720" migDef="2360" life="35400"/>
  <tuitu_fightLevel level="61" exp="17700" phyAtt="4800" phyDef="2400" kilAtt="4800" kiDef="2400" migAtt="4800" migDef="2400" life="36000"/>
  <tuitu_fightLevel level="62" exp="18225" phyAtt="4880" phyDef="2440" kilAtt="4880" kiDef="2440" migAtt="4880" migDef="2440" life="36600"/>
  <tuitu_fightLevel level="63" exp="18755" phyAtt="4960" phyDef="2480" kilAtt="4960" kiDef="2480" migAtt="4960" migDef="2480" life="37200"/>
  <tuitu_fightLevel level="64" exp="19295" phyAtt="5040" phyDef="2520" kilAtt="5040" kiDef="2520" migAtt="5040" migDef="2520" life="37800"/>
  <tuitu_fightLevel level="65" exp="19840" phyAtt="5120" phyDef="2560" kilAtt="5120" kiDef="2560" migAtt="5120" migDef="2560" life="38400"/>
  <tuitu_fightLevel level="66" exp="20395" phyAtt="5200" phyDef="2600" kilAtt="5200" kiDef="2600" migAtt="5200" migDef="2600" life="39000"/>
  <tuitu_fightLevel level="67" exp="20955" phyAtt="5280" phyDef="2640" kilAtt="5280" kiDef="2640" migAtt="5280" migDef="2640" life="39600"/>
  <tuitu_fightLevel level="68" exp="21525" phyAtt="5360" phyDef="2680" kilAtt="5360" kiDef="2680" migAtt="5360" migDef="2680" life="40200"/>
  <tuitu_fightLevel level="69" exp="22100" phyAtt="5440" phyDef="2720" kilAtt="5440" kiDef="2720" migAtt="5440" migDef="2720" life="40800"/>
  <tuitu_fightLevel level="70" exp="22685" phyAtt="5520" phyDef="2760" kilAtt="5520" kiDef="2760" migAtt="5520" migDef="2760" life="41400"/>
  <tuitu_fightLevel level="71" exp="23275" phyAtt="5600" phyDef="2800" kilAtt="5600" kiDef="2800" migAtt="5600" migDef="2800" life="42000"/>
  <tuitu_fightLevel level="72" exp="23875" phyAtt="5680" phyDef="2840" kilAtt="5680" kiDef="2840" migAtt="5680" migDef="2840" life="42600"/>
  <tuitu_fightLevel level="73" exp="24480" phyAtt="5760" phyDef="2880" kilAtt="5760" kiDef="2880" migAtt="5760" migDef="2880" life="43200"/>
  <tuitu_fightLevel level="74" exp="25095" phyAtt="5840" phyDef="2920" kilAtt="5840" kiDef="2920" migAtt="5840" migDef="2920" life="43800"/>
  <tuitu_fightLevel level="75" exp="25715" phyAtt="5920" phyDef="2960" kilAtt="5920" kiDef="2960" migAtt="5920" migDef="2960" life="44400"/>
  <tuitu_fightLevel level="76" exp="26345" phyAtt="6000" phyDef="3000" kilAtt="6000" kiDef="3000" migAtt="6000" migDef="3000" life="45000"/>
  <tuitu_fightLevel level="77" exp="26980" phyAtt="6080" phyDef="3040" kilAtt="6080" kiDef="3040" migAtt="6080" migDef="3040" life="45600"/>
  <tuitu_fightLevel level="78" exp="27625" phyAtt="6160" phyDef="3080" kilAtt="6160" kiDef="3080" migAtt="6160" migDef="3080" life="46200"/>
  <tuitu_fightLevel level="79" exp="28275" phyAtt="6240" phyDef="3120" kilAtt="6240" kiDef="3120" migAtt="6240" migDef="3120" life="46800"/>
  <tuitu_fightLevel level="80" exp="28935" phyAtt="6320" phyDef="3160" kilAtt="6320" kiDef="3160" migAtt="6320" migDef="3160" life="47400"/>
  <tuitu_fightLevel level="81" exp="29600" phyAtt="6400" phyDef="3200" kilAtt="6400" kiDef="3200" migAtt="6400" migDef="3200" life="48000"/>
  <tuitu_fightLevel level="82" exp="30275" phyAtt="6480" phyDef="3240" kilAtt="6480" kiDef="3240" migAtt="6480" migDef="3240" life="48600"/>
  <tuitu_fightLevel level="83" exp="30955" phyAtt="6560" phyDef="3280" kilAtt="6560" kiDef="3280" migAtt="6560" migDef="3280" life="49200"/>
  <tuitu_fightLevel level="84" exp="31645" phyAtt="6640" phyDef="3320" kilAtt="6640" kiDef="3320" migAtt="6640" migDef="3320" life="49800"/>
  <tuitu_fightLevel level="85" exp="32340" phyAtt="6720" phyDef="3360" kilAtt="6720" kiDef="3360" migAtt="6720" migDef="3360" life="50400"/>
  <tuitu_fightLevel level="86" exp="33045" phyAtt="6800" phyDef="3400" kilAtt="6800" kiDef="3400" migAtt="6800" migDef="3400" life="51000"/>
  <tuitu_fightLevel level="87" exp="33755" phyAtt="6880" phyDef="3440" kilAtt="6880" kiDef="3440" migAtt="6880" migDef="3440" life="51600"/>
  <tuitu_fightLevel level="88" exp="34475" phyAtt="6960" phyDef="3480" kilAtt="6960" kiDef="3480" migAtt="6960" migDef="3480" life="52200"/>
  <tuitu_fightLevel level="89" exp="35200" phyAtt="7040" phyDef="3520" kilAtt="7040" kiDef="3520" migAtt="7040" migDef="3520" life="52800"/>
  <tuitu_fightLevel level="90" exp="35935" phyAtt="7120" phyDef="3560" kilAtt="7120" kiDef="3560" migAtt="7120" migDef="3560" life="53400"/>
  <tuitu_fightLevel level="91" exp="36675" phyAtt="7200" phyDef="3600" kilAtt="7200" kiDef="3600" migAtt="7200" migDef="3600" life="54000"/>
  <tuitu_fightLevel level="92" exp="37425" phyAtt="7280" phyDef="3640" kilAtt="7280" kiDef="3640" migAtt="7280" migDef="3640" life="54600"/>
  <tuitu_fightLevel level="93" exp="38180" phyAtt="7360" phyDef="3680" kilAtt="7360" kiDef="3680" migAtt="7360" migDef="3680" life="55200"/>
  <tuitu_fightLevel level="94" exp="38945" phyAtt="7440" phyDef="3720" kilAtt="7440" kiDef="3720" migAtt="7440" migDef="3720" life="55800"/>
  <tuitu_fightLevel level="95" exp="39715" phyAtt="7520" phyDef="3760" kilAtt="7520" kiDef="3760" migAtt="7520" migDef="3760" life="56400"/>
  <tuitu_fightLevel level="96" exp="40495" phyAtt="7600" phyDef="3800" kilAtt="7600" kiDef="3800" migAtt="7600" migDef="3800" life="57000"/>
  <tuitu_fightLevel level="97" exp="41280" phyAtt="7680" phyDef="3840" kilAtt="7680" kiDef="3840" migAtt="7680" migDef="3840" life="57600"/>
  <tuitu_fightLevel level="98" exp="42075" phyAtt="7760" phyDef="3880" kilAtt="7760" kiDef="3880" migAtt="7760" migDef="3880" life="58200"/>
  <tuitu_fightLevel level="99" exp="42875" phyAtt="7840" phyDef="3920" kilAtt="7840" kiDef="3920" migAtt="7840" migDef="3920" life="58800"/>
  <tuitu_fightLevel level="100" exp="43685" phyAtt="7920" phyDef="3960" kilAtt="7920" kiDef="3960" migAtt="7920" migDef="3960" life="59400"/>
  <tuitu_fightLevel level="101" exp="44500" phyAtt="8000" phyDef="4000" kilAtt="8000" kiDef="4000" migAtt="8000" migDef="4000" life="60000"/>
  <tuitu_fightLevel level="102" exp="45325" phyAtt="8080" phyDef="4040" kilAtt="8080" kiDef="4040" migAtt="8080" migDef="4040" life="60600"/>
  <tuitu_fightLevel level="103" exp="46155" phyAtt="8160" phyDef="4080" kilAtt="8160" kiDef="4080" migAtt="8160" migDef="4080" life="61200"/>
  <tuitu_fightLevel level="104" exp="46995" phyAtt="8240" phyDef="4120" kilAtt="8240" kiDef="4120" migAtt="8240" migDef="4120" life="61800"/>
  <tuitu_fightLevel level="105" exp="47840" phyAtt="8320" phyDef="4160" kilAtt="8320" kiDef="4160" migAtt="8320" migDef="4160" life="62400"/>
  <tuitu_fightLevel level="106" exp="48695" phyAtt="8400" phyDef="4200" kilAtt="8400" kiDef="4200" migAtt="8400" migDef="4200" life="63000"/>
  <tuitu_fightLevel level="107" exp="49555" phyAtt="8480" phyDef="4240" kilAtt="8480" kiDef="4240" migAtt="8480" migDef="4240" life="63600"/>
  <tuitu_fightLevel level="108" exp="50425" phyAtt="8560" phyDef="4280" kilAtt="8560" kiDef="4280" migAtt="8560" migDef="4280" life="64200"/>
  <tuitu_fightLevel level="109" exp="51300" phyAtt="8640" phyDef="4320" kilAtt="8640" kiDef="4320" migAtt="8640" migDef="4320" life="64800"/>
  <tuitu_fightLevel level="110" exp="52185" phyAtt="8720" phyDef="4360" kilAtt="8720" kiDef="4360" migAtt="8720" migDef="4360" life="65400"/>
  <tuitu_fightLevel level="111" exp="53075" phyAtt="8800" phyDef="4400" kilAtt="8800" kiDef="4400" migAtt="8800" migDef="4400" life="66000"/>
  <tuitu_fightLevel level="112" exp="53975" phyAtt="8880" phyDef="4440" kilAtt="8880" kiDef="4440" migAtt="8880" migDef="4440" life="66600"/>
  <tuitu_fightLevel level="113" exp="54880" phyAtt="8960" phyDef="4480" kilAtt="8960" kiDef="4480" migAtt="8960" migDef="4480" life="67200"/>
  <tuitu_fightLevel level="114" exp="55795" phyAtt="9040" phyDef="4520" kilAtt="9040" kiDef="4520" migAtt="9040" migDef="4520" life="67800"/>
  <tuitu_fightLevel level="115" exp="56715" phyAtt="9120" phyDef="4560" kilAtt="9120" kiDef="4560" migAtt="9120" migDef="4560" life="68400"/>
  <tuitu_fightLevel level="116" exp="57645" phyAtt="9200" phyDef="4600" kilAtt="9200" kiDef="4600" migAtt="9200" migDef="4600" life="69000"/>
  <tuitu_fightLevel level="117" exp="58580" phyAtt="9280" phyDef="4640" kilAtt="9280" kiDef="4640" migAtt="9280" migDef="4640" life="69600"/>
  <tuitu_fightLevel level="118" exp="59525" phyAtt="9360" phyDef="4680" kilAtt="9360" kiDef="4680" migAtt="9360" migDef="4680" life="70200"/>
  <tuitu_fightLevel level="119" exp="60475" phyAtt="9440" phyDef="4720" kilAtt="9440" kiDef="4720" migAtt="9440" migDef="4720" life="70800"/>
  <tuitu_fightLevel level="120" exp="61435" phyAtt="9520" phyDef="4760" kilAtt="9520" kiDef="4760" migAtt="9520" migDef="4760" life="71400"/>
  <tuitu_fightLevel level="121" exp="62400" phyAtt="9600" phyDef="4800" kilAtt="9600" kiDef="4800" migAtt="9600" migDef="4800" life="72000"/>
  <tuitu_fightLevel level="122" exp="63375" phyAtt="9680" phyDef="4840" kilAtt="9680" kiDef="4840" migAtt="9680" migDef="4840" life="72600"/>
  <tuitu_fightLevel level="123" exp="64355" phyAtt="9760" phyDef="4880" kilAtt="9760" kiDef="4880" migAtt="9760" migDef="4880" life="73200"/>
  <tuitu_fightLevel level="124" exp="65345" phyAtt="9840" phyDef="4920" kilAtt="9840" kiDef="4920" migAtt="9840" migDef="4920" life="73800"/>
  <tuitu_fightLevel level="125" exp="66340" phyAtt="9920" phyDef="4960" kilAtt="9920" kiDef="4960" migAtt="9920" migDef="4960" life="74400"/>
  <tuitu_fightLevel level="126" exp="67345" phyAtt="10000" phyDef="5000" kilAtt="10000" kiDef="5000" migAtt="10000" migDef="5000" life="75000"/>
  <tuitu_fightLevel level="127" exp="68355" phyAtt="10080" phyDef="5040" kilAtt="10080" kiDef="5040" migAtt="10080" migDef="5040" life="75600"/>
  <tuitu_fightLevel level="128" exp="69375" phyAtt="10160" phyDef="5080" kilAtt="10160" kiDef="5080" migAtt="10160" migDef="5080" life="76200"/>
  <tuitu_fightLevel level="129" exp="70400" phyAtt="10240" phyDef="5120" kilAtt="10240" kiDef="5120" migAtt="10240" migDef="5120" life="76800"/>
  <tuitu_fightLevel level="130" exp="71435" phyAtt="10320" phyDef="5160" kilAtt="10320" kiDef="5160" migAtt="10320" migDef="5160" life="77400"/>
  <tuitu_fightLevel level="131" exp="72475" phyAtt="10400" phyDef="5200" kilAtt="10400" kiDef="5200" migAtt="10400" migDef="5200" life="78000"/>
  <tuitu_fightLevel level="132" exp="73525" phyAtt="10480" phyDef="5240" kilAtt="10480" kiDef="5240" migAtt="10480" migDef="5240" life="78600"/>
  <tuitu_fightLevel level="133" exp="74580" phyAtt="10560" phyDef="5280" kilAtt="10560" kiDef="5280" migAtt="10560" migDef="5280" life="79200"/>
  <tuitu_fightLevel level="134" exp="75645" phyAtt="10640" phyDef="5320" kilAtt="10640" kiDef="5320" migAtt="10640" migDef="5320" life="79800"/>
  <tuitu_fightLevel level="135" exp="76715" phyAtt="10720" phyDef="5360" kilAtt="10720" kiDef="5360" migAtt="10720" migDef="5360" life="80400"/>
  <tuitu_fightLevel level="136" exp="77795" phyAtt="10800" phyDef="5400" kilAtt="10800" kiDef="5400" migAtt="10800" migDef="5400" life="81000"/>
  <tuitu_fightLevel level="137" exp="78880" phyAtt="10880" phyDef="5440" kilAtt="10880" kiDef="5440" migAtt="10880" migDef="5440" life="81600"/>
  <tuitu_fightLevel level="138" exp="79975" phyAtt="10960" phyDef="5480" kilAtt="10960" kiDef="5480" migAtt="10960" migDef="5480" life="82200"/>
  <tuitu_fightLevel level="139" exp="81075" phyAtt="11040" phyDef="5520" kilAtt="11040" kiDef="5520" migAtt="11040" migDef="5520" life="82800"/>
  <tuitu_fightLevel level="140" exp="82185" phyAtt="11120" phyDef="5560" kilAtt="11120" kiDef="5560" migAtt="11120" migDef="5560" life="83400"/>
  <tuitu_fightLevel level="141" exp="83300" phyAtt="11200" phyDef="5600" kilAtt="11200" kiDef="5600" migAtt="11200" migDef="5600" life="84000"/>
  <tuitu_fightLevel level="142" exp="84425" phyAtt="11280" phyDef="5640" kilAtt="11280" kiDef="5640" migAtt="11280" migDef="5640" life="84600"/>
  <tuitu_fightLevel level="143" exp="85560" phyAtt="11360" phyDef="5680" kilAtt="11360" kiDef="5680" migAtt="11360" migDef="5680" life="85200"/>
  <tuitu_fightLevel level="144" exp="86705" phyAtt="11440" phyDef="5720" kilAtt="11440" kiDef="5720" migAtt="11440" migDef="5720" life="85800"/>
  <tuitu_fightLevel level="145" exp="87860" phyAtt="11520" phyDef="5760" kilAtt="11520" kiDef="5760" migAtt="11520" migDef="5760" life="86400"/>
  <tuitu_fightLevel level="146" exp="89025" phyAtt="11600" phyDef="5800" kilAtt="11600" kiDef="5800" migAtt="11600" migDef="5800" life="87000"/>
  <tuitu_fightLevel level="147" exp="90200" phyAtt="11680" phyDef="5840" kilAtt="11680" kiDef="5840" migAtt="11680" migDef="5840" life="87600"/>
  <tuitu_fightLevel level="148" exp="91385" phyAtt="11760" phyDef="5880" kilAtt="11760" kiDef="5880" migAtt="11760" migDef="5880" life="88200"/>
  <tuitu_fightLevel level="149" exp="92580" phyAtt="11840" phyDef="5920" kilAtt="11840" kiDef="5920" migAtt="11840" migDef="5920" life="88800"/>
  <tuitu_fightLevel level="150" exp="93785" phyAtt="11920" phyDef="5960" kilAtt="11920" kiDef="5960" migAtt="11920" migDef="5960" life="89400"/>
  <tuitu_fightLevel level="151" exp="95000" phyAtt="12000" phyDef="6000" kilAtt="12000" kiDef="6000" migAtt="12000" migDef="6000" life="90000"/>
  <tuitu_fightLevel level="152" exp="96225" phyAtt="12080" phyDef="6040" kilAtt="12080" kiDef="6040" migAtt="12080" migDef="6040" life="90600"/>
  <tuitu_fightLevel level="153" exp="97460" phyAtt="12160" phyDef="6080" kilAtt="12160" kiDef="6080" migAtt="12160" migDef="6080" life="91200"/>
  <tuitu_fightLevel level="154" exp="98705" phyAtt="12240" phyDef="6120" kilAtt="12240" kiDef="6120" migAtt="12240" migDef="6120" life="91800"/>
  <tuitu_fightLevel level="155" exp="99960" phyAtt="12320" phyDef="6160" kilAtt="12320" kiDef="6160" migAtt="12320" migDef="6160" life="92400"/>
  <tuitu_fightLevel level="156" exp="101225" phyAtt="12400" phyDef="6200" kilAtt="12400" kiDef="6200" migAtt="12400" migDef="6200" life="93000"/>
  <tuitu_fightLevel level="157" exp="102500" phyAtt="12480" phyDef="6240" kilAtt="12480" kiDef="6240" migAtt="12480" migDef="6240" life="93600"/>
  <tuitu_fightLevel level="158" exp="103785" phyAtt="12560" phyDef="6280" kilAtt="12560" kiDef="6280" migAtt="12560" migDef="6280" life="94200"/>
  <tuitu_fightLevel level="159" exp="105080" phyAtt="12640" phyDef="6320" kilAtt="12640" kiDef="6320" migAtt="12640" migDef="6320" life="94800"/>
  <tuitu_fightLevel level="160" exp="106385" phyAtt="12720" phyDef="6360" kilAtt="12720" kiDef="6360" migAtt="12720" migDef="6360" life="95400"/>
  <tuitu_fightLevel level="161" exp="107700" phyAtt="12800" phyDef="6400" kilAtt="12800" kiDef="6400" migAtt="12800" migDef="6400" life="96000"/>
  <tuitu_fightLevel level="162" exp="109025" phyAtt="12880" phyDef="6440" kilAtt="12880" kiDef="6440" migAtt="12880" migDef="6440" life="96600"/>
  <tuitu_fightLevel level="163" exp="110360" phyAtt="12960" phyDef="6480" kilAtt="12960" kiDef="6480" migAtt="12960" migDef="6480" life="97200"/>
  <tuitu_fightLevel level="164" exp="111705" phyAtt="13040" phyDef="6520" kilAtt="13040" kiDef="6520" migAtt="13040" migDef="6520" life="97800"/>
  <tuitu_fightLevel level="165" exp="113060" phyAtt="13120" phyDef="6560" kilAtt="13120" kiDef="6560" migAtt="13120" migDef="6560" life="98400"/>
  <tuitu_fightLevel level="166" exp="114425" phyAtt="13200" phyDef="6600" kilAtt="13200" kiDef="6600" migAtt="13200" migDef="6600" life="99000"/>
  <tuitu_fightLevel level="167" exp="115800" phyAtt="13280" phyDef="6640" kilAtt="13280" kiDef="6640" migAtt="13280" migDef="6640" life="99600"/>
  <tuitu_fightLevel level="168" exp="117185" phyAtt="13360" phyDef="6680" kilAtt="13360" kiDef="6680" migAtt="13360" migDef="6680" life="100200"/>
  <tuitu_fightLevel level="169" exp="118580" phyAtt="13440" phyDef="6720" kilAtt="13440" kiDef="6720" migAtt="13440" migDef="6720" life="100800"/>
  <tuitu_fightLevel level="170" exp="119985" phyAtt="13520" phyDef="6760" kilAtt="13520" kiDef="6760" migAtt="13520" migDef="6760" life="101400"/>
  <tuitu_fightLevel level="171" exp="121400" phyAtt="13600" phyDef="6800" kilAtt="13600" kiDef="6800" migAtt="13600" migDef="6800" life="102000"/>
  <tuitu_fightLevel level="172" exp="122825" phyAtt="13680" phyDef="6840" kilAtt="13680" kiDef="6840" migAtt="13680" migDef="6840" life="102600"/>
  <tuitu_fightLevel level="173" exp="124260" phyAtt="13760" phyDef="6880" kilAtt="13760" kiDef="6880" migAtt="13760" migDef="6880" life="103200"/>
  <tuitu_fightLevel level="174" exp="125705" phyAtt="13840" phyDef="6920" kilAtt="13840" kiDef="6920" migAtt="13840" migDef="6920" life="103800"/>
  <tuitu_fightLevel level="175" exp="127160" phyAtt="13920" phyDef="6960" kilAtt="13920" kiDef="6960" migAtt="13920" migDef="6960" life="104400"/>
  <tuitu_fightLevel level="176" exp="128625" phyAtt="14000" phyDef="7000" kilAtt="14000" kiDef="7000" migAtt="14000" migDef="7000" life="105000"/>
  <tuitu_fightLevel level="177" exp="130100" phyAtt="14080" phyDef="7040" kilAtt="14080" kiDef="7040" migAtt="14080" migDef="7040" life="105600"/>
  <tuitu_fightLevel level="178" exp="131585" phyAtt="14160" phyDef="7080" kilAtt="14160" kiDef="7080" migAtt="14160" migDef="7080" life="106200"/>
  <tuitu_fightLevel level="179" exp="133080" phyAtt="14240" phyDef="7120" kilAtt="14240" kiDef="7120" migAtt="14240" migDef="7120" life="106800"/>
  <tuitu_fightLevel level="180" exp="134585" phyAtt="14320" phyDef="7160" kilAtt="14320" kiDef="7160" migAtt="14320" migDef="7160" life="107400"/>
  <tuitu_fightLevel level="181" exp="136100" phyAtt="14400" phyDef="7200" kilAtt="14400" kiDef="7200" migAtt="14400" migDef="7200" life="108000"/>
  <tuitu_fightLevel level="182" exp="137625" phyAtt="14480" phyDef="7240" kilAtt="14480" kiDef="7240" migAtt="14480" migDef="7240" life="108600"/>
  <tuitu_fightLevel level="183" exp="139160" phyAtt="14560" phyDef="7280" kilAtt="14560" kiDef="7280" migAtt="14560" migDef="7280" life="109200"/>
  <tuitu_fightLevel level="184" exp="140705" phyAtt="14640" phyDef="7320" kilAtt="14640" kiDef="7320" migAtt="14640" migDef="7320" life="109800"/>
  <tuitu_fightLevel level="185" exp="142260" phyAtt="14720" phyDef="7360" kilAtt="14720" kiDef="7360" migAtt="14720" migDef="7360" life="110400"/>
  <tuitu_fightLevel level="186" exp="143825" phyAtt="14800" phyDef="7400" kilAtt="14800" kiDef="7400" migAtt="14800" migDef="7400" life="111000"/>
  <tuitu_fightLevel level="187" exp="145400" phyAtt="14880" phyDef="7440" kilAtt="14880" kiDef="7440" migAtt="14880" migDef="7440" life="111600"/>
  <tuitu_fightLevel level="188" exp="146985" phyAtt="14960" phyDef="7480" kilAtt="14960" kiDef="7480" migAtt="14960" migDef="7480" life="112200"/>
  <tuitu_fightLevel level="189" exp="148580" phyAtt="15040" phyDef="7520" kilAtt="15040" kiDef="7520" migAtt="15040" migDef="7520" life="112800"/>
  <tuitu_fightLevel level="190" exp="150185" phyAtt="15120" phyDef="7560" kilAtt="15120" kiDef="7560" migAtt="15120" migDef="7560" life="113400"/>
  <tuitu_fightLevel level="191" exp="151800" phyAtt="15200" phyDef="7600" kilAtt="15200" kiDef="7600" migAtt="15200" migDef="7600" life="114000"/>
  <tuitu_fightLevel level="192" exp="153425" phyAtt="15280" phyDef="7640" kilAtt="15280" kiDef="7640" migAtt="15280" migDef="7640" life="114600"/>
  <tuitu_fightLevel level="193" exp="155060" phyAtt="15360" phyDef="7680" kilAtt="15360" kiDef="7680" migAtt="15360" migDef="7680" life="115200"/>
  <tuitu_fightLevel level="194" exp="156705" phyAtt="15440" phyDef="7720" kilAtt="15440" kiDef="7720" migAtt="15440" migDef="7720" life="115800"/>
  <tuitu_fightLevel level="195" exp="158360" phyAtt="15520" phyDef="7760" kilAtt="15520" kiDef="7760" migAtt="15520" migDef="7760" life="116400"/>
  <tuitu_fightLevel level="196" exp="160025" phyAtt="15600" phyDef="7800" kilAtt="15600" kiDef="7800" migAtt="15600" migDef="7800" life="117000"/>
  <tuitu_fightLevel level="197" exp="161700" phyAtt="15680" phyDef="7840" kilAtt="15680" kiDef="7840" migAtt="15680" migDef="7840" life="117600"/>
  <tuitu_fightLevel level="198" exp="163385" phyAtt="15760" phyDef="7880" kilAtt="15760" kiDef="7880" migAtt="15760" migDef="7880" life="118200"/>
  <tuitu_fightLevel level="199" exp="165080" phyAtt="15840" phyDef="7920" kilAtt="15840" kiDef="7920" migAtt="15840" migDef="7920" life="118800"/>
  <tuitu_fightLevel level="200" exp="166785" phyAtt="15920" phyDef="7960" kilAtt="15920" kiDef="7960" migAtt="15920" migDef="7960" life="119400"/>
  <tuitu_fightLevel level="201" exp="168500" phyAtt="16000" phyDef="8000" kilAtt="16000" kiDef="8000" migAtt="16000" migDef="8000" life="120000"/>
  <tuitu_fightLevel level="202" exp="170225" phyAtt="16080" phyDef="8040" kilAtt="16080" kiDef="8040" migAtt="16080" migDef="8040" life="120600"/>
  <tuitu_fightLevel level="203" exp="171960" phyAtt="16160" phyDef="8080" kilAtt="16160" kiDef="8080" migAtt="16160" migDef="8080" life="121200"/>
  <tuitu_fightLevel level="204" exp="173705" phyAtt="16240" phyDef="8120" kilAtt="16240" kiDef="8120" migAtt="16240" migDef="8120" life="121800"/>
  <tuitu_fightLevel level="205" exp="175460" phyAtt="16320" phyDef="8160" kilAtt="16320" kiDef="8160" migAtt="16320" migDef="8160" life="122400"/>
  <tuitu_fightLevel level="206" exp="177225" phyAtt="16400" phyDef="8200" kilAtt="16400" kiDef="8200" migAtt="16400" migDef="8200" life="123000"/>
  <tuitu_fightLevel level="207" exp="179000" phyAtt="16480" phyDef="8240" kilAtt="16480" kiDef="8240" migAtt="16480" migDef="8240" life="123600"/>
  <tuitu_fightLevel level="208" exp="180785" phyAtt="16560" phyDef="8280" kilAtt="16560" kiDef="8280" migAtt="16560" migDef="8280" life="124200"/>
  <tuitu_fightLevel level="209" exp="182580" phyAtt="16640" phyDef="8320" kilAtt="16640" kiDef="8320" migAtt="16640" migDef="8320" life="124800"/>
  <tuitu_fightLevel level="210" exp="184385" phyAtt="16720" phyDef="8360" kilAtt="16720" kiDef="8360" migAtt="16720" migDef="8360" life="125400"/>
  <tuitu_fightLevel level="211" exp="186200" phyAtt="16800" phyDef="8400" kilAtt="16800" kiDef="8400" migAtt="16800" migDef="8400" life="126000"/>
  <tuitu_fightLevel level="212" exp="188025" phyAtt="16880" phyDef="8440" kilAtt="16880" kiDef="8440" migAtt="16880" migDef="8440" life="126600"/>
  <tuitu_fightLevel level="213" exp="189860" phyAtt="16960" phyDef="8480" kilAtt="16960" kiDef="8480" migAtt="16960" migDef="8480" life="127200"/>
  <tuitu_fightLevel level="214" exp="191705" phyAtt="17040" phyDef="8520" kilAtt="17040" kiDef="8520" migAtt="17040" migDef="8520" life="127800"/>
  <tuitu_fightLevel level="215" exp="193560" phyAtt="17120" phyDef="8560" kilAtt="17120" kiDef="8560" migAtt="17120" migDef="8560" life="128400"/>
  <tuitu_fightLevel level="216" exp="195425" phyAtt="17200" phyDef="8600" kilAtt="17200" kiDef="8600" migAtt="17200" migDef="8600" life="129000"/>
  <tuitu_fightLevel level="217" exp="197300" phyAtt="17280" phyDef="8640" kilAtt="17280" kiDef="8640" migAtt="17280" migDef="8640" life="129600"/>
  <tuitu_fightLevel level="218" exp="199185" phyAtt="17360" phyDef="8680" kilAtt="17360" kiDef="8680" migAtt="17360" migDef="8680" life="130200"/>
  <tuitu_fightLevel level="219" exp="201080" phyAtt="17440" phyDef="8720" kilAtt="17440" kiDef="8720" migAtt="17440" migDef="8720" life="130800"/>
  <tuitu_fightLevel level="220" exp="202985" phyAtt="17520" phyDef="8760" kilAtt="17520" kiDef="8760" migAtt="17520" migDef="8760" life="131400"/>
  <tuitu_fightLevel level="221" exp="204900" phyAtt="17600" phyDef="8800" kilAtt="17600" kiDef="8800" migAtt="17600" migDef="8800" life="132000"/>
  <tuitu_fightLevel level="222" exp="206825" phyAtt="17680" phyDef="8840" kilAtt="17680" kiDef="8840" migAtt="17680" migDef="8840" life="132600"/>
  <tuitu_fightLevel level="223" exp="208760" phyAtt="17760" phyDef="8880" kilAtt="17760" kiDef="8880" migAtt="17760" migDef="8880" life="133200"/>
  <tuitu_fightLevel level="224" exp="210705" phyAtt="17840" phyDef="8920" kilAtt="17840" kiDef="8920" migAtt="17840" migDef="8920" life="133800"/>
  <tuitu_fightLevel level="225" exp="212660" phyAtt="17920" phyDef="8960" kilAtt="17920" kiDef="8960" migAtt="17920" migDef="8960" life="134400"/>
  <tuitu_fightLevel level="226" exp="214625" phyAtt="18000" phyDef="9000" kilAtt="18000" kiDef="9000" migAtt="18000" migDef="9000" life="135000"/>
  <tuitu_fightLevel level="227" exp="216600" phyAtt="18080" phyDef="9040" kilAtt="18080" kiDef="9040" migAtt="18080" migDef="9040" life="135600"/>
  <tuitu_fightLevel level="228" exp="218585" phyAtt="18160" phyDef="9080" kilAtt="18160" kiDef="9080" migAtt="18160" migDef="9080" life="136200"/>
  <tuitu_fightLevel level="229" exp="220580" phyAtt="18240" phyDef="9120" kilAtt="18240" kiDef="9120" migAtt="18240" migDef="9120" life="136800"/>
  <tuitu_fightLevel level="230" exp="222585" phyAtt="18320" phyDef="9160" kilAtt="18320" kiDef="9160" migAtt="18320" migDef="9160" life="137400"/>
  <tuitu_fightLevel level="231" exp="224600" phyAtt="18400" phyDef="9200" kilAtt="18400" kiDef="9200" migAtt="18400" migDef="9200" life="138000"/>
  <tuitu_fightLevel level="232" exp="226625" phyAtt="18480" phyDef="9240" kilAtt="18480" kiDef="9240" migAtt="18480" migDef="9240" life="138600"/>
  <tuitu_fightLevel level="233" exp="228660" phyAtt="18560" phyDef="9280" kilAtt="18560" kiDef="9280" migAtt="18560" migDef="9280" life="139200"/>
  <tuitu_fightLevel level="234" exp="230705" phyAtt="18640" phyDef="9320" kilAtt="18640" kiDef="9320" migAtt="18640" migDef="9320" life="139800"/>
  <tuitu_fightLevel level="235" exp="232760" phyAtt="18720" phyDef="9360" kilAtt="18720" kiDef="9360" migAtt="18720" migDef="9360" life="140400"/>
  <tuitu_fightLevel level="236" exp="234825" phyAtt="18800" phyDef="9400" kilAtt="18800" kiDef="9400" migAtt="18800" migDef="9400" life="141000"/>
  <tuitu_fightLevel level="237" exp="236900" phyAtt="18880" phyDef="9440" kilAtt="18880" kiDef="9440" migAtt="18880" migDef="9440" life="141600"/>
  <tuitu_fightLevel level="238" exp="238985" phyAtt="18960" phyDef="9480" kilAtt="18960" kiDef="9480" migAtt="18960" migDef="9480" life="142200"/>
  <tuitu_fightLevel level="239" exp="241080" phyAtt="19040" phyDef="9520" kilAtt="19040" kiDef="9520" migAtt="19040" migDef="9520" life="142800"/>
  <tuitu_fightLevel level="240" exp="243185" phyAtt="19120" phyDef="9560" kilAtt="19120" kiDef="9560" migAtt="19120" migDef="9560" life="143400"/>
  <tuitu_fightLevel level="241" exp="245300" phyAtt="19200" phyDef="9600" kilAtt="19200" kiDef="9600" migAtt="19200" migDef="9600" life="144000"/>
  <tuitu_fightLevel level="242" exp="247425" phyAtt="19280" phyDef="9640" kilAtt="19280" kiDef="9640" migAtt="19280" migDef="9640" life="144600"/>
  <tuitu_fightLevel level="243" exp="249560" phyAtt="19360" phyDef="9680" kilAtt="19360" kiDef="9680" migAtt="19360" migDef="9680" life="145200"/>
  <tuitu_fightLevel level="244" exp="251705" phyAtt="19440" phyDef="9720" kilAtt="19440" kiDef="9720" migAtt="19440" migDef="9720" life="145800"/>
  <tuitu_fightLevel level="245" exp="253860" phyAtt="19520" phyDef="9760" kilAtt="19520" kiDef="9760" migAtt="19520" migDef="9760" life="146400"/>
  <tuitu_fightLevel level="246" exp="256025" phyAtt="19600" phyDef="9800" kilAtt="19600" kiDef="9800" migAtt="19600" migDef="9800" life="147000"/>
  <tuitu_fightLevel level="247" exp="258200" phyAtt="19680" phyDef="9840" kilAtt="19680" kiDef="9840" migAtt="19680" migDef="9840" life="147600"/>
  <tuitu_fightLevel level="248" exp="260385" phyAtt="19760" phyDef="9880" kilAtt="19760" kiDef="9880" migAtt="19760" migDef="9880" life="148200"/>
  <tuitu_fightLevel level="249" exp="262580" phyAtt="19840" phyDef="9920" kilAtt="19840" kiDef="9920" migAtt="19840" migDef="9920" life="148800"/>
  <tuitu_fightLevel level="250" exp="264785" phyAtt="19920" phyDef="9960" kilAtt="19920" kiDef="9960" migAtt="19920" migDef="9960" life="149400"/>
  <tuitu_fightLevel level="251" exp="267000" phyAtt="20000" phyDef="10000" kilAtt="20000" kiDef="10000" migAtt="20000" migDef="10000" life="150000"/>
  <tuitu_fightLevel level="252" exp="269225" phyAtt="20080" phyDef="10040" kilAtt="20080" kiDef="10040" migAtt="20080" migDef="10040" life="150600"/>
  <tuitu_fightLevel level="253" exp="271460" phyAtt="20160" phyDef="10080" kilAtt="20160" kiDef="10080" migAtt="20160" migDef="10080" life="151200"/>
  <tuitu_fightLevel level="254" exp="273705" phyAtt="20240" phyDef="10120" kilAtt="20240" kiDef="10120" migAtt="20240" migDef="10120" life="151800"/>
  <tuitu_fightLevel level="255" exp="275960" phyAtt="20320" phyDef="10160" kilAtt="20320" kiDef="10160" migAtt="20320" migDef="10160" life="152400"/>
  <tuitu_fightLevel level="256" exp="278225" phyAtt="20400" phyDef="10200" kilAtt="20400" kiDef="10200" migAtt="20400" migDef="10200" life="153000"/>
  <tuitu_fightLevel level="257" exp="280500" phyAtt="20480" phyDef="10240" kilAtt="20480" kiDef="10240" migAtt="20480" migDef="10240" life="153600"/>
  <tuitu_fightLevel level="258" exp="282785" phyAtt="20560" phyDef="10280" kilAtt="20560" kiDef="10280" migAtt="20560" migDef="10280" life="154200"/>
  <tuitu_fightLevel level="259" exp="285080" phyAtt="20640" phyDef="10320" kilAtt="20640" kiDef="10320" migAtt="20640" migDef="10320" life="154800"/>
  <tuitu_fightLevel level="260" exp="287385" phyAtt="20720" phyDef="10360" kilAtt="20720" kiDef="10360" migAtt="20720" migDef="10360" life="155400"/>
  <tuitu_fightLevel level="261" exp="289700" phyAtt="20800" phyDef="10400" kilAtt="20800" kiDef="10400" migAtt="20800" migDef="10400" life="156000"/>
  <tuitu_fightLevel level="262" exp="292025" phyAtt="20880" phyDef="10440" kilAtt="20880" kiDef="10440" migAtt="20880" migDef="10440" life="156600"/>
  <tuitu_fightLevel level="263" exp="294360" phyAtt="20960" phyDef="10480" kilAtt="20960" kiDef="10480" migAtt="20960" migDef="10480" life="157200"/>
  <tuitu_fightLevel level="264" exp="296705" phyAtt="21040" phyDef="10520" kilAtt="21040" kiDef="10520" migAtt="21040" migDef="10520" life="157800"/>
  <tuitu_fightLevel level="265" exp="299060" phyAtt="21120" phyDef="10560" kilAtt="21120" kiDef="10560" migAtt="21120" migDef="10560" life="158400"/>
  <tuitu_fightLevel level="266" exp="301425" phyAtt="21200" phyDef="10600" kilAtt="21200" kiDef="10600" migAtt="21200" migDef="10600" life="159000"/>
  <tuitu_fightLevel level="267" exp="303800" phyAtt="21280" phyDef="10640" kilAtt="21280" kiDef="10640" migAtt="21280" migDef="10640" life="159600"/>
  <tuitu_fightLevel level="268" exp="306185" phyAtt="21360" phyDef="10680" kilAtt="21360" kiDef="10680" migAtt="21360" migDef="10680" life="160200"/>
  <tuitu_fightLevel level="269" exp="308580" phyAtt="21440" phyDef="10720" kilAtt="21440" kiDef="10720" migAtt="21440" migDef="10720" life="160800"/>
  <tuitu_fightLevel level="270" exp="310985" phyAtt="21520" phyDef="10760" kilAtt="21520" kiDef="10760" migAtt="21520" migDef="10760" life="161400"/>
  <tuitu_fightLevel level="271" exp="313400" phyAtt="21600" phyDef="10800" kilAtt="21600" kiDef="10800" migAtt="21600" migDef="10800" life="162000"/>
  <tuitu_fightLevel level="272" exp="315825" phyAtt="21680" phyDef="10840" kilAtt="21680" kiDef="10840" migAtt="21680" migDef="10840" life="162600"/>
  <tuitu_fightLevel level="273" exp="318260" phyAtt="21760" phyDef="10880" kilAtt="21760" kiDef="10880" migAtt="21760" migDef="10880" life="163200"/>
  <tuitu_fightLevel level="274" exp="320705" phyAtt="21840" phyDef="10920" kilAtt="21840" kiDef="10920" migAtt="21840" migDef="10920" life="163800"/>
  <tuitu_fightLevel level="275" exp="323160" phyAtt="21920" phyDef="10960" kilAtt="21920" kiDef="10960" migAtt="21920" migDef="10960" life="164400"/>
  <tuitu_fightLevel level="276" exp="325625" phyAtt="22000" phyDef="11000" kilAtt="22000" kiDef="11000" migAtt="22000" migDef="11000" life="165000"/>
  <tuitu_fightLevel level="277" exp="328100" phyAtt="22080" phyDef="11040" kilAtt="22080" kiDef="11040" migAtt="22080" migDef="11040" life="165600"/>
  <tuitu_fightLevel level="278" exp="330585" phyAtt="22160" phyDef="11080" kilAtt="22160" kiDef="11080" migAtt="22160" migDef="11080" life="166200"/>
  <tuitu_fightLevel level="279" exp="333080" phyAtt="22240" phyDef="11120" kilAtt="22240" kiDef="11120" migAtt="22240" migDef="11120" life="166800"/>
  <tuitu_fightLevel level="280" exp="335585" phyAtt="22320" phyDef="11160" kilAtt="22320" kiDef="11160" migAtt="22320" migDef="11160" life="167400"/>
  <tuitu_fightLevel level="281" exp="338100" phyAtt="22400" phyDef="11200" kilAtt="22400" kiDef="11200" migAtt="22400" migDef="11200" life="168000"/>
  <tuitu_fightLevel level="282" exp="340625" phyAtt="22480" phyDef="11240" kilAtt="22480" kiDef="11240" migAtt="22480" migDef="11240" life="168600"/>
  <tuitu_fightLevel level="283" exp="343160" phyAtt="22560" phyDef="11280" kilAtt="22560" kiDef="11280" migAtt="22560" migDef="11280" life="169200"/>
  <tuitu_fightLevel level="284" exp="345705" phyAtt="22640" phyDef="11320" kilAtt="22640" kiDef="11320" migAtt="22640" migDef="11320" life="169800"/>
  <tuitu_fightLevel level="285" exp="348260" phyAtt="22720" phyDef="11360" kilAtt="22720" kiDef="11360" migAtt="22720" migDef="11360" life="170400"/>
  <tuitu_fightLevel level="286" exp="350825" phyAtt="22800" phyDef="11400" kilAtt="22800" kiDef="11400" migAtt="22800" migDef="11400" life="171000"/>
  <tuitu_fightLevel level="287" exp="353400" phyAtt="22880" phyDef="11440" kilAtt="22880" kiDef="11440" migAtt="22880" migDef="11440" life="171600"/>
  <tuitu_fightLevel level="288" exp="355985" phyAtt="22960" phyDef="11480" kilAtt="22960" kiDef="11480" migAtt="22960" migDef="11480" life="172200"/>
  <tuitu_fightLevel level="289" exp="358580" phyAtt="23040" phyDef="11520" kilAtt="23040" kiDef="11520" migAtt="23040" migDef="11520" life="172800"/>
  <tuitu_fightLevel level="290" exp="361185" phyAtt="23120" phyDef="11560" kilAtt="23120" kiDef="11560" migAtt="23120" migDef="11560" life="173400"/>
  <tuitu_fightLevel level="291" exp="363800" phyAtt="23200" phyDef="11600" kilAtt="23200" kiDef="11600" migAtt="23200" migDef="11600" life="174000"/>
  <tuitu_fightLevel level="292" exp="366425" phyAtt="23280" phyDef="11640" kilAtt="23280" kiDef="11640" migAtt="23280" migDef="11640" life="174600"/>
  <tuitu_fightLevel level="293" exp="369060" phyAtt="23360" phyDef="11680" kilAtt="23360" kiDef="11680" migAtt="23360" migDef="11680" life="175200"/>
  <tuitu_fightLevel level="294" exp="371705" phyAtt="23440" phyDef="11720" kilAtt="23440" kiDef="11720" migAtt="23440" migDef="11720" life="175800"/>
  <tuitu_fightLevel level="295" exp="374360" phyAtt="23520" phyDef="11760" kilAtt="23520" kiDef="11760" migAtt="23520" migDef="11760" life="176400"/>
  <tuitu_fightLevel level="296" exp="377025" phyAtt="23600" phyDef="11800" kilAtt="23600" kiDef="11800" migAtt="23600" migDef="11800" life="177000"/>
  <tuitu_fightLevel level="297" exp="379700" phyAtt="23680" phyDef="11840" kilAtt="23680" kiDef="11840" migAtt="23680" migDef="11840" life="177600"/>
  <tuitu_fightLevel level="298" exp="382385" phyAtt="23760" phyDef="11880" kilAtt="23760" kiDef="11880" migAtt="23760" migDef="11880" life="178200"/>
  <tuitu_fightLevel level="299" exp="385080" phyAtt="23840" phyDef="11920" kilAtt="23840" kiDef="11920" migAtt="23840" migDef="11920" life="178800"/>
  <tuitu_fightLevel level="300" exp="387785" phyAtt="23920" phyDef="11960" kilAtt="23920" kiDef="11960" migAtt="23920" migDef="11960" life="179400"/>
  <tuitu_fightLevel level="301" exp="390500" phyAtt="24000" phyDef="12000" kilAtt="24000" kiDef="12000" migAtt="24000" migDef="12000" life="180000"/>
  <tuitu_fightLevel level="302" exp="393225" phyAtt="24080" phyDef="12040" kilAtt="24080" kiDef="12040" migAtt="24080" migDef="12040" life="180600"/>
  <tuitu_fightLevel level="303" exp="395960" phyAtt="24160" phyDef="12080" kilAtt="24160" kiDef="12080" migAtt="24160" migDef="12080" life="181200"/>
  <tuitu_fightLevel level="304" exp="398705" phyAtt="24240" phyDef="12120" kilAtt="24240" kiDef="12120" migAtt="24240" migDef="12120" life="181800"/>
  <tuitu_fightLevel level="305" exp="401460" phyAtt="24320" phyDef="12160" kilAtt="24320" kiDef="12160" migAtt="24320" migDef="12160" life="182400"/>
  <tuitu_fightLevel level="306" exp="404225" phyAtt="24400" phyDef="12200" kilAtt="24400" kiDef="12200" migAtt="24400" migDef="12200" life="183000"/>
  <tuitu_fightLevel level="307" exp="407000" phyAtt="24480" phyDef="12240" kilAtt="24480" kiDef="12240" migAtt="24480" migDef="12240" life="183600"/>
  <tuitu_fightLevel level="308" exp="409785" phyAtt="24560" phyDef="12280" kilAtt="24560" kiDef="12280" migAtt="24560" migDef="12280" life="184200"/>
  <tuitu_fightLevel level="309" exp="412580" phyAtt="24640" phyDef="12320" kilAtt="24640" kiDef="12320" migAtt="24640" migDef="12320" life="184800"/>
  <tuitu_fightLevel level="310" exp="415385" phyAtt="24720" phyDef="12360" kilAtt="24720" kiDef="12360" migAtt="24720" migDef="12360" life="185400"/>
  <tuitu_fightLevel level="311" exp="418200" phyAtt="24800" phyDef="12400" kilAtt="24800" kiDef="12400" migAtt="24800" migDef="12400" life="186000"/>
  <tuitu_fightLevel level="312" exp="421025" phyAtt="24880" phyDef="12440" kilAtt="24880" kiDef="12440" migAtt="24880" migDef="12440" life="186600"/>
  <tuitu_fightLevel level="313" exp="423860" phyAtt="24960" phyDef="12480" kilAtt="24960" kiDef="12480" migAtt="24960" migDef="12480" life="187200"/>
  <tuitu_fightLevel level="314" exp="426705" phyAtt="25040" phyDef="12520" kilAtt="25040" kiDef="12520" migAtt="25040" migDef="12520" life="187800"/>
  <tuitu_fightLevel level="315" exp="429560" phyAtt="25120" phyDef="12560" kilAtt="25120" kiDef="12560" migAtt="25120" migDef="12560" life="188400"/>
  <tuitu_fightLevel level="316" exp="432425" phyAtt="25200" phyDef="12600" kilAtt="25200" kiDef="12600" migAtt="25200" migDef="12600" life="189000"/>
  <tuitu_fightLevel level="317" exp="435300" phyAtt="25280" phyDef="12640" kilAtt="25280" kiDef="12640" migAtt="25280" migDef="12640" life="189600"/>
  <tuitu_fightLevel level="318" exp="438185" phyAtt="25360" phyDef="12680" kilAtt="25360" kiDef="12680" migAtt="25360" migDef="12680" life="190200"/>
  <tuitu_fightLevel level="319" exp="441080" phyAtt="25440" phyDef="12720" kilAtt="25440" kiDef="12720" migAtt="25440" migDef="12720" life="190800"/>
  <tuitu_fightLevel level="320" exp="443985" phyAtt="25520" phyDef="12760" kilAtt="25520" kiDef="12760" migAtt="25520" migDef="12760" life="191400"/>
  <tuitu_fightLevel level="321" exp="446900" phyAtt="25600" phyDef="12800" kilAtt="25600" kiDef="12800" migAtt="25600" migDef="12800" life="192000"/>
  <tuitu_fightLevel level="322" exp="449825" phyAtt="25680" phyDef="12840" kilAtt="25680" kiDef="12840" migAtt="25680" migDef="12840" life="192600"/>
  <tuitu_fightLevel level="323" exp="452760" phyAtt="25760" phyDef="12880" kilAtt="25760" kiDef="12880" migAtt="25760" migDef="12880" life="193200"/>
  <tuitu_fightLevel level="324" exp="455705" phyAtt="25840" phyDef="12920" kilAtt="25840" kiDef="12920" migAtt="25840" migDef="12920" life="193800"/>
  <tuitu_fightLevel level="325" exp="458660" phyAtt="25920" phyDef="12960" kilAtt="25920" kiDef="12960" migAtt="25920" migDef="12960" life="194400"/>
  <tuitu_fightLevel level="326" exp="461625" phyAtt="26000" phyDef="13000" kilAtt="26000" kiDef="13000" migAtt="26000" migDef="13000" life="195000"/>
  <tuitu_fightLevel level="327" exp="464600" phyAtt="26080" phyDef="13040" kilAtt="26080" kiDef="13040" migAtt="26080" migDef="13040" life="195600"/>
  <tuitu_fightLevel level="328" exp="467585" phyAtt="26160" phyDef="13080" kilAtt="26160" kiDef="13080" migAtt="26160" migDef="13080" life="196200"/>
  <tuitu_fightLevel level="329" exp="470580" phyAtt="26240" phyDef="13120" kilAtt="26240" kiDef="13120" migAtt="26240" migDef="13120" life="196800"/>
  <tuitu_fightLevel level="330" exp="473585" phyAtt="26320" phyDef="13160" kilAtt="26320" kiDef="13160" migAtt="26320" migDef="13160" life="197400"/>
  <tuitu_fightLevel level="331" exp="476600" phyAtt="26400" phyDef="13200" kilAtt="26400" kiDef="13200" migAtt="26400" migDef="13200" life="198000"/>
  <tuitu_fightLevel level="332" exp="479625" phyAtt="26480" phyDef="13240" kilAtt="26480" kiDef="13240" migAtt="26480" migDef="13240" life="198600"/>
  <tuitu_fightLevel level="333" exp="482660" phyAtt="26560" phyDef="13280" kilAtt="26560" kiDef="13280" migAtt="26560" migDef="13280" life="199200"/>
  <tuitu_fightLevel level="334" exp="485705" phyAtt="26640" phyDef="13320" kilAtt="26640" kiDef="13320" migAtt="26640" migDef="13320" life="199800"/>
  <tuitu_fightLevel level="335" exp="488760" phyAtt="26720" phyDef="13360" kilAtt="26720" kiDef="13360" migAtt="26720" migDef="13360" life="200400"/>
  <tuitu_fightLevel level="336" exp="491825" phyAtt="26800" phyDef="13400" kilAtt="26800" kiDef="13400" migAtt="26800" migDef="13400" life="201000"/>
  <tuitu_fightLevel level="337" exp="494900" phyAtt="26880" phyDef="13440" kilAtt="26880" kiDef="13440" migAtt="26880" migDef="13440" life="201600"/>
  <tuitu_fightLevel level="338" exp="497985" phyAtt="26960" phyDef="13480" kilAtt="26960" kiDef="13480" migAtt="26960" migDef="13480" life="202200"/>
  <tuitu_fightLevel level="339" exp="501080" phyAtt="27040" phyDef="13520" kilAtt="27040" kiDef="13520" migAtt="27040" migDef="13520" life="202800"/>
  <tuitu_fightLevel level="340" exp="504185" phyAtt="27120" phyDef="13560" kilAtt="27120" kiDef="13560" migAtt="27120" migDef="13560" life="203400"/>
  <tuitu_fightLevel level="341" exp="507300" phyAtt="27200" phyDef="13600" kilAtt="27200" kiDef="13600" migAtt="27200" migDef="13600" life="204000"/>
  <tuitu_fightLevel level="342" exp="510425" phyAtt="27280" phyDef="13640" kilAtt="27280" kiDef="13640" migAtt="27280" migDef="13640" life="204600"/>
  <tuitu_fightLevel level="343" exp="513560" phyAtt="27360" phyDef="13680" kilAtt="27360" kiDef="13680" migAtt="27360" migDef="13680" life="205200"/>
  <tuitu_fightLevel level="344" exp="516705" phyAtt="27440" phyDef="13720" kilAtt="27440" kiDef="13720" migAtt="27440" migDef="13720" life="205800"/>
  <tuitu_fightLevel level="345" exp="519860" phyAtt="27520" phyDef="13760" kilAtt="27520" kiDef="13760" migAtt="27520" migDef="13760" life="206400"/>
  <tuitu_fightLevel level="346" exp="523025" phyAtt="27600" phyDef="13800" kilAtt="27600" kiDef="13800" migAtt="27600" migDef="13800" life="207000"/>
  <tuitu_fightLevel level="347" exp="526200" phyAtt="27680" phyDef="13840" kilAtt="27680" kiDef="13840" migAtt="27680" migDef="13840" life="207600"/>
  <tuitu_fightLevel level="348" exp="529385" phyAtt="27760" phyDef="13880" kilAtt="27760" kiDef="13880" migAtt="27760" migDef="13880" life="208200"/>
  <tuitu_fightLevel level="349" exp="532580" phyAtt="27840" phyDef="13920" kilAtt="27840" kiDef="13920" migAtt="27840" migDef="13920" life="208800"/>
  <tuitu_fightLevel level="350" exp="535785" phyAtt="27920" phyDef="13960" kilAtt="27920" kiDef="13960" migAtt="27920" migDef="13960" life="209400"/>
  <tuitu_fightLevel level="351" exp="539000" phyAtt="28000" phyDef="14000" kilAtt="28000" kiDef="14000" migAtt="28000" migDef="14000" life="210000"/>
  <tuitu_fightLevel level="352" exp="542225" phyAtt="28080" phyDef="14040" kilAtt="28080" kiDef="14040" migAtt="28080" migDef="14040" life="210600"/>
  <tuitu_fightLevel level="353" exp="545460" phyAtt="28160" phyDef="14080" kilAtt="28160" kiDef="14080" migAtt="28160" migDef="14080" life="211200"/>
  <tuitu_fightLevel level="354" exp="548705" phyAtt="28240" phyDef="14120" kilAtt="28240" kiDef="14120" migAtt="28240" migDef="14120" life="211800"/>
  <tuitu_fightLevel level="355" exp="551960" phyAtt="28320" phyDef="14160" kilAtt="28320" kiDef="14160" migAtt="28320" migDef="14160" life="212400"/>
  <tuitu_fightLevel level="356" exp="555225" phyAtt="28400" phyDef="14200" kilAtt="28400" kiDef="14200" migAtt="28400" migDef="14200" life="213000"/>
  <tuitu_fightLevel level="357" exp="558500" phyAtt="28480" phyDef="14240" kilAtt="28480" kiDef="14240" migAtt="28480" migDef="14240" life="213600"/>
  <tuitu_fightLevel level="358" exp="561785" phyAtt="28560" phyDef="14280" kilAtt="28560" kiDef="14280" migAtt="28560" migDef="14280" life="214200"/>
  <tuitu_fightLevel level="359" exp="565080" phyAtt="28640" phyDef="14320" kilAtt="28640" kiDef="14320" migAtt="28640" migDef="14320" life="214800"/>
  <tuitu_fightLevel level="360" exp="568385" phyAtt="28720" phyDef="14360" kilAtt="28720" kiDef="14360" migAtt="28720" migDef="14360" life="215400"/>
  <tuitu_fightLevel level="361" exp="571700" phyAtt="28800" phyDef="14400" kilAtt="28800" kiDef="14400" migAtt="28800" migDef="14400" life="216000"/>
  <tuitu_fightLevel level="362" exp="575025" phyAtt="28880" phyDef="14440" kilAtt="28880" kiDef="14440" migAtt="28880" migDef="14440" life="216600"/>
  <tuitu_fightLevel level="363" exp="578360" phyAtt="28960" phyDef="14480" kilAtt="28960" kiDef="14480" migAtt="28960" migDef="14480" life="217200"/>
  <tuitu_fightLevel level="364" exp="581705" phyAtt="29040" phyDef="14520" kilAtt="29040" kiDef="14520" migAtt="29040" migDef="14520" life="217800"/>
  <tuitu_fightLevel level="365" exp="585060" phyAtt="29120" phyDef="14560" kilAtt="29120" kiDef="14560" migAtt="29120" migDef="14560" life="218400"/>
  <tuitu_fightLevel level="366" exp="588425" phyAtt="29200" phyDef="14600" kilAtt="29200" kiDef="14600" migAtt="29200" migDef="14600" life="219000"/>
  <tuitu_fightLevel level="367" exp="591800" phyAtt="29280" phyDef="14640" kilAtt="29280" kiDef="14640" migAtt="29280" migDef="14640" life="219600"/>
  <tuitu_fightLevel level="368" exp="595185" phyAtt="29360" phyDef="14680" kilAtt="29360" kiDef="14680" migAtt="29360" migDef="14680" life="220200"/>
  <tuitu_fightLevel level="369" exp="598580" phyAtt="29440" phyDef="14720" kilAtt="29440" kiDef="14720" migAtt="29440" migDef="14720" life="220800"/>
  <tuitu_fightLevel level="370" exp="601985" phyAtt="29520" phyDef="14760" kilAtt="29520" kiDef="14760" migAtt="29520" migDef="14760" life="221400"/>
  <tuitu_fightLevel level="371" exp="605400" phyAtt="29600" phyDef="14800" kilAtt="29600" kiDef="14800" migAtt="29600" migDef="14800" life="222000"/>
  <tuitu_fightLevel level="372" exp="608825" phyAtt="29680" phyDef="14840" kilAtt="29680" kiDef="14840" migAtt="29680" migDef="14840" life="222600"/>
  <tuitu_fightLevel level="373" exp="612260" phyAtt="29760" phyDef="14880" kilAtt="29760" kiDef="14880" migAtt="29760" migDef="14880" life="223200"/>
  <tuitu_fightLevel level="374" exp="615705" phyAtt="29840" phyDef="14920" kilAtt="29840" kiDef="14920" migAtt="29840" migDef="14920" life="223800"/>
  <tuitu_fightLevel level="375" exp="619160" phyAtt="29920" phyDef="14960" kilAtt="29920" kiDef="14960" migAtt="29920" migDef="14960" life="224400"/>
  <tuitu_fightLevel level="376" exp="622625" phyAtt="30000" phyDef="15000" kilAtt="30000" kiDef="15000" migAtt="30000" migDef="15000" life="225000"/>
  <tuitu_fightLevel level="377" exp="626100" phyAtt="30080" phyDef="15040" kilAtt="30080" kiDef="15040" migAtt="30080" migDef="15040" life="225600"/>
  <tuitu_fightLevel level="378" exp="629585" phyAtt="30160" phyDef="15080" kilAtt="30160" kiDef="15080" migAtt="30160" migDef="15080" life="226200"/>
  <tuitu_fightLevel level="379" exp="633080" phyAtt="30240" phyDef="15120" kilAtt="30240" kiDef="15120" migAtt="30240" migDef="15120" life="226800"/>
  <tuitu_fightLevel level="380" exp="636585" phyAtt="30320" phyDef="15160" kilAtt="30320" kiDef="15160" migAtt="30320" migDef="15160" life="227400"/>
  <tuitu_fightLevel level="381" exp="640100" phyAtt="30400" phyDef="15200" kilAtt="30400" kiDef="15200" migAtt="30400" migDef="15200" life="228000"/>
  <tuitu_fightLevel level="382" exp="643625" phyAtt="30480" phyDef="15240" kilAtt="30480" kiDef="15240" migAtt="30480" migDef="15240" life="228600"/>
  <tuitu_fightLevel level="383" exp="647160" phyAtt="30560" phyDef="15280" kilAtt="30560" kiDef="15280" migAtt="30560" migDef="15280" life="229200"/>
  <tuitu_fightLevel level="384" exp="650705" phyAtt="30640" phyDef="15320" kilAtt="30640" kiDef="15320" migAtt="30640" migDef="15320" life="229800"/>
  <tuitu_fightLevel level="385" exp="654260" phyAtt="30720" phyDef="15360" kilAtt="30720" kiDef="15360" migAtt="30720" migDef="15360" life="230400"/>
  <tuitu_fightLevel level="386" exp="657825" phyAtt="30800" phyDef="15400" kilAtt="30800" kiDef="15400" migAtt="30800" migDef="15400" life="231000"/>
  <tuitu_fightLevel level="387" exp="661400" phyAtt="30880" phyDef="15440" kilAtt="30880" kiDef="15440" migAtt="30880" migDef="15440" life="231600"/>
  <tuitu_fightLevel level="388" exp="664985" phyAtt="30960" phyDef="15480" kilAtt="30960" kiDef="15480" migAtt="30960" migDef="15480" life="232200"/>
  <tuitu_fightLevel level="389" exp="668580" phyAtt="31040" phyDef="15520" kilAtt="31040" kiDef="15520" migAtt="31040" migDef="15520" life="232800"/>
  <tuitu_fightLevel level="390" exp="672185" phyAtt="31120" phyDef="15560" kilAtt="31120" kiDef="15560" migAtt="31120" migDef="15560" life="233400"/>
  <tuitu_fightLevel level="391" exp="675800" phyAtt="31200" phyDef="15600" kilAtt="31200" kiDef="15600" migAtt="31200" migDef="15600" life="234000"/>
  <tuitu_fightLevel level="392" exp="679425" phyAtt="31280" phyDef="15640" kilAtt="31280" kiDef="15640" migAtt="31280" migDef="15640" life="234600"/>
  <tuitu_fightLevel level="393" exp="683060" phyAtt="31360" phyDef="15680" kilAtt="31360" kiDef="15680" migAtt="31360" migDef="15680" life="235200"/>
  <tuitu_fightLevel level="394" exp="686705" phyAtt="31440" phyDef="15720" kilAtt="31440" kiDef="15720" migAtt="31440" migDef="15720" life="235800"/>
  <tuitu_fightLevel level="395" exp="690360" phyAtt="31520" phyDef="15760" kilAtt="31520" kiDef="15760" migAtt="31520" migDef="15760" life="236400"/>
  <tuitu_fightLevel level="396" exp="694025" phyAtt="31600" phyDef="15800" kilAtt="31600" kiDef="15800" migAtt="31600" migDef="15800" life="237000"/>
  <tuitu_fightLevel level="397" exp="697700" phyAtt="31680" phyDef="15840" kilAtt="31680" kiDef="15840" migAtt="31680" migDef="15840" life="237600"/>
  <tuitu_fightLevel level="398" exp="701385" phyAtt="31760" phyDef="15880" kilAtt="31760" kiDef="15880" migAtt="31760" migDef="15880" life="238200"/>
  <tuitu_fightLevel level="399" exp="705080" phyAtt="31840" phyDef="15920" kilAtt="31840" kiDef="15920" migAtt="31840" migDef="15920" life="238800"/>
  <tuitu_fightLevel level="400" exp="708785" phyAtt="31920" phyDef="15960" kilAtt="31920" kiDef="15960" migAtt="31920" migDef="15960" life="239400"/>
  <tuitu_fightLevel level="401" exp="712500" phyAtt="32000" phyDef="16000" kilAtt="32000" kiDef="16000" migAtt="32000" migDef="16000" life="240000"/>
  <tuitu_fightLevel level="402" exp="716225" phyAtt="32080" phyDef="16040" kilAtt="32080" kiDef="16040" migAtt="32080" migDef="16040" life="240600"/>
  <tuitu_fightLevel level="403" exp="719960" phyAtt="32160" phyDef="16080" kilAtt="32160" kiDef="16080" migAtt="32160" migDef="16080" life="241200"/>
  <tuitu_fightLevel level="404" exp="723705" phyAtt="32240" phyDef="16120" kilAtt="32240" kiDef="16120" migAtt="32240" migDef="16120" life="241800"/>
  <tuitu_fightLevel level="405" exp="727460" phyAtt="32320" phyDef="16160" kilAtt="32320" kiDef="16160" migAtt="32320" migDef="16160" life="242400"/>
  <tuitu_fightLevel level="406" exp="731225" phyAtt="32400" phyDef="16200" kilAtt="32400" kiDef="16200" migAtt="32400" migDef="16200" life="243000"/>
  <tuitu_fightLevel level="407" exp="735000" phyAtt="32480" phyDef="16240" kilAtt="32480" kiDef="16240" migAtt="32480" migDef="16240" life="243600"/>
  <tuitu_fightLevel level="408" exp="738785" phyAtt="32560" phyDef="16280" kilAtt="32560" kiDef="16280" migAtt="32560" migDef="16280" life="244200"/>
  <tuitu_fightLevel level="409" exp="742580" phyAtt="32640" phyDef="16320" kilAtt="32640" kiDef="16320" migAtt="32640" migDef="16320" life="244800"/>
  <tuitu_fightLevel level="410" exp="746385" phyAtt="32720" phyDef="16360" kilAtt="32720" kiDef="16360" migAtt="32720" migDef="16360" life="245400"/>
  <tuitu_fightLevel level="411" exp="750200" phyAtt="32800" phyDef="16400" kilAtt="32800" kiDef="16400" migAtt="32800" migDef="16400" life="246000"/>
  <tuitu_fightLevel level="412" exp="754025" phyAtt="32880" phyDef="16440" kilAtt="32880" kiDef="16440" migAtt="32880" migDef="16440" life="246600"/>
  <tuitu_fightLevel level="413" exp="757860" phyAtt="32960" phyDef="16480" kilAtt="32960" kiDef="16480" migAtt="32960" migDef="16480" life="247200"/>
  <tuitu_fightLevel level="414" exp="761705" phyAtt="33040" phyDef="16520" kilAtt="33040" kiDef="16520" migAtt="33040" migDef="16520" life="247800"/>
  <tuitu_fightLevel level="415" exp="765560" phyAtt="33120" phyDef="16560" kilAtt="33120" kiDef="16560" migAtt="33120" migDef="16560" life="248400"/>
  <tuitu_fightLevel level="416" exp="769425" phyAtt="33200" phyDef="16600" kilAtt="33200" kiDef="16600" migAtt="33200" migDef="16600" life="249000"/>
  <tuitu_fightLevel level="417" exp="773300" phyAtt="33280" phyDef="16640" kilAtt="33280" kiDef="16640" migAtt="33280" migDef="16640" life="249600"/>
  <tuitu_fightLevel level="418" exp="777185" phyAtt="33360" phyDef="16680" kilAtt="33360" kiDef="16680" migAtt="33360" migDef="16680" life="250200"/>
  <tuitu_fightLevel level="419" exp="781080" phyAtt="33440" phyDef="16720" kilAtt="33440" kiDef="16720" migAtt="33440" migDef="16720" life="250800"/>
  <tuitu_fightLevel level="420" exp="784985" phyAtt="33520" phyDef="16760" kilAtt="33520" kiDef="16760" migAtt="33520" migDef="16760" life="251400"/>
  <tuitu_fightLevel level="421" exp="788900" phyAtt="33600" phyDef="16800" kilAtt="33600" kiDef="16800" migAtt="33600" migDef="16800" life="252000"/>
  <tuitu_fightLevel level="422" exp="792825" phyAtt="33680" phyDef="16840" kilAtt="33680" kiDef="16840" migAtt="33680" migDef="16840" life="252600"/>
  <tuitu_fightLevel level="423" exp="796760" phyAtt="33760" phyDef="16880" kilAtt="33760" kiDef="16880" migAtt="33760" migDef="16880" life="253200"/>
  <tuitu_fightLevel level="424" exp="800705" phyAtt="33840" phyDef="16920" kilAtt="33840" kiDef="16920" migAtt="33840" migDef="16920" life="253800"/>
  <tuitu_fightLevel level="425" exp="804660" phyAtt="33920" phyDef="16960" kilAtt="33920" kiDef="16960" migAtt="33920" migDef="16960" life="254400"/>
  <tuitu_fightLevel level="426" exp="808625" phyAtt="34000" phyDef="17000" kilAtt="34000" kiDef="17000" migAtt="34000" migDef="17000" life="255000"/>
  <tuitu_fightLevel level="427" exp="812600" phyAtt="34080" phyDef="17040" kilAtt="34080" kiDef="17040" migAtt="34080" migDef="17040" life="255600"/>
  <tuitu_fightLevel level="428" exp="816585" phyAtt="34160" phyDef="17080" kilAtt="34160" kiDef="17080" migAtt="34160" migDef="17080" life="256200"/>
  <tuitu_fightLevel level="429" exp="820580" phyAtt="34240" phyDef="17120" kilAtt="34240" kiDef="17120" migAtt="34240" migDef="17120" life="256800"/>
  <tuitu_fightLevel level="430" exp="824585" phyAtt="34320" phyDef="17160" kilAtt="34320" kiDef="17160" migAtt="34320" migDef="17160" life="257400"/>
  <tuitu_fightLevel level="431" exp="828600" phyAtt="34400" phyDef="17200" kilAtt="34400" kiDef="17200" migAtt="34400" migDef="17200" life="258000"/>
  <tuitu_fightLevel level="432" exp="832625" phyAtt="34480" phyDef="17240" kilAtt="34480" kiDef="17240" migAtt="34480" migDef="17240" life="258600"/>
  <tuitu_fightLevel level="433" exp="836660" phyAtt="34560" phyDef="17280" kilAtt="34560" kiDef="17280" migAtt="34560" migDef="17280" life="259200"/>
  <tuitu_fightLevel level="434" exp="840705" phyAtt="34640" phyDef="17320" kilAtt="34640" kiDef="17320" migAtt="34640" migDef="17320" life="259800"/>
  <tuitu_fightLevel level="435" exp="844760" phyAtt="34720" phyDef="17360" kilAtt="34720" kiDef="17360" migAtt="34720" migDef="17360" life="260400"/>
  <tuitu_fightLevel level="436" exp="848825" phyAtt="34800" phyDef="17400" kilAtt="34800" kiDef="17400" migAtt="34800" migDef="17400" life="261000"/>
  <tuitu_fightLevel level="437" exp="852900" phyAtt="34880" phyDef="17440" kilAtt="34880" kiDef="17440" migAtt="34880" migDef="17440" life="261600"/>
  <tuitu_fightLevel level="438" exp="856985" phyAtt="34960" phyDef="17480" kilAtt="34960" kiDef="17480" migAtt="34960" migDef="17480" life="262200"/>
  <tuitu_fightLevel level="439" exp="861080" phyAtt="35040" phyDef="17520" kilAtt="35040" kiDef="17520" migAtt="35040" migDef="17520" life="262800"/>
  <tuitu_fightLevel level="440" exp="865185" phyAtt="35120" phyDef="17560" kilAtt="35120" kiDef="17560" migAtt="35120" migDef="17560" life="263400"/>
  <tuitu_fightLevel level="441" exp="869300" phyAtt="35200" phyDef="17600" kilAtt="35200" kiDef="17600" migAtt="35200" migDef="17600" life="264000"/>
  <tuitu_fightLevel level="442" exp="873425" phyAtt="35280" phyDef="17640" kilAtt="35280" kiDef="17640" migAtt="35280" migDef="17640" life="264600"/>
  <tuitu_fightLevel level="443" exp="877560" phyAtt="35360" phyDef="17680" kilAtt="35360" kiDef="17680" migAtt="35360" migDef="17680" life="265200"/>
  <tuitu_fightLevel level="444" exp="881705" phyAtt="35440" phyDef="17720" kilAtt="35440" kiDef="17720" migAtt="35440" migDef="17720" life="265800"/>
  <tuitu_fightLevel level="445" exp="885860" phyAtt="35520" phyDef="17760" kilAtt="35520" kiDef="17760" migAtt="35520" migDef="17760" life="266400"/>
  <tuitu_fightLevel level="446" exp="890025" phyAtt="35600" phyDef="17800" kilAtt="35600" kiDef="17800" migAtt="35600" migDef="17800" life="267000"/>
  <tuitu_fightLevel level="447" exp="894200" phyAtt="35680" phyDef="17840" kilAtt="35680" kiDef="17840" migAtt="35680" migDef="17840" life="267600"/>
  <tuitu_fightLevel level="448" exp="898385" phyAtt="35760" phyDef="17880" kilAtt="35760" kiDef="17880" migAtt="35760" migDef="17880" life="268200"/>
  <tuitu_fightLevel level="449" exp="902580" phyAtt="35840" phyDef="17920" kilAtt="35840" kiDef="17920" migAtt="35840" migDef="17920" life="268800"/>
  <tuitu_fightLevel level="450" exp="906785" phyAtt="35920" phyDef="17960" kilAtt="35920" kiDef="17960" migAtt="35920" migDef="17960" life="269400"/>
  <tuitu_fightLevel level="451" exp="911000" phyAtt="36000" phyDef="18000" kilAtt="36000" kiDef="18000" migAtt="36000" migDef="18000" life="270000"/>
  <tuitu_fightLevel level="452" exp="915225" phyAtt="36080" phyDef="18040" kilAtt="36080" kiDef="18040" migAtt="36080" migDef="18040" life="270600"/>
  <tuitu_fightLevel level="453" exp="919460" phyAtt="36160" phyDef="18080" kilAtt="36160" kiDef="18080" migAtt="36160" migDef="18080" life="271200"/>
  <tuitu_fightLevel level="454" exp="923705" phyAtt="36240" phyDef="18120" kilAtt="36240" kiDef="18120" migAtt="36240" migDef="18120" life="271800"/>
  <tuitu_fightLevel level="455" exp="927960" phyAtt="36320" phyDef="18160" kilAtt="36320" kiDef="18160" migAtt="36320" migDef="18160" life="272400"/>
  <tuitu_fightLevel level="456" exp="932225" phyAtt="36400" phyDef="18200" kilAtt="36400" kiDef="18200" migAtt="36400" migDef="18200" life="273000"/>
  <tuitu_fightLevel level="457" exp="936500" phyAtt="36480" phyDef="18240" kilAtt="36480" kiDef="18240" migAtt="36480" migDef="18240" life="273600"/>
  <tuitu_fightLevel level="458" exp="940785" phyAtt="36560" phyDef="18280" kilAtt="36560" kiDef="18280" migAtt="36560" migDef="18280" life="274200"/>
  <tuitu_fightLevel level="459" exp="945080" phyAtt="36640" phyDef="18320" kilAtt="36640" kiDef="18320" migAtt="36640" migDef="18320" life="274800"/>
  <tuitu_fightLevel level="460" exp="949385" phyAtt="36720" phyDef="18360" kilAtt="36720" kiDef="18360" migAtt="36720" migDef="18360" life="275400"/>
  <tuitu_fightLevel level="461" exp="953700" phyAtt="36800" phyDef="18400" kilAtt="36800" kiDef="18400" migAtt="36800" migDef="18400" life="276000"/>
</root>