<root>
  <tuitu_army armyId="1001" index="1" npcNumber="12" joinNumber="5" monstersquadID="10606" level="100" name="第1关" iconBig="headbig/big_xrlpaoshou.png" info="我是来鱼人岛旅行的呦。" modleName="239" battleBG="71" formationShow="1" giftsShow="0" itemDrop="" renovateGifts="0" lostGifts="0" exp="65" prizeInfo=""/>
  <tuitu_army armyId="1002" index="1" npcNumber="12" joinNumber="5" monstersquadID="10521" level="100" name="第2关" iconBig="headbig/big_rychushi.png" info="我们是醉虾小伙伴。" modleName="300" battleBG="71" formationShow="1" giftsShow="0" itemDrop="" renovateGifts="0" lostGifts="0" exp="70" prizeInfo=""/>
  <tuitu_army armyId="1003" index="1" npcNumber="12" joinNumber="5" monstersquadID="11421" level="100" name="第3关" iconBig="headbig/big_ryzhiliaoshi.png" info="不用顾惜他们，他们都是为人类海贼喊加油的反动份子，都有罪！" modleName="307" battleBG="71" formationShow="1" giftsShow="1" itemDrop="" renovateGifts="0" lostGifts="0" exp="80" prizeInfo=""/>
  <tuitu_army armyId="1004" index="1" npcNumber="12" joinNumber="5" monstersquadID="76501" level="100" name="第4关" iconBig="headbig/big_shuangdaorenyu.png" info="说！加入我们新鱼人海贼团不。" modleName="300" battleBG="71" formationShow="1" giftsShow="0" itemDrop="" renovateGifts="0" lostGifts="0" exp="85" prizeInfo=""/>
  <tuitu_army armyId="1005" index="1" npcNumber="12" joinNumber="5" monstersquadID="10126" level="100" name="第5关" iconBig="headbig/big_luobinbq.png" info="你们怎样会来，路飞呢？他的伤势怎样了？" modleName="311" battleBG="71" formationShow="0" giftsShow="0" itemDrop="" renovateGifts="0" lostGifts="0" exp="90" prizeInfo=""/>
  <tuitu_army armyId="1006" index="1" npcNumber="12" joinNumber="5" monstersquadID="11404" level="100" name="第6关" iconBig="headbig/big_rygongjianshou.png" info="自从跟船长一起吃药后，我的身体就越来越好了。" modleName="305" battleBG="71" formationShow="1" giftsShow="1" itemDrop="" renovateGifts="0" lostGifts="0" exp="100" prizeInfo=""/>
  <tuitu_army armyId="1007" index="1" npcNumber="12" joinNumber="5" monstersquadID="76301" level="100" name="第7关" iconBig="headbig/big_shuangdaorenyu.png" info="我们不是鱼人这么简单，我们是新鱼人！是新鱼人啊！" modleName="298" battleBG="71" formationShow="1" giftsShow="0" itemDrop="" renovateGifts="0" lostGifts="0" exp="105" prizeInfo=""/>
  <tuitu_army armyId="1008" index="1" npcNumber="12" joinNumber="5" monstersquadID="10925" level="100" name="第8关" iconBig="headbig/big_rychushi.png" info="草帽小子，你居然抢人媳妇，受死吧！" modleName="300" battleBG="71" formationShow="1" giftsShow="0" itemDrop="" renovateGifts="0" lostGifts="0" exp="110" prizeInfo=""/>
  <tuitu_army armyId="1009" index="1" npcNumber="12" joinNumber="5" monstersquadID="11017" level="100" name="第9关" iconBig="headbig/big_rychushi.png" info="我们是视频小队2，专门负责照顾视频电话虫的。" modleName="309" battleBG="71" formationShow="1" giftsShow="0" itemDrop="" renovateGifts="0" lostGifts="0" exp="115" prizeInfo=""/>
  <tuitu_army armyId="1010" index="1" npcNumber="12" joinNumber="5" monstersquadID="10717" level="100" name="第10关" iconBig="headbig/big_nipudun.png" info="要是继续抵抗的话只会两败俱伤，乖乖地投降吧。" modleName="316" battleBG="71" formationShow="0" giftsShow="1" itemDrop="" renovateGifts="0" lostGifts="0" exp="125" prizeInfo=""/>
  <tuitu_army armyId="1011" index="1" npcNumber="12" joinNumber="5" monstersquadID="10824" level="100" name="第11关" iconBig="headbig/big_rychushi.png" info="等下这里都是海水，等着憋死吧。" modleName="310" battleBG="71" formationShow="1" giftsShow="0" itemDrop="" renovateGifts="0" lostGifts="0" exp="130" prizeInfo=""/>
  <tuitu_army armyId="1012" index="1" npcNumber="12" joinNumber="5" monstersquadID="11314" level="100" name="第12关" iconBig="headbig/big_rymofashi.png" info="我们拥有一个会犯罪的身体，同时还拥有一颗温柔的心。" modleName="308" battleBG="71" formationShow="1" giftsShow="0" itemDrop="" renovateGifts="0" lostGifts="0" exp="135" prizeInfo=""/>
  <tuitu_army armyId="1013" index="1" npcNumber="12" joinNumber="5" monstersquadID="10006" level="100" name="第13关" iconBig="headbig/big_10091.png" info="啾啾啾（你们是入侵者，你们是入侵者~）" modleName="85" battleBG="71" formationShow="1" giftsShow="0" itemDrop="" renovateGifts="0" lostGifts="0" exp="145" prizeInfo=""/>
  <tuitu_army armyId="1014" index="1" npcNumber="12" joinNumber="5" monstersquadID="11318" level="100" name="第14关" iconBig="headbig/big_ryfuwusheng.png" info="等我们入住鱼人岛后，要打造一个晚上不用锁门的良好环境。" modleName="305" battleBG="71" formationShow="1" giftsShow="0" itemDrop="" renovateGifts="0" lostGifts="0" exp="150" prizeInfo=""/>
  <tuitu_army armyId="1015" index="1" npcNumber="12" joinNumber="5" monstersquadID="6025" level="100" name="第15关" iconBig="headbig/big_nvdi.png" info="无论妾身做出什么坏事，全世界却都还是会原谅我的。要说为什么的话，没错，因为妾身美若天仙。" modleName="196" battleBG="71" formationShow="0" giftsShow="1" itemDrop="" renovateGifts="0" lostGifts="0" exp="155" prizeInfo=""/>
  <tuitu_army armyId="1016" index="1" npcNumber="12" joinNumber="5" monstersquadID="11002" level="100" name="第16关" iconBig="headbig/big_ryfuwusheng.png" info="把公主的命留下来！她的灵魂由我们接收。" modleName="310" battleBG="71" formationShow="1" giftsShow="0" itemDrop="" renovateGifts="0" lostGifts="0" exp="165" prizeInfo=""/>
  <tuitu_army armyId="1017" index="1" npcNumber="12" joinNumber="5" monstersquadID="10015" level="100" name="第17关" iconBig="headbig/big_shirenxiangrikui.png" info="咔咔咔，咔咔咔（我是向日葵妹妹）" modleName="285" battleBG="71" formationShow="1" giftsShow="1" itemDrop="" renovateGifts="0" lostGifts="0" exp="170" prizeInfo=""/>
  <tuitu_army armyId="1018" index="1" npcNumber="12" joinNumber="5" monstersquadID="11211" level="100" name="第18关" iconBig="headbig/big_rygongjianshou.png" info="我们捉到公主啦，白星公主体型超级大啊。" modleName="306" battleBG="71" formationShow="1" giftsShow="0" itemDrop="" renovateGifts="0" lostGifts="0" exp="175" prizeInfo=""/>
  <tuitu_army armyId="1019" index="1" npcNumber="12" joinNumber="5" monstersquadID="10720" level="100" name="第19关" iconBig="headbig/big_ryyinyuejia.png" info="我们已经把你们包围了，快把人质放了。" modleName="309" battleBG="71" formationShow="1" giftsShow="0" itemDrop="" renovateGifts="0" lostGifts="0" exp="180" prizeInfo=""/>
  <tuitu_army armyId="1020" index="1" npcNumber="12" joinNumber="5" monstersquadID="10827" level="100" name="第20关" iconBig="headbig/big_huodi2dang.png" info="区区的人类，还真嚣张。" modleName="291" battleBG="71" formationShow="0" giftsShow="1" itemDrop="" renovateGifts="0" lostGifts="0" exp="190" prizeInfo=""/>
  <tuitu_army armyId="1101" index="2" npcNumber="12" joinNumber="5" monstersquadID="11403" level="100" name="第21关" iconBig="headbig/big_rymofashi.png" info="喂喂，我们吃了药的呢，你别乱来。" modleName="298" battleBG="66" formationShow="1" giftsShow="0" itemDrop="" renovateGifts="0" lostGifts="0" exp="195" prizeInfo=""/>
  <tuitu_army armyId="1102" index="2" npcNumber="12" joinNumber="5" monstersquadID="5723" level="100" name="第22关" iconBig="headbig/big_jsquanshou.png" info="传说每一个胖纸瘦下来之后不是帅锅就是萌妹纸。" modleName="198" battleBG="66" formationShow="1" giftsShow="0" itemDrop="" renovateGifts="0" lostGifts="0" exp="200" prizeInfo=""/>
  <tuitu_army armyId="1103" index="2" npcNumber="12" joinNumber="5" monstersquadID="11015" level="100" name="第23关" iconBig="headbig/big_yingwuluoshibing.png" info="终于找到你们了，草帽一伙！" modleName="298" battleBG="66" formationShow="1" giftsShow="1" itemDrop="" renovateGifts="0" lostGifts="0" exp="210" prizeInfo=""/>
  <tuitu_army armyId="1104" index="2" npcNumber="12" joinNumber="5" monstersquadID="11221" level="100" name="第24关" iconBig="headbig/big_rygongjianshou.png" info="水分是我们的最爱，我们的身体都是水分。" modleName="305" battleBG="66" formationShow="1" giftsShow="0" itemDrop="" renovateGifts="0" lostGifts="0" exp="215" prizeInfo=""/>
  <tuitu_army armyId="1105" index="2" npcNumber="12" joinNumber="5" monstersquadID="10325" level="100" name="第25关" iconBig="headbig/big_shifakalibu.png" info="神都在看着，所以死光光吧。" modleName="295" battleBG="66" formationShow="0" giftsShow="0" itemDrop="" renovateGifts="0" lostGifts="0" exp="220" prizeInfo=""/>
  <tuitu_army armyId="1106" index="2" npcNumber="12" joinNumber="5" monstersquadID="11415" level="100" name="第26关" iconBig="headbig/big_rygongjianshou.png" info="来了，来了，大肥肉来了，你们的头可值钱了。" modleName="308" battleBG="66" formationShow="1" giftsShow="1" itemDrop="" renovateGifts="0" lostGifts="0" exp="230" prizeInfo=""/>
  <tuitu_army armyId="1107" index="2" npcNumber="12" joinNumber="5" monstersquadID="10013" level="100" name="第27关" iconBig="headbig/big_shirenxiangrikui.png" info="咔咔咔，咔咔咔（我有葵花宝典）" modleName="285" battleBG="66" formationShow="1" giftsShow="0" itemDrop="" renovateGifts="0" lostGifts="0" exp="235" prizeInfo=""/>
  <tuitu_army armyId="1108" index="2" npcNumber="12" joinNumber="5" monstersquadID="11203" level="100" name="第28关" iconBig="headbig/big_ryyinyuejia.png" info="我是门神，是不是很神气？其实我不知道门神是什么意思。" modleName="308" battleBG="66" formationShow="1" giftsShow="0" itemDrop="" renovateGifts="0" lostGifts="0" exp="240" prizeInfo=""/>
  <tuitu_army armyId="1109" index="2" npcNumber="12" joinNumber="5" monstersquadID="11222" level="100" name="第29关" iconBig="headbig/big_yurenjianshi.png" info="太阳好猛烈~我们快成乌贼干了。" modleName="307" battleBG="66" formationShow="1" giftsShow="0" itemDrop="" renovateGifts="0" lostGifts="0" exp="245" prizeInfo=""/>
  <tuitu_army armyId="1110" index="2" npcNumber="12" joinNumber="5" monstersquadID="10216" level="100" name="第30关" iconBig="headbig/big_xinrenyaoyihao.png" info="你喜欢什么颜色的裙子？" modleName="283" battleBG="66" formationShow="0" giftsShow="0" itemDrop="" renovateGifts="0" lostGifts="0" exp="255" prizeInfo=""/>
  <tuitu_army armyId="1111" index="2" npcNumber="12" joinNumber="5" monstersquadID="10912" level="100" name="第31关" iconBig="headbig/big_rychushi.png" info="是公主！是公主啊！真是美丽！" modleName="300" battleBG="66" formationShow="1" giftsShow="1" itemDrop="" renovateGifts="0" lostGifts="0" exp="260" prizeInfo=""/>
  <tuitu_army armyId="1112" index="2" npcNumber="12" joinNumber="5" monstersquadID="11208" level="100" name="第32关" iconBig="headbig/big_ryyinyuejia.png" info="你们捉不住王子们，还是交给我们来吧。" modleName="308" battleBG="66" formationShow="1" giftsShow="0" itemDrop="" renovateGifts="0" lostGifts="0" exp="265" prizeInfo=""/>
  <tuitu_army armyId="1113" index="2" npcNumber="12" joinNumber="5" monstersquadID="10617" level="100" name="第33关" iconBig="headbig/big_rychushi.png" info="我妹妹被人类海贼拐走了，她那时才十岁！" modleName="307" battleBG="66" formationShow="1" giftsShow="0" itemDrop="" renovateGifts="0" lostGifts="0" exp="275" prizeInfo=""/>
  <tuitu_army armyId="1114" index="2" npcNumber="12" joinNumber="5" monstersquadID="10920" level="100" name="第34关" iconBig="headbig/big_ryyinyuejia.png" info="为爱追到天涯海角都不累。" modleName="298" battleBG="66" formationShow="1" giftsShow="0" itemDrop="" renovateGifts="0" lostGifts="0" exp="280" prizeInfo=""/>
  <tuitu_army armyId="1115" index="2" npcNumber="12" joinNumber="5" monstersquadID="10111" level="100" name="第35关" iconBig="headbig/big_jixiexingxing.png" info="我是地上的猩猩，见到我感动吗？" modleName="276" battleBG="66" formationShow="0" giftsShow="1" itemDrop="" renovateGifts="0" lostGifts="0" exp="285" prizeInfo=""/>
  <tuitu_army armyId="1116" index="2" npcNumber="12" joinNumber="5" monstersquadID="10215" level="100" name="第36关" iconBig="headbig/big_xrlqiangshou.png" info="我是菊花小丸子~" modleName="241" battleBG="66" formationShow="1" giftsShow="0" itemDrop="" renovateGifts="0" lostGifts="0" exp="295" prizeInfo=""/>
  <tuitu_army armyId="1117" index="2" npcNumber="12" joinNumber="5" monstersquadID="10017" level="100" name="第37关" iconBig="headbig/big_shirenxiangrikui.png" info="咔咔咔，咔咔咔（我是向日葵）" modleName="279" battleBG="66" formationShow="1" giftsShow="0" itemDrop="" renovateGifts="0" lostGifts="0" exp="300" prizeInfo=""/>
  <tuitu_army armyId="1118" index="2" npcNumber="12" joinNumber="5" monstersquadID="11414" level="100" name="第38关" iconBig="headbig/big_rymofashi.png" info="前面的家伙被打败了说明他们弱，我们不弱！" modleName="300" battleBG="66" formationShow="1" giftsShow="0" itemDrop="" renovateGifts="0" lostGifts="0" exp="305" prizeInfo=""/>
  <tuitu_army armyId="1119" index="2" npcNumber="12" joinNumber="5" monstersquadID="10907" level="100" name="第39关" iconBig="headbig/big_rychushi.png" info="我要把你们当鱼一样用渔网捕了。" modleName="299" battleBG="66" formationShow="1" giftsShow="0" itemDrop="" renovateGifts="0" lostGifts="0" exp="310" prizeInfo=""/>
  <tuitu_army armyId="1120" index="2" npcNumber="12" joinNumber="5" monstersquadID="10405" level="100" name="第40关" iconBig="headbig/big_10030.png" info="哞哞，哞哞（撞散你们的船！）" modleName="70" battleBG="66" formationShow="0" giftsShow="1" itemDrop="" renovateGifts="0" lostGifts="0" exp="320" prizeInfo=""/>
  <tuitu_army armyId="1121" index="2" npcNumber="12" joinNumber="5" monstersquadID="11509" level="100" name="第41关" iconBig="headbig/big_rymofashi.png" info="我可以在海里游泳，还能陆上走，而且还会天上飞~牛逼！" modleName="308" battleBG="66" formationShow="1" giftsShow="0" itemDrop="" renovateGifts="0" lostGifts="0" exp="325" prizeInfo=""/>
  <tuitu_army armyId="1122" index="2" npcNumber="12" joinNumber="5" monstersquadID="10107" level="100" name="第42关" iconBig="headbig/big_jixieshe.png" info="……（我想睡觉，是冬眠的节奏吗？）" modleName="274" battleBG="66" formationShow="1" giftsShow="0" itemDrop="" renovateGifts="0" lostGifts="0" exp="330" prizeInfo=""/>
  <tuitu_army armyId="1123" index="2" npcNumber="12" joinNumber="5" monstersquadID="11508" level="100" name="第43关" iconBig="headbig/big_ryfuwusheng.png" info="我会飞~飞呀，飞呀，飞到公主身边去。" modleName="310" battleBG="66" formationShow="1" giftsShow="1" itemDrop="" renovateGifts="0" lostGifts="0" exp="340" prizeInfo=""/>
  <tuitu_army armyId="1124" index="2" npcNumber="12" joinNumber="5" monstersquadID="10620" level="100" name="第44关" iconBig="headbig/big_rychushi.png" info="十年前，我的家人都被拐走了，只剩下我一个。" modleName="298" battleBG="66" formationShow="1" giftsShow="0" itemDrop="" renovateGifts="0" lostGifts="0" exp="345" prizeInfo=""/>
  <tuitu_army armyId="1125" index="2" npcNumber="12" joinNumber="5" monstersquadID="10022" level="100" name="第45关" iconBig="headbig/big_helakelesi.png" info="我是又帅又强的森林勇者！" modleName="282" battleBG="66" formationShow="0" giftsShow="1" itemDrop="" renovateGifts="0" lostGifts="0" exp="350" prizeInfo=""/>
  <tuitu_army armyId="1126" index="2" npcNumber="12" joinNumber="5" monstersquadID="6016" level="100" name="第46关" iconBig="headbig/big_jsquanshou.png" info="都到了换班时间了，为什么下一班的守卫还没来啊。" modleName="198" battleBG="66" formationShow="1" giftsShow="0" itemDrop="" renovateGifts="0" lostGifts="0" exp="360" prizeInfo=""/>
  <tuitu_army armyId="1127" index="2" npcNumber="12" joinNumber="5" monstersquadID="11419" level="100" name="第47关" iconBig="headbig/big_rymofashi.png" info="在我们面前还敢为人类喊加油，你们不想活了是吧！" modleName="307" battleBG="66" formationShow="1" giftsShow="0" itemDrop="" renovateGifts="0" lostGifts="0" exp="365" prizeInfo=""/>
  <tuitu_army armyId="1128" index="2" npcNumber="12" joinNumber="5" monstersquadID="10923" level="100" name="第48关" iconBig="headbig/big_ryyinyuejia.png" info="听说是草帽小子把白星公主骗走了。" modleName="299" battleBG="66" formationShow="1" giftsShow="0" itemDrop="" renovateGifts="0" lostGifts="0" exp="370" prizeInfo=""/>
  <tuitu_army armyId="1129" index="2" npcNumber="12" joinNumber="5" monstersquadID="10012" level="100" name="第49关" iconBig="headbig/big_shirenzhiwu.png" info="舔舔，舔舔舔舔（给我舔一下吧。）" modleName="285" battleBG="66" formationShow="1" giftsShow="0" itemDrop="" renovateGifts="0" lostGifts="0" exp="375" prizeInfo=""/>
  <tuitu_army armyId="1130" index="2" npcNumber="12" joinNumber="5" monstersquadID="10027" level="100" name="第50关" iconBig="headbig/big_haleida.png" info="我不想让你们带走小姑娘。" modleName="294" battleBG="66" formationShow="0" giftsShow="1" itemDrop="" renovateGifts="0" lostGifts="0" exp="385" prizeInfo=""/>
  <tuitu_army armyId="1201" index="3" npcNumber="12" joinNumber="5" monstersquadID="11515" level="100" name="第51关" iconBig="headbig/big_rygongjianshou.png" info="把你串成肉串，烤了！" modleName="308" battleBG="70" formationShow="1" giftsShow="0" itemDrop="" renovateGifts="0" lostGifts="0" exp="390" prizeInfo=""/>
  <tuitu_army armyId="1202" index="3" npcNumber="12" joinNumber="5" monstersquadID="10619" level="100" name="第52关" iconBig="headbig/big_ryyinyuejia.png" info="我姐姐是人鱼选美小姐，她就是被人类抢走的。" modleName="299" battleBG="70" formationShow="1" giftsShow="0" itemDrop="" renovateGifts="0" lostGifts="0" exp="395" prizeInfo=""/>
  <tuitu_army armyId="1203" index="3" npcNumber="12" joinNumber="5" monstersquadID="11313" level="100" name="第53关" iconBig="headbig/big_ryfuwusheng.png" info="昨天我去岳母家偷了一条鱼，目的是气晕我那个可恶的岳母。" modleName="306" battleBG="70" formationShow="1" giftsShow="0" itemDrop="" renovateGifts="0" lostGifts="0" exp="405" prizeInfo=""/>
  <tuitu_army armyId="1204" index="3" npcNumber="12" joinNumber="5" monstersquadID="11422" level="100" name="第54关" iconBig="headbig/big_yurenquanjishou.png" info="白星公主在这里就像个大靶子。" modleName="299" battleBG="70" formationShow="1" giftsShow="1" itemDrop="" renovateGifts="0" lostGifts="0" exp="410" prizeInfo=""/>
  <tuitu_army armyId="1205" index="3" npcNumber="12" joinNumber="5" monstersquadID="10706" level="100" name="第55关" iconBig="headbig/big_ryyinyuejia.png" info="我们要保护好公主，不能让她受伤害！" modleName="305" battleBG="70" formationShow="0" giftsShow="0" itemDrop="" renovateGifts="0" lostGifts="0" exp="415" prizeInfo=""/>
  <tuitu_army armyId="1206" index="3" npcNumber="12" joinNumber="5" monstersquadID="10507" level="100" name="第56关" iconBig="headbig/big_longgongshibing.png" info="很像草帽一伙的家伙呢。" modleName="309" battleBG="70" formationShow="1" giftsShow="0" itemDrop="" renovateGifts="0" lostGifts="0" exp="425" prizeInfo=""/>
  <tuitu_army armyId="1207" index="3" npcNumber="12" joinNumber="5" monstersquadID="10019" level="100" name="第57关" iconBig="headbig/big_shirenzhiwu.png" info="舔舔，舔舔舔舔（可以吃了你们吗？）" modleName="279" battleBG="70" formationShow="1" giftsShow="0" itemDrop="" renovateGifts="0" lostGifts="0" exp="430" prizeInfo=""/>
  <tuitu_army armyId="1208" index="3" npcNumber="12" joinNumber="5" monstersquadID="10721" level="100" name="第58关" iconBig="headbig/big_rychushi.png" info="你们别以为能逃掉，你们是逃不掉的。" modleName="310" battleBG="70" formationShow="1" giftsShow="1" itemDrop="" renovateGifts="0" lostGifts="0" exp="435" prizeInfo=""/>
  <tuitu_army armyId="1209" index="3" npcNumber="12" joinNumber="5" monstersquadID="10815" level="100" name="第59关" iconBig="headbig/big_rychushi.png" info="霍迪大人已经说了，让你们留下性命。" modleName="299" battleBG="70" formationShow="1" giftsShow="0" itemDrop="" renovateGifts="0" lostGifts="0" exp="440" prizeInfo=""/>
  <tuitu_army armyId="1210" index="3" npcNumber="12" joinNumber="5" monstersquadID="76402" level="100" name="第60关" iconBig="headbig/big_ryfuwusheng.png" info="为了新时代，贡献出你们的财宝吧。" modleName="299" battleBG="70" formationShow="0" giftsShow="0" itemDrop="" renovateGifts="0" lostGifts="0" exp="450" prizeInfo=""/>
  <tuitu_army armyId="1211" index="3" npcNumber="12" joinNumber="5" monstersquadID="11021" level="100" name="第61关" iconBig="headbig/big_rychushi.png" info="甚平老大说可以随便打你们~" modleName="298" battleBG="70" formationShow="1" giftsShow="0" itemDrop="" renovateGifts="0" lostGifts="0" exp="455" prizeInfo=""/>
  <tuitu_army armyId="1212" index="3" npcNumber="12" joinNumber="5" monstersquadID="5913" level="100" name="第62关" iconBig="headbig/big_jsquanshou.png" info="每天都要忍住给芭秋拉大人喂食的冲动，我真是太不容易了。" modleName="239" battleBG="70" formationShow="1" giftsShow="1" itemDrop="" renovateGifts="0" lostGifts="0" exp="460" prizeInfo=""/>
  <tuitu_army armyId="1213" index="3" npcNumber="12" joinNumber="5" monstersquadID="10616" level="100" name="第63关" iconBig="headbig/big_ryyinyuejia.png" info="我的朋友就是被人类的海贼抓走！" modleName="306" battleBG="70" formationShow="1" giftsShow="0" itemDrop="" renovateGifts="0" lostGifts="0" exp="470" prizeInfo=""/>
  <tuitu_army armyId="1214" index="3" npcNumber="12" joinNumber="5" monstersquadID="11523" level="100" name="第64关" iconBig="headbig/big_ryfuwusheng.png" info="我们有鳗鱼鱼人，海胆鱼人，沙丁鱼鱼人，还有小飞鱼鱼人。" modleName="310" battleBG="70" formationShow="1" giftsShow="0" itemDrop="" renovateGifts="0" lostGifts="0" exp="475" prizeInfo=""/>
  <tuitu_army armyId="1215" index="3" npcNumber="12" joinNumber="5" monstersquadID="10911" level="100" name="第65关" iconBig="headbig/big_rychushi.png" info="我手上沾满了凶猛的海王兽的血，我是海里的男儿。" modleName="298" battleBG="70" formationShow="0" giftsShow="0" itemDrop="" renovateGifts="0" lostGifts="0" exp="480" prizeInfo=""/>
  <tuitu_army armyId="1216" index="3" npcNumber="12" joinNumber="5" monstersquadID="10714" level="100" name="第66关" iconBig="headbig/big_ryyinyuejia.png" info="我刚刚偷喝了一支裙带菜红酒，可好喝了。" modleName="306" battleBG="82" formationShow="1" giftsShow="1" itemDrop="" renovateGifts="0" lostGifts="0" exp="490" prizeInfo=""/>
  <tuitu_army armyId="1217" index="3" npcNumber="12" joinNumber="5" monstersquadID="11223" level="100" name="第67关" iconBig="headbig/big_ryyinyuejia.png" info="刚刚我听到有人说要拿我们做炖汤，我们是鱼人不是鱼啊！" modleName="300" battleBG="82" formationShow="1" giftsShow="0" itemDrop="" renovateGifts="0" lostGifts="0" exp="495" prizeInfo=""/>
  <tuitu_army armyId="1218" index="3" npcNumber="12" joinNumber="5" monstersquadID="11425" level="100" name="第68关" iconBig="headbig/big_rygongjianshou.png" info="快，白星公主破绽百出，是攻击的好时机。" modleName="305" battleBG="82" formationShow="1" giftsShow="0" itemDrop="" renovateGifts="0" lostGifts="0" exp="500" prizeInfo=""/>
  <tuitu_army armyId="1219" index="3" npcNumber="12" joinNumber="5" monstersquadID="76001" level="100" name="第69关" iconBig="headbig/big_yeren.png" info="发现有人，晚上可以做人肉火锅了！" modleName="277" battleBG="82" formationShow="1" giftsShow="0" itemDrop="" renovateGifts="0" lostGifts="0" exp="505" prizeInfo=""/>
  <tuitu_army armyId="1220" index="3" npcNumber="12" joinNumber="5" monstersquadID="76502" level="100" name="第70关" iconBig="headbig/big_yurenquanjishou.png" info="加入我们有肉吃，有酒喝，有美女人鱼陪。" modleName="299" battleBG="82" formationShow="0" giftsShow="1" itemDrop="" renovateGifts="0" lostGifts="0" exp="515" prizeInfo=""/>
  <tuitu_army armyId="1221" index="3" npcNumber="12" joinNumber="5" monstersquadID="11213" level="100" name="第71关" iconBig="headbig/big_ryyinyuejia.png" info="我是第一次见公主，粉红色的头发真少见。" modleName="309" battleBG="82" formationShow="1" giftsShow="0" itemDrop="" renovateGifts="0" lostGifts="0" exp="520" prizeInfo=""/>
  <tuitu_army armyId="1222" index="3" npcNumber="12" joinNumber="5" monstersquadID="11412" level="100" name="第72关" iconBig="headbig/big_yurenquanjishou.png" info="草帽一伙的头都很值钱，咱们发财啦。" modleName="299" battleBG="82" formationShow="1" giftsShow="0" itemDrop="" renovateGifts="0" lostGifts="0" exp="525" prizeInfo=""/>
  <tuitu_army armyId="1223" index="3" npcNumber="12" joinNumber="5" monstersquadID="11001" level="100" name="第73关" iconBig="headbig/big_rygongjianshou.png" info="既然得不到公主的人，那就得到公主的灵魂吧。" modleName="307" battleBG="82" formationShow="1" giftsShow="0" itemDrop="" renovateGifts="0" lostGifts="0" exp="535" prizeInfo=""/>
  <tuitu_army armyId="1224" index="3" npcNumber="12" joinNumber="5" monstersquadID="10816" level="100" name="第74关" iconBig="headbig/big_ryyinyuejia.png" info="老大说了，抓到一个人就赏一个对象。" modleName="299" battleBG="82" formationShow="1" giftsShow="1" itemDrop="" renovateGifts="0" lostGifts="0" exp="540" prizeInfo=""/>
  <tuitu_army armyId="1225" index="3" npcNumber="12" joinNumber="5" monstersquadID="11004" level="100" name="第75关" iconBig="headbig/big_ryfuwusheng.png" info="公主~我的女神~快到我碗里来。" modleName="307" battleBG="82" formationShow="0" giftsShow="0" itemDrop="" renovateGifts="0" lostGifts="0" exp="545" prizeInfo=""/>
  <tuitu_army armyId="1226" index="3" npcNumber="12" joinNumber="5" monstersquadID="11413" level="100" name="第76关" iconBig="headbig/big_ryfuwusheng.png" info="少一个人就少一份竞争，咱们上！" modleName="300" battleBG="82" formationShow="1" giftsShow="0" itemDrop="" renovateGifts="0" lostGifts="0" exp="555" prizeInfo=""/>
  <tuitu_army armyId="1227" index="3" npcNumber="12" joinNumber="5" monstersquadID="76404" level="100" name="第77关" iconBig="headbig/big_rymofashi.png" info="顶着精英这个头衔，可真累啊，你打够了没？" modleName="306" battleBG="82" formationShow="1" giftsShow="0" itemDrop="" renovateGifts="0" lostGifts="0" exp="560" prizeInfo=""/>
  <tuitu_army armyId="1228" index="3" npcNumber="12" joinNumber="5" monstersquadID="10522" level="100" name="第78关" iconBig="headbig/big_ryfuwusheng.png" info="我喜欢吃醉鱼，吃了后就会醉倒。" modleName="300" battleBG="82" formationShow="1" giftsShow="1" itemDrop="" renovateGifts="0" lostGifts="0" exp="565" prizeInfo=""/>
  <tuitu_army armyId="1229" index="3" npcNumber="12" joinNumber="5" monstersquadID="10707" level="100" name="第79关" iconBig="headbig/big_rychushi.png" info="又有情信来了，大家要小心。" modleName="305" battleBG="82" formationShow="1" giftsShow="0" itemDrop="" renovateGifts="0" lostGifts="0" exp="570" prizeInfo=""/>
  <tuitu_army armyId="1230" index="3" npcNumber="12" joinNumber="5" monstersquadID="11420" level="100" name="第80关" iconBig="headbig/big_rygongjianshou.png" info="为人类喊加油，就是我们的敌人，收拾你们！" modleName="309" battleBG="82" formationShow="0" giftsShow="0" itemDrop="" renovateGifts="0" lostGifts="0" exp="580" prizeInfo=""/>
  <tuitu_army armyId="1231" index="3" npcNumber="12" joinNumber="5" monstersquadID="11324" level="100" name="第81关" iconBig="headbig/big_rymofashi.png" info="别说我们人多欺负人少，是你们不长眼敢挑衅我们先的。" modleName="306" battleBG="82" formationShow="1" giftsShow="0" itemDrop="" renovateGifts="0" lostGifts="0" exp="585" prizeInfo=""/>
  <tuitu_army armyId="1232" index="3" npcNumber="12" joinNumber="5" monstersquadID="10118" level="100" name="第82关" iconBig="headbig/big_10089.png" info="嗷嗷（主人说不可以吃布鲁克。）" modleName="296" battleBG="82" formationShow="1" giftsShow="1" itemDrop="" renovateGifts="0" lostGifts="0" exp="590" prizeInfo=""/>
  <tuitu_army armyId="1233" index="3" npcNumber="12" joinNumber="5" monstersquadID="11224" level="100" name="第83关" iconBig="headbig/big_yurenquanjishou.png" info="兄弟们，快补充水分！就要变成乌贼干了。" modleName="307" battleBG="82" formationShow="1" giftsShow="0" itemDrop="" renovateGifts="0" lostGifts="0" exp="600" prizeInfo=""/>
  <tuitu_army armyId="1234" index="3" npcNumber="12" joinNumber="5" monstersquadID="10618" level="100" name="第84关" iconBig="headbig/big_ryfuwusheng.png" info="我的爱人就是被人类骗走的，那时我们已经在准备婚礼了。" modleName="310" battleBG="82" formationShow="1" giftsShow="0" itemDrop="" renovateGifts="0" lostGifts="0" exp="605" prizeInfo=""/>
  <tuitu_army armyId="1235" index="3" npcNumber="12" joinNumber="5" monstersquadID="11217" level="100" name="第85关" iconBig="headbig/big_yurenjianshi.png" info="因为生活所逼我才做坏人的，我家的宝马还等着我找粮草回去呢。" modleName="300" battleBG="82" formationShow="0" giftsShow="0" itemDrop="" renovateGifts="0" lostGifts="0" exp="610" prizeInfo=""/>
  <tuitu_army armyId="1236" index="3" npcNumber="12" joinNumber="5" monstersquadID="76302" level="100" name="第86关" iconBig="headbig/big_yurenquanjishou.png" info="我们是时代的进步者，新鱼人！" modleName="309" battleBG="82" formationShow="1" giftsShow="1" itemDrop="" renovateGifts="0" lostGifts="0" exp="620" prizeInfo=""/>
  <tuitu_army armyId="1237" index="3" npcNumber="12" joinNumber="5" monstersquadID="7108" level="100" name="第87关" iconBig="headbig/big_xrlpaoshou.png" info="到现在我也不知道当初为什么对黑丝那么执着了。" modleName="240" battleBG="82" formationShow="1" giftsShow="0" itemDrop="" renovateGifts="0" lostGifts="0" exp="625" prizeInfo=""/>
  <tuitu_army armyId="1238" index="3" npcNumber="12" joinNumber="5" monstersquadID="11401" level="100" name="第88关" iconBig="headbig/big_yurenquanjishou.png" info="我们都吃了药，所以很厉害！" modleName="298" battleBG="82" formationShow="1" giftsShow="0" itemDrop="" renovateGifts="0" lostGifts="0" exp="630" prizeInfo=""/>
  <tuitu_army armyId="1239" index="3" npcNumber="12" joinNumber="5" monstersquadID="10812" level="100" name="第89关" iconBig="headbig/big_yurenquanjishou.png" info="既然都已经帮我们占领了龙宫城，还是快点加入我们吧。" modleName="298" battleBG="82" formationShow="1" giftsShow="0" itemDrop="" renovateGifts="0" lostGifts="0" exp="635" prizeInfo=""/>
  <tuitu_army armyId="1240" index="3" npcNumber="12" joinNumber="5" monstersquadID="11201" level="100" name="第90关" iconBig="headbig/big_rygongjianshou.png" info="大门有我们守着，一条鱼都不会放过。" modleName="299" battleBG="82" formationShow="0" giftsShow="1" itemDrop="" renovateGifts="0" lostGifts="0" exp="645" prizeInfo=""/>
  <tuitu_army armyId="1301" index="4" npcNumber="12" joinNumber="5" monstersquadID="10214" level="100" name="第91关" iconBig="headbig/big_xrldaoke.png" info="我做了蛋糕呢，快来试试吧。" modleName="240" battleBG="72" formationShow="1" giftsShow="0" itemDrop="" renovateGifts="0" lostGifts="0" exp="650" prizeInfo=""/>
  <tuitu_army armyId="1302" index="4" npcNumber="12" joinNumber="5" monstersquadID="11512" level="100" name="第92关" iconBig="headbig/big_yurenquanjishou.png" info="我是一个海胆，天天刺你刺不完。" modleName="310" battleBG="72" formationShow="1" giftsShow="0" itemDrop="" renovateGifts="0" lostGifts="0" exp="655" prizeInfo=""/>
  <tuitu_army armyId="1303" index="4" npcNumber="12" joinNumber="5" monstersquadID="11504" level="100" name="第93关" iconBig="headbig/big_rygongjianshou.png" info="这三刀流太可怕了，居然能把龟壳切成小块儿。" modleName="309" battleBG="72" formationShow="1" giftsShow="0" itemDrop="" renovateGifts="0" lostGifts="0" exp="665" prizeInfo=""/>
  <tuitu_army armyId="1304" index="4" npcNumber="12" joinNumber="5" monstersquadID="10219" level="100" name="第94关" iconBig="headbig/big_xrljitashou.png" info="自从我穿上丝袜后，我妈妈就再也不喊我回家吃饭了。" modleName="239" battleBG="72" formationShow="1" giftsShow="0" itemDrop="" renovateGifts="0" lostGifts="0" exp="670" prizeInfo=""/>
  <tuitu_army armyId="1305" index="4" npcNumber="12" joinNumber="5" monstersquadID="10611" level="100" name="第95关" iconBig="headbig/big_rychushi.png" info="不许对夏莉夫人无礼，你知道夏莉夫人是谁吗？" modleName="309" battleBG="72" formationShow="0" giftsShow="1" itemDrop="" renovateGifts="0" lostGifts="0" exp="675" prizeInfo=""/>
  <tuitu_army armyId="1306" index="4" npcNumber="12" joinNumber="5" monstersquadID="10718" level="100" name="第96关" iconBig="headbig/big_rychushi.png" info="快把人质放了，不然我们就攻进去！" modleName="305" battleBG="72" formationShow="1" giftsShow="0" itemDrop="" renovateGifts="0" lostGifts="0" exp="685" prizeInfo=""/>
  <tuitu_army armyId="1307" index="4" npcNumber="12" joinNumber="5" monstersquadID="5924" level="100" name="第97关" iconBig="headbig/big_jsdachu.png" info="因为那条蛇的强烈要求，队长不得不答应，让它的主人加入。" modleName="197" battleBG="72" formationShow="1" giftsShow="0" itemDrop="" renovateGifts="0" lostGifts="0" exp="690" prizeInfo=""/>
  <tuitu_army armyId="1308" index="4" npcNumber="12" joinNumber="5" monstersquadID="10014" level="100" name="第98关" iconBig="headbig/big_shirenzhiwu.png" info="舔舔，舔舔舔舔（我叫小强，你们呢？）" modleName="279" battleBG="72" formationShow="1" giftsShow="0" itemDrop="" renovateGifts="0" lostGifts="0" exp="695" prizeInfo=""/>
  <tuitu_army armyId="1309" index="4" npcNumber="12" joinNumber="5" monstersquadID="10120" level="100" name="第99关" iconBig="headbig/big_changshouzurenfanzi.png" info="我已经向布鲁克说了你们很多坏话。" modleName="296" battleBG="72" formationShow="1" giftsShow="0" itemDrop="" renovateGifts="0" lostGifts="0" exp="700" prizeInfo=""/>
  <tuitu_army armyId="1310" index="4" npcNumber="12" joinNumber="5" monstersquadID="11022" level="100" name="第100关" iconBig="headbig/big_rychushi.png" info="我是来给你们热身的，快打我啊。" modleName="306" battleBG="72" formationShow="0" giftsShow="1" itemDrop="" renovateGifts="0" lostGifts="0" exp="710" prizeInfo=""/>
  <tuitu_army armyId="1311" index="4" npcNumber="12" joinNumber="5" monstersquadID="10605" level="100" name="第101关" iconBig="headbig/big_ryyinyuejia.png" info="让我们献血给他？让我们给他放血比较合理。" modleName="300" battleBG="72" formationShow="1" giftsShow="0" itemDrop="" renovateGifts="0" lostGifts="0" exp="715" prizeInfo=""/>
  <tuitu_army armyId="1312" index="4" npcNumber="12" joinNumber="5" monstersquadID="11218" level="100" name="第102关" iconBig="headbig/big_ryyinyuejia.png" info="我们新鱼人海贼团有社保医保，还有住房补助呢！" modleName="306" battleBG="72" formationShow="1" giftsShow="0" itemDrop="" renovateGifts="0" lostGifts="0" exp="720" prizeInfo=""/>
  <tuitu_army armyId="1313" index="4" npcNumber="12" joinNumber="5" monstersquadID="5712" level="100" name="第103关" iconBig="headbig/big_jsjianshi.png" info="路边的野花啊，你就要采~~" modleName="199" battleBG="72" formationShow="1" giftsShow="0" itemDrop="" renovateGifts="0" lostGifts="0" exp="730" prizeInfo=""/>
  <tuitu_army armyId="1314" index="4" npcNumber="12" joinNumber="5" monstersquadID="10217" level="100" name="第104关" iconBig="headbig/big_xrlqiangshou.png" info="穿上漂亮的裙子，可以踢得更好哦~" modleName="240" battleBG="72" formationShow="1" giftsShow="0" itemDrop="" renovateGifts="0" lostGifts="0" exp="735" prizeInfo=""/>
  <tuitu_army armyId="1315" index="4" npcNumber="12" joinNumber="5" monstersquadID="11416" level="100" name="第105关" iconBig="headbig/big_ryyinyuejia.png" info="这么大的鱼怎么可能会放过，抓定你们了！" modleName="307" battleBG="72" formationShow="0" giftsShow="1" itemDrop="" renovateGifts="0" lostGifts="0" exp="740" prizeInfo=""/>
  <tuitu_army armyId="1316" index="4" npcNumber="12" joinNumber="5" monstersquadID="10712" level="100" name="第106关" iconBig="headbig/big_ryfuwusheng.png" info="我们不是宴会的服务生，我们是来抓人的。" modleName="300" battleBG="72" formationShow="1" giftsShow="0" itemDrop="" renovateGifts="0" lostGifts="0" exp="750" prizeInfo=""/>
  <tuitu_army armyId="1317" index="4" npcNumber="12" joinNumber="5" monstersquadID="10919" level="100" name="第107关" iconBig="headbig/big_rychushi.png" info="快把白星公主留下来给我们戴肯大人做媳妇。" modleName="306" battleBG="72" formationShow="1" giftsShow="0" itemDrop="" renovateGifts="0" lostGifts="0" exp="755" prizeInfo=""/>
  <tuitu_army armyId="1318" index="4" npcNumber="12" joinNumber="5" monstersquadID="11323" level="100" name="第108关" iconBig="headbig/big_ryfuwusheng.png" info="我们这边有十万人呢，轮着打的话，他们很快就会累趴。" modleName="310" battleBG="72" formationShow="1" giftsShow="0" itemDrop="" renovateGifts="0" lostGifts="0" exp="760" prizeInfo=""/>
  <tuitu_army armyId="1319" index="4" npcNumber="12" joinNumber="5" monstersquadID="10106" level="100" name="第109关" iconBig="headbig/big_banjiquan.png" info="嗷嗷（我是boss的小弟~）" modleName="289" battleBG="72" formationShow="1" giftsShow="0" itemDrop="" renovateGifts="0" lostGifts="0" exp="765" prizeInfo=""/>
  <tuitu_army armyId="1320" index="4" npcNumber="12" joinNumber="5" monstersquadID="11519" level="100" name="第110关" iconBig="headbig/big_rymofashi.png" info="前面那人的要求真奇怪，我老早就怀疑他是个被虐狂。" modleName="305" battleBG="72" formationShow="0" giftsShow="1" itemDrop="" renovateGifts="0" lostGifts="0" exp="775" prizeInfo=""/>
  <tuitu_army armyId="1321" index="4" npcNumber="12" joinNumber="5" monstersquadID="10005" level="100" name="第111关" iconBig="headbig/big_yeren.png" info="前面的人，把吃的留下！" modleName="277" battleBG="80" formationShow="1" giftsShow="0" itemDrop="" renovateGifts="0" lostGifts="0" exp="780" prizeInfo=""/>
  <tuitu_army armyId="1322" index="4" npcNumber="12" joinNumber="5" monstersquadID="10020" level="100" name="第112关" iconBig="headbig/big_shirenxiangrikui.png" info="咔咔咔，咔咔咔（我爸爸和妈妈都是向日葵）" modleName="279" battleBG="80" formationShow="1" giftsShow="0" itemDrop="" renovateGifts="0" lostGifts="0" exp="785" prizeInfo=""/>
  <tuitu_army armyId="1323" index="4" npcNumber="12" joinNumber="5" monstersquadID="11408" level="100" name="第113关" iconBig="headbig/big_ryfuwusheng.png" info="我们还有4万9千9百9十9人呢，你继续来打我们啊。" modleName="310" battleBG="80" formationShow="1" giftsShow="0" itemDrop="" renovateGifts="0" lostGifts="0" exp="795" prizeInfo=""/>
  <tuitu_army armyId="1324" index="4" npcNumber="12" joinNumber="5" monstersquadID="10825" level="100" name="第114关" iconBig="headbig/big_rygongjianshou.png" info="用你们的血把水都染红！" modleName="299" battleBG="80" formationShow="1" giftsShow="0" itemDrop="" renovateGifts="0" lostGifts="0" exp="800" prizeInfo=""/>
  <tuitu_army armyId="1325" index="4" npcNumber="12" joinNumber="5" monstersquadID="11424" level="100" name="第115关" iconBig="headbig/big_rymofashi.png" info="我们的目标是白星公主，这任务实在太容易了。" modleName="305" battleBG="80" formationShow="0" giftsShow="1" itemDrop="" renovateGifts="0" lostGifts="0" exp="805" prizeInfo=""/>
  <tuitu_army armyId="1326" index="4" npcNumber="12" joinNumber="5" monstersquadID="11013" level="100" name="第116关" iconBig="headbig/big_longgongshibing.png" info="草帽一伙，你们占领龙宫城还拐带公主？" modleName="300" battleBG="80" formationShow="1" giftsShow="0" itemDrop="" renovateGifts="0" lostGifts="0" exp="815" prizeInfo=""/>
  <tuitu_army armyId="1327" index="4" npcNumber="12" joinNumber="5" monstersquadID="10914" level="100" name="第117关" iconBig="headbig/big_ryyinyuejia.png" info="戴肯大人对公主一片痴心呢。" modleName="300" battleBG="80" formationShow="1" giftsShow="0" itemDrop="" renovateGifts="0" lostGifts="0" exp="820" prizeInfo=""/>
  <tuitu_army armyId="1328" index="4" npcNumber="12" joinNumber="5" monstersquadID="10621" level="100" name="第118关" iconBig="headbig/big_ryfuwusheng.png" info="请尊重点，这位是很厉害的大人物！" modleName="307" battleBG="80" formationShow="1" giftsShow="0" itemDrop="" renovateGifts="0" lostGifts="0" exp="825" prizeInfo=""/>
  <tuitu_army armyId="1329" index="4" npcNumber="12" joinNumber="5" monstersquadID="10705" level="100" name="第119关" iconBig="headbig/big_ryfuwusheng.png" info="别想动我送的食物！这些都是属于公主殿下！" modleName="298" battleBG="80" formationShow="1" giftsShow="0" itemDrop="" renovateGifts="0" lostGifts="0" exp="830" prizeInfo=""/>
  <tuitu_army armyId="1330" index="4" npcNumber="12" joinNumber="5" monstersquadID="11501" level="100" name="第120关" iconBig="headbig/big_yurenquanjishou.png" info="我们这是铁甲，硬得很呢。" modleName="298" battleBG="80" formationShow="0" giftsShow="1" itemDrop="" renovateGifts="0" lostGifts="0" exp="840" prizeInfo=""/>
  <tuitu_army armyId="1331" index="4" npcNumber="12" joinNumber="5" monstersquadID="11409" level="100" name="第121关" iconBig="headbig/big_rymofashi.png" info="我们还有4万9千9百9十8人呢，一人一口水都能淹死你们。" modleName="307" battleBG="80" formationShow="1" giftsShow="0" itemDrop="" renovateGifts="0" lostGifts="0" exp="845" prizeInfo=""/>
  <tuitu_army armyId="1332" index="4" npcNumber="12" joinNumber="5" monstersquadID="10612" level="100" name="第122关" iconBig="headbig/big_ryfuwusheng.png" info="喂喂，你还想不想活了，这样对夏莉夫人。" modleName="308" battleBG="80" formationShow="1" giftsShow="0" itemDrop="" renovateGifts="0" lostGifts="0" exp="850" prizeInfo=""/>
  <tuitu_army armyId="1333" index="4" npcNumber="12" joinNumber="5" monstersquadID="11023" level="100" name="第123关" iconBig="headbig/big_ryyinyuejia.png" info="我上来递毛巾而已，打我干嘛？" modleName="298" battleBG="80" formationShow="1" giftsShow="0" itemDrop="" renovateGifts="0" lostGifts="0" exp="860" prizeInfo=""/>
  <tuitu_army armyId="1334" index="4" npcNumber="12" joinNumber="5" monstersquadID="5912" level="100" name="第124关" iconBig="headbig/big_jsgongjianshou.png" info="只有芭秋拉大人那种纤长的体态才能配得上这种黑亮的毛发。" modleName="198" battleBG="80" formationShow="1" giftsShow="0" itemDrop="" renovateGifts="0" lostGifts="0" exp="865" prizeInfo=""/>
  <tuitu_army armyId="1335" index="4" npcNumber="12" joinNumber="5" monstersquadID="10122" level="100" name="第125关" iconBig="headbig/big_kanshoushibingyihao.png" info="你们是什么人？有入侵者！" modleName="284" battleBG="80" formationShow="0" giftsShow="1" itemDrop="" renovateGifts="0" lostGifts="0" exp="870" prizeInfo=""/>
  <tuitu_army armyId="1336" index="4" npcNumber="12" joinNumber="5" monstersquadID="6013" level="100" name="第126关" iconBig="headbig/big_jsmofashi.png" info="下面请大家欣赏绿野之舞~" modleName="307" battleBG="80" formationShow="1" giftsShow="0" itemDrop="" renovateGifts="0" lostGifts="0" exp="880" prizeInfo=""/>
  <tuitu_army armyId="1337" index="4" npcNumber="12" joinNumber="5" monstersquadID="11402" level="100" name="第127关" iconBig="headbig/big_ryfuwusheng.png" info="我们是吃药党，天天吃药当糖果。" modleName="309" battleBG="80" formationShow="1" giftsShow="0" itemDrop="" renovateGifts="0" lostGifts="0" exp="885" prizeInfo=""/>
  <tuitu_army armyId="1338" index="4" npcNumber="12" joinNumber="5" monstersquadID="11502" level="100" name="第128关" iconBig="headbig/big_ryfuwusheng.png" info="铜墙铁壁来了，看你怎样逃。" modleName="310" battleBG="80" formationShow="1" giftsShow="0" itemDrop="" renovateGifts="0" lostGifts="0" exp="890" prizeInfo=""/>
  <tuitu_army armyId="1339" index="4" npcNumber="12" joinNumber="5" monstersquadID="10520" level="100" name="第129关" iconBig="headbig/big_ryzhiliaoshi.png" info="在陆地打赢我们有什么了不起，有胆和我们下水里去打。" modleName="309" battleBG="80" formationShow="1" giftsShow="0" itemDrop="" renovateGifts="0" lostGifts="0" exp="895" prizeInfo=""/>
  <tuitu_army armyId="1340" index="4" npcNumber="12" joinNumber="5" monstersquadID="11016" level="100" name="第130关" iconBig="headbig/big_rychushi.png" info="视频电话虫，又大又拉风。" modleName="299" battleBG="80" formationShow="0" giftsShow="1" itemDrop="" renovateGifts="0" lostGifts="0" exp="905" prizeInfo=""/>
  <tuitu_army armyId="1341" index="4" npcNumber="12" joinNumber="5" monstersquadID="11202" level="100" name="第131关" iconBig="headbig/big_yurenjianshi.png" info="我是个以入室盗窃为生的人，现在居然让我守门。" modleName="298" battleBG="80" formationShow="1" giftsShow="0" itemDrop="" renovateGifts="0" lostGifts="0" exp="910" prizeInfo=""/>
  <tuitu_army armyId="1342" index="4" npcNumber="12" joinNumber="5" monstersquadID="11524" level="100" name="第132关" iconBig="headbig/big_rymofashi.png" info="我不动，你别打我，真别打我，别打我啊！" modleName="305" battleBG="80" formationShow="1" giftsShow="0" itemDrop="" renovateGifts="0" lostGifts="0" exp="915" prizeInfo=""/>
  <tuitu_army armyId="1343" index="4" npcNumber="12" joinNumber="5" monstersquadID="11207" level="100" name="第133关" iconBig="headbig/big_yurenjianshi.png" info="反正有三个王子，咱们分了吧，这样都可以交差了。" modleName="299" battleBG="80" formationShow="1" giftsShow="0" itemDrop="" renovateGifts="0" lostGifts="0" exp="925" prizeInfo=""/>
  <tuitu_army armyId="1344" index="4" npcNumber="12" joinNumber="5" monstersquadID="11012" level="100" name="第134关" iconBig="headbig/big_yingwuluoshibing.png" info="白星公主，你为什么会在这里？" modleName="299" battleBG="80" formationShow="1" giftsShow="0" itemDrop="" renovateGifts="0" lostGifts="0" exp="930" prizeInfo=""/>
  <tuitu_army armyId="1345" index="4" npcNumber="12" joinNumber="5" monstersquadID="10003" level="100" name="第135关" iconBig="headbig/big_yeren.png" info="每次下雨我都张嘴等喝水。" modleName="277" battleBG="80" formationShow="0" giftsShow="1" itemDrop="" renovateGifts="0" lostGifts="0" exp="935" prizeInfo=""/>
  <tuitu_army armyId="1346" index="4" npcNumber="12" joinNumber="5" monstersquadID="10018" level="100" name="第136关" iconBig="headbig/big_shirenzhiwu.png" info="舔舔，舔舔舔舔（我闻到很香的味道）" modleName="279" battleBG="80" formationShow="1" giftsShow="0" itemDrop="" renovateGifts="0" lostGifts="0" exp="945" prizeInfo=""/>
  <tuitu_army armyId="1347" index="4" npcNumber="12" joinNumber="5" monstersquadID="10814" level="100" name="第137关" iconBig="headbig/big_ryyinyuejia.png" info="来一个，我抓一个，来一双，我抓一双。" modleName="300" battleBG="80" formationShow="1" giftsShow="0" itemDrop="" renovateGifts="0" lostGifts="0" exp="950" prizeInfo=""/>
  <tuitu_army armyId="1348" index="4" npcNumber="12" joinNumber="5" monstersquadID="11302" level="100" name="第138关" iconBig="headbig/big_ryfuwusheng.png" info="我是个干瘪瘪的鱼人，没有水分，是一等一的下酒菜。" modleName="308" battleBG="80" formationShow="1" giftsShow="0" itemDrop="" renovateGifts="0" lostGifts="0" exp="955" prizeInfo=""/>
  <tuitu_army armyId="1349" index="4" npcNumber="12" joinNumber="5" monstersquadID="10713" level="100" name="第139关" iconBig="headbig/big_ryyinyuejia.png" info="我说了，别叫我给你上菜！" modleName="305" battleBG="80" formationShow="1" giftsShow="0" itemDrop="" renovateGifts="0" lostGifts="0" exp="960" prizeInfo=""/>
  <tuitu_army armyId="1350" index="4" npcNumber="12" joinNumber="5" monstersquadID="10119" level="100" name="第140关" iconBig="headbig/big_changshouzurenfanzi.png" info="试试我的小笼包攻击吧！" modleName="296" battleBG="80" formationShow="0" giftsShow="1" itemDrop="" renovateGifts="0" lostGifts="0" exp="965" prizeInfo=""/>
  <tuitu_army armyId="1351" index="5" npcNumber="12" joinNumber="5" monstersquadID="10508" level="100" name="第141关" iconBig="headbig/big_ryyinyuejia.png" info="刚刚我见到鼻血喷泉呢！" modleName="308" battleBG="80" formationShow="1" giftsShow="1" itemDrop="" renovateGifts="0" lostGifts="0" exp="970" prizeInfo=""/>
  <tuitu_army armyId="1352" index="5" npcNumber="12" joinNumber="5" monstersquadID="10218" level="100" name="第142关" iconBig="headbig/big_xrldaoke.png" info="我特别喜欢穿着丝袜的感觉，滑溜溜滴。" modleName="241" battleBG="80" formationShow="1" giftsShow="1" itemDrop="" renovateGifts="0" lostGifts="0" exp="975" prizeInfo=""/>
  <tuitu_army armyId="1353" index="5" npcNumber="12" joinNumber="5" monstersquadID="5923" level="100" name="第143关" iconBig="headbig/big_jsmofashi.png" info="林子大了什么蛇都有，我亲眼见过一条竹叶青自认为自己是蟒蛇，非要它的主人加入到我们之中。" modleName="306" battleBG="80" formationShow="1" giftsShow="1" itemDrop="" renovateGifts="0" lostGifts="0" exp="980" prizeInfo=""/>
  <tuitu_army armyId="1354" index="5" npcNumber="12" joinNumber="5" monstersquadID="10908" level="100" name="第144关" iconBig="headbig/big_shuangdaorenyu.png" info="区区的人类海贼，算得了什么，看我鱼叉攻击。" modleName="300" battleBG="80" formationShow="1" giftsShow="1" itemDrop="" renovateGifts="0" lostGifts="0" exp="985" prizeInfo=""/>
  <tuitu_army armyId="1355" index="5" npcNumber="12" joinNumber="5" monstersquadID="10523" level="100" name="第145关" iconBig="headbig/big_ryyinyuejia.png" info="你和我拼酒赢了我，我就放过你。" modleName="306" battleBG="80" formationShow="0" giftsShow="1" itemDrop="" renovateGifts="0" lostGifts="0" exp="990" prizeInfo=""/>
  <tuitu_army armyId="1356" index="5" npcNumber="12" joinNumber="5" monstersquadID="11001" level="100" name="第146关" iconBig="headbig/big_rygongjianshou.png" info="既然得不到公主的人，那就得到公主的灵魂吧。" modleName="308" battleBG="80" formationShow="1" giftsShow="1" itemDrop="" renovateGifts="0" lostGifts="0" exp="995" prizeInfo=""/>
  <tuitu_army armyId="1357" index="5" npcNumber="12" joinNumber="5" monstersquadID="10913" level="100" name="第147关" iconBig="headbig/big_ryyinyuejia.png" info="小声点，给戴肯大人知道你窥视公主，脑袋就得搬家啦。" modleName="298" battleBG="80" formationShow="1" giftsShow="1" itemDrop="" renovateGifts="0" lostGifts="0" exp="1000" prizeInfo=""/>
  <tuitu_army armyId="1358" index="5" npcNumber="12" joinNumber="5" monstersquadID="10002" level="100" name="第148关" iconBig="headbig/big_yeren.png" info="哪里有食物，那里就有我们的身影。" modleName="277" battleBG="80" formationShow="1" giftsShow="1" itemDrop="" renovateGifts="0" lostGifts="0" exp="1005" prizeInfo=""/>
  <tuitu_army armyId="1359" index="5" npcNumber="12" joinNumber="5" monstersquadID="10124" level="100" name="第149关" iconBig="headbig/big_kanshoushibingyihao.png" info="我告诉你，我们这里没有劳动节。" modleName="284" battleBG="80" formationShow="1" giftsShow="1" itemDrop="" renovateGifts="0" lostGifts="0" exp="1010" prizeInfo=""/>
  <tuitu_army armyId="1360" index="5" npcNumber="12" joinNumber="5" monstersquadID="11003" level="100" name="第150关" iconBig="headbig/big_ryyinyuejia.png" info="我追，我继续追，追到没法追~" modleName="306" battleBG="80" formationShow="0" giftsShow="1" itemDrop="" renovateGifts="0" lostGifts="0" exp="1015" prizeInfo=""/>
  <tuitu_army armyId="1361" index="5" npcNumber="12" joinNumber="5" monstersquadID="10711" level="100" name="第151关" iconBig="headbig/big_rychushi.png" info="是谁弄哭公主了，是不想活了么。" modleName="298" battleBG="80" formationShow="0" giftsShow="1" itemDrop="" renovateGifts="0" lostGifts="0" exp="1020" prizeInfo=""/>
  <tuitu_army armyId="1362" index="5" npcNumber="12" joinNumber="5" monstersquadID="11513" level="100" name="第152关" iconBig="headbig/big_ryfuwusheng.png" info="别靠近我，爱我也别拥抱我，这是命中注定的……" modleName="299" battleBG="80" formationShow="0" giftsShow="1" itemDrop="" renovateGifts="0" lostGifts="0" exp="1025" prizeInfo=""/>
  <tuitu_army armyId="1363" index="5" npcNumber="12" joinNumber="5" monstersquadID="10506" level="100" name="第153关" iconBig="headbig/big_rychushi.png" info="是草帽一伙吗？" modleName="306" battleBG="80" formationShow="0" giftsShow="1" itemDrop="" renovateGifts="0" lostGifts="0" exp="1030" prizeInfo=""/>
  <tuitu_army armyId="1364" index="5" npcNumber="12" joinNumber="5" monstersquadID="10610" level="100" name="第154关" iconBig="headbig/big_xrldaoke.png" info="人家来给你献血吧，人家的血温温的哟。" modleName="241" battleBG="80" formationShow="0" giftsShow="1" itemDrop="" renovateGifts="0" lostGifts="0" exp="1035" prizeInfo=""/>
  <tuitu_army armyId="1365" index="5" npcNumber="12" joinNumber="5" monstersquadID="11503" level="100" name="第155关" iconBig="headbig/big_rymofashi.png" info="这是乌龟壳，我们缩在壳背后，我们是不是成了缩头乌龟？" modleName="298" battleBG="80" formationShow="0" giftsShow="1" itemDrop="" renovateGifts="0" lostGifts="0" exp="1040" prizeInfo=""/>
  <tuitu_army armyId="1366" index="5" npcNumber="12" joinNumber="5" monstersquadID="10608" level="100" name="第156关" iconBig="headbig/big_xrlchushi.png" info="这里的裙带菜保湿面膜不错，我准备入手十箱。" modleName="239" battleBG="80" formationShow="0" giftsShow="1" itemDrop="" renovateGifts="0" lostGifts="0" exp="1045" prizeInfo=""/>
  <tuitu_army armyId="1367" index="5" npcNumber="12" joinNumber="5" monstersquadID="74302" level="100" name="第157关" iconBig="headbig/big_xrlgechangjia.png" info="穿黑丝的新人类啊，我威武雄壮！" modleName="239" battleBG="80" formationShow="0" giftsShow="1" itemDrop="" renovateGifts="0" lostGifts="0" exp="1050" prizeInfo=""/>
  <tuitu_army armyId="1368" index="5" npcNumber="12" joinNumber="5" monstersquadID="10607" level="100" name="第158关" iconBig="headbig/big_xrldaoke.png" info="这里的衣服真好看，我要买包包和高跟鞋！" modleName="240" battleBG="80" formationShow="0" giftsShow="1" itemDrop="" renovateGifts="0" lostGifts="0" exp="1055" prizeInfo=""/>
  <tuitu_army armyId="1369" index="5" npcNumber="12" joinNumber="5" monstersquadID="11319" level="100" name="第159关" iconBig="headbig/big_rymofashi.png" info="前面那个家伙说要打造一个晚上不用锁门的环境，不就便宜了我们么。" modleName="310" battleBG="80" formationShow="0" giftsShow="1" itemDrop="" renovateGifts="0" lostGifts="0" exp="1060" prizeInfo=""/>
  <tuitu_army armyId="1370" index="5" npcNumber="12" joinNumber="5" monstersquadID="10924" level="100" name="第160关" iconBig="headbig/big_rychushi.png" info="草帽小子是感情骗子？" modleName="299" battleBG="80" formationShow="0" giftsShow="1" itemDrop="" renovateGifts="0" lostGifts="0" exp="1065" prizeInfo=""/>
  <tuitu_army armyId="1371" index="5" npcNumber="12" joinNumber="5" monstersquadID="10108" level="100" name="第161关" iconBig="headbig/big_jixiegui.png" info="……（我是乌龟，是乌龟啦。）" modleName="274" battleBG="80" formationShow="0" giftsShow="1" itemDrop="" renovateGifts="0" lostGifts="0" exp="1070" prizeInfo=""/>
  <tuitu_army armyId="1372" index="5" npcNumber="12" joinNumber="5" monstersquadID="11418" level="100" name="第162关" iconBig="headbig/big_ryfuwusheng.png" info="你们这些鱼人岛上的居民都给我们住口，喊什么加油！" modleName="307" battleBG="80" formationShow="0" giftsShow="1" itemDrop="" renovateGifts="0" lostGifts="0" exp="1075" prizeInfo=""/>
  <tuitu_army armyId="1373" index="5" npcNumber="12" joinNumber="5" monstersquadID="10622" level="100" name="第163关" iconBig="headbig/big_ryyinyuejia.png" info="别无礼，带草帽的人类，这位可是很尊贵的人。" modleName="309" battleBG="80" formationShow="0" giftsShow="1" itemDrop="" renovateGifts="0" lostGifts="0" exp="1080" prizeInfo=""/>
  <tuitu_army armyId="1374" index="5" npcNumber="12" joinNumber="5" monstersquadID="11423" level="100" name="第164关" iconBig="headbig/big_ryfuwusheng.png" info="白星公主这么巨大，很容易就能击中。" modleName="300" battleBG="80" formationShow="0" giftsShow="1" itemDrop="" renovateGifts="0" lostGifts="0" exp="1085" prizeInfo=""/>
  <tuitu_army armyId="1375" index="5" npcNumber="12" joinNumber="5" monstersquadID="10615" level="100" name="第165关" iconBig="headbig/big_ryfuwusheng.png" info="快点滚吧，人类！居然敢对夏莉夫人无礼。" modleName="299" battleBG="80" formationShow="0" giftsShow="1" itemDrop="" renovateGifts="0" lostGifts="0" exp="1090" prizeInfo=""/>
  <tuitu_army armyId="1376" index="5" npcNumber="12" joinNumber="5" monstersquadID="10823" level="100" name="第166关" iconBig="headbig/big_ryyinyuejia.png" info="遇上我们，你们还以为能逃得成？" modleName="298" battleBG="80" formationShow="0" giftsShow="1" itemDrop="" renovateGifts="0" lostGifts="0" exp="1095" prizeInfo=""/>
  <tuitu_army armyId="1377" index="5" npcNumber="12" joinNumber="5" monstersquadID="11417" level="100" name="第167关" iconBig="headbig/big_yurenquanjishou.png" info="这些平民居然为人类打气加油，都是反鱼人族的行为，该打！" modleName="298" battleBG="80" formationShow="0" giftsShow="1" itemDrop="" renovateGifts="0" lostGifts="0" exp="1100" prizeInfo=""/>
  <tuitu_army armyId="1378" index="5" npcNumber="12" joinNumber="5" monstersquadID="11518" level="100" name="第168关" iconBig="headbig/big_ryfuwusheng.png" info="来打我啊，来啊，快点啊~看能不能打死我。" modleName="298" battleBG="80" formationShow="0" giftsShow="1" itemDrop="" renovateGifts="0" lostGifts="0" exp="1105" prizeInfo=""/>
  <tuitu_army armyId="1379" index="5" npcNumber="12" joinNumber="5" monstersquadID="11212" level="100" name="第169关" iconBig="headbig/big_yurenjianshi.png" info="甚平也被我们抓住了，这下我们一定会有很多奖励。" modleName="299" battleBG="80" formationShow="0" giftsShow="1" itemDrop="" renovateGifts="0" lostGifts="0" exp="1110" prizeInfo=""/>
  <tuitu_army armyId="1380" index="5" npcNumber="12" joinNumber="5" monstersquadID="10719" level="100" name="第170关" iconBig="headbig/big_ryfuwusheng.png" info="我的好基友在里面，我要去救他。" modleName="308" battleBG="80" formationShow="0" giftsShow="1" itemDrop="" renovateGifts="0" lostGifts="0" exp="1115" prizeInfo=""/>
  <tuitu_army armyId="1381" index="5" npcNumber="12" joinNumber="5" monstersquadID="10026" level="100" name="第171关" iconBig="headbig/big_meiyangyang.png" info="啾啊~啾啊（跟着娜美，我也能吃上肉。）" modleName="107" battleBG="80" formationShow="0" giftsShow="1" itemDrop="" renovateGifts="0" lostGifts="0" exp="1120" prizeInfo=""/>
  <tuitu_army armyId="1382" index="5" npcNumber="12" joinNumber="5" monstersquadID="7114" level="100" name="第172关" iconBig="headbig/big_xrlqiangshou.png" info="没错，小姑娘跟着的是一只用两只脚走路的戴着礼帽的兔子。" modleName="241" battleBG="80" formationShow="0" giftsShow="1" itemDrop="" renovateGifts="0" lostGifts="0" exp="1125" prizeInfo=""/>
  <tuitu_army armyId="1383" index="5" npcNumber="12" joinNumber="5" monstersquadID="11204" level="100" name="第173关" iconBig="headbig/big_yurenquanjishou.png" info="铁门被龙宫三位王子破坏了，不过这是他们家的，不用赔偿吧。" modleName="309" battleBG="80" formationShow="0" giftsShow="1" itemDrop="" renovateGifts="0" lostGifts="0" exp="1130" prizeInfo=""/>
  <tuitu_army armyId="1384" index="5" npcNumber="12" joinNumber="5" monstersquadID="11512" level="100" name="第174关" iconBig="headbig/big_yurenquanjishou.png" info="我是一个海胆，天天刺你刺不完。" modleName="305" battleBG="80" formationShow="0" giftsShow="1" itemDrop="" renovateGifts="0" lostGifts="0" exp="1135" prizeInfo=""/>
  <tuitu_army armyId="1385" index="5" npcNumber="12" joinNumber="5" monstersquadID="11514" level="100" name="第175关" iconBig="headbig/big_rymofashi.png" info="我们是海胆鱼人，不是刺猬人！" modleName="307" battleBG="80" formationShow="0" giftsShow="1" itemDrop="" renovateGifts="0" lostGifts="0" exp="1140" prizeInfo=""/>
</root>