<root>
  <twentyone_shop id="1" itemTempId="121451" getNum="1" consumeScore="155" neeLevel="0" limitTime="0" canBatch="1"/>
  <twentyone_shop id="2" itemTempId="120102" getNum="1" consumeScore="125" neeLevel="0" limitTime="0" canBatch="1"/>
  <twentyone_shop id="3" itemTempId="120202" getNum="1" consumeScore="125" neeLevel="0" limitTime="0" canBatch="1"/>
  <twentyone_shop id="4" itemTempId="120302" getNum="1" consumeScore="125" neeLevel="0" limitTime="0" canBatch="1"/>
  <twentyone_shop id="5" itemTempId="120402" getNum="1" consumeScore="125" neeLevel="0" limitTime="0" canBatch="1"/>
  <twentyone_shop id="6" itemTempId="120502" getNum="1" consumeScore="125" neeLevel="0" limitTime="0" canBatch="1"/>
  <twentyone_shop id="7" itemTempId="121102" getNum="1" consumeScore="75" neeLevel="0" limitTime="0" canBatch="1"/>
  <twentyone_shop id="8" itemTempId="121202" getNum="1" consumeScore="100" neeLevel="0" limitTime="0" canBatch="1"/>
  <twentyone_shop id="9" itemTempId="121302" getNum="1" consumeScore="150" neeLevel="0" limitTime="0" canBatch="1"/>
  <twentyone_shop id="10" itemTempId="121402" getNum="1" consumeScore="225" neeLevel="0" limitTime="0" canBatch="1"/>
</root>