<root>
  <valuablebook nodeId="1" openTips="&quot;Lv.3,sẽ mở|{d181ff●Đ.đội}&quot;" descText="{d181ff●G.thiệu Đ.đội}|H.thành NV {ffd700●[Chính]Boong tàu hải quân 1}Khai mở" iconUrl="huoban" belly="1000" experence="500" itemId=""/>
  <valuablebook nodeId="2" openTips="&quot;Lv.4,sẽ mở|{d181ff●Cường hóa}&quot;" descText="{d181ff●G.thiệu cường hóa}|H.thành {ffd700●[chủ ]Boong tàu hải quân 2} Khai mở" iconUrl="qianghua" belly="3000" experence="1000" itemId=""/>
  <valuablebook nodeId="4" openTips="&quot;Lv.7,sẽ mở|{d181ff●Trận hình}&quot;" descText="{d181ff●G.thiệu trận hình}|H.thành {ffd700●[chủ ]kéo Đ.đội vào trận} Khai mở" iconUrl="zhenxing" belly="5000" experence="1500" itemId=""/>
  <valuablebook nodeId="6" openTips="&quot;Lv.10,sẽ mở|{d181ff●Tàu chính}&quot;" descText="{d181ff●G.thiệu Tàu chính}|nhận{ffd700●[Chính]thuyền trưởng mới }Khai mở" iconUrl="zhuchuan" belly="7000" experence="2000" itemId=""/>
  <valuablebook nodeId="7" openTips="&quot;Lv.11,sẽ mở|{d181ff●Bến cảng}&quot;" descText="{d181ff●G.thiệu bến cảng}|nhận{ffd700●[chủ ]kiểm tra bến cảng}Khai mở" iconUrl="gangkou" belly="9000" experence="2500" itemId=""/>
  <valuablebook nodeId="8" openTips="&quot;Lv.11,sẽ mở|{d181ff●Hảo hữu}&quot;" descText="{d181ff●G.thiệu hảo hữu}|H.thành{ffd700●[Chính]kiểm tra bến cảng}Khai mở " iconUrl="haoyou" belly="11000" experence="3000" itemId=""/>
  <valuablebook nodeId="9" openTips="&quot;Lv.13,sẽ mở|{d181ff●P.huấn luyện}&quot;" descText="{d181ff●G.thiệu P.huấn luyện}|nhận{ffd700●[Chính]giáo trình P.huấn luyện}Khai mở" iconUrl="xunlian" belly="13000" experence="3500" itemId=""/>
  <valuablebook nodeId="38" openTips="&quot;Lv.13,sẽ mở|{d181ff●Nâng cấp trận hình}&quot;" descText="{d181ff●G.thiệu nâng cấp trận hình}|H.thành{ffd700●[Chính]giáo trình P.huấn luyện}Khai mở" iconUrl="shengji" belly="15000" experence="4000" itemId=""/>
  <valuablebook nodeId="19" openTips="&quot;Lv.14,sẽ mở|{d181ff●Đấu trường}&quot;" descText="{d181ff●G.thiệu đấu trường}|nhận{ffd700●[Chính]đấu trường}Khai mở" iconUrl="jingji" belly="17000" experence="4500" itemId=""/>
  <valuablebook nodeId="14" openTips="&quot;Lv.15,sẽ mở|{d181ff●Tu luyện}&quot;" descText="{d181ff●G.thiệu tu luyện}|H.thành{ffd700●[Chính]tu luyện}Khai mở" iconUrl="lilian" belly="19000" experence="5000" itemId=""/>
  <valuablebook nodeId="15" openTips="&quot;Lv.16,sẽ mở|{d181ff●Tấn công liên tiếp}&quot;" descText="{d181ff●G.thiệu liên tiếp tấn công}|H.thành{ffd700●[Chính]chặn đường hải quân 2}Khai mở" iconUrl="lianxu" belly="21000" experence="5500" itemId=""/>
  <valuablebook nodeId="12" openTips="&quot;Lv.18,sẽ mở|{d181ff●P.nghiên cứu}&quot;" descText="{d181ff●G.thiệu P.nghiên cứu }|nhận{ffd700●[Chính]P.nghiên cứu}Khai mở" iconUrl="yanjiu" belly="23000" experence="6000" itemId=""/>
  <valuablebook nodeId="20" openTips="&quot;Lv.20,sẽ mở|{d181ff●Tổ đội}&quot;" descText="{d181ff●G.thiệu tổ đội}|nhận{ffd700●[Chính]tổ đội}Khai mở" iconUrl="zudui" belly="25000" experence="6500" itemId=""/>
  <valuablebook nodeId="22" openTips="&quot;Lv.21,sẽ mở|{d181ff●Công hội}&quot;" descText="{d181ff●G.thiệu công hội}|nhận{ffd700●[chủ ]công hội}Khai mở" iconUrl="gonghui" belly="27000" experence="7000" itemId=""/>
  <valuablebook nodeId="10" openTips="&quot;Lv.21,sẽ mở|{d181ff●P.y tế}&quot;" descText="{d181ff●G.thiệu P.y tế}|nhận{ffd700●[Chính]P.y tế}Khai mở" iconUrl="yiliao|gailv" belly="29000" experence="7500" itemId=""/>
  <valuablebook nodeId="13" openTips="&quot;Lv.22,sẽ mở|{d181ff●Hội đàm}&quot;" descText="{d181ff●G.thiệu hội đàm}|H.thành{ffd700●[Chính]kịch nghệ Cabaji}Khai mở" iconUrl="huitan" belly="31000" experence="8000" itemId=""/>
  <valuablebook nodeId="16" openTips="&quot;Lv.23,sẽ mở|{d181ff●Phòng Pet}&quot;" descText="{d181ff●G.thiệu P.Pet}|nhận{ffd700●[Chính]P.Pet}Khai mở" iconUrl="chongwu" belly="33000" experence="8500" itemId=""/>
  <valuablebook nodeId="21" openTips="&quot;Lv.24,sẽ mở|{d181ff●Hoạt động}&quot;" descText="{d181ff●G.thiệu hoạt động}|nhận{ffd700●[Chính]hoạt động}Khai mở" iconUrl="huodong" belly="35000" experence="9000" itemId=""/>
  <valuablebook nodeId="23" openTips="&quot;Lv.26,sẽ mở|{d181ff●Tài nguyên}&quot;" descText="{d181ff●G.thiệu tài nguyên}|nhận{ffd700●[Chính]tính năng mới của bến cảng}Khai mở" iconUrl="zhengfu|ziyuan" belly="37000" experence="9500" itemId=""/>
  <valuablebook nodeId="40" openTips="&quot;Lv.27,sẽ mở|{d181ff●Tinh bàn}&quot;" descText="{d181ff●G.thiệu chòm sao}|nhận{ffd700●[Chính]pháp sư thôi miên Jango}Khai mở" iconUrl="xingpan" belly="38000" experence="9750" itemId=""/>
  <valuablebook nodeId="24" openTips="&quot;Lv.29,sẽ mở|{d181ff●Thăm dò}&quot;" descText="{d181ff●G.thiệu thăm dò}|nhận{ffd700●[Chính]thăm dò}Khai mở" iconUrl="tansuo" belly="39000" experence="10000" itemId=""/>
  <valuablebook nodeId="25" openTips="&quot;Lv.29,sẽ mở|{d181ff●Bảo thạch}&quot;" descText="{d181ff●G.thiệu bảo thạch}|H.thành{ffd700●[Chính]thăm dò}Khai mở" iconUrl="baoshi" belly="41000" experence="10500" itemId=""/>
  <valuablebook nodeId="26" openTips="&quot;Lv.32,sẽ mở|{d181ff●Chế đồ}&quot;" descText="{d181ff●G.thiệu chế tạo đồ}|H.thành{ffd700●[Chính]tạm biệt！Zeff}Khai mở" iconUrl="zhuangb" belly="43000" experence="11000" itemId=""/>
  <valuablebook nodeId="27" openTips="&quot;Lv.34,sẽ mở|{d181ff●Tầm bảo}&quot;" descText="{d181ff●G.thiệu tầm bảo}|H.thành{ffd700●[Chính]tâm nguyện của Nami}Khai mở" iconUrl="xunbao" belly="45000" experence="11500" itemId=""/>
  <valuablebook nodeId="36" openTips="&quot;Lv.34,sẽ mở|{d181ff●Nhà bếp}&quot;" descText="{d181ff●G.thiệu nhà bếp}|nhận{ffd700●[Chính]nhà bếp}Khai mở" iconUrl="chufang" belly="47000" experence="12000" itemId=""/>
  <valuablebook nodeId="29" openTips="&quot;Lv.35,sẽ mở|{d181ff●Tấn công}&quot;" descText="{d181ff●G.thiệu tấn công}|H.thành{ffd700●[Chính]Cabaji kinh hãi}Khai mở" iconUrl="gongda" belly="49000" experence="12500" itemId=""/>
  <valuablebook nodeId="28" openTips="&quot;Lv.37,sẽ mở|{d181ff●NV hàng ngày}&quot;" descText="{d181ff●G.thiệu NV hàng ngày}|H.thành{ffd700●[Chính]đại tá của Thị trấn Logue}Khai mở" iconUrl="meiri" belly="51000" experence="13000" itemId=""/>
  <valuablebook nodeId="31" openTips="&quot;Lv.40,sẽ mở|{d181ff●Đặt hàng}&quot;" descText="{d181ff●G.thiệuOrder}|H.thành{ffd700●[Chính]cá voi to như núi}Khai mở" iconUrl="dingdan" belly="53000" experence="13500" itemId=""/>
  <valuablebook nodeId="32" openTips="&quot;Lv.43,sẽ mở|{d181ff●P.cất vàng}&quot;" descText="{d181ff●G.thiệu P. Giấu vàng}|H.thành{ffd700●[Chính]tiến vào đại hải trình}Khai mở" iconUrl="cangjin" belly="55000" experence="14000" itemId=""/>
  <valuablebook nodeId="47" openTips="&quot;Lv.49,sẽ mở|{d181ff●PB Vực Sâu}&quot;" descText="{d181ff●G.thiệu PB Vực sâu}|H.thành{ffd700●[Chính]Nguyên quốc vương Drum} Khai mở" iconUrl="shenyuan" belly="56500" experence="14500" itemId=""/>
  <valuablebook nodeId="45" openTips="&quot;Lv.50,sẽ mở|{d181ff●HT Báu vật}&quot;" descText="{d181ff●G.thiệu Báu vật}|H.thành{ffd700●[Chính]Truy binh Nanohana }Khai mở" iconUrl="baowu1" belly="55500" experence="14000" itemId=""/>
  <valuablebook nodeId="46" openTips="&quot;Lv.50,sẽ mở|{d181ff●HT C.hóa báu vật}&quot;" descText="{d181ff●G.thiệu C.hóa báu vật}|nhận{ffd700●[Chính]Đến Rainbase}Khai mở" iconUrl="baowu2" belly="55500" experence="14000" itemId=""/>
  <valuablebook nodeId="43" openTips="&quot;Lv.50,sẽ mở|{d181ff●AllBlue nuôi cá}&quot;" descText="{d181ff●G.thiệu AllBlue nuôi cá}|H.thành{ffd700●[Chính]Đến Rainbase}Khai mở" iconUrl="allblue01" belly="56000" experence="14000" itemId=""/>
  <valuablebook nodeId="44" openTips="&quot;Lv.60,sẽ mở|{d181ff●Impel Down}&quot;" descText="{d181ff●G.thiệu Impel Down}|H.thành{ffd700●[Chính]Hải tặc tầm bảo 1}Khai mở" iconUrl="tuijincheng1" belly="56500" experence="14000" itemId=""/>
  <valuablebook nodeId="55" openTips="&quot;Lv.70,sẽ mở|{d181ff●Pet phụ thần bí}&quot;" descText="{d181ff●Pet phụ thần bí}|H.thành{ffd700●[Chính]Thần binh tập hợp} mở" iconUrl="shenmifuchong" belly="57000" experence="14500" itemId=""/>
  <valuablebook nodeId="50" openTips="&quot;Lv.80,sẽ mở|{d181ff●Huyết chiến đến cùng}&quot;" descText="{d181ff●Huyết chiến đến cùng}|H.thành{ffd700●[Chính]Ám sát Iceburg} mở" iconUrl="dingshangxuezhan" belly="57000" experence="14500" itemId=""/>
  <valuablebook nodeId="51" openTips="&quot;Lv.82,sẽ mở|{d181ff●Nâng cấp Trận hình}&quot;" descText="{d181ff●Nâng cấp Trận hình}|H.thành{ffd700●[Chính]CP9 xuất hiện} mở" iconUrl="zhenxingshengjie" belly="56500" experence="15000" itemId=""/>
  <valuablebook nodeId="41" openTips="&quot;Lv.90, sẽ mở|{d181ff●AllBlue thu thập}&quot;" descText="{d181ff●G.thiệu AllBlue thu thập}|H.thành{ffd700●[Chính]Hươu cao cổ vuông}Khai mở" iconUrl="allblue" belly="57000" experence="14500" itemId=""/>
  <valuablebook nodeId="48" openTips="&quot;Lv.95,sẽ mở|{d182ff●Đ.ngục Dung luyện}&quot;" descText="{d181ff●G.thiệu Đ.ngục Dung luyện}|H.thành{ffd700●[Chính]Song thai cầu hợp thể} khai mở" iconUrl="rongliandiyu" belly="57500" experence="15000" itemId=""/>
  <valuablebook nodeId="49" openTips="&quot;Lv.97,sẽ mở|{d181ff●Mê trận B.thạch}&quot;" descText="&quot;{d181ff●G.thiệu Mê trận B.thạch}|H.thành{ffd700●[Chính]Zom, zombie} khai mở&quot;" iconUrl="baoshimizhen" belly="57500" experence="15000" itemId=""/>
  <valuablebook nodeId="52" openTips="&quot;Lv.99,sẽ mở|{d181ff●Tấn công Hải quân}&quot;" descText="{d181ff●Tấn công Hải quân}|H.thành {ffd700●[chính] Sân Perona} khai mở" iconUrl="jinjidehaijun" belly="58000" experence="16500" itemId=""/>
  <valuablebook nodeId="53" openTips="&quot;Lv.100,sẽ mở|{d181ff●Vùng biển thần bí}&quot;" descText="{d181ff●Vùng biển Thần bí}|H.thành {ffd700●[chính] Nhược điểm của Zombie} khai mở" iconUrl="shenmihaiyu" belly="58000" experence="16500" itemId=""/>
  <valuablebook nodeId="54" openTips="&quot;Lv.101,sẽ mở|{d181ff●Hệ thống Haki}&quot;" descText="{d181ff●Hệ thống Haki}|H.thành {ffd700●[Chính] Bốc phét và tiêu cực} khai mở" iconUrl="baqixitong" belly="58500" experence="17000" itemId=""/>
  <valuablebook nodeId="56" openTips="&quot;Lv.102,sẽ mở|{d181ff●Hệ thống Hải Hồn}&quot;" descText="{d181ff●Hệ thống Hải Hồn}|H.thành{ffd700●[Chính] Ma nhân Oars!} khai mở" iconUrl="haihunxitong" belly="59000" experence="17500" itemId=""/>
  <valuablebook nodeId="58" openTips="&quot;Lv.104,sẽ mở|{d181ff●Thay thế Trận hình}&quot;" descText="{d181ff●Thay thế trận hình}|H.thành{ffd700●[Chính]Fresh Fire!} khai mở" iconUrl="zhenxingtibu" belly="59500" experence="18000" itemId=""/>
  <valuablebook nodeId="61" openTips="&quot;Lv.108,sẽ mở|{d181ff●Hệ thống nguyên tố}&quot;" descText="{d181ff●H.Thống Nguyên Tố}|H.Thành{ffd700●[Chính]Vào đấu giá！}Mở" iconUrl="yuansuxitong" belly="59500" experence="18000" itemId=""/>
  <valuablebook nodeId="62" openTips="&quot;Lv.110,sẽ mở|{d181ff●Khiêu chiến cuối cùng}&quot;" descText="{d181ff●Khiêu chiến cưới cùng}|H.thành {ffd700●[Chính] Sao mới!} khai mở" iconUrl="jiujitiaozhan" belly="59500" experence="18000" itemId=""/>
  <valuablebook nodeId="63" openTips="Lv.111,将开启|{d181ff●精灵系统}" descText="{d181ff●精灵系统}|完成{ffd700●[主]熊的智慧}开启" iconUrl="jinglingxitong" belly="60500" experence="19000" itemId=""/>
  <valuablebook nodeId="60" openTips="&quot;Lv.120, sẽ mở |{d181ff●Haki NV chính}&quot;" descText="{d181ff●Haki NV chính}|H.thành {ffd700●[Chính] Vua hề!} khai mở" iconUrl="zhujuebaqi" belly="60000" experence="18500" itemId=""/>
</root>