<root>
  <worldNeptuneValue nepLevel="1" physique="16500" attack="5000" defence="1" life="1" canUp="1"/>
  <worldNeptuneValue nepLevel="2" physique="16550" attack="5100" defence="1" life="1" canUp="1"/>
  <worldNeptuneValue nepLevel="3" physique="16600" attack="5200" defence="1" life="1" canUp="1"/>
  <worldNeptuneValue nepLevel="4" physique="16650" attack="5300" defence="1" life="1" canUp="1"/>
  <worldNeptuneValue nepLevel="5" physique="16700" attack="5400" defence="1" life="1" canUp="1"/>
  <worldNeptuneValue nepLevel="6" physique="16750" attack="5500" defence="1" life="1" canUp="1"/>
  <worldNeptuneValue nepLevel="7" physique="16850" attack="5700" defence="1" life="1" canUp="1"/>
  <worldNeptuneValue nepLevel="8" physique="16950" attack="5900" defence="1" life="1" canUp="1"/>
  <worldNeptuneValue nepLevel="9" physique="17050" attack="6100" defence="1" life="1" canUp="1"/>
  <worldNeptuneValue nepLevel="10" physique="17150" attack="6300" defence="1" life="1" canUp="0"/>
  <worldNeptuneValue nepLevel="11" physique="17250" attack="6500" defence="1" life="1" canUp="1"/>
  <worldNeptuneValue nepLevel="12" physique="17400" attack="6800" defence="1" life="1" canUp="1"/>
  <worldNeptuneValue nepLevel="13" physique="17550" attack="7100" defence="1" life="1" canUp="1"/>
  <worldNeptuneValue nepLevel="14" physique="17700" attack="7400" defence="1" life="1" canUp="1"/>
  <worldNeptuneValue nepLevel="15" physique="17850" attack="7700" defence="1" life="1" canUp="1"/>
  <worldNeptuneValue nepLevel="16" physique="18050" attack="8100" defence="1" life="1" canUp="1"/>
  <worldNeptuneValue nepLevel="17" physique="18250" attack="8500" defence="1" life="1" canUp="1"/>
  <worldNeptuneValue nepLevel="18" physique="18500" attack="9000" defence="1" life="1" canUp="1"/>
  <worldNeptuneValue nepLevel="19" physique="18750" attack="9500" defence="1" life="1" canUp="1"/>
  <worldNeptuneValue nepLevel="20" physique="19050" attack="10100" defence="1" life="1" canUp="0"/>
  <worldNeptuneValue nepLevel="21" physique="19350" attack="10700" defence="1" life="1" canUp="1"/>
  <worldNeptuneValue nepLevel="22" physique="19700" attack="11400" defence="1" life="1" canUp="1"/>
  <worldNeptuneValue nepLevel="23" physique="20050" attack="12100" defence="1" life="1" canUp="1"/>
  <worldNeptuneValue nepLevel="24" physique="20450" attack="12900" defence="1" life="1" canUp="1"/>
  <worldNeptuneValue nepLevel="25" physique="20900" attack="13800" defence="1" life="1" canUp="1"/>
  <worldNeptuneValue nepLevel="26" physique="21400" attack="14800" defence="1" life="1" canUp="1"/>
  <worldNeptuneValue nepLevel="27" physique="21950" attack="15900" defence="1" life="1" canUp="1"/>
  <worldNeptuneValue nepLevel="28" physique="22550" attack="17100" defence="1" life="1" canUp="1"/>
  <worldNeptuneValue nepLevel="29" physique="23200" attack="18400" defence="1" life="1" canUp="1"/>
  <worldNeptuneValue nepLevel="30" physique="23900" attack="19800" defence="1" life="1" canUp="0"/>
  <worldNeptuneValue nepLevel="31" physique="24700" attack="21400" defence="1" life="1" canUp="1"/>
  <worldNeptuneValue nepLevel="32" physique="25550" attack="23100" defence="1" life="1" canUp="1"/>
  <worldNeptuneValue nepLevel="33" physique="26500" attack="25000" defence="1" life="1" canUp="1"/>
  <worldNeptuneValue nepLevel="34" physique="27550" attack="27100" defence="1" life="1" canUp="1"/>
  <worldNeptuneValue nepLevel="35" physique="28700" attack="29400" defence="1" life="1" canUp="1"/>
  <worldNeptuneValue nepLevel="36" physique="29950" attack="31900" defence="1" life="1" canUp="1"/>
  <worldNeptuneValue nepLevel="37" physique="31350" attack="34700" defence="1" life="1" canUp="1"/>
  <worldNeptuneValue nepLevel="38" physique="32900" attack="37800" defence="1" life="1" canUp="1"/>
  <worldNeptuneValue nepLevel="39" physique="34600" attack="41200" defence="1" life="1" canUp="1"/>
  <worldNeptuneValue nepLevel="40" physique="36450" attack="44900" defence="1" life="1" canUp="0"/>
  <worldNeptuneValue nepLevel="41" physique="38500" attack="49000" defence="1" life="1" canUp="1"/>
  <worldNeptuneValue nepLevel="42" physique="40750" attack="53500" defence="1" life="1" canUp="1"/>
  <worldNeptuneValue nepLevel="43" physique="43250" attack="58500" defence="1" life="1" canUp="1"/>
  <worldNeptuneValue nepLevel="44" physique="46000" attack="64000" defence="1" life="1" canUp="1"/>
  <worldNeptuneValue nepLevel="45" physique="49000" attack="70000" defence="1" life="1" canUp="1"/>
  <worldNeptuneValue nepLevel="46" physique="52300" attack="76600" defence="1" life="1" canUp="1"/>
  <worldNeptuneValue nepLevel="47" physique="55950" attack="83900" defence="1" life="1" canUp="1"/>
  <worldNeptuneValue nepLevel="48" physique="59950" attack="91900" defence="1" life="1" canUp="1"/>
  <worldNeptuneValue nepLevel="49" physique="64350" attack="100700" defence="1" life="1" canUp="1"/>
  <worldNeptuneValue nepLevel="50" physique="69200" attack="110400" defence="1" life="1" canUp="1"/>
  <worldNeptuneValue nepLevel="51" physique="74200" attack="120400" defence="1" life="1" canUp="1"/>
  <worldNeptuneValue nepLevel="52" physique="79700" attack="131400" defence="1" life="1" canUp="1"/>
  <worldNeptuneValue nepLevel="53" physique="85750" attack="143500" defence="1" life="1" canUp="1"/>
  <worldNeptuneValue nepLevel="54" physique="92400" attack="156800" defence="1" life="1" canUp="1"/>
  <worldNeptuneValue nepLevel="55" physique="99700" attack="171400" defence="1" life="1" canUp="1"/>
  <worldNeptuneValue nepLevel="56" physique="107750" attack="187500" defence="1" life="1" canUp="1"/>
  <worldNeptuneValue nepLevel="57" physique="116600" attack="205200" defence="1" life="1" canUp="1"/>
  <worldNeptuneValue nepLevel="58" physique="126350" attack="224700" defence="1" life="1" canUp="1"/>
  <worldNeptuneValue nepLevel="59" physique="137050" attack="246100" defence="1" life="1" canUp="1"/>
  <worldNeptuneValue nepLevel="60" physique="148850" attack="269700" defence="1" life="1" canUp="1"/>
  <worldNeptuneValue nepLevel="61" physique="161800" attack="295600" defence="1" life="1" canUp="1"/>
  <worldNeptuneValue nepLevel="62" physique="176050" attack="324100" defence="1" life="1" canUp="1"/>
  <worldNeptuneValue nepLevel="63" physique="191750" attack="355500" defence="1" life="1" canUp="1"/>
  <worldNeptuneValue nepLevel="64" physique="209000" attack="390000" defence="1" life="1" canUp="1"/>
  <worldNeptuneValue nepLevel="65" physique="228000" attack="428000" defence="1" life="1" canUp="1"/>
  <worldNeptuneValue nepLevel="66" physique="248900" attack="469800" defence="1" life="1" canUp="1"/>
  <worldNeptuneValue nepLevel="67" physique="271850" attack="515700" defence="1" life="1" canUp="1"/>
  <worldNeptuneValue nepLevel="68" physique="297100" attack="566200" defence="1" life="1" canUp="1"/>
  <worldNeptuneValue nepLevel="69" physique="324900" attack="621800" defence="1" life="1" canUp="1"/>
  <worldNeptuneValue nepLevel="70" physique="355450" attack="682900" defence="1" life="1" canUp="1"/>
  <worldNeptuneValue nepLevel="71" physique="389100" attack="750200" defence="1" life="1" canUp="1"/>
  <worldNeptuneValue nepLevel="72" physique="426100" attack="824200" defence="1" life="1" canUp="1"/>
  <worldNeptuneValue nepLevel="73" physique="466800" attack="905600" defence="1" life="1" canUp="1"/>
  <worldNeptuneValue nepLevel="74" physique="511550" attack="995100" defence="1" life="1" canUp="1"/>
  <worldNeptuneValue nepLevel="75" physique="560800" attack="1093600" defence="1" life="1" canUp="1"/>
  <worldNeptuneValue nepLevel="76" physique="614950" attack="1201900" defence="1" life="1" canUp="1"/>
  <worldNeptuneValue nepLevel="77" physique="674550" attack="1321100" defence="1" life="1" canUp="1"/>
  <worldNeptuneValue nepLevel="78" physique="740100" attack="1452200" defence="1" life="1" canUp="1"/>
  <worldNeptuneValue nepLevel="79" physique="812200" attack="1596400" defence="1" life="1" canUp="1"/>
  <worldNeptuneValue nepLevel="80" physique="891500" attack="1755000" defence="1" life="1" canUp="1"/>
  <worldNeptuneValue nepLevel="81" physique="978750" attack="1929500" defence="1" life="1" canUp="1"/>
  <worldNeptuneValue nepLevel="82" physique="1074700" attack="2121400" defence="1" life="1" canUp="1"/>
  <worldNeptuneValue nepLevel="83" physique="1180250" attack="2332500" defence="1" life="1" canUp="1"/>
  <worldNeptuneValue nepLevel="84" physique="1296350" attack="2564700" defence="1" life="1" canUp="1"/>
  <worldNeptuneValue nepLevel="85" physique="1424050" attack="2820100" defence="1" life="1" canUp="1"/>
  <worldNeptuneValue nepLevel="86" physique="1564550" attack="3101100" defence="1" life="1" canUp="1"/>
  <worldNeptuneValue nepLevel="87" physique="1719100" attack="3410200" defence="1" life="1" canUp="1"/>
  <worldNeptuneValue nepLevel="88" physique="1889100" attack="3750200" defence="1" life="1" canUp="1"/>
  <worldNeptuneValue nepLevel="89" physique="2076100" attack="4124200" defence="1" life="1" canUp="1"/>
  <worldNeptuneValue nepLevel="90" physique="2281800" attack="4535600" defence="1" life="1" canUp="1"/>
  <worldNeptuneValue nepLevel="91" physique="2508050" attack="4988100" defence="1" life="1" canUp="1"/>
  <worldNeptuneValue nepLevel="92" physique="2756950" attack="5485900" defence="1" life="1" canUp="1"/>
  <worldNeptuneValue nepLevel="93" physique="3030750" attack="6033500" defence="1" life="1" canUp="1"/>
  <worldNeptuneValue nepLevel="94" physique="3331900" attack="6635800" defence="1" life="1" canUp="1"/>
  <worldNeptuneValue nepLevel="95" physique="3663150" attack="7298300" defence="1" life="1" canUp="1"/>
  <worldNeptuneValue nepLevel="96" physique="4027550" attack="8027100" defence="1" life="1" canUp="1"/>
  <worldNeptuneValue nepLevel="97" physique="4428400" attack="8828800" defence="1" life="1" canUp="1"/>
  <worldNeptuneValue nepLevel="98" physique="4869300" attack="9710600" defence="1" life="1" canUp="1"/>
  <worldNeptuneValue nepLevel="99" physique="5354300" attack="10680600" defence="1" life="1" canUp="1"/>
  <worldNeptuneValue nepLevel="100" physique="5887800" attack="11747600" defence="1" life="1" canUp="0"/>
</root>