<root>
  <worldBoat_shop id="1" itemTempId="70613" getNum="1" consumeHonour="8000" needPrestige="0" neeLevel="100" limitTime="1" canBatch="0" type="1" preId="" showId="1"/>
  <worldBoat_shop id="2" itemTempId="70611" getNum="1" consumeHonour="12000" needPrestige="0" neeLevel="105" limitTime="1" canBatch="0" type="1" preId="1" showId="2"/>
  <worldBoat_shop id="3" itemTempId="70612" getNum="1" consumeHonour="15000" needPrestige="0" neeLevel="115" limitTime="1" canBatch="0" type="1" preId="2" showId="3"/>
  <worldBoat_shop id="4" itemTempId="129004" getNum="1" consumeHonour="4000" needPrestige="0" neeLevel="1" limitTime="1" canBatch="0" type="2" preId="" showId="4"/>
  <worldBoat_shop id="5" itemTempId="76004" getNum="1" consumeHonour="100" needPrestige="0" neeLevel="1" limitTime="0" canBatch="1" type="2" preId="" showId="5"/>
  <worldBoat_shop id="6" itemTempId="76005" getNum="1" consumeHonour="100" needPrestige="0" neeLevel="1" limitTime="0" canBatch="1" type="2" preId="" showId="6"/>
  <worldBoat_shop id="7" itemTempId="76006" getNum="1" consumeHonour="100" needPrestige="0" neeLevel="1" limitTime="0" canBatch="1" type="2" preId="" showId="7"/>
  <worldBoat_shop id="8" itemTempId="73006" getNum="1" consumeHonour="150" needPrestige="0" neeLevel="1" limitTime="0" canBatch="1" type="2" preId="" showId="8"/>
  <worldBoat_shop id="9" itemTempId="50013" getNum="1" consumeHonour="300" needPrestige="0" neeLevel="1" limitTime="0" canBatch="1" type="2" preId="" showId="9"/>
  <worldBoat_shop id="10" itemTempId="70802" getNum="1" consumeHonour="160" needPrestige="0" neeLevel="1" limitTime="0" canBatch="1" type="2" preId="" showId="10"/>
</root>