<root>
  <worldBoat_reward id="1" rank="1" belly="5000" experience="0" gold="0" prestige="600" execution="0" items="" resource="1300"/>
  <worldBoat_reward id="2" rank="2" belly="4500" experience="0" gold="0" prestige="550" execution="0" items="" resource="1150"/>
  <worldBoat_reward id="3" rank="3" belly="4000" experience="0" gold="0" prestige="500" execution="0" items="" resource="1000"/>
  <worldBoat_reward id="4" rank="4" belly="3750" experience="0" gold="0" prestige="475" execution="0" items="" resource="975"/>
  <worldBoat_reward id="5" rank="5" belly="3500" experience="0" gold="0" prestige="450" execution="0" items="" resource="950"/>
  <worldBoat_reward id="6" rank="6" belly="3250" experience="0" gold="0" prestige="425" execution="0" items="" resource="925"/>
  <worldBoat_reward id="7" rank="7" belly="3000" experience="0" gold="0" prestige="400" execution="0" items="" resource="900"/>
  <worldBoat_reward id="8" rank="8" belly="2750" experience="0" gold="0" prestige="375" execution="0" items="" resource="875"/>
  <worldBoat_reward id="9" rank="9" belly="2500" experience="0" gold="0" prestige="350" execution="0" items="" resource="850"/>
  <worldBoat_reward id="10" rank="10" belly="2250" experience="0" gold="0" prestige="325" execution="0" items="" resource="825"/>
  <worldBoat_reward id="11" rank="11" belly="2200" experience="0" gold="0" prestige="322" execution="0" items="" resource="815"/>
  <worldBoat_reward id="12" rank="12" belly="2150" experience="0" gold="0" prestige="320" execution="0" items="" resource="805"/>
  <worldBoat_reward id="13" rank="13" belly="2100" experience="0" gold="0" prestige="317" execution="0" items="" resource="795"/>
  <worldBoat_reward id="14" rank="14" belly="2050" experience="0" gold="0" prestige="315" execution="0" items="" resource="785"/>
  <worldBoat_reward id="15" rank="15" belly="2000" experience="0" gold="0" prestige="312" execution="0" items="" resource="775"/>
  <worldBoat_reward id="16" rank="16" belly="1950" experience="0" gold="0" prestige="310" execution="0" items="" resource="765"/>
  <worldBoat_reward id="17" rank="17" belly="1900" experience="0" gold="0" prestige="307" execution="0" items="" resource="755"/>
  <worldBoat_reward id="18" rank="18" belly="1850" experience="0" gold="0" prestige="305" execution="0" items="" resource="745"/>
  <worldBoat_reward id="19" rank="19" belly="1800" experience="0" gold="0" prestige="302" execution="0" items="" resource="735"/>
  <worldBoat_reward id="20" rank="20" belly="1750" experience="0" gold="0" prestige="300" execution="0" items="" resource="725"/>
  <worldBoat_reward id="21" rank="21" belly="1700" experience="0" gold="0" prestige="297" execution="0" items="" resource="715"/>
  <worldBoat_reward id="22" rank="22" belly="1650" experience="0" gold="0" prestige="295" execution="0" items="" resource="705"/>
  <worldBoat_reward id="23" rank="23" belly="1600" experience="0" gold="0" prestige="292" execution="0" items="" resource="695"/>
  <worldBoat_reward id="24" rank="24" belly="1550" experience="0" gold="0" prestige="290" execution="0" items="" resource="685"/>
  <worldBoat_reward id="25" rank="25" belly="1500" experience="0" gold="0" prestige="287" execution="0" items="" resource="675"/>
  <worldBoat_reward id="26" rank="26" belly="1450" experience="0" gold="0" prestige="285" execution="0" items="" resource="665"/>
  <worldBoat_reward id="27" rank="27" belly="1400" experience="0" gold="0" prestige="282" execution="0" items="" resource="655"/>
  <worldBoat_reward id="28" rank="28" belly="1350" experience="0" gold="0" prestige="280" execution="0" items="" resource="645"/>
  <worldBoat_reward id="29" rank="29" belly="1300" experience="0" gold="0" prestige="277" execution="0" items="" resource="635"/>
  <worldBoat_reward id="30" rank="30" belly="1250" experience="0" gold="0" prestige="275" execution="0" items="" resource="625"/>
  <worldBoat_reward id="31" rank="31" belly="1225" experience="0" gold="0" prestige="272" execution="0" items="" resource="620"/>
  <worldBoat_reward id="32" rank="32" belly="1200" experience="0" gold="0" prestige="270" execution="0" items="" resource="615"/>
  <worldBoat_reward id="33" rank="33" belly="1175" experience="0" gold="0" prestige="267" execution="0" items="" resource="610"/>
  <worldBoat_reward id="34" rank="34" belly="1150" experience="0" gold="0" prestige="265" execution="0" items="" resource="605"/>
  <worldBoat_reward id="35" rank="35" belly="1125" experience="0" gold="0" prestige="262" execution="0" items="" resource="600"/>
  <worldBoat_reward id="36" rank="36" belly="1100" experience="0" gold="0" prestige="260" execution="0" items="" resource="595"/>
  <worldBoat_reward id="37" rank="37" belly="1075" experience="0" gold="0" prestige="257" execution="0" items="" resource="590"/>
  <worldBoat_reward id="38" rank="38" belly="1050" experience="0" gold="0" prestige="255" execution="0" items="" resource="585"/>
  <worldBoat_reward id="39" rank="39" belly="1025" experience="0" gold="0" prestige="252" execution="0" items="" resource="580"/>
  <worldBoat_reward id="40" rank="40" belly="1000" experience="0" gold="0" prestige="250" execution="0" items="" resource="575"/>
  <worldBoat_reward id="41" rank="41" belly="975" experience="0" gold="0" prestige="247" execution="0" items="" resource="570"/>
  <worldBoat_reward id="42" rank="42" belly="950" experience="0" gold="0" prestige="245" execution="0" items="" resource="565"/>
  <worldBoat_reward id="43" rank="43" belly="925" experience="0" gold="0" prestige="242" execution="0" items="" resource="560"/>
  <worldBoat_reward id="44" rank="44" belly="900" experience="0" gold="0" prestige="240" execution="0" items="" resource="555"/>
  <worldBoat_reward id="45" rank="45" belly="875" experience="0" gold="0" prestige="237" execution="0" items="" resource="550"/>
  <worldBoat_reward id="46" rank="46" belly="850" experience="0" gold="0" prestige="235" execution="0" items="" resource="545"/>
  <worldBoat_reward id="47" rank="47" belly="825" experience="0" gold="0" prestige="232" execution="0" items="" resource="540"/>
  <worldBoat_reward id="48" rank="48" belly="800" experience="0" gold="0" prestige="230" execution="0" items="" resource="535"/>
  <worldBoat_reward id="49" rank="49" belly="775" experience="0" gold="0" prestige="227" execution="0" items="" resource="530"/>
  <worldBoat_reward id="50" rank="50" belly="750" experience="0" gold="0" prestige="225" execution="0" items="" resource="525"/>
  <worldBoat_reward id="51" rank="51" belly="745" experience="0" gold="0" prestige="224" execution="0" items="" resource="523"/>
  <worldBoat_reward id="52" rank="52" belly="740" experience="0" gold="0" prestige="223" execution="0" items="" resource="521"/>
  <worldBoat_reward id="53" rank="53" belly="735" experience="0" gold="0" prestige="222" execution="0" items="" resource="519"/>
  <worldBoat_reward id="54" rank="54" belly="730" experience="0" gold="0" prestige="221" execution="0" items="" resource="517"/>
  <worldBoat_reward id="55" rank="55" belly="725" experience="0" gold="0" prestige="220" execution="0" items="" resource="515"/>
  <worldBoat_reward id="56" rank="56" belly="720" experience="0" gold="0" prestige="219" execution="0" items="" resource="513"/>
  <worldBoat_reward id="57" rank="57" belly="715" experience="0" gold="0" prestige="218" execution="0" items="" resource="511"/>
  <worldBoat_reward id="58" rank="58" belly="710" experience="0" gold="0" prestige="217" execution="0" items="" resource="509"/>
  <worldBoat_reward id="59" rank="59" belly="705" experience="0" gold="0" prestige="216" execution="0" items="" resource="507"/>
  <worldBoat_reward id="60" rank="60" belly="700" experience="0" gold="0" prestige="215" execution="0" items="" resource="505"/>
  <worldBoat_reward id="61" rank="61" belly="695" experience="0" gold="0" prestige="214" execution="0" items="" resource="503"/>
  <worldBoat_reward id="62" rank="62" belly="690" experience="0" gold="0" prestige="213" execution="0" items="" resource="501"/>
  <worldBoat_reward id="63" rank="63" belly="685" experience="0" gold="0" prestige="212" execution="0" items="" resource="499"/>
  <worldBoat_reward id="64" rank="64" belly="680" experience="0" gold="0" prestige="211" execution="0" items="" resource="497"/>
  <worldBoat_reward id="65" rank="65" belly="675" experience="0" gold="0" prestige="210" execution="0" items="" resource="495"/>
  <worldBoat_reward id="66" rank="66" belly="670" experience="0" gold="0" prestige="209" execution="0" items="" resource="493"/>
  <worldBoat_reward id="67" rank="67" belly="665" experience="0" gold="0" prestige="208" execution="0" items="" resource="491"/>
  <worldBoat_reward id="68" rank="68" belly="660" experience="0" gold="0" prestige="207" execution="0" items="" resource="489"/>
  <worldBoat_reward id="69" rank="69" belly="655" experience="0" gold="0" prestige="206" execution="0" items="" resource="487"/>
  <worldBoat_reward id="70" rank="70" belly="650" experience="0" gold="0" prestige="205" execution="0" items="" resource="485"/>
  <worldBoat_reward id="71" rank="71" belly="645" experience="0" gold="0" prestige="204" execution="0" items="" resource="484"/>
  <worldBoat_reward id="72" rank="72" belly="640" experience="0" gold="0" prestige="203" execution="0" items="" resource="483"/>
  <worldBoat_reward id="73" rank="73" belly="635" experience="0" gold="0" prestige="202" execution="0" items="" resource="482"/>
  <worldBoat_reward id="74" rank="74" belly="630" experience="0" gold="0" prestige="201" execution="0" items="" resource="481"/>
  <worldBoat_reward id="75" rank="75" belly="625" experience="0" gold="0" prestige="200" execution="0" items="" resource="480"/>
  <worldBoat_reward id="76" rank="76" belly="620" experience="0" gold="0" prestige="199" execution="0" items="" resource="479"/>
  <worldBoat_reward id="77" rank="77" belly="615" experience="0" gold="0" prestige="198" execution="0" items="" resource="478"/>
  <worldBoat_reward id="78" rank="78" belly="610" experience="0" gold="0" prestige="197" execution="0" items="" resource="477"/>
  <worldBoat_reward id="79" rank="79" belly="605" experience="0" gold="0" prestige="196" execution="0" items="" resource="476"/>
  <worldBoat_reward id="80" rank="80" belly="600" experience="0" gold="0" prestige="195" execution="0" items="" resource="475"/>
  <worldBoat_reward id="81" rank="81" belly="595" experience="0" gold="0" prestige="194" execution="0" items="" resource="474"/>
  <worldBoat_reward id="82" rank="82" belly="590" experience="0" gold="0" prestige="193" execution="0" items="" resource="473"/>
  <worldBoat_reward id="83" rank="83" belly="585" experience="0" gold="0" prestige="192" execution="0" items="" resource="472"/>
  <worldBoat_reward id="84" rank="84" belly="580" experience="0" gold="0" prestige="191" execution="0" items="" resource="471"/>
  <worldBoat_reward id="85" rank="85" belly="575" experience="0" gold="0" prestige="190" execution="0" items="" resource="470"/>
  <worldBoat_reward id="86" rank="86" belly="570" experience="0" gold="0" prestige="189" execution="0" items="" resource="469"/>
  <worldBoat_reward id="87" rank="87" belly="565" experience="0" gold="0" prestige="188" execution="0" items="" resource="468"/>
  <worldBoat_reward id="88" rank="88" belly="560" experience="0" gold="0" prestige="187" execution="0" items="" resource="467"/>
  <worldBoat_reward id="89" rank="89" belly="555" experience="0" gold="0" prestige="186" execution="0" items="" resource="466"/>
  <worldBoat_reward id="90" rank="90" belly="550" experience="0" gold="0" prestige="185" execution="0" items="" resource="465"/>
  <worldBoat_reward id="91" rank="91" belly="545" experience="0" gold="0" prestige="184" execution="0" items="" resource="464"/>
  <worldBoat_reward id="92" rank="92" belly="540" experience="0" gold="0" prestige="183" execution="0" items="" resource="463"/>
  <worldBoat_reward id="93" rank="93" belly="535" experience="0" gold="0" prestige="182" execution="0" items="" resource="462"/>
  <worldBoat_reward id="94" rank="94" belly="530" experience="0" gold="0" prestige="181" execution="0" items="" resource="461"/>
  <worldBoat_reward id="95" rank="95" belly="525" experience="0" gold="0" prestige="180" execution="0" items="" resource="460"/>
  <worldBoat_reward id="96" rank="96" belly="520" experience="0" gold="0" prestige="179" execution="0" items="" resource="459"/>
  <worldBoat_reward id="97" rank="97" belly="515" experience="0" gold="0" prestige="178" execution="0" items="" resource="458"/>
  <worldBoat_reward id="98" rank="98" belly="510" experience="0" gold="0" prestige="177" execution="0" items="" resource="457"/>
  <worldBoat_reward id="99" rank="99" belly="505" experience="0" gold="0" prestige="176" execution="0" items="" resource="456"/>
  <worldBoat_reward id="100" rank="100" belly="500" experience="0" gold="0" prestige="175" execution="0" items="" resource="455"/>
  <worldBoat_reward id="101" rank="101" belly="495" experience="0" gold="0" prestige="174" execution="0" items="" resource="440"/>
  <worldBoat_reward id="102" rank="102" belly="492" experience="0" gold="0" prestige="174" execution="0" items="" resource="440"/>
  <worldBoat_reward id="103" rank="103" belly="490" experience="0" gold="0" prestige="174" execution="0" items="" resource="440"/>
  <worldBoat_reward id="104" rank="104" belly="487" experience="0" gold="0" prestige="174" execution="0" items="" resource="440"/>
  <worldBoat_reward id="105" rank="105" belly="485" experience="0" gold="0" prestige="173" execution="0" items="" resource="440"/>
  <worldBoat_reward id="106" rank="106" belly="482" experience="0" gold="0" prestige="173" execution="0" items="" resource="440"/>
  <worldBoat_reward id="107" rank="107" belly="480" experience="0" gold="0" prestige="173" execution="0" items="" resource="440"/>
  <worldBoat_reward id="108" rank="108" belly="477" experience="0" gold="0" prestige="173" execution="0" items="" resource="440"/>
  <worldBoat_reward id="109" rank="109" belly="475" experience="0" gold="0" prestige="172" execution="0" items="" resource="440"/>
  <worldBoat_reward id="110" rank="110" belly="472" experience="0" gold="0" prestige="172" execution="0" items="" resource="440"/>
  <worldBoat_reward id="111" rank="111" belly="470" experience="0" gold="0" prestige="172" execution="0" items="" resource="440"/>
  <worldBoat_reward id="112" rank="112" belly="467" experience="0" gold="0" prestige="172" execution="0" items="" resource="440"/>
  <worldBoat_reward id="113" rank="113" belly="465" experience="0" gold="0" prestige="171" execution="0" items="" resource="440"/>
  <worldBoat_reward id="114" rank="114" belly="462" experience="0" gold="0" prestige="171" execution="0" items="" resource="440"/>
  <worldBoat_reward id="115" rank="115" belly="460" experience="0" gold="0" prestige="171" execution="0" items="" resource="440"/>
  <worldBoat_reward id="116" rank="116" belly="457" experience="0" gold="0" prestige="171" execution="0" items="" resource="440"/>
  <worldBoat_reward id="117" rank="117" belly="455" experience="0" gold="0" prestige="170" execution="0" items="" resource="440"/>
  <worldBoat_reward id="118" rank="118" belly="452" experience="0" gold="0" prestige="170" execution="0" items="" resource="440"/>
  <worldBoat_reward id="119" rank="119" belly="450" experience="0" gold="0" prestige="170" execution="0" items="" resource="440"/>
  <worldBoat_reward id="120" rank="120" belly="447" experience="0" gold="0" prestige="170" execution="0" items="" resource="440"/>
  <worldBoat_reward id="121" rank="121" belly="445" experience="0" gold="0" prestige="169" execution="0" items="" resource="430"/>
  <worldBoat_reward id="122" rank="122" belly="442" experience="0" gold="0" prestige="169" execution="0" items="" resource="430"/>
  <worldBoat_reward id="123" rank="123" belly="440" experience="0" gold="0" prestige="169" execution="0" items="" resource="430"/>
  <worldBoat_reward id="124" rank="124" belly="437" experience="0" gold="0" prestige="169" execution="0" items="" resource="430"/>
  <worldBoat_reward id="125" rank="125" belly="435" experience="0" gold="0" prestige="168" execution="0" items="" resource="430"/>
  <worldBoat_reward id="126" rank="126" belly="432" experience="0" gold="0" prestige="168" execution="0" items="" resource="430"/>
  <worldBoat_reward id="127" rank="127" belly="430" experience="0" gold="0" prestige="168" execution="0" items="" resource="430"/>
  <worldBoat_reward id="128" rank="128" belly="427" experience="0" gold="0" prestige="168" execution="0" items="" resource="430"/>
  <worldBoat_reward id="129" rank="129" belly="425" experience="0" gold="0" prestige="167" execution="0" items="" resource="430"/>
  <worldBoat_reward id="130" rank="130" belly="422" experience="0" gold="0" prestige="167" execution="0" items="" resource="430"/>
  <worldBoat_reward id="131" rank="131" belly="420" experience="0" gold="0" prestige="167" execution="0" items="" resource="430"/>
  <worldBoat_reward id="132" rank="132" belly="417" experience="0" gold="0" prestige="167" execution="0" items="" resource="430"/>
  <worldBoat_reward id="133" rank="133" belly="415" experience="0" gold="0" prestige="166" execution="0" items="" resource="430"/>
  <worldBoat_reward id="134" rank="134" belly="412" experience="0" gold="0" prestige="166" execution="0" items="" resource="430"/>
  <worldBoat_reward id="135" rank="135" belly="410" experience="0" gold="0" prestige="166" execution="0" items="" resource="430"/>
  <worldBoat_reward id="136" rank="136" belly="407" experience="0" gold="0" prestige="166" execution="0" items="" resource="430"/>
  <worldBoat_reward id="137" rank="137" belly="405" experience="0" gold="0" prestige="165" execution="0" items="" resource="430"/>
  <worldBoat_reward id="138" rank="138" belly="402" experience="0" gold="0" prestige="165" execution="0" items="" resource="430"/>
  <worldBoat_reward id="139" rank="139" belly="400" experience="0" gold="0" prestige="165" execution="0" items="" resource="430"/>
  <worldBoat_reward id="140" rank="140" belly="397" experience="0" gold="0" prestige="165" execution="0" items="" resource="430"/>
  <worldBoat_reward id="141" rank="141" belly="395" experience="0" gold="0" prestige="164" execution="0" items="" resource="430"/>
  <worldBoat_reward id="142" rank="142" belly="392" experience="0" gold="0" prestige="164" execution="0" items="" resource="430"/>
  <worldBoat_reward id="143" rank="143" belly="390" experience="0" gold="0" prestige="164" execution="0" items="" resource="430"/>
  <worldBoat_reward id="144" rank="144" belly="387" experience="0" gold="0" prestige="164" execution="0" items="" resource="430"/>
  <worldBoat_reward id="145" rank="145" belly="385" experience="0" gold="0" prestige="163" execution="0" items="" resource="430"/>
  <worldBoat_reward id="146" rank="146" belly="382" experience="0" gold="0" prestige="163" execution="0" items="" resource="430"/>
  <worldBoat_reward id="147" rank="147" belly="380" experience="0" gold="0" prestige="163" execution="0" items="" resource="430"/>
  <worldBoat_reward id="148" rank="148" belly="377" experience="0" gold="0" prestige="163" execution="0" items="" resource="430"/>
  <worldBoat_reward id="149" rank="149" belly="375" experience="0" gold="0" prestige="162" execution="0" items="" resource="430"/>
  <worldBoat_reward id="150" rank="150" belly="372" experience="0" gold="0" prestige="162" execution="0" items="" resource="430"/>
  <worldBoat_reward id="151" rank="151" belly="370" experience="0" gold="0" prestige="162" execution="0" items="" resource="420"/>
  <worldBoat_reward id="152" rank="152" belly="367" experience="0" gold="0" prestige="162" execution="0" items="" resource="420"/>
  <worldBoat_reward id="153" rank="153" belly="365" experience="0" gold="0" prestige="161" execution="0" items="" resource="420"/>
  <worldBoat_reward id="154" rank="154" belly="362" experience="0" gold="0" prestige="161" execution="0" items="" resource="420"/>
  <worldBoat_reward id="155" rank="155" belly="360" experience="0" gold="0" prestige="161" execution="0" items="" resource="420"/>
  <worldBoat_reward id="156" rank="156" belly="357" experience="0" gold="0" prestige="161" execution="0" items="" resource="420"/>
  <worldBoat_reward id="157" rank="157" belly="355" experience="0" gold="0" prestige="160" execution="0" items="" resource="420"/>
  <worldBoat_reward id="158" rank="158" belly="352" experience="0" gold="0" prestige="160" execution="0" items="" resource="420"/>
  <worldBoat_reward id="159" rank="159" belly="350" experience="0" gold="0" prestige="160" execution="0" items="" resource="420"/>
  <worldBoat_reward id="160" rank="160" belly="347" experience="0" gold="0" prestige="160" execution="0" items="" resource="420"/>
  <worldBoat_reward id="161" rank="161" belly="345" experience="0" gold="0" prestige="159" execution="0" items="" resource="420"/>
  <worldBoat_reward id="162" rank="162" belly="342" experience="0" gold="0" prestige="159" execution="0" items="" resource="420"/>
  <worldBoat_reward id="163" rank="163" belly="340" experience="0" gold="0" prestige="159" execution="0" items="" resource="420"/>
  <worldBoat_reward id="164" rank="164" belly="337" experience="0" gold="0" prestige="159" execution="0" items="" resource="420"/>
  <worldBoat_reward id="165" rank="165" belly="335" experience="0" gold="0" prestige="158" execution="0" items="" resource="420"/>
  <worldBoat_reward id="166" rank="166" belly="332" experience="0" gold="0" prestige="158" execution="0" items="" resource="420"/>
  <worldBoat_reward id="167" rank="167" belly="330" experience="0" gold="0" prestige="158" execution="0" items="" resource="420"/>
  <worldBoat_reward id="168" rank="168" belly="327" experience="0" gold="0" prestige="158" execution="0" items="" resource="420"/>
  <worldBoat_reward id="169" rank="169" belly="325" experience="0" gold="0" prestige="157" execution="0" items="" resource="420"/>
  <worldBoat_reward id="170" rank="170" belly="322" experience="0" gold="0" prestige="157" execution="0" items="" resource="420"/>
  <worldBoat_reward id="171" rank="171" belly="320" experience="0" gold="0" prestige="157" execution="0" items="" resource="420"/>
  <worldBoat_reward id="172" rank="172" belly="317" experience="0" gold="0" prestige="157" execution="0" items="" resource="420"/>
  <worldBoat_reward id="173" rank="173" belly="315" experience="0" gold="0" prestige="156" execution="0" items="" resource="420"/>
  <worldBoat_reward id="174" rank="174" belly="312" experience="0" gold="0" prestige="156" execution="0" items="" resource="420"/>
  <worldBoat_reward id="175" rank="175" belly="310" experience="0" gold="0" prestige="156" execution="0" items="" resource="420"/>
  <worldBoat_reward id="176" rank="176" belly="307" experience="0" gold="0" prestige="156" execution="0" items="" resource="420"/>
  <worldBoat_reward id="177" rank="177" belly="305" experience="0" gold="0" prestige="155" execution="0" items="" resource="420"/>
  <worldBoat_reward id="178" rank="178" belly="302" experience="0" gold="0" prestige="155" execution="0" items="" resource="420"/>
  <worldBoat_reward id="179" rank="179" belly="300" experience="0" gold="0" prestige="155" execution="0" items="" resource="420"/>
  <worldBoat_reward id="180" rank="180" belly="297" experience="0" gold="0" prestige="155" execution="0" items="" resource="420"/>
  <worldBoat_reward id="181" rank="181" belly="295" experience="0" gold="0" prestige="154" execution="0" items="" resource="410"/>
  <worldBoat_reward id="182" rank="182" belly="292" experience="0" gold="0" prestige="154" execution="0" items="" resource="410"/>
  <worldBoat_reward id="183" rank="183" belly="290" experience="0" gold="0" prestige="154" execution="0" items="" resource="410"/>
  <worldBoat_reward id="184" rank="184" belly="287" experience="0" gold="0" prestige="154" execution="0" items="" resource="410"/>
  <worldBoat_reward id="185" rank="185" belly="285" experience="0" gold="0" prestige="153" execution="0" items="" resource="410"/>
  <worldBoat_reward id="186" rank="186" belly="282" experience="0" gold="0" prestige="153" execution="0" items="" resource="410"/>
  <worldBoat_reward id="187" rank="187" belly="280" experience="0" gold="0" prestige="153" execution="0" items="" resource="410"/>
  <worldBoat_reward id="188" rank="188" belly="277" experience="0" gold="0" prestige="153" execution="0" items="" resource="410"/>
  <worldBoat_reward id="189" rank="189" belly="275" experience="0" gold="0" prestige="152" execution="0" items="" resource="410"/>
  <worldBoat_reward id="190" rank="190" belly="272" experience="0" gold="0" prestige="152" execution="0" items="" resource="410"/>
  <worldBoat_reward id="191" rank="191" belly="270" experience="0" gold="0" prestige="152" execution="0" items="" resource="400"/>
  <worldBoat_reward id="192" rank="192" belly="267" experience="0" gold="0" prestige="152" execution="0" items="" resource="400"/>
  <worldBoat_reward id="193" rank="193" belly="265" experience="0" gold="0" prestige="151" execution="0" items="" resource="400"/>
  <worldBoat_reward id="194" rank="194" belly="262" experience="0" gold="0" prestige="151" execution="0" items="" resource="400"/>
  <worldBoat_reward id="195" rank="195" belly="260" experience="0" gold="0" prestige="151" execution="0" items="" resource="400"/>
  <worldBoat_reward id="196" rank="196" belly="257" experience="0" gold="0" prestige="151" execution="0" items="" resource="400"/>
  <worldBoat_reward id="197" rank="197" belly="255" experience="0" gold="0" prestige="150" execution="0" items="" resource="400"/>
  <worldBoat_reward id="198" rank="198" belly="252" experience="0" gold="0" prestige="150" execution="0" items="" resource="400"/>
  <worldBoat_reward id="199" rank="199" belly="250" experience="0" gold="0" prestige="150" execution="0" items="" resource="400"/>
  <worldBoat_reward id="200" rank="200" belly="247" experience="0" gold="0" prestige="150" execution="0" items="" resource="400"/>
  <worldBoat_reward id="201" rank="201" belly="222" experience="0" gold="0" prestige="149" execution="0" items="" resource="395"/>
  <worldBoat_reward id="202" rank="202" belly="247" experience="0" gold="0" prestige="149" execution="0" items="" resource="395"/>
  <worldBoat_reward id="203" rank="203" belly="247" experience="0" gold="0" prestige="149" execution="0" items="" resource="395"/>
  <worldBoat_reward id="204" rank="204" belly="247" experience="0" gold="0" prestige="149" execution="0" items="" resource="395"/>
  <worldBoat_reward id="205" rank="205" belly="247" experience="0" gold="0" prestige="149" execution="0" items="" resource="395"/>
  <worldBoat_reward id="206" rank="206" belly="246" experience="0" gold="0" prestige="149" execution="0" items="" resource="395"/>
  <worldBoat_reward id="207" rank="207" belly="246" experience="0" gold="0" prestige="149" execution="0" items="" resource="395"/>
  <worldBoat_reward id="208" rank="208" belly="246" experience="0" gold="0" prestige="149" execution="0" items="" resource="395"/>
  <worldBoat_reward id="209" rank="209" belly="246" experience="0" gold="0" prestige="149" execution="0" items="" resource="395"/>
  <worldBoat_reward id="210" rank="210" belly="246" experience="0" gold="0" prestige="149" execution="0" items="" resource="395"/>
  <worldBoat_reward id="211" rank="211" belly="246" experience="0" gold="0" prestige="148" execution="0" items="" resource="395"/>
  <worldBoat_reward id="212" rank="212" belly="246" experience="0" gold="0" prestige="148" execution="0" items="" resource="395"/>
  <worldBoat_reward id="213" rank="213" belly="246" experience="0" gold="0" prestige="148" execution="0" items="" resource="395"/>
  <worldBoat_reward id="214" rank="214" belly="246" experience="0" gold="0" prestige="148" execution="0" items="" resource="395"/>
  <worldBoat_reward id="215" rank="215" belly="246" experience="0" gold="0" prestige="148" execution="0" items="" resource="395"/>
  <worldBoat_reward id="216" rank="216" belly="245" experience="0" gold="0" prestige="148" execution="0" items="" resource="395"/>
  <worldBoat_reward id="217" rank="217" belly="245" experience="0" gold="0" prestige="148" execution="0" items="" resource="395"/>
  <worldBoat_reward id="218" rank="218" belly="245" experience="0" gold="0" prestige="148" execution="0" items="" resource="395"/>
  <worldBoat_reward id="219" rank="219" belly="245" experience="0" gold="0" prestige="148" execution="0" items="" resource="395"/>
  <worldBoat_reward id="220" rank="220" belly="245" experience="0" gold="0" prestige="148" execution="0" items="" resource="395"/>
  <worldBoat_reward id="221" rank="221" belly="245" experience="0" gold="0" prestige="147" execution="0" items="" resource="395"/>
  <worldBoat_reward id="222" rank="222" belly="245" experience="0" gold="0" prestige="147" execution="0" items="" resource="395"/>
  <worldBoat_reward id="223" rank="223" belly="245" experience="0" gold="0" prestige="147" execution="0" items="" resource="395"/>
  <worldBoat_reward id="224" rank="224" belly="245" experience="0" gold="0" prestige="147" execution="0" items="" resource="395"/>
  <worldBoat_reward id="225" rank="225" belly="245" experience="0" gold="0" prestige="147" execution="0" items="" resource="395"/>
  <worldBoat_reward id="226" rank="226" belly="244" experience="0" gold="0" prestige="147" execution="0" items="" resource="395"/>
  <worldBoat_reward id="227" rank="227" belly="244" experience="0" gold="0" prestige="147" execution="0" items="" resource="395"/>
  <worldBoat_reward id="228" rank="228" belly="244" experience="0" gold="0" prestige="147" execution="0" items="" resource="395"/>
  <worldBoat_reward id="229" rank="229" belly="244" experience="0" gold="0" prestige="147" execution="0" items="" resource="395"/>
  <worldBoat_reward id="230" rank="230" belly="244" experience="0" gold="0" prestige="147" execution="0" items="" resource="395"/>
  <worldBoat_reward id="231" rank="231" belly="244" experience="0" gold="0" prestige="146" execution="0" items="" resource="395"/>
  <worldBoat_reward id="232" rank="232" belly="244" experience="0" gold="0" prestige="146" execution="0" items="" resource="395"/>
  <worldBoat_reward id="233" rank="233" belly="244" experience="0" gold="0" prestige="146" execution="0" items="" resource="395"/>
  <worldBoat_reward id="234" rank="234" belly="244" experience="0" gold="0" prestige="146" execution="0" items="" resource="395"/>
  <worldBoat_reward id="235" rank="235" belly="244" experience="0" gold="0" prestige="146" execution="0" items="" resource="395"/>
  <worldBoat_reward id="236" rank="236" belly="243" experience="0" gold="0" prestige="146" execution="0" items="" resource="395"/>
  <worldBoat_reward id="237" rank="237" belly="243" experience="0" gold="0" prestige="146" execution="0" items="" resource="395"/>
  <worldBoat_reward id="238" rank="238" belly="243" experience="0" gold="0" prestige="146" execution="0" items="" resource="395"/>
  <worldBoat_reward id="239" rank="239" belly="243" experience="0" gold="0" prestige="146" execution="0" items="" resource="395"/>
  <worldBoat_reward id="240" rank="240" belly="243" experience="0" gold="0" prestige="146" execution="0" items="" resource="395"/>
  <worldBoat_reward id="241" rank="241" belly="243" experience="0" gold="0" prestige="145" execution="0" items="" resource="395"/>
  <worldBoat_reward id="242" rank="242" belly="243" experience="0" gold="0" prestige="145" execution="0" items="" resource="395"/>
  <worldBoat_reward id="243" rank="243" belly="243" experience="0" gold="0" prestige="145" execution="0" items="" resource="395"/>
  <worldBoat_reward id="244" rank="244" belly="243" experience="0" gold="0" prestige="145" execution="0" items="" resource="395"/>
  <worldBoat_reward id="245" rank="245" belly="243" experience="0" gold="0" prestige="145" execution="0" items="" resource="395"/>
  <worldBoat_reward id="246" rank="246" belly="242" experience="0" gold="0" prestige="145" execution="0" items="" resource="395"/>
  <worldBoat_reward id="247" rank="247" belly="242" experience="0" gold="0" prestige="145" execution="0" items="" resource="395"/>
  <worldBoat_reward id="248" rank="248" belly="242" experience="0" gold="0" prestige="145" execution="0" items="" resource="395"/>
  <worldBoat_reward id="249" rank="249" belly="242" experience="0" gold="0" prestige="145" execution="0" items="" resource="395"/>
  <worldBoat_reward id="250" rank="250" belly="242" experience="0" gold="0" prestige="145" execution="0" items="" resource="395"/>
  <worldBoat_reward id="251" rank="251" belly="242" experience="0" gold="0" prestige="144" execution="0" items="" resource="395"/>
  <worldBoat_reward id="252" rank="252" belly="242" experience="0" gold="0" prestige="144" execution="0" items="" resource="395"/>
  <worldBoat_reward id="253" rank="253" belly="242" experience="0" gold="0" prestige="144" execution="0" items="" resource="395"/>
  <worldBoat_reward id="254" rank="254" belly="242" experience="0" gold="0" prestige="144" execution="0" items="" resource="395"/>
  <worldBoat_reward id="255" rank="255" belly="242" experience="0" gold="0" prestige="144" execution="0" items="" resource="395"/>
  <worldBoat_reward id="256" rank="256" belly="241" experience="0" gold="0" prestige="144" execution="0" items="" resource="395"/>
  <worldBoat_reward id="257" rank="257" belly="241" experience="0" gold="0" prestige="144" execution="0" items="" resource="395"/>
  <worldBoat_reward id="258" rank="258" belly="241" experience="0" gold="0" prestige="144" execution="0" items="" resource="395"/>
  <worldBoat_reward id="259" rank="259" belly="241" experience="0" gold="0" prestige="144" execution="0" items="" resource="395"/>
  <worldBoat_reward id="260" rank="260" belly="241" experience="0" gold="0" prestige="144" execution="0" items="" resource="395"/>
  <worldBoat_reward id="261" rank="261" belly="241" experience="0" gold="0" prestige="143" execution="0" items="" resource="395"/>
  <worldBoat_reward id="262" rank="262" belly="241" experience="0" gold="0" prestige="143" execution="0" items="" resource="395"/>
  <worldBoat_reward id="263" rank="263" belly="241" experience="0" gold="0" prestige="143" execution="0" items="" resource="395"/>
  <worldBoat_reward id="264" rank="264" belly="241" experience="0" gold="0" prestige="143" execution="0" items="" resource="395"/>
  <worldBoat_reward id="265" rank="265" belly="241" experience="0" gold="0" prestige="143" execution="0" items="" resource="395"/>
  <worldBoat_reward id="266" rank="266" belly="240" experience="0" gold="0" prestige="143" execution="0" items="" resource="395"/>
  <worldBoat_reward id="267" rank="267" belly="240" experience="0" gold="0" prestige="143" execution="0" items="" resource="395"/>
  <worldBoat_reward id="268" rank="268" belly="240" experience="0" gold="0" prestige="143" execution="0" items="" resource="395"/>
  <worldBoat_reward id="269" rank="269" belly="240" experience="0" gold="0" prestige="143" execution="0" items="" resource="395"/>
  <worldBoat_reward id="270" rank="270" belly="240" experience="0" gold="0" prestige="143" execution="0" items="" resource="395"/>
  <worldBoat_reward id="271" rank="271" belly="240" experience="0" gold="0" prestige="142" execution="0" items="" resource="395"/>
  <worldBoat_reward id="272" rank="272" belly="240" experience="0" gold="0" prestige="142" execution="0" items="" resource="395"/>
  <worldBoat_reward id="273" rank="273" belly="240" experience="0" gold="0" prestige="142" execution="0" items="" resource="395"/>
  <worldBoat_reward id="274" rank="274" belly="240" experience="0" gold="0" prestige="142" execution="0" items="" resource="395"/>
  <worldBoat_reward id="275" rank="275" belly="240" experience="0" gold="0" prestige="142" execution="0" items="" resource="395"/>
  <worldBoat_reward id="276" rank="276" belly="239" experience="0" gold="0" prestige="142" execution="0" items="" resource="395"/>
  <worldBoat_reward id="277" rank="277" belly="239" experience="0" gold="0" prestige="142" execution="0" items="" resource="395"/>
  <worldBoat_reward id="278" rank="278" belly="239" experience="0" gold="0" prestige="142" execution="0" items="" resource="395"/>
  <worldBoat_reward id="279" rank="279" belly="239" experience="0" gold="0" prestige="142" execution="0" items="" resource="395"/>
  <worldBoat_reward id="280" rank="280" belly="239" experience="0" gold="0" prestige="142" execution="0" items="" resource="395"/>
  <worldBoat_reward id="281" rank="281" belly="239" experience="0" gold="0" prestige="141" execution="0" items="" resource="395"/>
  <worldBoat_reward id="282" rank="282" belly="239" experience="0" gold="0" prestige="141" execution="0" items="" resource="395"/>
  <worldBoat_reward id="283" rank="283" belly="239" experience="0" gold="0" prestige="141" execution="0" items="" resource="395"/>
  <worldBoat_reward id="284" rank="284" belly="239" experience="0" gold="0" prestige="141" execution="0" items="" resource="395"/>
  <worldBoat_reward id="285" rank="285" belly="239" experience="0" gold="0" prestige="141" execution="0" items="" resource="395"/>
  <worldBoat_reward id="286" rank="286" belly="238" experience="0" gold="0" prestige="141" execution="0" items="" resource="395"/>
  <worldBoat_reward id="287" rank="287" belly="238" experience="0" gold="0" prestige="141" execution="0" items="" resource="395"/>
  <worldBoat_reward id="288" rank="288" belly="238" experience="0" gold="0" prestige="141" execution="0" items="" resource="395"/>
  <worldBoat_reward id="289" rank="289" belly="238" experience="0" gold="0" prestige="141" execution="0" items="" resource="395"/>
  <worldBoat_reward id="290" rank="290" belly="238" experience="0" gold="0" prestige="141" execution="0" items="" resource="395"/>
  <worldBoat_reward id="291" rank="291" belly="238" experience="0" gold="0" prestige="140" execution="0" items="" resource="395"/>
  <worldBoat_reward id="292" rank="292" belly="238" experience="0" gold="0" prestige="140" execution="0" items="" resource="395"/>
  <worldBoat_reward id="293" rank="293" belly="238" experience="0" gold="0" prestige="140" execution="0" items="" resource="395"/>
  <worldBoat_reward id="294" rank="294" belly="238" experience="0" gold="0" prestige="140" execution="0" items="" resource="395"/>
  <worldBoat_reward id="295" rank="295" belly="238" experience="0" gold="0" prestige="140" execution="0" items="" resource="395"/>
  <worldBoat_reward id="296" rank="296" belly="237" experience="0" gold="0" prestige="140" execution="0" items="" resource="395"/>
  <worldBoat_reward id="297" rank="297" belly="237" experience="0" gold="0" prestige="140" execution="0" items="" resource="395"/>
  <worldBoat_reward id="298" rank="298" belly="237" experience="0" gold="0" prestige="140" execution="0" items="" resource="395"/>
  <worldBoat_reward id="299" rank="299" belly="237" experience="0" gold="0" prestige="140" execution="0" items="" resource="395"/>
  <worldBoat_reward id="300" rank="300" belly="237" experience="0" gold="0" prestige="140" execution="0" items="" resource="395"/>
  <worldBoat_reward id="301" rank="301" belly="237" experience="0" gold="0" prestige="139" execution="0" items="" resource="390"/>
  <worldBoat_reward id="302" rank="302" belly="237" experience="0" gold="0" prestige="139" execution="0" items="" resource="390"/>
  <worldBoat_reward id="303" rank="303" belly="237" experience="0" gold="0" prestige="139" execution="0" items="" resource="390"/>
  <worldBoat_reward id="304" rank="304" belly="237" experience="0" gold="0" prestige="139" execution="0" items="" resource="390"/>
  <worldBoat_reward id="305" rank="305" belly="237" experience="0" gold="0" prestige="139" execution="0" items="" resource="390"/>
  <worldBoat_reward id="306" rank="306" belly="236" experience="0" gold="0" prestige="139" execution="0" items="" resource="390"/>
  <worldBoat_reward id="307" rank="307" belly="236" experience="0" gold="0" prestige="139" execution="0" items="" resource="390"/>
  <worldBoat_reward id="308" rank="308" belly="236" experience="0" gold="0" prestige="139" execution="0" items="" resource="390"/>
  <worldBoat_reward id="309" rank="309" belly="236" experience="0" gold="0" prestige="139" execution="0" items="" resource="390"/>
  <worldBoat_reward id="310" rank="310" belly="236" experience="0" gold="0" prestige="139" execution="0" items="" resource="390"/>
  <worldBoat_reward id="311" rank="311" belly="236" experience="0" gold="0" prestige="138" execution="0" items="" resource="390"/>
  <worldBoat_reward id="312" rank="312" belly="236" experience="0" gold="0" prestige="138" execution="0" items="" resource="390"/>
  <worldBoat_reward id="313" rank="313" belly="236" experience="0" gold="0" prestige="138" execution="0" items="" resource="390"/>
  <worldBoat_reward id="314" rank="314" belly="236" experience="0" gold="0" prestige="138" execution="0" items="" resource="390"/>
  <worldBoat_reward id="315" rank="315" belly="236" experience="0" gold="0" prestige="138" execution="0" items="" resource="390"/>
  <worldBoat_reward id="316" rank="316" belly="235" experience="0" gold="0" prestige="138" execution="0" items="" resource="390"/>
  <worldBoat_reward id="317" rank="317" belly="235" experience="0" gold="0" prestige="138" execution="0" items="" resource="390"/>
  <worldBoat_reward id="318" rank="318" belly="235" experience="0" gold="0" prestige="138" execution="0" items="" resource="390"/>
  <worldBoat_reward id="319" rank="319" belly="235" experience="0" gold="0" prestige="138" execution="0" items="" resource="390"/>
  <worldBoat_reward id="320" rank="320" belly="235" experience="0" gold="0" prestige="138" execution="0" items="" resource="390"/>
  <worldBoat_reward id="321" rank="321" belly="235" experience="0" gold="0" prestige="137" execution="0" items="" resource="390"/>
  <worldBoat_reward id="322" rank="322" belly="235" experience="0" gold="0" prestige="137" execution="0" items="" resource="390"/>
  <worldBoat_reward id="323" rank="323" belly="235" experience="0" gold="0" prestige="137" execution="0" items="" resource="390"/>
  <worldBoat_reward id="324" rank="324" belly="235" experience="0" gold="0" prestige="137" execution="0" items="" resource="390"/>
  <worldBoat_reward id="325" rank="325" belly="235" experience="0" gold="0" prestige="137" execution="0" items="" resource="390"/>
  <worldBoat_reward id="326" rank="326" belly="234" experience="0" gold="0" prestige="137" execution="0" items="" resource="390"/>
  <worldBoat_reward id="327" rank="327" belly="234" experience="0" gold="0" prestige="137" execution="0" items="" resource="390"/>
  <worldBoat_reward id="328" rank="328" belly="234" experience="0" gold="0" prestige="137" execution="0" items="" resource="390"/>
  <worldBoat_reward id="329" rank="329" belly="234" experience="0" gold="0" prestige="137" execution="0" items="" resource="390"/>
  <worldBoat_reward id="330" rank="330" belly="234" experience="0" gold="0" prestige="137" execution="0" items="" resource="390"/>
  <worldBoat_reward id="331" rank="331" belly="234" experience="0" gold="0" prestige="136" execution="0" items="" resource="390"/>
  <worldBoat_reward id="332" rank="332" belly="234" experience="0" gold="0" prestige="136" execution="0" items="" resource="390"/>
  <worldBoat_reward id="333" rank="333" belly="234" experience="0" gold="0" prestige="136" execution="0" items="" resource="390"/>
  <worldBoat_reward id="334" rank="334" belly="234" experience="0" gold="0" prestige="136" execution="0" items="" resource="390"/>
  <worldBoat_reward id="335" rank="335" belly="234" experience="0" gold="0" prestige="136" execution="0" items="" resource="390"/>
  <worldBoat_reward id="336" rank="336" belly="233" experience="0" gold="0" prestige="136" execution="0" items="" resource="390"/>
  <worldBoat_reward id="337" rank="337" belly="233" experience="0" gold="0" prestige="136" execution="0" items="" resource="390"/>
  <worldBoat_reward id="338" rank="338" belly="233" experience="0" gold="0" prestige="136" execution="0" items="" resource="390"/>
  <worldBoat_reward id="339" rank="339" belly="233" experience="0" gold="0" prestige="136" execution="0" items="" resource="390"/>
  <worldBoat_reward id="340" rank="340" belly="233" experience="0" gold="0" prestige="136" execution="0" items="" resource="390"/>
  <worldBoat_reward id="341" rank="341" belly="233" experience="0" gold="0" prestige="135" execution="0" items="" resource="390"/>
  <worldBoat_reward id="342" rank="342" belly="233" experience="0" gold="0" prestige="135" execution="0" items="" resource="390"/>
  <worldBoat_reward id="343" rank="343" belly="233" experience="0" gold="0" prestige="135" execution="0" items="" resource="390"/>
  <worldBoat_reward id="344" rank="344" belly="233" experience="0" gold="0" prestige="135" execution="0" items="" resource="390"/>
  <worldBoat_reward id="345" rank="345" belly="233" experience="0" gold="0" prestige="135" execution="0" items="" resource="390"/>
  <worldBoat_reward id="346" rank="346" belly="232" experience="0" gold="0" prestige="135" execution="0" items="" resource="390"/>
  <worldBoat_reward id="347" rank="347" belly="232" experience="0" gold="0" prestige="135" execution="0" items="" resource="390"/>
  <worldBoat_reward id="348" rank="348" belly="232" experience="0" gold="0" prestige="135" execution="0" items="" resource="390"/>
  <worldBoat_reward id="349" rank="349" belly="232" experience="0" gold="0" prestige="135" execution="0" items="" resource="390"/>
  <worldBoat_reward id="350" rank="350" belly="232" experience="0" gold="0" prestige="135" execution="0" items="" resource="390"/>
  <worldBoat_reward id="351" rank="351" belly="232" experience="0" gold="0" prestige="134" execution="0" items="" resource="390"/>
  <worldBoat_reward id="352" rank="352" belly="232" experience="0" gold="0" prestige="134" execution="0" items="" resource="390"/>
  <worldBoat_reward id="353" rank="353" belly="232" experience="0" gold="0" prestige="134" execution="0" items="" resource="390"/>
  <worldBoat_reward id="354" rank="354" belly="232" experience="0" gold="0" prestige="134" execution="0" items="" resource="390"/>
  <worldBoat_reward id="355" rank="355" belly="232" experience="0" gold="0" prestige="134" execution="0" items="" resource="390"/>
  <worldBoat_reward id="356" rank="356" belly="231" experience="0" gold="0" prestige="134" execution="0" items="" resource="390"/>
  <worldBoat_reward id="357" rank="357" belly="231" experience="0" gold="0" prestige="134" execution="0" items="" resource="390"/>
  <worldBoat_reward id="358" rank="358" belly="231" experience="0" gold="0" prestige="134" execution="0" items="" resource="390"/>
  <worldBoat_reward id="359" rank="359" belly="231" experience="0" gold="0" prestige="134" execution="0" items="" resource="390"/>
  <worldBoat_reward id="360" rank="360" belly="231" experience="0" gold="0" prestige="134" execution="0" items="" resource="390"/>
  <worldBoat_reward id="361" rank="361" belly="231" experience="0" gold="0" prestige="133" execution="0" items="" resource="390"/>
  <worldBoat_reward id="362" rank="362" belly="231" experience="0" gold="0" prestige="133" execution="0" items="" resource="390"/>
  <worldBoat_reward id="363" rank="363" belly="231" experience="0" gold="0" prestige="133" execution="0" items="" resource="390"/>
  <worldBoat_reward id="364" rank="364" belly="231" experience="0" gold="0" prestige="133" execution="0" items="" resource="390"/>
  <worldBoat_reward id="365" rank="365" belly="231" experience="0" gold="0" prestige="133" execution="0" items="" resource="390"/>
  <worldBoat_reward id="366" rank="366" belly="230" experience="0" gold="0" prestige="133" execution="0" items="" resource="390"/>
  <worldBoat_reward id="367" rank="367" belly="230" experience="0" gold="0" prestige="133" execution="0" items="" resource="390"/>
  <worldBoat_reward id="368" rank="368" belly="230" experience="0" gold="0" prestige="133" execution="0" items="" resource="390"/>
  <worldBoat_reward id="369" rank="369" belly="230" experience="0" gold="0" prestige="133" execution="0" items="" resource="390"/>
  <worldBoat_reward id="370" rank="370" belly="230" experience="0" gold="0" prestige="133" execution="0" items="" resource="390"/>
  <worldBoat_reward id="371" rank="371" belly="230" experience="0" gold="0" prestige="132" execution="0" items="" resource="390"/>
  <worldBoat_reward id="372" rank="372" belly="230" experience="0" gold="0" prestige="132" execution="0" items="" resource="390"/>
  <worldBoat_reward id="373" rank="373" belly="230" experience="0" gold="0" prestige="132" execution="0" items="" resource="390"/>
  <worldBoat_reward id="374" rank="374" belly="230" experience="0" gold="0" prestige="132" execution="0" items="" resource="390"/>
  <worldBoat_reward id="375" rank="375" belly="230" experience="0" gold="0" prestige="132" execution="0" items="" resource="390"/>
  <worldBoat_reward id="376" rank="376" belly="229" experience="0" gold="0" prestige="132" execution="0" items="" resource="390"/>
  <worldBoat_reward id="377" rank="377" belly="229" experience="0" gold="0" prestige="132" execution="0" items="" resource="390"/>
  <worldBoat_reward id="378" rank="378" belly="229" experience="0" gold="0" prestige="132" execution="0" items="" resource="390"/>
  <worldBoat_reward id="379" rank="379" belly="229" experience="0" gold="0" prestige="132" execution="0" items="" resource="390"/>
  <worldBoat_reward id="380" rank="380" belly="229" experience="0" gold="0" prestige="132" execution="0" items="" resource="390"/>
  <worldBoat_reward id="381" rank="381" belly="229" experience="0" gold="0" prestige="131" execution="0" items="" resource="390"/>
  <worldBoat_reward id="382" rank="382" belly="229" experience="0" gold="0" prestige="131" execution="0" items="" resource="390"/>
  <worldBoat_reward id="383" rank="383" belly="229" experience="0" gold="0" prestige="131" execution="0" items="" resource="390"/>
  <worldBoat_reward id="384" rank="384" belly="229" experience="0" gold="0" prestige="131" execution="0" items="" resource="390"/>
  <worldBoat_reward id="385" rank="385" belly="229" experience="0" gold="0" prestige="131" execution="0" items="" resource="390"/>
  <worldBoat_reward id="386" rank="386" belly="228" experience="0" gold="0" prestige="131" execution="0" items="" resource="390"/>
  <worldBoat_reward id="387" rank="387" belly="228" experience="0" gold="0" prestige="131" execution="0" items="" resource="390"/>
  <worldBoat_reward id="388" rank="388" belly="228" experience="0" gold="0" prestige="131" execution="0" items="" resource="390"/>
  <worldBoat_reward id="389" rank="389" belly="228" experience="0" gold="0" prestige="131" execution="0" items="" resource="390"/>
  <worldBoat_reward id="390" rank="390" belly="228" experience="0" gold="0" prestige="131" execution="0" items="" resource="390"/>
  <worldBoat_reward id="391" rank="391" belly="228" experience="0" gold="0" prestige="130" execution="0" items="" resource="390"/>
  <worldBoat_reward id="392" rank="392" belly="228" experience="0" gold="0" prestige="130" execution="0" items="" resource="390"/>
  <worldBoat_reward id="393" rank="393" belly="228" experience="0" gold="0" prestige="130" execution="0" items="" resource="390"/>
  <worldBoat_reward id="394" rank="394" belly="228" experience="0" gold="0" prestige="130" execution="0" items="" resource="390"/>
  <worldBoat_reward id="395" rank="395" belly="228" experience="0" gold="0" prestige="130" execution="0" items="" resource="390"/>
  <worldBoat_reward id="396" rank="396" belly="227" experience="0" gold="0" prestige="130" execution="0" items="" resource="390"/>
  <worldBoat_reward id="397" rank="397" belly="227" experience="0" gold="0" prestige="130" execution="0" items="" resource="390"/>
  <worldBoat_reward id="398" rank="398" belly="227" experience="0" gold="0" prestige="130" execution="0" items="" resource="390"/>
  <worldBoat_reward id="399" rank="399" belly="227" experience="0" gold="0" prestige="130" execution="0" items="" resource="390"/>
  <worldBoat_reward id="400" rank="400" belly="227" experience="0" gold="0" prestige="130" execution="0" items="" resource="390"/>
  <worldBoat_reward id="401" rank="401" belly="227" experience="0" gold="0" prestige="129" execution="0" items="" resource="390"/>
  <worldBoat_reward id="402" rank="402" belly="227" experience="0" gold="0" prestige="129" execution="0" items="" resource="390"/>
  <worldBoat_reward id="403" rank="403" belly="227" experience="0" gold="0" prestige="129" execution="0" items="" resource="390"/>
  <worldBoat_reward id="404" rank="404" belly="227" experience="0" gold="0" prestige="129" execution="0" items="" resource="390"/>
  <worldBoat_reward id="405" rank="405" belly="227" experience="0" gold="0" prestige="129" execution="0" items="" resource="390"/>
  <worldBoat_reward id="406" rank="406" belly="226" experience="0" gold="0" prestige="129" execution="0" items="" resource="390"/>
  <worldBoat_reward id="407" rank="407" belly="226" experience="0" gold="0" prestige="129" execution="0" items="" resource="390"/>
  <worldBoat_reward id="408" rank="408" belly="226" experience="0" gold="0" prestige="129" execution="0" items="" resource="390"/>
  <worldBoat_reward id="409" rank="409" belly="226" experience="0" gold="0" prestige="129" execution="0" items="" resource="390"/>
  <worldBoat_reward id="410" rank="410" belly="226" experience="0" gold="0" prestige="129" execution="0" items="" resource="390"/>
  <worldBoat_reward id="411" rank="411" belly="226" experience="0" gold="0" prestige="128" execution="0" items="" resource="390"/>
  <worldBoat_reward id="412" rank="412" belly="226" experience="0" gold="0" prestige="128" execution="0" items="" resource="390"/>
  <worldBoat_reward id="413" rank="413" belly="226" experience="0" gold="0" prestige="128" execution="0" items="" resource="390"/>
  <worldBoat_reward id="414" rank="414" belly="226" experience="0" gold="0" prestige="128" execution="0" items="" resource="390"/>
  <worldBoat_reward id="415" rank="415" belly="226" experience="0" gold="0" prestige="128" execution="0" items="" resource="390"/>
  <worldBoat_reward id="416" rank="416" belly="225" experience="0" gold="0" prestige="128" execution="0" items="" resource="390"/>
  <worldBoat_reward id="417" rank="417" belly="225" experience="0" gold="0" prestige="128" execution="0" items="" resource="390"/>
  <worldBoat_reward id="418" rank="418" belly="225" experience="0" gold="0" prestige="128" execution="0" items="" resource="390"/>
  <worldBoat_reward id="419" rank="419" belly="225" experience="0" gold="0" prestige="128" execution="0" items="" resource="390"/>
  <worldBoat_reward id="420" rank="420" belly="225" experience="0" gold="0" prestige="128" execution="0" items="" resource="390"/>
  <worldBoat_reward id="421" rank="421" belly="225" experience="0" gold="0" prestige="127" execution="0" items="" resource="390"/>
  <worldBoat_reward id="422" rank="422" belly="225" experience="0" gold="0" prestige="127" execution="0" items="" resource="390"/>
  <worldBoat_reward id="423" rank="423" belly="225" experience="0" gold="0" prestige="127" execution="0" items="" resource="390"/>
  <worldBoat_reward id="424" rank="424" belly="225" experience="0" gold="0" prestige="127" execution="0" items="" resource="390"/>
  <worldBoat_reward id="425" rank="425" belly="225" experience="0" gold="0" prestige="127" execution="0" items="" resource="390"/>
  <worldBoat_reward id="426" rank="426" belly="224" experience="0" gold="0" prestige="127" execution="0" items="" resource="390"/>
  <worldBoat_reward id="427" rank="427" belly="224" experience="0" gold="0" prestige="127" execution="0" items="" resource="390"/>
  <worldBoat_reward id="428" rank="428" belly="224" experience="0" gold="0" prestige="127" execution="0" items="" resource="390"/>
  <worldBoat_reward id="429" rank="429" belly="224" experience="0" gold="0" prestige="127" execution="0" items="" resource="390"/>
  <worldBoat_reward id="430" rank="430" belly="224" experience="0" gold="0" prestige="127" execution="0" items="" resource="390"/>
  <worldBoat_reward id="431" rank="431" belly="224" experience="0" gold="0" prestige="126" execution="0" items="" resource="390"/>
  <worldBoat_reward id="432" rank="432" belly="224" experience="0" gold="0" prestige="126" execution="0" items="" resource="390"/>
  <worldBoat_reward id="433" rank="433" belly="224" experience="0" gold="0" prestige="126" execution="0" items="" resource="390"/>
  <worldBoat_reward id="434" rank="434" belly="224" experience="0" gold="0" prestige="126" execution="0" items="" resource="390"/>
  <worldBoat_reward id="435" rank="435" belly="224" experience="0" gold="0" prestige="126" execution="0" items="" resource="390"/>
  <worldBoat_reward id="436" rank="436" belly="223" experience="0" gold="0" prestige="126" execution="0" items="" resource="390"/>
  <worldBoat_reward id="437" rank="437" belly="223" experience="0" gold="0" prestige="126" execution="0" items="" resource="390"/>
  <worldBoat_reward id="438" rank="438" belly="223" experience="0" gold="0" prestige="126" execution="0" items="" resource="390"/>
  <worldBoat_reward id="439" rank="439" belly="223" experience="0" gold="0" prestige="126" execution="0" items="" resource="390"/>
  <worldBoat_reward id="440" rank="440" belly="223" experience="0" gold="0" prestige="126" execution="0" items="" resource="390"/>
  <worldBoat_reward id="441" rank="441" belly="223" experience="0" gold="0" prestige="125" execution="0" items="" resource="390"/>
  <worldBoat_reward id="442" rank="442" belly="223" experience="0" gold="0" prestige="125" execution="0" items="" resource="390"/>
  <worldBoat_reward id="443" rank="443" belly="223" experience="0" gold="0" prestige="125" execution="0" items="" resource="390"/>
  <worldBoat_reward id="444" rank="444" belly="223" experience="0" gold="0" prestige="125" execution="0" items="" resource="390"/>
  <worldBoat_reward id="445" rank="445" belly="223" experience="0" gold="0" prestige="125" execution="0" items="" resource="390"/>
  <worldBoat_reward id="446" rank="446" belly="222" experience="0" gold="0" prestige="125" execution="0" items="" resource="390"/>
  <worldBoat_reward id="447" rank="447" belly="222" experience="0" gold="0" prestige="125" execution="0" items="" resource="390"/>
  <worldBoat_reward id="448" rank="448" belly="222" experience="0" gold="0" prestige="125" execution="0" items="" resource="390"/>
  <worldBoat_reward id="449" rank="449" belly="222" experience="0" gold="0" prestige="125" execution="0" items="" resource="390"/>
  <worldBoat_reward id="450" rank="450" belly="222" experience="0" gold="0" prestige="125" execution="0" items="" resource="390"/>
  <worldBoat_reward id="451" rank="451" belly="222" experience="0" gold="0" prestige="125" execution="0" items="" resource="390"/>
  <worldBoat_reward id="452" rank="452" belly="222" experience="0" gold="0" prestige="125" execution="0" items="" resource="390"/>
  <worldBoat_reward id="453" rank="453" belly="222" experience="0" gold="0" prestige="125" execution="0" items="" resource="390"/>
  <worldBoat_reward id="454" rank="454" belly="222" experience="0" gold="0" prestige="125" execution="0" items="" resource="390"/>
  <worldBoat_reward id="455" rank="455" belly="222" experience="0" gold="0" prestige="125" execution="0" items="" resource="390"/>
  <worldBoat_reward id="456" rank="456" belly="221" experience="0" gold="0" prestige="125" execution="0" items="" resource="390"/>
  <worldBoat_reward id="457" rank="457" belly="221" experience="0" gold="0" prestige="125" execution="0" items="" resource="390"/>
  <worldBoat_reward id="458" rank="458" belly="221" experience="0" gold="0" prestige="125" execution="0" items="" resource="390"/>
  <worldBoat_reward id="459" rank="459" belly="221" experience="0" gold="0" prestige="125" execution="0" items="" resource="390"/>
  <worldBoat_reward id="460" rank="460" belly="221" experience="0" gold="0" prestige="125" execution="0" items="" resource="390"/>
  <worldBoat_reward id="461" rank="461" belly="221" experience="0" gold="0" prestige="125" execution="0" items="" resource="390"/>
  <worldBoat_reward id="462" rank="462" belly="221" experience="0" gold="0" prestige="125" execution="0" items="" resource="390"/>
  <worldBoat_reward id="463" rank="463" belly="221" experience="0" gold="0" prestige="125" execution="0" items="" resource="390"/>
  <worldBoat_reward id="464" rank="464" belly="221" experience="0" gold="0" prestige="125" execution="0" items="" resource="390"/>
  <worldBoat_reward id="465" rank="465" belly="221" experience="0" gold="0" prestige="125" execution="0" items="" resource="390"/>
  <worldBoat_reward id="466" rank="466" belly="220" experience="0" gold="0" prestige="125" execution="0" items="" resource="390"/>
  <worldBoat_reward id="467" rank="467" belly="220" experience="0" gold="0" prestige="125" execution="0" items="" resource="390"/>
  <worldBoat_reward id="468" rank="468" belly="220" experience="0" gold="0" prestige="125" execution="0" items="" resource="390"/>
  <worldBoat_reward id="469" rank="469" belly="220" experience="0" gold="0" prestige="125" execution="0" items="" resource="390"/>
  <worldBoat_reward id="470" rank="470" belly="220" experience="0" gold="0" prestige="125" execution="0" items="" resource="390"/>
  <worldBoat_reward id="471" rank="471" belly="220" experience="0" gold="0" prestige="125" execution="0" items="" resource="390"/>
  <worldBoat_reward id="472" rank="472" belly="220" experience="0" gold="0" prestige="125" execution="0" items="" resource="390"/>
  <worldBoat_reward id="473" rank="473" belly="220" experience="0" gold="0" prestige="125" execution="0" items="" resource="390"/>
  <worldBoat_reward id="474" rank="474" belly="220" experience="0" gold="0" prestige="125" execution="0" items="" resource="390"/>
  <worldBoat_reward id="475" rank="475" belly="220" experience="0" gold="0" prestige="125" execution="0" items="" resource="390"/>
  <worldBoat_reward id="476" rank="476" belly="219" experience="0" gold="0" prestige="125" execution="0" items="" resource="390"/>
  <worldBoat_reward id="477" rank="477" belly="219" experience="0" gold="0" prestige="125" execution="0" items="" resource="390"/>
  <worldBoat_reward id="478" rank="478" belly="219" experience="0" gold="0" prestige="125" execution="0" items="" resource="390"/>
  <worldBoat_reward id="479" rank="479" belly="219" experience="0" gold="0" prestige="125" execution="0" items="" resource="390"/>
  <worldBoat_reward id="480" rank="480" belly="219" experience="0" gold="0" prestige="125" execution="0" items="" resource="390"/>
  <worldBoat_reward id="481" rank="481" belly="219" experience="0" gold="0" prestige="125" execution="0" items="" resource="390"/>
  <worldBoat_reward id="482" rank="482" belly="219" experience="0" gold="0" prestige="125" execution="0" items="" resource="390"/>
  <worldBoat_reward id="483" rank="483" belly="219" experience="0" gold="0" prestige="125" execution="0" items="" resource="390"/>
  <worldBoat_reward id="484" rank="484" belly="219" experience="0" gold="0" prestige="125" execution="0" items="" resource="390"/>
  <worldBoat_reward id="485" rank="485" belly="219" experience="0" gold="0" prestige="125" execution="0" items="" resource="390"/>
  <worldBoat_reward id="486" rank="486" belly="218" experience="0" gold="0" prestige="125" execution="0" items="" resource="390"/>
  <worldBoat_reward id="487" rank="487" belly="218" experience="0" gold="0" prestige="125" execution="0" items="" resource="390"/>
  <worldBoat_reward id="488" rank="488" belly="218" experience="0" gold="0" prestige="125" execution="0" items="" resource="390"/>
  <worldBoat_reward id="489" rank="489" belly="218" experience="0" gold="0" prestige="125" execution="0" items="" resource="390"/>
  <worldBoat_reward id="490" rank="490" belly="218" experience="0" gold="0" prestige="125" execution="0" items="" resource="390"/>
  <worldBoat_reward id="491" rank="491" belly="218" experience="0" gold="0" prestige="125" execution="0" items="" resource="390"/>
  <worldBoat_reward id="492" rank="492" belly="218" experience="0" gold="0" prestige="125" execution="0" items="" resource="390"/>
  <worldBoat_reward id="493" rank="493" belly="218" experience="0" gold="0" prestige="125" execution="0" items="" resource="390"/>
  <worldBoat_reward id="494" rank="494" belly="218" experience="0" gold="0" prestige="125" execution="0" items="" resource="390"/>
  <worldBoat_reward id="495" rank="495" belly="218" experience="0" gold="0" prestige="125" execution="0" items="" resource="390"/>
  <worldBoat_reward id="496" rank="496" belly="217" experience="0" gold="0" prestige="125" execution="0" items="" resource="390"/>
  <worldBoat_reward id="497" rank="497" belly="217" experience="0" gold="0" prestige="125" execution="0" items="" resource="390"/>
  <worldBoat_reward id="498" rank="498" belly="217" experience="0" gold="0" prestige="125" execution="0" items="" resource="390"/>
  <worldBoat_reward id="499" rank="499" belly="217" experience="0" gold="0" prestige="125" execution="0" items="" resource="390"/>
  <worldBoat_reward id="500" rank="500" belly="217" experience="0" gold="0" prestige="125" execution="0" items="" resource="390"/>
</root>