<root>
  <yingxiong_zhuanzhi id="1" needHeroTid="10022" needHeroRebirth="0" needHeroLevel="70" needHeroPreciouseLevel="0" afterTransferTid="30038" costBely="0" costYueLi="10000" costSoul="100" soulType="2" needPastCopyid="300001" successWords="" preNeedHeroid="0" level=""/>
  <yingxiong_zhuanzhi id="2" needHeroTid="10023" needHeroRebirth="0" needHeroLevel="70" needHeroPreciouseLevel="0" afterTransferTid="30039" costBely="0" costYueLi="20000" costSoul="200" soulType="2" needPastCopyid="300002" successWords="" preNeedHeroid="10022" level=""/>
  <yingxiong_zhuanzhi id="3" needHeroTid="10010" needHeroRebirth="2" needHeroLevel="70" needHeroPreciouseLevel="0" afterTransferTid="30040" costBely="0" costYueLi="70000" costSoul="700" soulType="2" needPastCopyid="300003" successWords="" preNeedHeroid="10023" level=""/>
  <yingxiong_zhuanzhi id="4" needHeroTid="10016" needHeroRebirth="2" needHeroLevel="70" needHeroPreciouseLevel="0" afterTransferTid="30041" costBely="0" costYueLi="100000" costSoul="1000" soulType="2" needPastCopyid="300004" successWords="" preNeedHeroid="10010" level=""/>
  <yingxiong_zhuanzhi id="5" needHeroTid="10001" needHeroRebirth="3" needHeroLevel="75" needHeroPreciouseLevel="0" afterTransferTid="30036" costBely="0" costYueLi="130000" costSoul="1300" soulType="2" needPastCopyid="300006" successWords="" preNeedHeroid="10016" level=""/>
  <yingxiong_zhuanzhi id="6" needHeroTid="10002" needHeroRebirth="4" needHeroLevel="75" needHeroPreciouseLevel="0" afterTransferTid="30043" costBely="0" costYueLi="160000" costSoul="1650" soulType="2" needPastCopyid="300007" successWords="" preNeedHeroid="10001" level=""/>
  <yingxiong_zhuanzhi id="7" needHeroTid="10003" needHeroRebirth="5" needHeroLevel="75" needHeroPreciouseLevel="0" afterTransferTid="30042" costBely="0" costYueLi="190000" costSoul="1900" soulType="2" needPastCopyid="300005" successWords="" preNeedHeroid="10002" level=""/>
  <yingxiong_zhuanzhi id="8" needHeroTid="10008" needHeroRebirth="2" needHeroLevel="70" needHeroPreciouseLevel="0" afterTransferTid="30048" costBely="0" costYueLi="20000" costSoul="2000" soulType="1" needPastCopyid="0" successWords="" preNeedHeroid="-1" level=""/>
  <yingxiong_zhuanzhi id="9" needHeroTid="10095" needHeroRebirth="4" needHeroLevel="75" needHeroPreciouseLevel="0" afterTransferTid="30049" costBely="0" costYueLi="70000" costSoul="700" soulType="2" needPastCopyid="0" successWords="" preNeedHeroid="-1" level=""/>
  <yingxiong_zhuanzhi id="10" needHeroTid="10053" needHeroRebirth="2" needHeroLevel="75" needHeroPreciouseLevel="0" afterTransferTid="30051" costBely="0" costYueLi="20000" costSoul="2500" soulType="1" needPastCopyid="0" successWords="" preNeedHeroid="-1" level=""/>
  <yingxiong_zhuanzhi id="11" needHeroTid="10051" needHeroRebirth="2" needHeroLevel="75" needHeroPreciouseLevel="0" afterTransferTid="30052" costBely="0" costYueLi="20000" costSoul="2500" soulType="1" needPastCopyid="0" successWords="" preNeedHeroid="-1" level=""/>
  <yingxiong_zhuanzhi id="12" needHeroTid="10009" needHeroRebirth="2" needHeroLevel="70" needHeroPreciouseLevel="0" afterTransferTid="30053" costBely="0" costYueLi="20000" costSoul="2000" soulType="1" needPastCopyid="0" successWords="" preNeedHeroid="-1" level=""/>
  <yingxiong_zhuanzhi id="13" needHeroTid="10063" needHeroRebirth="2" needHeroLevel="70" needHeroPreciouseLevel="0" afterTransferTid="30054" costBely="0" costYueLi="20000" costSoul="2000" soulType="1" needPastCopyid="0" successWords="" preNeedHeroid="-1" level=""/>
  <yingxiong_zhuanzhi id="14" needHeroTid="10029" needHeroRebirth="2" needHeroLevel="70" needHeroPreciouseLevel="0" afterTransferTid="30055" costBely="0" costYueLi="20000" costSoul="2000" soulType="1" needPastCopyid="0" successWords="" preNeedHeroid="-1" level=""/>
  <yingxiong_zhuanzhi id="15" needHeroTid="30012" needHeroRebirth="4" needHeroLevel="75" needHeroPreciouseLevel="0" afterTransferTid="30056" costBely="0" costYueLi="80000" costSoul="800" soulType="2" needPastCopyid="0" successWords="" preNeedHeroid="-1" level=""/>
  <yingxiong_zhuanzhi id="16" needHeroTid="30013" needHeroRebirth="4" needHeroLevel="75" needHeroPreciouseLevel="0" afterTransferTid="30057" costBely="0" costYueLi="80000" costSoul="800" soulType="2" needPastCopyid="0" successWords="" preNeedHeroid="-1" level=""/>
  <yingxiong_zhuanzhi id="17" needHeroTid="30005" needHeroRebirth="4" needHeroLevel="75" needHeroPreciouseLevel="0" afterTransferTid="30058" costBely="0" costYueLi="80000" costSoul="800" soulType="2" needPastCopyid="0" successWords="" preNeedHeroid="-1" level=""/>
  <yingxiong_zhuanzhi id="18" needHeroTid="10042" needHeroRebirth="5" needHeroLevel="75" needHeroPreciouseLevel="0" afterTransferTid="30044" costBely="0" costYueLi="220000" costSoul="2200" soulType="2" needPastCopyid="300008" successWords="" preNeedHeroid="10003" level=""/>
  <yingxiong_zhuanzhi id="19" needHeroTid="10013" needHeroRebirth="6" needHeroLevel="80" needHeroPreciouseLevel="0" afterTransferTid="30045" costBely="0" costYueLi="240000" costSoul="2400" soulType="2" needPastCopyid="300009" successWords="" preNeedHeroid="10042" level=""/>
  <yingxiong_zhuanzhi id="20" needHeroTid="10004" needHeroRebirth="6" needHeroLevel="80" needHeroPreciouseLevel="0" afterTransferTid="30046" costBely="0" costYueLi="280000" costSoul="2850" soulType="2" needPastCopyid="300010" successWords="" preNeedHeroid="10013" level=""/>
  <yingxiong_zhuanzhi id="21" needHeroTid="10006" needHeroRebirth="6" needHeroLevel="80" needHeroPreciouseLevel="0" afterTransferTid="30047" costBely="0" costYueLi="330000" costSoul="3300" soulType="2" needPastCopyid="300011" successWords="" preNeedHeroid="10004" level=""/>
  <yingxiong_zhuanzhi id="22" needHeroTid="10056" needHeroRebirth="0" needHeroLevel="75" needHeroPreciouseLevel="0" afterTransferTid="30086" costBely="0" costYueLi="150000" costSoul="1500" soulType="2" needPastCopyid="0" successWords="" preNeedHeroid="-1" level=""/>
  <yingxiong_zhuanzhi id="23" needHeroTid="10014" needHeroRebirth="0" needHeroLevel="75" needHeroPreciouseLevel="0" afterTransferTid="30085" costBely="0" costYueLi="200000" costSoul="2000" soulType="2" needPastCopyid="0" successWords="" preNeedHeroid="-1" level=""/>
  <yingxiong_zhuanzhi id="24" needHeroTid="10045" needHeroRebirth="0" needHeroLevel="80" needHeroPreciouseLevel="0" afterTransferTid="30050" costBely="0" costYueLi="250000" costSoul="2500" soulType="2" needPastCopyid="0" successWords="" preNeedHeroid="-1" level=""/>
  <yingxiong_zhuanzhi id="25" needHeroTid="10005" needHeroRebirth="6" needHeroLevel="80" needHeroPreciouseLevel="0" afterTransferTid="30035" costBely="0" costYueLi="370000" costSoul="3750" soulType="2" needPastCopyid="300012" successWords="" preNeedHeroid="10006" level=""/>
  <yingxiong_zhuanzhi id="26" needHeroTid="30011" needHeroRebirth="6" needHeroLevel="80" needHeroPreciouseLevel="0" afterTransferTid="30087" costBely="0" costYueLi="420000" costSoul="4200" soulType="2" needPastCopyid="300013" successWords="" preNeedHeroid="10005" level=""/>
  <yingxiong_zhuanzhi id="27" needHeroTid="10007" needHeroRebirth="7" needHeroLevel="85" needHeroPreciouseLevel="0" afterTransferTid="30037" costBely="0" costYueLi="500000" costSoul="5000" soulType="2" needPastCopyid="300014" successWords="" preNeedHeroid="30011" level=""/>
  <yingxiong_zhuanzhi id="28" needHeroTid="10044" needHeroRebirth="0" needHeroLevel="80" needHeroPreciouseLevel="0" afterTransferTid="30088" costBely="0" costYueLi="200000" costSoul="2000" soulType="2" needPastCopyid="0" successWords="" preNeedHeroid="-1" level=""/>
  <yingxiong_zhuanzhi id="29" needHeroTid="30010" needHeroRebirth="0" needHeroLevel="80" needHeroPreciouseLevel="0" afterTransferTid="30098" costBely="0" costYueLi="50000" costSoul="500" soulType="2" needPastCopyid="0" successWords="" preNeedHeroid="-1" level=""/>
  <yingxiong_zhuanzhi id="30" needHeroTid="30008" needHeroRebirth="0" needHeroLevel="85" needHeroPreciouseLevel="0" afterTransferTid="30099" costBely="0" costYueLi="100000" costSoul="1000" soulType="2" needPastCopyid="0" successWords="" preNeedHeroid="-1" level=""/>
  <yingxiong_zhuanzhi id="31" needHeroTid="30007" needHeroRebirth="0" needHeroLevel="85" needHeroPreciouseLevel="0" afterTransferTid="30100" costBely="0" costYueLi="150000" costSoul="1500" soulType="2" needPastCopyid="0" successWords="" preNeedHeroid="-1" level=""/>
  <yingxiong_zhuanzhi id="32" needHeroTid="30016" needHeroRebirth="0" needHeroLevel="85" needHeroPreciouseLevel="0" afterTransferTid="30119" costBely="0" costYueLi="200000" costSoul="2000" soulType="2" needPastCopyid="0" successWords="" preNeedHeroid="-1" level=""/>
  <yingxiong_zhuanzhi id="33" needHeroTid="30020" needHeroRebirth="0" needHeroLevel="85" needHeroPreciouseLevel="0" afterTransferTid="30120" costBely="0" costYueLi="200000" costSoul="2000" soulType="2" needPastCopyid="0" successWords="" preNeedHeroid="-1" level=""/>
  <yingxiong_zhuanzhi id="34" needHeroTid="30024" needHeroRebirth="0" needHeroLevel="85" needHeroPreciouseLevel="0" afterTransferTid="30121" costBely="0" costYueLi="200000" costSoul="2000" soulType="2" needPastCopyid="0" successWords="" preNeedHeroid="-1" level=""/>
  <yingxiong_zhuanzhi id="35" needHeroTid="10054" needHeroRebirth="0" needHeroLevel="85" needHeroPreciouseLevel="0" afterTransferTid="30125" costBely="0" costYueLi="70000" costSoul="750" soulType="2" needPastCopyid="0" successWords="" preNeedHeroid="-1" level=""/>
  <yingxiong_zhuanzhi id="36" needHeroTid="10058" needHeroRebirth="0" needHeroLevel="85" needHeroPreciouseLevel="0" afterTransferTid="30126" costBely="0" costYueLi="50000" costSoul="500" soulType="2" needPastCopyid="0" successWords="" preNeedHeroid="-1" level=""/>
  <yingxiong_zhuanzhi id="37" needHeroTid="10090" needHeroRebirth="0" needHeroLevel="85" needHeroPreciouseLevel="0" afterTransferTid="30127" costBely="0" costYueLi="50000" costSoul="500" soulType="2" needPastCopyid="0" successWords="" preNeedHeroid="-1" level=""/>
  <yingxiong_zhuanzhi id="38" needHeroTid="10094" needHeroRebirth="0" needHeroLevel="85" needHeroPreciouseLevel="0" afterTransferTid="30128" costBely="0" costYueLi="70000" costSoul="750" soulType="2" needPastCopyid="0" successWords="" preNeedHeroid="-1" level=""/>
  <yingxiong_zhuanzhi id="39" needHeroTid="30003" needHeroRebirth="0" needHeroLevel="85" needHeroPreciouseLevel="0" afterTransferTid="30129" costBely="0" costYueLi="70000" costSoul="750" soulType="2" needPastCopyid="0" successWords="" preNeedHeroid="-1" level=""/>
  <yingxiong_zhuanzhi id="40" needHeroTid="30006" needHeroRebirth="0" needHeroLevel="85" needHeroPreciouseLevel="0" afterTransferTid="30130" costBely="0" costYueLi="70000" costSoul="750" soulType="2" needPastCopyid="0" successWords="" preNeedHeroid="-1" level=""/>
  <yingxiong_zhuanzhi id="41" needHeroTid="30019" needHeroRebirth="0" needHeroLevel="85" needHeroPreciouseLevel="0" afterTransferTid="30131" costBely="0" costYueLi="50000" costSoul="500" soulType="2" needPastCopyid="0" successWords="" preNeedHeroid="-1" level=""/>
  <yingxiong_zhuanzhi id="42" needHeroTid="30132" needHeroRebirth="0" needHeroLevel="85" needHeroPreciouseLevel="0" afterTransferTid="30133" costBely="0" costYueLi="250000" costSoul="3000" soulType="2" needPastCopyid="0" successWords="" preNeedHeroid="-1" level=""/>
  <yingxiong_zhuanzhi id="43" needHeroTid="30042" needHeroRebirth="0" needHeroLevel="100" needHeroPreciouseLevel="0" afterTransferTid="30134" costBely="0" costYueLi="400000" costSoul="4000" soulType="2" needPastCopyid="0" successWords="" preNeedHeroid="-1" level="2"/>
  <yingxiong_zhuanzhi id="44" needHeroTid="30036" needHeroRebirth="0" needHeroLevel="100" needHeroPreciouseLevel="0" afterTransferTid="30158" costBely="0" costYueLi="180000" costSoul="1800" soulType="2" needPastCopyid="0" successWords="" preNeedHeroid="-1" level="2"/>
  <yingxiong_zhuanzhi id="45" needHeroTid="30071" needHeroRebirth="0" needHeroLevel="100" needHeroPreciouseLevel="0" afterTransferTid="30161" costBely="0" costYueLi="300000" costSoul="3000" soulType="2" needPastCopyid="0" successWords="" preNeedHeroid="-1" level=""/>
  <yingxiong_zhuanzhi id="46" needHeroTid="30048" needHeroRebirth="0" needHeroLevel="100" needHeroPreciouseLevel="0" afterTransferTid="30162" costBely="0" costYueLi="150000" costSoul="1500" soulType="2" needPastCopyid="0" successWords="" preNeedHeroid="-1" level="2"/>
  <yingxiong_zhuanzhi id="47" needHeroTid="10011" needHeroRebirth="0" needHeroLevel="85" needHeroPreciouseLevel="0" afterTransferTid="30164" costBely="0" costYueLi="100000" costSoul="1000" soulType="2" needPastCopyid="0" successWords="" preNeedHeroid="-1" level=""/>
  <yingxiong_zhuanzhi id="48" needHeroTid="10038" needHeroRebirth="0" needHeroLevel="80" needHeroPreciouseLevel="0" afterTransferTid="30166" costBely="0" costYueLi="75000" costSoul="750" soulType="2" needPastCopyid="0" successWords="" preNeedHeroid="-1" level=""/>
  <yingxiong_zhuanzhi id="49" needHeroTid="10037" needHeroRebirth="0" needHeroLevel="75" needHeroPreciouseLevel="0" afterTransferTid="30165" costBely="0" costYueLi="50000" costSoul="500" soulType="2" needPastCopyid="0" successWords="" preNeedHeroid="-1" level=""/>
  <yingxiong_zhuanzhi id="50" needHeroTid="30065" needHeroRebirth="0" needHeroLevel="105" needHeroPreciouseLevel="0" afterTransferTid="30167" costBely="0" costYueLi="300000" costSoul="3000" soulType="2" needPastCopyid="0" successWords="" preNeedHeroid="-1" level=""/>
  <yingxiong_zhuanzhi id="51" needHeroTid="10050" needHeroRebirth="0" needHeroLevel="95" needHeroPreciouseLevel="0" afterTransferTid="30178" costBely="0" costYueLi="150000" costSoul="1500" soulType="2" needPastCopyid="0" successWords="" preNeedHeroid="-1" level=""/>
  <yingxiong_zhuanzhi id="52" needHeroTid="30040" needHeroRebirth="0" needHeroLevel="105" needHeroPreciouseLevel="0" afterTransferTid="30168" costBely="0" costYueLi="300000" costSoul="3000" soulType="2" needPastCopyid="0" successWords="" preNeedHeroid="-1" level="2"/>
  <yingxiong_zhuanzhi id="53" needHeroTid="30044" needHeroRebirth="0" needHeroLevel="105" needHeroPreciouseLevel="0" afterTransferTid="30172" costBely="0" costYueLi="300000" costSoul="3000" soulType="2" needPastCopyid="0" successWords="" preNeedHeroid="-1" level="2"/>
  <yingxiong_zhuanzhi id="54" needHeroTid="30086" needHeroRebirth="0" needHeroLevel="110" needHeroPreciouseLevel="0" afterTransferTid="30171" costBely="0" costYueLi="400000" costSoul="4000" soulType="2" needPastCopyid="0" successWords="" preNeedHeroid="-1" level="2"/>
  <yingxiong_zhuanzhi id="55" needHeroTid="30041" needHeroRebirth="0" needHeroLevel="105" needHeroPreciouseLevel="0" afterTransferTid="30169" costBely="0" costYueLi="300000" costSoul="3000" soulType="2" needPastCopyid="0" successWords="" preNeedHeroid="-1" level="2"/>
  <yingxiong_zhuanzhi id="56" needHeroTid="30046" needHeroRebirth="0" needHeroLevel="110" needHeroPreciouseLevel="0" afterTransferTid="30173" costBely="0" costYueLi="450000" costSoul="4500" soulType="2" needPastCopyid="0" successWords="" preNeedHeroid="-1" level="2"/>
  <yingxiong_zhuanzhi id="57" needHeroTid="30088" needHeroRebirth="0" needHeroLevel="110" needHeroPreciouseLevel="0" afterTransferTid="30184" costBely="0" costYueLi="400000" costSoul="4000" soulType="2" needPastCopyid="0" successWords="" preNeedHeroid="-1" level="2"/>
  <yingxiong_zhuanzhi id="58" needHeroTid="30070" needHeroRebirth="0" needHeroLevel="110" needHeroPreciouseLevel="0" afterTransferTid="30186" costBely="0" costYueLi="400000" costSoul="4000" soulType="2" needPastCopyid="0" successWords="" preNeedHeroid="-1" level="2"/>
  <yingxiong_zhuanzhi id="59" needHeroTid="30043" needHeroRebirth="0" needHeroLevel="105" needHeroPreciouseLevel="0" afterTransferTid="30175" costBely="0" costYueLi="250000" costSoul="2500" soulType="2" needPastCopyid="0" successWords="" preNeedHeroid="-1" level="2"/>
  <yingxiong_zhuanzhi id="60" needHeroTid="30017" needHeroRebirth="0" needHeroLevel="110" needHeroPreciouseLevel="0" afterTransferTid="30185" costBely="0" costYueLi="400000" costSoul="4000" soulType="2" needPastCopyid="0" successWords="" preNeedHeroid="-1" level="2"/>
  <yingxiong_zhuanzhi id="61" needHeroTid="30047" needHeroRebirth="0" needHeroLevel="110" needHeroPreciouseLevel="0" afterTransferTid="30174" costBely="0" costYueLi="400000" costSoul="4000" soulType="2" needPastCopyid="0" successWords="" preNeedHeroid="-1" level="2"/>
  <yingxiong_zhuanzhi id="62" needHeroTid="30045" needHeroRebirth="0" needHeroLevel="110" needHeroPreciouseLevel="0" afterTransferTid="30195" costBely="0" costYueLi="400000" costSoul="4000" soulType="2" needPastCopyid="0" successWords="" preNeedHeroid="-1" level="2"/>
  <yingxiong_zhuanzhi id="63" needHeroTid="30079" needHeroRebirth="0" needHeroLevel="95" needHeroPreciouseLevel="0" afterTransferTid="30170" costBely="0" costYueLi="200000" costSoul="2000" soulType="2" needPastCopyid="0" successWords="" preNeedHeroid="-1" level=""/>
  <yingxiong_zhuanzhi id="64" needHeroTid="30035" needHeroRebirth="0" needHeroLevel="110" needHeroPreciouseLevel="0" afterTransferTid="30194" costBely="0" costYueLi="400000" costSoul="4000" soulType="2" needPastCopyid="0" successWords="" preNeedHeroid="-1" level="2"/>
  <yingxiong_zhuanzhi id="65" needHeroTid="30161" needHeroRebirth="0" needHeroLevel="110" needHeroPreciouseLevel="0" afterTransferTid="30197" costBely="0" costYueLi="350000" costSoul="3500" soulType="2" needPastCopyid="0" successWords="" preNeedHeroid="-1" level="2"/>
  <yingxiong_zhuanzhi id="66" needHeroTid="30049" needHeroRebirth="0" needHeroLevel="105" needHeroPreciouseLevel="0" afterTransferTid="30196" costBely="0" costYueLi="200000" costSoul="2000" soulType="2" needPastCopyid="0" successWords="" preNeedHeroid="-1" level="2"/>
  <yingxiong_zhuanzhi id="67" needHeroTid="30050" needHeroRebirth="0" needHeroLevel="110" needHeroPreciouseLevel="0" afterTransferTid="30198" costBely="0" costYueLi="400000" costSoul="4000" soulType="2" needPastCopyid="0" successWords="" preNeedHeroid="-1" level="2"/>
  <yingxiong_zhuanzhi id="68" needHeroTid="30087" needHeroRebirth="0" needHeroLevel="110" needHeroPreciouseLevel="0" afterTransferTid="30202" costBely="0" costYueLi="400000" costSoul="4000" soulType="2" needPastCopyid="0" successWords="" preNeedHeroid="-1" level="2"/>
  <yingxiong_zhuanzhi id="69" needHeroTid="30120" needHeroRebirth="0" needHeroLevel="110" needHeroPreciouseLevel="0" afterTransferTid="30203" costBely="0" costYueLi="250000" costSoul="2500" soulType="2" needPastCopyid="0" successWords="" preNeedHeroid="-1" level="2"/>
  <yingxiong_zhuanzhi id="70" needHeroTid="30119" needHeroRebirth="0" needHeroLevel="110" needHeroPreciouseLevel="0" afterTransferTid="30204" costBely="0" costYueLi="300000" costSoul="3000" soulType="2" needPastCopyid="0" successWords="" preNeedHeroid="-1" level="2"/>
  <yingxiong_zhuanzhi id="71" needHeroTid="30135" needHeroRebirth="0" needHeroLevel="110" needHeroPreciouseLevel="0" afterTransferTid="30206" costBely="0" costYueLi="300000" costSoul="3000" soulType="2" needPastCopyid="0" successWords="" preNeedHeroid="-1" level="2"/>
  <yingxiong_zhuanzhi id="72" needHeroTid="30037" needHeroRebirth="0" needHeroLevel="115" needHeroPreciouseLevel="0" afterTransferTid="30207" costBely="0" costYueLi="450000" costSoul="4500" soulType="2" needPastCopyid="0" successWords="" preNeedHeroid="-1" level="2"/>
  <yingxiong_zhuanzhi id="73" needHeroTid="30018" needHeroRebirth="0" needHeroLevel="115" needHeroPreciouseLevel="0" afterTransferTid="30208" costBely="0" costYueLi="450000" costSoul="4500" soulType="2" needPastCopyid="0" successWords="" preNeedHeroid="-1" level="2"/>
  <yingxiong_zhuanzhi id="74" needHeroTid="30121" needHeroRebirth="0" needHeroLevel="110" needHeroPreciouseLevel="0" afterTransferTid="30209" costBely="0" costYueLi="250000" costSoul="2500" soulType="2" needPastCopyid="0" successWords="" preNeedHeroid="-1" level="2"/>
  <yingxiong_zhuanzhi id="75" needHeroTid="30084" needHeroRebirth="0" needHeroLevel="115" needHeroPreciouseLevel="0" afterTransferTid="30210" costBely="0" costYueLi="450000" costSoul="4500" soulType="2" needPastCopyid="0" successWords="" preNeedHeroid="-1" level="2"/>
  <yingxiong_zhuanzhi id="76" needHeroTid="30085" needHeroRebirth="0" needHeroLevel="110" needHeroPreciouseLevel="0" afterTransferTid="30211" costBely="0" costYueLi="400000" costSoul="4000" soulType="2" needPastCopyid="0" successWords="" preNeedHeroid="-1" level="2"/>
  <yingxiong_zhuanzhi id="77" needHeroTid="30130" needHeroRebirth="0" needHeroLevel="95" needHeroPreciouseLevel="0" afterTransferTid="30212" costBely="0" costYueLi="100000" costSoul="1000" soulType="2" needPastCopyid="0" successWords="" preNeedHeroid="-1" level="2"/>
  <yingxiong_zhuanzhi id="78" needHeroTid="30100" needHeroRebirth="0" needHeroLevel="105" needHeroPreciouseLevel="0" afterTransferTid="30214" costBely="0" costYueLi="200000" costSoul="2000" soulType="2" needPastCopyid="0" successWords="" preNeedHeroid="-1" level="2"/>
  <yingxiong_zhuanzhi id="79" needHeroTid="30099" needHeroRebirth="0" needHeroLevel="100" needHeroPreciouseLevel="0" afterTransferTid="30213" costBely="0" costYueLi="100000" costSoul="1000" soulType="2" needPastCopyid="0" successWords="" preNeedHeroid="-1" level="2"/>
  <yingxiong_zhuanzhi id="80" needHeroTid="30170" needHeroRebirth="0" needHeroLevel="105" needHeroPreciouseLevel="0" afterTransferTid="30216" costBely="0" costYueLi="200000" costSoul="2000" soulType="2" needPastCopyid="0" successWords="" preNeedHeroid="-1" level="2"/>
  <yingxiong_zhuanzhi id="81" needHeroTid="30133" needHeroRebirth="0" needHeroLevel="105" needHeroPreciouseLevel="0" afterTransferTid="30217" costBely="0" costYueLi="300000" costSoul="3000" soulType="2" needPastCopyid="0" successWords="" preNeedHeroid="-1" level="2"/>
  <yingxiong_zhuanzhi id="82" needHeroTid="30117" needHeroRebirth="0" needHeroLevel="105" needHeroPreciouseLevel="0" afterTransferTid="30218" costBely="0" costYueLi="250000" costSoul="2500" soulType="2" needPastCopyid="0" successWords="" preNeedHeroid="-1" level="2"/>
  <yingxiong_zhuanzhi id="83" needHeroTid="30072" needHeroRebirth="0" needHeroLevel="110" needHeroPreciouseLevel="0" afterTransferTid="30219" costBely="0" costYueLi="400000" costSoul="4000" soulType="2" needPastCopyid="0" successWords="" preNeedHeroid="-1" level="2"/>
  <yingxiong_zhuanzhi id="84" needHeroTid="30093" needHeroRebirth="0" needHeroLevel="110" needHeroPreciouseLevel="0" afterTransferTid="30223" costBely="0" costYueLi="450000" costSoul="4500" soulType="2" needPastCopyid="0" successWords="" preNeedHeroid="-1" level="2"/>
  <yingxiong_zhuanzhi id="85" needHeroTid="30137" needHeroRebirth="0" needHeroLevel="110" needHeroPreciouseLevel="0" afterTransferTid="30224" costBely="0" costYueLi="300000" costSoul="3000" soulType="2" needPastCopyid="0" successWords="" preNeedHeroid="-1" level="2"/>
  <yingxiong_zhuanzhi id="86" needHeroTid="30150" needHeroRebirth="0" needHeroLevel="115" needHeroPreciouseLevel="0" afterTransferTid="30225" costBely="0" costYueLi="450000" costSoul="4500" soulType="2" needPastCopyid="0" successWords="" preNeedHeroid="-1" level="2"/>
  <yingxiong_zhuanzhi id="87" needHeroTid="30167" needHeroRebirth="0" needHeroLevel="105" needHeroPreciouseLevel="0" afterTransferTid="30226" costBely="0" costYueLi="200000" costSoul="2000" soulType="2" needPastCopyid="0" successWords="" preNeedHeroid="-1" level="2"/>
  <yingxiong_zhuanzhi id="88" needHeroTid="30138" needHeroRebirth="0" needHeroLevel="110" needHeroPreciouseLevel="0" afterTransferTid="30227" costBely="0" costYueLi="250000" costSoul="2500" soulType="2" needPastCopyid="0" successWords="" preNeedHeroid="-1" level="2"/>
  <yingxiong_zhuanzhi id="89" needHeroTid="30056" needHeroRebirth="0" needHeroLevel="105" needHeroPreciouseLevel="0" afterTransferTid="30233" costBely="0" costYueLi="125000" costSoul="1250" soulType="2" needPastCopyid="0" successWords="" preNeedHeroid="-1" level="2"/>
  <yingxiong_zhuanzhi id="90" needHeroTid="30057" needHeroRebirth="0" needHeroLevel="105" needHeroPreciouseLevel="0" afterTransferTid="30234" costBely="0" costYueLi="125000" costSoul="1250" soulType="2" needPastCopyid="0" successWords="" preNeedHeroid="-1" level="2"/>
  <yingxiong_zhuanzhi id="91" needHeroTid="30193" needHeroRebirth="0" needHeroLevel="110" needHeroPreciouseLevel="0" afterTransferTid="30235" costBely="0" costYueLi="300000" costSoul="3000" soulType="2" needPastCopyid="0" successWords="" preNeedHeroid="-1" level="2"/>
  <yingxiong_zhuanzhi id="92" needHeroTid="30228" needHeroRebirth="0" needHeroLevel="110" needHeroPreciouseLevel="0" afterTransferTid="30248" costBely="0" costYueLi="300000" costSoul="3000" soulType="2" needPastCopyid="0" successWords="" preNeedHeroid="-1" level="2"/>
  <yingxiong_zhuanzhi id="93" needHeroTid="30229" needHeroRebirth="0" needHeroLevel="105" needHeroPreciouseLevel="0" afterTransferTid="30249" costBely="0" costYueLi="250000" costSoul="2500" soulType="2" needPastCopyid="0" successWords="" preNeedHeroid="-1" level="2"/>
  <yingxiong_zhuanzhi id="94" needHeroTid="30222" needHeroRebirth="0" needHeroLevel="110" needHeroPreciouseLevel="0" afterTransferTid="30250" costBely="0" costYueLi="300000" costSoul="3000" soulType="2" needPastCopyid="0" successWords="" preNeedHeroid="-1" level="2"/>
  <yingxiong_zhuanzhi id="95" needHeroTid="30205" needHeroRebirth="0" needHeroLevel="115" needHeroPreciouseLevel="0" afterTransferTid="30261" costBely="0" costYueLi="450000" costSoul="4500" soulType="2" needPastCopyid="0" successWords="" preNeedHeroid="-1" level="2"/>
  <yingxiong_zhuanzhi id="96" needHeroTid="30241" needHeroRebirth="0" needHeroLevel="105" needHeroPreciouseLevel="0" afterTransferTid="30262" costBely="0" costYueLi="250000" costSoul="2500" soulType="2" needPastCopyid="0" successWords="" preNeedHeroid="-1" level="2"/>
  <yingxiong_zhuanzhi id="97" needHeroTid="30277" needHeroRebirth="0" needHeroLevel="120" needHeroPreciouseLevel="0" afterTransferTid="30282" costBely="0" costYueLi="500000" costSoul="5000" soulType="2" needPastCopyid="0" successWords="" preNeedHeroid="-1" level="2"/>
  <yingxiong_zhuanzhi id="98" needHeroTid="30201" needHeroRebirth="0" needHeroLevel="110" needHeroPreciouseLevel="0" afterTransferTid="30306" costBely="0" costYueLi="450000" costSoul="4500" soulType="2" needPastCopyid="0" successWords="" preNeedHeroid="-1" level="2"/>
  <yingxiong_zhuanzhi id="99" needHeroTid="30183" needHeroRebirth="0" needHeroLevel="120" needHeroPreciouseLevel="0" afterTransferTid="30323" costBely="0" costYueLi="450000" costSoul="4500" soulType="2" needPastCopyid="0" successWords="" preNeedHeroid="-1" level="2"/>
  <yingxiong_zhuanzhi id="100" needHeroTid="30038" needHeroRebirth="0" needHeroLevel="90" needHeroPreciouseLevel="0" afterTransferTid="30163" costBely="0" costYueLi="300000" costSoul="3000" soulType="2" needPastCopyid="0" successWords="" preNeedHeroid="-1" level="2"/>
  <yingxiong_zhuanzhi id="101" needHeroTid="30186" needHeroRebirth="0" needHeroLevel="115" needHeroPreciouseLevel="0" afterTransferTid="30279" costBely="0" costYueLi="600000" costSoul="8000" soulType="2" needPastCopyid="0" successWords="" preNeedHeroid="-1" level="2"/>
  <yingxiong_zhuanzhi id="102" needHeroTid="30279" needHeroRebirth="0" needHeroLevel="120" needHeroPreciouseLevel="0" afterTransferTid="30440" costBely="0" costYueLi="1000000" costSoul="15000" soulType="2" needPastCopyid="0" successWords="" preNeedHeroid="-1" level="2"/>
</root>