<root>
  <zhuanshengbiao num="1" level="50" need_item=""/>
  <zhuanshengbiao num="2" level="55" need_item=""/>
  <zhuanshengbiao num="3" level="60" need_item=""/>
  <zhuanshengbiao num="4" level="65" need_item=""/>
  <zhuanshengbiao num="5" level="70" need_item=""/>
  <zhuanshengbiao num="6" level="75" need_item=""/>
  <zhuanshengbiao num="7" level="80" need_item=""/>
  <zhuanshengbiao num="8" level="85" need_item=""/>
  <zhuanshengbiao num="9" level="90" need_item=""/>
  <zhuanshengbiao num="10" level="95" need_item=""/>
  <zhuanshengbiao num="11" level="100" need_item=""/>
  <zhuanshengbiao num="12" level="105" need_item=""/>
  <zhuanshengbiao num="13" level="110" need_item=""/>
  <zhuanshengbiao num="14" level="115" need_item=""/>
  <zhuanshengbiao num="15" level="120" need_item=""/>
  <zhuanshengbiao num="16" level="125" need_item=""/>
  <zhuanshengbiao num="17" level="130" need_item=""/>
  <zhuanshengbiao num="18" level="135" need_item=""/>
  <zhuanshengbiao num="19" level="140" need_item=""/>
  <zhuanshengbiao num="20" level="145" need_item=""/>
  <zhuanshengbiao num="21" level="150" need_item=""/>
  <zhuanshengbiao num="22" level="155" need_item=""/>
  <zhuanshengbiao num="23" level="160" need_item=""/>
  <zhuanshengbiao num="24" level="165" need_item=""/>
  <zhuanshengbiao num="25" level="170" need_item=""/>
  <zhuanshengbiao num="26" level="175" need_item=""/>
  <zhuanshengbiao num="27" level="180" need_item=""/>
  <zhuanshengbiao num="28" level="185" need_item=""/>
  <zhuanshengbiao num="29" level="190" need_item=""/>
  <zhuanshengbiao num="30" level="195" need_item=""/>
  <zhuanshengbiao num="31" level="200" need_item=""/>
  <zhuanshengbiao num="32" level="205" need_item=""/>
  <zhuanshengbiao num="33" level="210" need_item=""/>
  <zhuanshengbiao num="34" level="215" need_item=""/>
  <zhuanshengbiao num="35" level="220" need_item=""/>
  <zhuanshengbiao num="36" level="225" need_item=""/>
  <zhuanshengbiao num="37" level="230" need_item=""/>
  <zhuanshengbiao num="38" level="235" need_item=""/>
  <zhuanshengbiao num="39" level="240" need_item=""/>
  <zhuanshengbiao num="40" level="245" need_item=""/>
</root>