<root>
  <zhuanzhibiao htid="11001" transfer_num="0" need_lv="0" need_prestige="0" cost_item1="" cost_num1="" cost_item2="" cost_num2="" cost_belly="0" cost_experence="0" transfer_title="Lần đầu đến" transfer_baseStr="5000" transfer_baseAgi="5000" transfer_baseInt="5000" transfer_phyAtt="12500" transfer_phyDef="2500" transfer_kilAtt="12500" transfer_kilDef="2500" transfer_magAtt="12500" transfer_magDef="2500" transfer_normalSkills="50001|0|0" transfer_kilSkills="50002|0|0" transfer_add_baseStr="" transfer_add_baseAgi="" transfer_add_baseInt="" transfer_add_phyAtt="" transfer_add_phyDef="" transfer_add_killAtt="" transfer_add_killDef="" transfer_add_magAtt="" transfer_add_magDef=""/>
  <zhuanzhibiao htid="11001" transfer_num="1" need_lv="1" need_prestige="0" cost_item1="" cost_num1="" cost_item2="" cost_num2="" cost_belly="0" cost_experence="0" transfer_title="Hoa tiêu" transfer_baseStr="6000" transfer_baseAgi="6000" transfer_baseInt="6000" transfer_phyAtt="14000" transfer_phyDef="3500" transfer_kilAtt="14000" transfer_kilDef="3500" transfer_magAtt="14000" transfer_magDef="3500" transfer_normalSkills="" transfer_kilSkills="50003|1000|0" transfer_add_baseStr="" transfer_add_baseAgi="" transfer_add_baseInt="" transfer_add_phyAtt="" transfer_add_phyDef="" transfer_add_killAtt="" transfer_add_killDef="" transfer_add_magAtt="" transfer_add_magDef=""/>
  <zhuanzhibiao htid="11001" transfer_num="2" need_lv="30" need_prestige="100" cost_item1="" cost_num1="" cost_item2="" cost_num2="" cost_belly="10000" cost_experence="5000" transfer_title="Khách du lịch Đông Hải" transfer_baseStr="7000" transfer_baseAgi="7000" transfer_baseInt="7000" transfer_phyAtt="15500" transfer_phyDef="4000" transfer_kilAtt="15500" transfer_kilDef="4000" transfer_magAtt="15500" transfer_magDef="4000" transfer_normalSkills="" transfer_kilSkills="0|0|0" transfer_add_baseStr="" transfer_add_baseAgi="" transfer_add_baseInt="" transfer_add_phyAtt="" transfer_add_phyDef="" transfer_add_killAtt="" transfer_add_killDef="" transfer_add_magAtt="" transfer_add_magDef=""/>
  <zhuanzhibiao htid="11001" transfer_num="3" need_lv="40" need_prestige="5000" cost_item1="" cost_num1="" cost_item2="" cost_num2="" cost_belly="50000" cost_experence="10000" transfer_title="Nhà chỉ huy tài ba" transfer_baseStr="8000" transfer_baseAgi="8000" transfer_baseInt="8000" transfer_phyAtt="17000" transfer_phyDef="4500" transfer_kilAtt="17000" transfer_kilDef="4500" transfer_magAtt="17000" transfer_magDef="4500" transfer_normalSkills="" transfer_kilSkills="50006|10000|0,50007|10000|0" transfer_add_baseStr="" transfer_add_baseAgi="" transfer_add_baseInt="" transfer_add_phyAtt="" transfer_add_phyDef="" transfer_add_killAtt="" transfer_add_killDef="" transfer_add_magAtt="" transfer_add_magDef=""/>
  <zhuanzhibiao htid="11001" transfer_num="4" need_lv="50" need_prestige="10000" cost_item1="" cost_num1="" cost_item2="" cost_num2="" cost_belly="100000" cost_experence="50000" transfer_title="Nghị lực kiên cường" transfer_baseStr="9500" transfer_baseAgi="9500" transfer_baseInt="9500" transfer_phyAtt="18500" transfer_phyDef="5500" transfer_kilAtt="18500" transfer_kilDef="5500" transfer_magAtt="18500" transfer_magDef="5500" transfer_normalSkills="" transfer_kilSkills="50004|20000|0,50005|20000|0" transfer_add_baseStr="" transfer_add_baseAgi="" transfer_add_baseInt="" transfer_add_phyAtt="" transfer_add_phyDef="" transfer_add_killAtt="" transfer_add_killDef="" transfer_add_magAtt="" transfer_add_magDef=""/>
  <zhuanzhibiao htid="11001" transfer_num="5" need_lv="60" need_prestige="25000" cost_item1="" cost_num1="" cost_item2="" cost_num2="" cost_belly="500000" cost_experence="100000" transfer_title="Anh hùng quốc dân" transfer_baseStr="10000" transfer_baseAgi="10000" transfer_baseInt="10000" transfer_phyAtt="19500" transfer_phyDef="6000" transfer_kilAtt="19500" transfer_kilDef="6000" transfer_magAtt="19500" transfer_magDef="6000" transfer_normalSkills="" transfer_kilSkills="0|0|0" transfer_add_baseStr="" transfer_add_baseAgi="" transfer_add_baseInt="" transfer_add_phyAtt="" transfer_add_phyDef="" transfer_add_killAtt="" transfer_add_killDef="" transfer_add_magAtt="" transfer_add_magDef=""/>
  <zhuanzhibiao htid="11001" transfer_num="6" need_lv="65" need_prestige="50000" cost_item1="" cost_num1="" cost_item2="" cost_num2="" cost_belly="1000000" cost_experence="200000" transfer_title="Người mới siêu phàm" transfer_baseStr="10500" transfer_baseAgi="10500" transfer_baseInt="10500" transfer_phyAtt="20500" transfer_phyDef="6500" transfer_kilAtt="20500" transfer_kilDef="6500" transfer_magAtt="20500" transfer_magDef="6500" transfer_normalSkills="" transfer_kilSkills="0|0|0" transfer_add_baseStr="" transfer_add_baseAgi="" transfer_add_baseInt="" transfer_add_phyAtt="" transfer_add_phyDef="" transfer_add_killAtt="" transfer_add_killDef="" transfer_add_magAtt="" transfer_add_magDef=""/>
  <zhuanzhibiao htid="11001" transfer_num="7" need_lv="70" need_prestige="100000" cost_item1="" cost_num1="" cost_item2="" cost_num2="" cost_belly="2000000" cost_experence="500000" transfer_title="Kẻ chống lại công lý" transfer_baseStr="11000" transfer_baseAgi="11000" transfer_baseInt="11000" transfer_phyAtt="21500" transfer_phyDef="7000" transfer_kilAtt="21500" transfer_kilDef="7000" transfer_magAtt="21500" transfer_magDef="7000" transfer_normalSkills="" transfer_kilSkills="0|0|0" transfer_add_baseStr="" transfer_add_baseAgi="" transfer_add_baseInt="" transfer_add_phyAtt="" transfer_add_phyDef="" transfer_add_killAtt="" transfer_add_killDef="" transfer_add_magAtt="" transfer_add_magDef=""/>
  <zhuanzhibiao htid="11002" transfer_num="0" need_lv="0" need_prestige="0" cost_item1="" cost_num1="" cost_item2="" cost_num2="" cost_belly="0" cost_experence="0" transfer_title="Lần đầu đến" transfer_baseStr="5000" transfer_baseAgi="5000" transfer_baseInt="5000" transfer_phyAtt="12500" transfer_phyDef="2500" transfer_kilAtt="12500" transfer_kilDef="2500" transfer_magAtt="12500" transfer_magDef="2500" transfer_normalSkills="20001|0|0" transfer_kilSkills="20002|0|0" transfer_add_baseStr="" transfer_add_baseAgi="" transfer_add_baseInt="" transfer_add_phyAtt="" transfer_add_phyDef="" transfer_add_killAtt="" transfer_add_killDef="" transfer_add_magAtt="" transfer_add_magDef=""/>
  <zhuanzhibiao htid="11002" transfer_num="1" need_lv="1" need_prestige="0" cost_item1="" cost_num1="" cost_item2="" cost_num2="" cost_belly="0" cost_experence="0" transfer_title="Hoa tiêu" transfer_baseStr="6000" transfer_baseAgi="6000" transfer_baseInt="6000" transfer_phyAtt="14000" transfer_phyDef="3500" transfer_kilAtt="14000" transfer_kilDef="3500" transfer_magAtt="14000" transfer_magDef="3500" transfer_normalSkills="" transfer_kilSkills="20003|5000|0" transfer_add_baseStr="" transfer_add_baseAgi="" transfer_add_baseInt="" transfer_add_phyAtt="" transfer_add_phyDef="" transfer_add_killAtt="" transfer_add_killDef="" transfer_add_magAtt="" transfer_add_magDef=""/>
  <zhuanzhibiao htid="11002" transfer_num="2" need_lv="30" need_prestige="100" cost_item1="" cost_num1="" cost_item2="" cost_num2="" cost_belly="10000" cost_experence="5000" transfer_title="Khách du lịch Đông Hải" transfer_baseStr="7000" transfer_baseAgi="7000" transfer_baseInt="7000" transfer_phyAtt="15500" transfer_phyDef="4000" transfer_kilAtt="15500" transfer_kilDef="4000" transfer_magAtt="15500" transfer_magDef="4000" transfer_normalSkills="" transfer_kilSkills="0|0|0" transfer_add_baseStr="" transfer_add_baseAgi="" transfer_add_baseInt="" transfer_add_phyAtt="" transfer_add_phyDef="" transfer_add_killAtt="" transfer_add_killDef="" transfer_add_magAtt="" transfer_add_magDef=""/>
  <zhuanzhibiao htid="11002" transfer_num="3" need_lv="40" need_prestige="5000" cost_item1="" cost_num1="" cost_item2="" cost_num2="" cost_belly="50000" cost_experence="10000" transfer_title="Nhà chỉ huy tài ba" transfer_baseStr="8000" transfer_baseAgi="8000" transfer_baseInt="8000" transfer_phyAtt="17000" transfer_phyDef="4500" transfer_kilAtt="17000" transfer_kilDef="4500" transfer_magAtt="17000" transfer_magDef="4500" transfer_normalSkills="" transfer_kilSkills="20006|10000|0,20007|10000|0" transfer_add_baseStr="" transfer_add_baseAgi="" transfer_add_baseInt="" transfer_add_phyAtt="" transfer_add_phyDef="" transfer_add_killAtt="" transfer_add_killDef="" transfer_add_magAtt="" transfer_add_magDef=""/>
  <zhuanzhibiao htid="11002" transfer_num="4" need_lv="50" need_prestige="10000" cost_item1="" cost_num1="" cost_item2="" cost_num2="" cost_belly="100000" cost_experence="50000" transfer_title="Nghị lực kiên cường" transfer_baseStr="9500" transfer_baseAgi="9500" transfer_baseInt="9500" transfer_phyAtt="18500" transfer_phyDef="5500" transfer_kilAtt="18500" transfer_kilDef="5500" transfer_magAtt="18500" transfer_magDef="5500" transfer_normalSkills="" transfer_kilSkills="20004|10000|0,20005|10000|0" transfer_add_baseStr="" transfer_add_baseAgi="" transfer_add_baseInt="" transfer_add_phyAtt="" transfer_add_phyDef="" transfer_add_killAtt="" transfer_add_killDef="" transfer_add_magAtt="" transfer_add_magDef=""/>
  <zhuanzhibiao htid="11002" transfer_num="5" need_lv="60" need_prestige="25000" cost_item1="" cost_num1="" cost_item2="" cost_num2="" cost_belly="500000" cost_experence="100000" transfer_title="Anh hùng quốc dân" transfer_baseStr="10000" transfer_baseAgi="10000" transfer_baseInt="10000" transfer_phyAtt="19500" transfer_phyDef="6000" transfer_kilAtt="19500" transfer_kilDef="6000" transfer_magAtt="19500" transfer_magDef="6000" transfer_normalSkills="" transfer_kilSkills="0|0|0" transfer_add_baseStr="" transfer_add_baseAgi="" transfer_add_baseInt="" transfer_add_phyAtt="" transfer_add_phyDef="" transfer_add_killAtt="" transfer_add_killDef="" transfer_add_magAtt="" transfer_add_magDef=""/>
  <zhuanzhibiao htid="11002" transfer_num="6" need_lv="65" need_prestige="50000" cost_item1="" cost_num1="" cost_item2="" cost_num2="" cost_belly="1000000" cost_experence="200000" transfer_title="Người mới siêu phàm" transfer_baseStr="10500" transfer_baseAgi="10500" transfer_baseInt="10500" transfer_phyAtt="20500" transfer_phyDef="6500" transfer_kilAtt="20500" transfer_kilDef="6500" transfer_magAtt="20500" transfer_magDef="6500" transfer_normalSkills="" transfer_kilSkills="0|0|0" transfer_add_baseStr="" transfer_add_baseAgi="" transfer_add_baseInt="" transfer_add_phyAtt="" transfer_add_phyDef="" transfer_add_killAtt="" transfer_add_killDef="" transfer_add_magAtt="" transfer_add_magDef=""/>
  <zhuanzhibiao htid="11002" transfer_num="7" need_lv="70" need_prestige="100000" cost_item1="" cost_num1="" cost_item2="" cost_num2="" cost_belly="2000000" cost_experence="500000" transfer_title="Kẻ chống lại công lý" transfer_baseStr="11000" transfer_baseAgi="11000" transfer_baseInt="11000" transfer_phyAtt="21500" transfer_phyDef="7000" transfer_kilAtt="21500" transfer_kilDef="7000" transfer_magAtt="21500" transfer_magDef="7000" transfer_normalSkills="" transfer_kilSkills="0|0|0" transfer_add_baseStr="" transfer_add_baseAgi="" transfer_add_baseInt="" transfer_add_phyAtt="" transfer_add_phyDef="" transfer_add_killAtt="" transfer_add_killDef="" transfer_add_magAtt="" transfer_add_magDef=""/>
  <zhuanzhibiao htid="11003" transfer_num="0" need_lv="0" need_prestige="0" cost_item1="" cost_num1="" cost_item2="" cost_num2="" cost_belly="0" cost_experence="0" transfer_title="Lần đầu đến" transfer_baseStr="5000" transfer_baseAgi="5000" transfer_baseInt="5000" transfer_phyAtt="12500" transfer_phyDef="2500" transfer_kilAtt="12500" transfer_kilDef="2500" transfer_magAtt="12500" transfer_magDef="2500" transfer_normalSkills="40001|0|0" transfer_kilSkills="40002|0|0" transfer_add_baseStr="" transfer_add_baseAgi="" transfer_add_baseInt="" transfer_add_phyAtt="" transfer_add_phyDef="" transfer_add_killAtt="" transfer_add_killDef="" transfer_add_magAtt="" transfer_add_magDef=""/>
  <zhuanzhibiao htid="11003" transfer_num="1" need_lv="1" need_prestige="0" cost_item1="" cost_num1="" cost_item2="" cost_num2="" cost_belly="0" cost_experence="0" transfer_title="Hoa tiêu" transfer_baseStr="6000" transfer_baseAgi="6000" transfer_baseInt="6000" transfer_phyAtt="14000" transfer_phyDef="3500" transfer_kilAtt="14000" transfer_kilDef="3500" transfer_magAtt="14000" transfer_magDef="3500" transfer_normalSkills="" transfer_kilSkills="40003|1000|0" transfer_add_baseStr="" transfer_add_baseAgi="" transfer_add_baseInt="" transfer_add_phyAtt="" transfer_add_phyDef="" transfer_add_killAtt="" transfer_add_killDef="" transfer_add_magAtt="" transfer_add_magDef=""/>
  <zhuanzhibiao htid="11003" transfer_num="2" need_lv="30" need_prestige="100" cost_item1="" cost_num1="" cost_item2="" cost_num2="" cost_belly="10000" cost_experence="5000" transfer_title="Khách du lịch Đông Hải" transfer_baseStr="7000" transfer_baseAgi="7000" transfer_baseInt="7000" transfer_phyAtt="15500" transfer_phyDef="4000" transfer_kilAtt="15500" transfer_kilDef="4000" transfer_magAtt="15500" transfer_magDef="4000" transfer_normalSkills="" transfer_kilSkills="0|0|0" transfer_add_baseStr="" transfer_add_baseAgi="" transfer_add_baseInt="" transfer_add_phyAtt="" transfer_add_phyDef="" transfer_add_killAtt="" transfer_add_killDef="" transfer_add_magAtt="" transfer_add_magDef=""/>
  <zhuanzhibiao htid="11003" transfer_num="3" need_lv="40" need_prestige="5000" cost_item1="" cost_num1="" cost_item2="" cost_num2="" cost_belly="50000" cost_experence="10000" transfer_title="Nhà chỉ huy tài ba" transfer_baseStr="8000" transfer_baseAgi="8000" transfer_baseInt="8000" transfer_phyAtt="17000" transfer_phyDef="4500" transfer_kilAtt="17000" transfer_kilDef="4500" transfer_magAtt="17000" transfer_magDef="4500" transfer_normalSkills="" transfer_kilSkills="40006|10000|0,40007|10000|0" transfer_add_baseStr="" transfer_add_baseAgi="" transfer_add_baseInt="" transfer_add_phyAtt="" transfer_add_phyDef="" transfer_add_killAtt="" transfer_add_killDef="" transfer_add_magAtt="" transfer_add_magDef=""/>
  <zhuanzhibiao htid="11003" transfer_num="4" need_lv="50" need_prestige="10000" cost_item1="" cost_num1="" cost_item2="" cost_num2="" cost_belly="100000" cost_experence="50000" transfer_title="Nghị lực kiên cường" transfer_baseStr="9500" transfer_baseAgi="9500" transfer_baseInt="9500" transfer_phyAtt="18500" transfer_phyDef="5500" transfer_kilAtt="18500" transfer_kilDef="5500" transfer_magAtt="18500" transfer_magDef="5500" transfer_normalSkills="" transfer_kilSkills="40004|10000|0,40005|10000|0" transfer_add_baseStr="" transfer_add_baseAgi="" transfer_add_baseInt="" transfer_add_phyAtt="" transfer_add_phyDef="" transfer_add_killAtt="" transfer_add_killDef="" transfer_add_magAtt="" transfer_add_magDef=""/>
  <zhuanzhibiao htid="11003" transfer_num="5" need_lv="60" need_prestige="25000" cost_item1="" cost_num1="" cost_item2="" cost_num2="" cost_belly="500000" cost_experence="100000" transfer_title="Anh hùng quốc dân" transfer_baseStr="10000" transfer_baseAgi="10000" transfer_baseInt="10000" transfer_phyAtt="19500" transfer_phyDef="6000" transfer_kilAtt="19500" transfer_kilDef="6000" transfer_magAtt="19500" transfer_magDef="6000" transfer_normalSkills="" transfer_kilSkills="0|0|0" transfer_add_baseStr="" transfer_add_baseAgi="" transfer_add_baseInt="" transfer_add_phyAtt="" transfer_add_phyDef="" transfer_add_killAtt="" transfer_add_killDef="" transfer_add_magAtt="" transfer_add_magDef=""/>
  <zhuanzhibiao htid="11003" transfer_num="6" need_lv="65" need_prestige="50000" cost_item1="" cost_num1="" cost_item2="" cost_num2="" cost_belly="1000000" cost_experence="200000" transfer_title="Người mới siêu phàm" transfer_baseStr="10500" transfer_baseAgi="10500" transfer_baseInt="10500" transfer_phyAtt="20500" transfer_phyDef="6500" transfer_kilAtt="20500" transfer_kilDef="6500" transfer_magAtt="20500" transfer_magDef="6500" transfer_normalSkills="" transfer_kilSkills="0|0|0" transfer_add_baseStr="" transfer_add_baseAgi="" transfer_add_baseInt="" transfer_add_phyAtt="" transfer_add_phyDef="" transfer_add_killAtt="" transfer_add_killDef="" transfer_add_magAtt="" transfer_add_magDef=""/>
  <zhuanzhibiao htid="11003" transfer_num="7" need_lv="70" need_prestige="100000" cost_item1="" cost_num1="" cost_item2="" cost_num2="" cost_belly="2000000" cost_experence="500000" transfer_title="Kẻ chống lại công lý" transfer_baseStr="11000" transfer_baseAgi="11000" transfer_baseInt="11000" transfer_phyAtt="21500" transfer_phyDef="7000" transfer_kilAtt="21500" transfer_kilDef="7000" transfer_magAtt="21500" transfer_magDef="7000" transfer_normalSkills="" transfer_kilSkills="0|0|0" transfer_add_baseStr="" transfer_add_baseAgi="" transfer_add_baseInt="" transfer_add_phyAtt="" transfer_add_phyDef="" transfer_add_killAtt="" transfer_add_killDef="" transfer_add_magAtt="" transfer_add_magDef=""/>
  <zhuanzhibiao htid="11004" transfer_num="0" need_lv="0" need_prestige="0" cost_item1="" cost_num1="" cost_item2="" cost_num2="" cost_belly="0" cost_experence="0" transfer_title="Lần đầu đến" transfer_baseStr="5000" transfer_baseAgi="5000" transfer_baseInt="5000" transfer_phyAtt="12500" transfer_phyDef="2500" transfer_kilAtt="12500" transfer_kilDef="2500" transfer_magAtt="12500" transfer_magDef="2500" transfer_normalSkills="10001|0|0" transfer_kilSkills="10002|0|0" transfer_add_baseStr="" transfer_add_baseAgi="" transfer_add_baseInt="" transfer_add_phyAtt="" transfer_add_phyDef="" transfer_add_killAtt="" transfer_add_killDef="" transfer_add_magAtt="" transfer_add_magDef=""/>
  <zhuanzhibiao htid="11004" transfer_num="1" need_lv="1" need_prestige="0" cost_item1="" cost_num1="" cost_item2="" cost_num2="" cost_belly="0" cost_experence="0" transfer_title="Hoa tiêu" transfer_baseStr="6000" transfer_baseAgi="6000" transfer_baseInt="6000" transfer_phyAtt="14000" transfer_phyDef="3500" transfer_kilAtt="14000" transfer_kilDef="3500" transfer_magAtt="14000" transfer_magDef="3500" transfer_normalSkills="" transfer_kilSkills="10003|1000|0" transfer_add_baseStr="" transfer_add_baseAgi="" transfer_add_baseInt="" transfer_add_phyAtt="" transfer_add_phyDef="" transfer_add_killAtt="" transfer_add_killDef="" transfer_add_magAtt="" transfer_add_magDef=""/>
  <zhuanzhibiao htid="11004" transfer_num="2" need_lv="30" need_prestige="100" cost_item1="" cost_num1="" cost_item2="" cost_num2="" cost_belly="10000" cost_experence="5000" transfer_title="Khách du lịch Đông Hải" transfer_baseStr="7000" transfer_baseAgi="7000" transfer_baseInt="7000" transfer_phyAtt="15500" transfer_phyDef="4000" transfer_kilAtt="15500" transfer_kilDef="4000" transfer_magAtt="15500" transfer_magDef="4000" transfer_normalSkills="" transfer_kilSkills="0|0|0" transfer_add_baseStr="" transfer_add_baseAgi="" transfer_add_baseInt="" transfer_add_phyAtt="" transfer_add_phyDef="" transfer_add_killAtt="" transfer_add_killDef="" transfer_add_magAtt="" transfer_add_magDef=""/>
  <zhuanzhibiao htid="11004" transfer_num="3" need_lv="40" need_prestige="5000" cost_item1="" cost_num1="" cost_item2="" cost_num2="" cost_belly="50000" cost_experence="10000" transfer_title="Nhà chỉ huy tài ba" transfer_baseStr="8000" transfer_baseAgi="8000" transfer_baseInt="8000" transfer_phyAtt="17000" transfer_phyDef="4500" transfer_kilAtt="17000" transfer_kilDef="4500" transfer_magAtt="17000" transfer_magDef="4500" transfer_normalSkills="" transfer_kilSkills="10006|10000|0,10007|10000|0" transfer_add_baseStr="" transfer_add_baseAgi="" transfer_add_baseInt="" transfer_add_phyAtt="" transfer_add_phyDef="" transfer_add_killAtt="" transfer_add_killDef="" transfer_add_magAtt="" transfer_add_magDef=""/>
  <zhuanzhibiao htid="11004" transfer_num="4" need_lv="50" need_prestige="10000" cost_item1="" cost_num1="" cost_item2="" cost_num2="" cost_belly="100000" cost_experence="50000" transfer_title="Nghị lực kiên cường" transfer_baseStr="9500" transfer_baseAgi="9500" transfer_baseInt="9500" transfer_phyAtt="18500" transfer_phyDef="5500" transfer_kilAtt="18500" transfer_kilDef="5500" transfer_magAtt="18500" transfer_magDef="5500" transfer_normalSkills="" transfer_kilSkills="10004|10000|0,10005|10000|0" transfer_add_baseStr="" transfer_add_baseAgi="" transfer_add_baseInt="" transfer_add_phyAtt="" transfer_add_phyDef="" transfer_add_killAtt="" transfer_add_killDef="" transfer_add_magAtt="" transfer_add_magDef=""/>
  <zhuanzhibiao htid="11004" transfer_num="5" need_lv="60" need_prestige="25000" cost_item1="" cost_num1="" cost_item2="" cost_num2="" cost_belly="500000" cost_experence="100000" transfer_title="Anh hùng quốc dân" transfer_baseStr="10000" transfer_baseAgi="10000" transfer_baseInt="10000" transfer_phyAtt="19500" transfer_phyDef="6000" transfer_kilAtt="19500" transfer_kilDef="6000" transfer_magAtt="19500" transfer_magDef="6000" transfer_normalSkills="" transfer_kilSkills="0|0|0" transfer_add_baseStr="" transfer_add_baseAgi="" transfer_add_baseInt="" transfer_add_phyAtt="" transfer_add_phyDef="" transfer_add_killAtt="" transfer_add_killDef="" transfer_add_magAtt="" transfer_add_magDef=""/>
  <zhuanzhibiao htid="11004" transfer_num="6" need_lv="65" need_prestige="50000" cost_item1="" cost_num1="" cost_item2="" cost_num2="" cost_belly="1000000" cost_experence="200000" transfer_title="Người mới siêu phàm" transfer_baseStr="10500" transfer_baseAgi="10500" transfer_baseInt="10500" transfer_phyAtt="20500" transfer_phyDef="6500" transfer_kilAtt="20500" transfer_kilDef="6500" transfer_magAtt="20500" transfer_magDef="6500" transfer_normalSkills="" transfer_kilSkills="0|0|0" transfer_add_baseStr="" transfer_add_baseAgi="" transfer_add_baseInt="" transfer_add_phyAtt="" transfer_add_phyDef="" transfer_add_killAtt="" transfer_add_killDef="" transfer_add_magAtt="" transfer_add_magDef=""/>
  <zhuanzhibiao htid="11004" transfer_num="7" need_lv="70" need_prestige="100000" cost_item1="" cost_num1="" cost_item2="" cost_num2="" cost_belly="2000000" cost_experence="500000" transfer_title="Kẻ chống lại công lý" transfer_baseStr="11000" transfer_baseAgi="11000" transfer_baseInt="11000" transfer_phyAtt="21500" transfer_phyDef="7000" transfer_kilAtt="21500" transfer_kilDef="7000" transfer_magAtt="21500" transfer_magDef="7000" transfer_normalSkills="" transfer_kilSkills="0|0|0" transfer_add_baseStr="" transfer_add_baseAgi="" transfer_add_baseInt="" transfer_add_phyAtt="" transfer_add_phyDef="" transfer_add_killAtt="" transfer_add_killDef="" transfer_add_magAtt="" transfer_add_magDef=""/>
  <zhuanzhibiao htid="11005" transfer_num="0" need_lv="0" need_prestige="0" cost_item1="" cost_num1="" cost_item2="" cost_num2="" cost_belly="0" cost_experence="0" transfer_title="Lần đầu đến" transfer_baseStr="5000" transfer_baseAgi="5000" transfer_baseInt="5000" transfer_phyAtt="12500" transfer_phyDef="2500" transfer_kilAtt="12500" transfer_kilDef="2500" transfer_magAtt="12500" transfer_magDef="2500" transfer_normalSkills="30001|0|0" transfer_kilSkills="30002|0|0" transfer_add_baseStr="" transfer_add_baseAgi="" transfer_add_baseInt="" transfer_add_phyAtt="" transfer_add_phyDef="" transfer_add_killAtt="" transfer_add_killDef="" transfer_add_magAtt="" transfer_add_magDef=""/>
  <zhuanzhibiao htid="11005" transfer_num="1" need_lv="1" need_prestige="0" cost_item1="" cost_num1="" cost_item2="" cost_num2="" cost_belly="0" cost_experence="0" transfer_title="Hoa tiêu" transfer_baseStr="6000" transfer_baseAgi="6000" transfer_baseInt="6000" transfer_phyAtt="14000" transfer_phyDef="3500" transfer_kilAtt="14000" transfer_kilDef="3500" transfer_magAtt="14000" transfer_magDef="3500" transfer_normalSkills="" transfer_kilSkills="30003|1000|0" transfer_add_baseStr="" transfer_add_baseAgi="" transfer_add_baseInt="" transfer_add_phyAtt="" transfer_add_phyDef="" transfer_add_killAtt="" transfer_add_killDef="" transfer_add_magAtt="" transfer_add_magDef=""/>
  <zhuanzhibiao htid="11005" transfer_num="2" need_lv="30" need_prestige="100" cost_item1="" cost_num1="" cost_item2="" cost_num2="" cost_belly="10000" cost_experence="5000" transfer_title="Khách du lịch Đông Hải" transfer_baseStr="7000" transfer_baseAgi="7000" transfer_baseInt="7000" transfer_phyAtt="15500" transfer_phyDef="4000" transfer_kilAtt="15500" transfer_kilDef="4000" transfer_magAtt="15500" transfer_magDef="4000" transfer_normalSkills="" transfer_kilSkills="0|0|0" transfer_add_baseStr="" transfer_add_baseAgi="" transfer_add_baseInt="" transfer_add_phyAtt="" transfer_add_phyDef="" transfer_add_killAtt="" transfer_add_killDef="" transfer_add_magAtt="" transfer_add_magDef=""/>
  <zhuanzhibiao htid="11005" transfer_num="3" need_lv="40" need_prestige="5000" cost_item1="" cost_num1="" cost_item2="" cost_num2="" cost_belly="50000" cost_experence="10000" transfer_title="Nhà chỉ huy tài ba" transfer_baseStr="8000" transfer_baseAgi="8000" transfer_baseInt="8000" transfer_phyAtt="17000" transfer_phyDef="4500" transfer_kilAtt="17000" transfer_kilDef="4500" transfer_magAtt="17000" transfer_magDef="4500" transfer_normalSkills="" transfer_kilSkills="30006|10000|0,30007|10000|0" transfer_add_baseStr="" transfer_add_baseAgi="" transfer_add_baseInt="" transfer_add_phyAtt="" transfer_add_phyDef="" transfer_add_killAtt="" transfer_add_killDef="" transfer_add_magAtt="" transfer_add_magDef=""/>
  <zhuanzhibiao htid="11005" transfer_num="4" need_lv="50" need_prestige="10000" cost_item1="" cost_num1="" cost_item2="" cost_num2="" cost_belly="100000" cost_experence="50000" transfer_title="Nghị lực kiên cường" transfer_baseStr="9500" transfer_baseAgi="9500" transfer_baseInt="9500" transfer_phyAtt="18500" transfer_phyDef="5500" transfer_kilAtt="18500" transfer_kilDef="5500" transfer_magAtt="18500" transfer_magDef="5500" transfer_normalSkills="" transfer_kilSkills="30004|10000|0,30005|10000|0" transfer_add_baseStr="" transfer_add_baseAgi="" transfer_add_baseInt="" transfer_add_phyAtt="" transfer_add_phyDef="" transfer_add_killAtt="" transfer_add_killDef="" transfer_add_magAtt="" transfer_add_magDef=""/>
  <zhuanzhibiao htid="11005" transfer_num="5" need_lv="60" need_prestige="25000" cost_item1="" cost_num1="" cost_item2="" cost_num2="" cost_belly="500000" cost_experence="100000" transfer_title="Anh hùng quốc dân" transfer_baseStr="10000" transfer_baseAgi="10000" transfer_baseInt="10000" transfer_phyAtt="19500" transfer_phyDef="6000" transfer_kilAtt="19500" transfer_kilDef="6000" transfer_magAtt="19500" transfer_magDef="6000" transfer_normalSkills="" transfer_kilSkills="0|0|0" transfer_add_baseStr="" transfer_add_baseAgi="" transfer_add_baseInt="" transfer_add_phyAtt="" transfer_add_phyDef="" transfer_add_killAtt="" transfer_add_killDef="" transfer_add_magAtt="" transfer_add_magDef=""/>
  <zhuanzhibiao htid="11005" transfer_num="6" need_lv="65" need_prestige="50000" cost_item1="" cost_num1="" cost_item2="" cost_num2="" cost_belly="1000000" cost_experence="200000" transfer_title="Người mới siêu phàm" transfer_baseStr="10500" transfer_baseAgi="10500" transfer_baseInt="10500" transfer_phyAtt="20500" transfer_phyDef="6500" transfer_kilAtt="20500" transfer_kilDef="6500" transfer_magAtt="20500" transfer_magDef="6500" transfer_normalSkills="" transfer_kilSkills="0|0|0" transfer_add_baseStr="" transfer_add_baseAgi="" transfer_add_baseInt="" transfer_add_phyAtt="" transfer_add_phyDef="" transfer_add_killAtt="" transfer_add_killDef="" transfer_add_magAtt="" transfer_add_magDef=""/>
  <zhuanzhibiao htid="11005" transfer_num="7" need_lv="70" need_prestige="100000" cost_item1="" cost_num1="" cost_item2="" cost_num2="" cost_belly="2000000" cost_experence="500000" transfer_title="Kẻ chống lại công lý" transfer_baseStr="11000" transfer_baseAgi="11000" transfer_baseInt="11000" transfer_phyAtt="21500" transfer_phyDef="7000" transfer_kilAtt="21500" transfer_kilDef="7000" transfer_magAtt="21500" transfer_magDef="7000" transfer_normalSkills="" transfer_kilSkills="0|0|0" transfer_add_baseStr="" transfer_add_baseAgi="" transfer_add_baseInt="" transfer_add_phyAtt="" transfer_add_phyDef="" transfer_add_killAtt="" transfer_add_killDef="" transfer_add_magAtt="" transfer_add_magDef=""/>
  <zhuanzhibiao htid="11006" transfer_num="0" need_lv="0" need_prestige="0" cost_item1="" cost_num1="" cost_item2="" cost_num2="" cost_belly="0" cost_experence="0" transfer_title="Lần đầu đến" transfer_baseStr="5000" transfer_baseAgi="5000" transfer_baseInt="5000" transfer_phyAtt="12500" transfer_phyDef="2500" transfer_kilAtt="12500" transfer_kilDef="2500" transfer_magAtt="12500" transfer_magDef="2500" transfer_normalSkills="60001|0|0" transfer_kilSkills="60002|0|0" transfer_add_baseStr="" transfer_add_baseAgi="" transfer_add_baseInt="" transfer_add_phyAtt="" transfer_add_phyDef="" transfer_add_killAtt="" transfer_add_killDef="" transfer_add_magAtt="" transfer_add_magDef=""/>
  <zhuanzhibiao htid="11006" transfer_num="1" need_lv="1" need_prestige="0" cost_item1="" cost_num1="" cost_item2="" cost_num2="" cost_belly="0" cost_experence="0" transfer_title="Hoa tiêu" transfer_baseStr="6000" transfer_baseAgi="6000" transfer_baseInt="6000" transfer_phyAtt="14000" transfer_phyDef="3500" transfer_kilAtt="14000" transfer_kilDef="3500" transfer_magAtt="14000" transfer_magDef="3500" transfer_normalSkills="" transfer_kilSkills="60003|1000|0" transfer_add_baseStr="" transfer_add_baseAgi="" transfer_add_baseInt="" transfer_add_phyAtt="" transfer_add_phyDef="" transfer_add_killAtt="" transfer_add_killDef="" transfer_add_magAtt="" transfer_add_magDef=""/>
  <zhuanzhibiao htid="11006" transfer_num="2" need_lv="30" need_prestige="100" cost_item1="" cost_num1="" cost_item2="" cost_num2="" cost_belly="10000" cost_experence="5000" transfer_title="Khách du lịch Đông Hải" transfer_baseStr="7000" transfer_baseAgi="7000" transfer_baseInt="7000" transfer_phyAtt="15500" transfer_phyDef="4000" transfer_kilAtt="15500" transfer_kilDef="4000" transfer_magAtt="15500" transfer_magDef="4000" transfer_normalSkills="" transfer_kilSkills="0|0|0" transfer_add_baseStr="" transfer_add_baseAgi="" transfer_add_baseInt="" transfer_add_phyAtt="" transfer_add_phyDef="" transfer_add_killAtt="" transfer_add_killDef="" transfer_add_magAtt="" transfer_add_magDef=""/>
  <zhuanzhibiao htid="11006" transfer_num="3" need_lv="40" need_prestige="5000" cost_item1="" cost_num1="" cost_item2="" cost_num2="" cost_belly="50000" cost_experence="10000" transfer_title="Nhà chỉ huy tài ba" transfer_baseStr="8000" transfer_baseAgi="8000" transfer_baseInt="8000" transfer_phyAtt="17000" transfer_phyDef="4500" transfer_kilAtt="17000" transfer_kilDef="4500" transfer_magAtt="17000" transfer_magDef="4500" transfer_normalSkills="" transfer_kilSkills="60006|10000|0,60007|10000|0" transfer_add_baseStr="" transfer_add_baseAgi="" transfer_add_baseInt="" transfer_add_phyAtt="" transfer_add_phyDef="" transfer_add_killAtt="" transfer_add_killDef="" transfer_add_magAtt="" transfer_add_magDef=""/>
  <zhuanzhibiao htid="11006" transfer_num="4" need_lv="50" need_prestige="10000" cost_item1="" cost_num1="" cost_item2="" cost_num2="" cost_belly="100000" cost_experence="50000" transfer_title="Nghị lực kiên cường" transfer_baseStr="9500" transfer_baseAgi="9500" transfer_baseInt="9500" transfer_phyAtt="18500" transfer_phyDef="5500" transfer_kilAtt="18500" transfer_kilDef="5500" transfer_magAtt="18500" transfer_magDef="5500" transfer_normalSkills="" transfer_kilSkills="60004|10000|0,60005|10000|0" transfer_add_baseStr="" transfer_add_baseAgi="" transfer_add_baseInt="" transfer_add_phyAtt="" transfer_add_phyDef="" transfer_add_killAtt="" transfer_add_killDef="" transfer_add_magAtt="" transfer_add_magDef=""/>
  <zhuanzhibiao htid="11006" transfer_num="5" need_lv="60" need_prestige="25000" cost_item1="" cost_num1="" cost_item2="" cost_num2="" cost_belly="500000" cost_experence="100000" transfer_title="Anh hùng quốc dân" transfer_baseStr="10000" transfer_baseAgi="10000" transfer_baseInt="10000" transfer_phyAtt="19500" transfer_phyDef="6000" transfer_kilAtt="19500" transfer_kilDef="6000" transfer_magAtt="19500" transfer_magDef="6000" transfer_normalSkills="" transfer_kilSkills="0|0|0" transfer_add_baseStr="" transfer_add_baseAgi="" transfer_add_baseInt="" transfer_add_phyAtt="" transfer_add_phyDef="" transfer_add_killAtt="" transfer_add_killDef="" transfer_add_magAtt="" transfer_add_magDef=""/>
  <zhuanzhibiao htid="11006" transfer_num="6" need_lv="65" need_prestige="50000" cost_item1="" cost_num1="" cost_item2="" cost_num2="" cost_belly="1000000" cost_experence="200000" transfer_title="Người mới siêu phàm" transfer_baseStr="10500" transfer_baseAgi="10500" transfer_baseInt="10500" transfer_phyAtt="20500" transfer_phyDef="6500" transfer_kilAtt="20500" transfer_kilDef="6500" transfer_magAtt="20500" transfer_magDef="6500" transfer_normalSkills="" transfer_kilSkills="0|0|0" transfer_add_baseStr="" transfer_add_baseAgi="" transfer_add_baseInt="" transfer_add_phyAtt="" transfer_add_phyDef="" transfer_add_killAtt="" transfer_add_killDef="" transfer_add_magAtt="" transfer_add_magDef=""/>
  <zhuanzhibiao htid="11006" transfer_num="7" need_lv="70" need_prestige="100000" cost_item1="" cost_num1="" cost_item2="" cost_num2="" cost_belly="2000000" cost_experence="500000" transfer_title="Kẻ chống lại công lý" transfer_baseStr="11000" transfer_baseAgi="11000" transfer_baseInt="11000" transfer_phyAtt="21500" transfer_phyDef="7000" transfer_kilAtt="21500" transfer_kilDef="7000" transfer_magAtt="21500" transfer_magDef="7000" transfer_normalSkills="" transfer_kilSkills="0|0|0" transfer_add_baseStr="" transfer_add_baseAgi="" transfer_add_baseInt="" transfer_add_phyAtt="" transfer_add_phyDef="" transfer_add_killAtt="" transfer_add_killDef="" transfer_add_magAtt="" transfer_add_magDef=""/>
</root>